loan_id,customer_id,principal,outstanding,emi,tenure_left,interest_rate,next_due_date,days_to_next_emi,income_now,income_change_30d,income_change_60d,spend_change,spend_to_income,cash_advance_trend,debt_to_income,emi_to_income,late_count_90d,missed_count,last_emi_dpd,max_dpd,last_emi_status,currently_overdue,delayed_flag,default_within_90d,stress_group,repayment_risk,risk_band,warnings,today,reasons,summary
L0001,C0001,312383.0,195719.0,11246.0,19,9.1,2026-09-24,10,64843.0,0.010550758968924434,0.019431823541434134,0.06360041427360885,0.696852397328933,0.012723038724303318,0.39261755316688,0.17343429514365466,0,0,0,0,on_time,0,0,0,normal,0.0021,Low,,2026-09-14 00:00:00,[],Low repayment risk (0.00).
L0002,C0002,211414.0,179534.0,5378.0,48,17.3,2026-09-17,3,27373.0,-0.16720922449724662,-0.15515432098765436,-0.16083770505454242,0.7363095020640777,-0.014814814814814815,0.7317734020141502,0.19647097504840536,0,0,0,0,on_time,0,0,0,dip,0.0149,Low,,2026-09-14 00:00:00,"[""Income down 17% in the last 30 days (+100%)""]",Low repayment risk (0.01): income down 17% in the last 30 days.
L0003,C0004,137602.0,90754.0,5398.0,18,10.9,2026-10-05,21,48368.0,0.0010348110435034474,0.032731931247998336,0.08581960603617089,0.5846427390009924,0.0029565001653986105,0.21719077351416916,0.11160271253721468,0,0,0,0,on_time,0,0,0,normal,0.0115,Low,,2026-09-14 00:00:00,[],Low repayment risk (0.01).
L0004,C0005,411808.0,275767.0,9585.0,34,13.8,2026-09-23,9,50187.0,-0.04318233813772587,-0.03952001837250252,-0.007562595809913142,0.5804889712475342,0.0,0.7089584952278478,0.1909857134317652,1,0,0,5,on_time,0,1,0,normal,0.115,Low,,2026-09-14 00:00:00,"[""Worst delay: 5 days past due (+46%)""]",Low repayment risk (0.12): worst delay: 5 days past due.
L0005,C0006,308520.0,203327.0,4711.0,56,13.5,2026-09-17,3,31709.0,0.041107134648849186,0.05118514835073751,0.0475487970948707,0.5822321738307736,-0.00626553953257086,0.709753802810979,0.14856980667949163,0,0,0,0,on_time,0,0,0,normal,0.0042,Low,,2026-09-14 00:00:00,[],Low repayment risk (0.00).
L0006,C0007,544469.0,421075.0,12653.0,42,14.8,2026-09-22,8,56720.0,-0.00543573557776611,0.010421305780707213,0.07405655418900459,0.7205571227080395,-0.006947537187138149,0.6458685942642219,0.22307827926657264,0,0,0,0,on_time,0,0,0,normal,0.0027,Low,,2026-09-14 00:00:00,[],Low repayment risk (0.00).
L0007,C0009,589774.0,443916.0,14627.0,35,11.4,2026-09-21,7,71830.0,-0.027931902454867763,0.03260400793536711,0.010585877637628194,0.59674230822776,-0.016115120324315,0.5605167293145854,0.20363357928442155,0,0,0,0,on_time,0,0,0,normal,0.0028,Low,,2026-09-14 00:00:00,[],Low repayment risk (0.00).
L0008,C0011,164135.0,110304.0,3856.0,35,17.2,2026-09-21,7,18536.0,-0.23597543382383246,-0.258915720454182,-0.2352704950949458,0.7191411307725507,-0.012793858947705102,0.5709520212919005,0.2080276219249029,0,0,0,0,on_time,0,0,0,dip,0.0094,Low,Income drop >20%,2026-09-14 00:00:00,"[""Income down 26% in 60 days (+58%)""]",Low repayment risk (0.01): income down 26% in 60 days.
L0009,C0012,191604.0,130281.0,4079.0,44,16.2,2026-09-21,7,37092.0,-0.043330238316310776,-0.026890888579898742,-0.07027825909693197,0.49183112261404077,-0.011700815908912034,0.4866053776196125,0.10996980480966247,0,0,0,0,on_time,0,0,0,normal,0.0111,Low,,2026-09-14 00:00:00,[],Low repayment risk (0.01).
L0010,C0013,420992.0,338988.0,6997.0,59,9.2,2026-10-11,27,38710.0,-0.0006196106779573496,0.011417970893319085,0.012345228094525096,0.7160165331955567,0.013794885042624645,0.8252260397830018,0.1807543270472746,0,0,0,0,on_time,0,0,0,normal,0.0162,Low,,2026-09-14 00:00:00,"[""Spending is 72% of income (+95%)""]",Low repayment risk (0.02): spending is 72% of income.
L0011,C0014,140397.0,124793.0,9485.0,15,16.4,2026-09-22,8,23690.0,-0.16710614210877894,-0.35584740462789244,0.019922254616132173,0.8860278598564796,0.13562684677078937,0.7094343604896581,0.4003799071338117,2,0,10,12,late,0,1,1,stressed,0.9858,High,"Income drop >20%, 2+ late payments, EMI/income >35%, Rising cash advances",2026-09-14 00:00:00,"[""Worst delay: 12 days past due (+58%)"", ""Latest EMI paid 10 days late (+17%)"", ""Spending is 89% of income (+15%)"", ""Cash-advance use up 13.6 pts of income (+3%)""]",High repayment risk (0.99): worst delay: 12 days past due; latest emi paid 10 days late.
L0012,C0015,142000.0,124020.0,3119.0,55,14.1,2026-10-03,19,27015.0,-0.03693272967095651,-0.022470690403821103,0.010076466804830986,0.5231908199148622,0.0,0.5043741131470171,0.11545437719785305,1,0,0,5,on_time,0,1,0,normal,0.1379,Low,,2026-09-14 00:00:00,"[""Worst delay: 5 days past due (+91%)""]",Low repayment risk (0.14): worst delay: 5 days past due.
L0013,C0017,67253.0,58248.0,4033.0,16,15.8,2026-09-18,4,40261.0,0.0036395363330425923,0.0163326096834453,0.11124832767315018,0.536399990064827,-0.01736759731408088,0.3062972438174246,0.10017138173418445,0,0,0,0,on_time,0,0,0,normal,0.0148,Low,,2026-09-14 00:00:00,[],Low repayment risk (0.01).
L0014,C0018,83277.0,56754.0,4720.0,13,17.3,2026-10-06,22,25490.0,-0.01912494708892909,-0.031498157224818524,-0.0479376919701624,0.6809729305610043,0.019537073362102784,0.3261115470119001,0.18517065515888584,0,0,0,0,on_time,0,0,0,normal,0.0143,Low,,2026-09-14 00:00:00,[],Low repayment risk (0.01).
L0015,C0020,161432.0,120958.0,3922.0,37,9.0,2026-10-03,19,25896.0,0.054869852132469754,-0.0056445110010368005,-0.004913311119896124,0.6804139635464936,0.0,0.48405159097930184,0.15145196169292555,0,0,0,0,on_time,0,0,0,normal,0.0042,Low,,2026-09-14 00:00:00,[],Low repayment risk (0.00).
L0016,C0021,166195.0,140775.0,6406.0,25,12.6,2026-10-04,20,14944.0,-0.1951311466580492,-0.32477860112054946,0.0015984654731457937,0.8385974304068522,0.12453158458244111,1.098356084939329,0.42866702355460384,2,0,10,22,late,0,1,1,stressed,0.9934,High,"Income drop >20%, 2+ late payments, EMI/income >35%, Rising cash advances",2026-09-14 00:00:00,"[""Worst delay: 22 days past due (+45%)"", ""Income down 20% in the last 30 days (+19%)"", ""Latest EMI paid 10 days late (+12%)"", ""Spending is 84% of income (+9%)""]",High repayment risk (0.99): worst delay: 22 days past due; income down 20% in the last 30 days.
L0017,C0022,157663.0,141335.0,7534.0,21,15.1,2026-10-01,17,43157.0,0.012006096846054692,0.003907976459094131,0.07637856586677993,0.7046829019626016,0.0,0.40227541302685543,0.17457191185670923,0,0,0,0,on_time,0,0,0,normal,0.0276,Low,,2026-09-14 00:00:00,"[""Spending is 70% of income (+92%)""]",Low repayment risk (0.03): spending is 70% of income.
L0018,C0023,328444.0,211088.0,9676.0,25,11.8,2026-10-07,23,39039.0,-0.028276291225886707,-0.07805119969771401,-0.1033074911693197,0.5007044237813468,0.004738850892697047,0.6812546427931043,0.24785470939317092,0,0,0,0,on_time,0,0,0,normal,0.0097,Low,,2026-09-14 00:00:00,[],Low repayment risk (0.01).
L0019,C0024,502942.0,314425.0,9096.0,42,12.0,2026-09-29,15,50512.0,0.0016061549443795453,0.0005744508052214492,-0.013747371825974408,0.7243427304402914,0.0,0.5911153125329954,0.18007602153943617,0,0,0,0,on_time,0,0,0,normal,0.0112,Low,,2026-09-14 00:00:00,[],Low repayment risk (0.01).
L0020,C0025,1305101.0,1177002.0,27891.0,50,9.4,2026-10-12,28,111050.0,-0.03337279342641275,-0.006921591071684108,0.0031477109660695834,0.5854389914452949,-0.01472850193160681,1.0145602581419781,0.2511571364250338,0,0,0,0,on_time,0,0,0,normal,0.0077,Low,,2026-09-14 00:00:00,[],Low repayment risk (0.01).
L0021,C0026,367529.0,242340.0,8564.0,31,10.4,2026-09-29,15,43907.0,-0.0048051859742967995,-0.002000227298556645,0.08396489828480247,0.6189218120117521,0.0,0.47478382338427433,0.19504862550390598,0,0,0,0,on_time,0,0,0,normal,0.0168,Low,,2026-09-14 00:00:00,"[""Spending up 8% while income fell (+100%)""]",Low repayment risk (0.02): spending up 8% while income fell.
L0022,C0027,327490.0,278341.0,9746.0,36,16.7,2026-09-23,9,48439.0,-0.013241255678461572,-0.006461008327521833,-0.0323265691363851,0.5926422923677203,0.0,0.6418020603232932,0.20120151117900864,0,0,0,0,on_time,0,0,0,normal,0.0059,Low,,2026-09-14 00:00:00,[],Low repayment risk (0.01).
L0023,C0028,53973.0,34492.0,2618.0,15,15.3,2026-09-16,2,22400.0,0.0016993113317234076,0.014263074484944571,-0.028132804465990868,0.5906696428571429,0.0,0.17600818452380954,0.116875,0,0,0,0,on_time,0,0,0,normal,0.0039,Low,,2026-09-14 00:00:00,[],Low repayment risk (0.00).
L0024,C0030,527926.0,449403.0,18979.0,27,14.0,2026-10-09,25,84713.0,0.00246139281699298,0.027309879821976413,0.0780393589810513,0.7313635451465537,0.00997485627943763,0.6136602410491896,0.22403881340526247,0,0,0,0,on_time,0,0,0,normal,0.001,Low,,2026-09-14 00:00:00,[],Low repayment risk (0.00).
L0025,C0031,215634.0,179051.0,4858.0,44,9.7,2026-10-03,19,18816.0,-0.21970639462552877,-0.20402724311519105,-0.19035821894877802,0.6426445578231292,0.018016581632653062,0.8614211309523809,0.25818452380952384,0,0,0,2,on_time,0,1,0,dip,0.0626,Low,Income drop >20%,2026-09-14 00:00:00,"[""Income down 20% in 60 days (+6%)""]",Low repayment risk (0.06): income down 20% in 60 days.
L0026,C0033,331677.0,259617.0,9222.0,35,12.3,2026-09-18,4,37435.0,-0.023120482242112717,0.0001335826876835977,-0.01540675526961821,0.621397088286363,0.0,0.7255264681002627,0.2463470014692133,0,0,0,0,on_time,0,0,0,normal,0.0027,Low,,2026-09-14 00:00:00,[],Low repayment risk (0.00).
L0027,C0035,95302.0,76820.0,2442.0,37,13.5,2026-09-15,1,23686.0,-0.027987524622455684,-0.021158773452351398,0.08128952645380227,0.5919108334036984,0.0,0.4171064482535394,0.10309887697373976,0,0,0,0,on_time,0,0,0,normal,0.0969,Low,,2026-09-14 00:00:00,"[""Spending up 8% while income fell (+23%)""]",Low repayment risk (0.10): spending up 8% while income fell.
L0028,C0036,179572.0,131578.0,4080.0,43,17.9,2026-09-16,2,23185.0,-0.29560990429895184,-0.29106531311154604,-0.34063926940639266,0.6850981237869312,-0.014218444227005871,0.7884372079649199,0.1759758464524477,0,0,0,0,on_time,0,0,0,dip,0.0428,Low,Income drop >20%,2026-09-14 00:00:00,[],Low repayment risk (0.04).
L0029,C0037,748528.0,589085.0,17010.0,42,11.4,2026-09-24,10,48877.0,-0.16868781358959095,-0.29157607907934024,0.005089485458612986,0.7353560979601858,0.1259692697997013,1.3655724232938464,0.3480164494547538,2,0,17,17,late,0,1,1,stressed,0.9883,High,"Income drop >20%, 2+ late payments, Rising cash advances",2026-09-14 00:00:00,"[""Worst delay: 17 days past due (+52%)"", ""Total debt is 1.4x annual income (+20%)"", ""Latest EMI paid 17 days late (+14%)"", ""Cash-advance use up 12.6 pts of income (+4%)""]",High repayment risk (0.99): worst delay: 17 days past due; total debt is 1.4x annual income.
L0030,C0038,281526.0,197558.0,4818.0,51,11.9,2026-09-15,1,25077.0,-0.01612523540489641,-0.02023832779839807,-0.02680280791320999,0.4865015751485425,0.0,0.8269895388868951,0.19212824500538342,0,0,0,0,on_time,0,0,0,normal,0.0347,Low,,2026-09-14 00:00:00,[],Low repayment risk (0.03).
L0031,C0039,88540.0,73915.0,1905.0,49,11.4,2026-09-29,15,13483.0,-0.29237955284979533,-0.3024471002121165,-0.2795286636117086,0.5713861900170585,-0.004604480314553262,0.706117580162674,0.14128903063116516,0,0,0,0,on_time,0,0,0,dip,0.0303,Low,Income drop >20%,2026-09-14 00:00:00,[],Low repayment risk (0.03).
L0032,C0040,433104.0,374425.0,10722.0,43,11.8,2026-10-08,24,60906.0,0.01092152436595395,0.01572636459149801,0.0726781118676092,0.5406363905033987,0.0,0.6101478781510306,0.1760417692838144,0,0,0,0,on_time,0,0,0,normal,0.0094,Low,,2026-09-14 00:00:00,[],Low repayment risk (0.01).
L0033,C0041,745294.0,591216.0,14757.0,59,17.9,2026-09-26,12,37945.0,-0.13032018518942956,-0.22580184444625806,0.005580052288601811,0.6791408617736198,0.10393991303202003,1.460411999824307,0.388904994070365,2,0,5,7,late,0,1,1,stressed,0.9708,High,"Income drop >20%, 2+ late payments, EMI/income >35%, Rising cash advances",2026-09-14 00:00:00,"[""Worst delay: 7 days past due (+31%)"", ""Total debt is 1.5x annual income (+28%)"", ""Latest EMI paid 5 days late (+15%)"", ""Income down 23% in 60 days (+15%)""]",High repayment risk (0.97): worst delay: 7 days past due; total debt is 1.5x annual income.
L0034,C0043,47514.0,31578.0,2257.0,16,14.2,2026-09-22,8,17109.0,0.019788996840913065,0.014347542538684976,0.003829379853207193,0.5515810392191245,0.0,0.19959280690474798,0.13191887310772107,0,0,0,0,on_time,0,0,0,normal,0.0062,Low,,2026-09-14 00:00:00,[],Low repayment risk (0.01).
L0035,C0045,203665.0,168118.0,6594.0,28,9.9,2026-09-28,14,36588.0,0.000246042811449243,-0.02732879625691198,-0.038612643358863497,0.6621296599978135,-0.01940663547426627,0.5087187055865311,0.18022302394227616,0,0,0,0,on_time,0,0,0,normal,0.0041,Low,,2026-09-14 00:00:00,[],Low repayment risk (0.00).
L0036,C0046,433631.0,288026.0,14461.0,22,13.7,2026-10-06,22,67917.0,-0.009855233041272449,-0.0040473362368571575,-0.09078067852188165,0.5307360454672615,0.0,0.35759824491658937,0.21292165437224847,0,0,0,0,on_time,0,0,0,normal,0.0058,Low,,2026-09-14 00:00:00,[],Low repayment risk (0.01).
L0037,C0047,176172.0,111162.0,2943.0,51,14.5,2026-09-26,12,22118.0,-0.029869731128558286,-0.025595841226485727,-0.007005477009298211,0.7049461976670585,-0.008546632010220715,0.4485072489977997,0.13305904693010218,0,0,0,0,on_time,0,0,0,normal,0.0122,Low,,2026-09-14 00:00:00,"[""Spending is 70% of income (+100%)""]",Low repayment risk (0.01): spending is 70% of income.
L0038,C0049,304495.0,269245.0,6410.0,56,11.6,2026-10-04,20,51697.0,-0.02266712038717489,-0.035953379953379994,0.053086990830181424,0.7486314486333829,-0.00014918414918414918,0.5713226428354966,0.12399172098961254,1,0,0,5,on_time,0,1,0,normal,0.0833,Low,,2026-09-14 00:00:00,"[""Worst delay: 5 days past due (+86%)""]",Low repayment risk (0.08): worst delay: 5 days past due.
L0039,C0050,156474.0,111142.0,2817.0,48,9.8,2026-10-06,22,12089.0,0.023797425474254785,0.011039558417663242,0.020732102364755534,0.5213003556952601,0.0,0.904079466181377,0.23302175531474895,0,0,0,0,on_time,0,0,0,normal,0.001,Low,,2026-09-14 00:00:00,[],Low repayment risk (0.00).
L0040,C0052,150675.0,110587.0,7529.0,17,13.4,2026-09-28,14,16446.0,-0.12586371850749445,-0.19994162288382955,0.0022391401701746805,0.6804086099963517,0.0859783533990028,0.9237352547731972,0.45780128906725037,1,0,16,16,late,0,1,1,stressed,0.9628,High,"EMI/income >35%, Rising cash advances",2026-09-14 00:00:00,"[""Worst delay: 16 days past due (+64%)"", ""Latest EMI paid 16 days late (+18%)"", ""Income down 20% in 60 days (+10%)"", ""Cash-advance use up 8.6 pts of income (+3%)""]",High repayment risk (0.96): worst delay: 16 days past due; latest emi paid 16 days late.
L0041,C0053,243156.0,204268.0,6469.0,35,9.3,2026-09-27,13,43344.0,-0.023321841411478417,-0.03230559710656156,-0.010851349086643203,0.5446889996308601,0.0,0.6413805832410484,0.14924787744555187,0,0,0,0,on_time,0,0,0,normal,0.0148,Low,,2026-09-14 00:00:00,[],Low repayment risk (0.01).
L0042,C0054,141321.0,103137.0,5412.0,20,9.2,2026-09-22,8,44158.0,-0.003025377043258337,0.01454336588167715,-0.004920187793427178,0.5999818832374655,-0.005100516944284894,0.40319798601989826,0.12255989854612981,0,0,0,0,on_time,0,0,0,normal,0.0018,Low,,2026-09-14 00:00:00,[],Low repayment risk (0.00).
L0043,C0056,327923.0,224032.0,11408.0,21,9.8,2026-10-01,17,50170.0,-0.0031394054999205334,-0.005727422263619997,0.046090534979423836,0.5573450269085111,0.007873231014550529,0.4597834030961398,0.2273868845923859,0,0,0,0,on_time,0,0,0,normal,0.0027,Low,,2026-09-14 00:00:00,[],Low repayment risk (0.00).
L0044,C0059,245040.0,194553.0,4815.0,51,13.6,2026-09-22,8,40495.0,-0.01125598202949507,0.011540479104738655,0.008737185461323405,0.6414866032843561,-0.016161666625034345,0.5502099024570934,0.11890356834177059,0,0,0,0,on_time,0,0,0,normal,0.004,Low,,2026-09-14 00:00:00,[],Low repayment risk (0.00).
L0045,C0060,179276.0,143211.0,4288.0,40,11.1,2026-10-11,27,34706.0,-0.006128293241695282,0.009423535570938224,0.03750336292709178,0.555581167521466,0.001008471157724889,0.4197184924796865,0.12355212355212356,0,0,0,0,on_time,0,0,0,normal,0.0366,Low,,2026-09-14 00:00:00,[],Low repayment risk (0.04).
L0046,C0064,416217.0,308406.0,7837.0,59,15.3,2026-09-25,11,34889.0,0.005330797602581816,0.004202285352445045,0.008643773194907611,0.6154088681246238,0.0,0.9392979640192228,0.22462667316346127,0,0,0,0,on_time,0,0,0,normal,0.0027,Low,,2026-09-14 00:00:00,[],Low repayment risk (0.00).
L0047,C0068,76871.0,50060.0,2516.0,23,15.6,2026-10-05,21,21661.0,-0.024850312879845182,-0.01113900935859391,-0.06783300198807152,0.5411569179631596,0.013618946493698351,0.41246941507778956,0.11615345551913578,0,0,0,0,on_time,0,0,0,normal,0.0081,Low,,2026-09-14 00:00:00,[],Low repayment risk (0.01).
L0048,C0074,806453.0,509653.0,21160.0,28,16.4,2026-09-17,3,100057.0,0.03621582435791226,0.02610987478335769,0.0740116201415788,0.6429235335858561,-0.004553332444544718,0.6557004174287323,0.2114794567096755,0,0,0,0,on_time,0,0,0,normal,0.0033,Low,,2026-09-14 00:00:00,[],Low repayment risk (0.00).
L0049,C0075,204644.0,141545.0,3559.0,54,11.8,2026-09-28,14,28010.0,-0.019085974435300246,-0.03623163472456392,-0.0972435294699856,0.6512674044983934,0.007890039271688683,0.5774366297750804,0.1270617636558372,0,0,0,0,on_time,0,0,0,normal,0.0168,Low,,2026-09-14 00:00:00,[],Low repayment risk (0.02).
L0050,C0076,50838.0,34961.0,2273.0,17,17.4,2026-09-26,12,14054.0,-0.013546711588404592,-0.012021089630931514,-0.03276609237924111,0.6511313505051942,0.01892699587306105,0.26067904748351595,0.16173331435890137,0,0,0,0,on_time,0,0,0,normal,0.0032,Low,,2026-09-14 00:00:00,[],Low repayment risk (0.00).
L0051,C0078,583318.0,385104.0,9928.0,58,16.0,2026-09-16,2,25858.0,-0.1667848166527035,-0.3078323250709353,-0.035023523261892286,1.0708484801608786,0.13543197463067522,1.601773790187434,0.38394307371026376,3,0,19,19,late,0,1,0,stressed,0.6695,High,"Income drop >20%, 2+ late payments, EMI/income >35%, Rising cash advances, High debt load",2026-09-14 00:00:00,"[""Worst delay: 19 days past due (+66%)"", ""Latest EMI paid 19 days late (+17%)"", ""Total debt is 1.6x annual income (+16%)""]",High repayment risk (0.67): worst delay: 19 days past due; latest emi paid 19 days late.
L0052,C0079,329819.0,229042.0,7365.0,37,10.9,2026-10-02,18,64445.0,-0.00471042471042471,-0.03702762876738941,-0.0649281532730176,0.7361160679649313,-0.012013806912421739,0.38066439082421705,0.11428349755605555,0,0,0,0,on_time,0,0,0,normal,0.0093,Low,,2026-09-14 00:00:00,[],Low repayment risk (0.01).
L0053,C0084,875572.0,644657.0,18064.0,50,17.6,2026-10-07,23,118738.0,0.013045073330546275,-0.012278104047781402,0.0035141783580676655,0.6252926611531271,-0.01612125043672118,0.48268316236868847,0.15213326820394482,0,0,0,0,on_time,0,0,0,normal,0.0039,Low,,2026-09-14 00:00:00,[],Low repayment risk (0.00).
L0054,C0085,208412.0,178409.0,11450.0,17,14.8,2026-10-09,25,61592.0,-0.0019121698266083564,0.01595051546391746,-0.007225151337629354,0.6603454994155085,0.00662423691388492,0.27059114820106506,0.18590076633329003,0,0,0,0,on_time,0,0,0,normal,0.0014,Low,,2026-09-14 00:00:00,[],Low repayment risk (0.00).
L0055,C0086,152783.0,138008.0,4156.0,45,17.7,2026-09-19,5,17100.0,-0.031655246616456245,-0.014806706228034816,-0.017123287671232834,0.7384795321637427,0.01929824561403509,0.8098294346978557,0.2430409356725146,0,0,0,0,on_time,0,0,0,normal,0.0056,Low,,2026-09-14 00:00:00,[],Low repayment risk (0.01).
L0056,C0088,181097.0,125398.0,7388.0,19,17.4,2026-10-03,19,50743.0,-0.2613828238719068,-0.2431049656180546,-0.20706177007050885,0.5740102083045937,0.007941982145320537,0.2482017224050608,0.14559643694696806,0,0,0,4,on_time,0,1,0,dip,0.0313,Low,Income drop >20%,2026-09-14 00:00:00,"[""Income down 24% in 60 days (+31%)""]",Low repayment risk (0.03): income down 24% in 60 days.
L0057,C0089,826777.0,607548.0,14286.0,57,14.7,2026-09-18,4,67484.0,-0.014717047246393777,-0.02467083869289355,-0.020342699366574624,0.7150435658822832,-0.011909063317483488,0.7960516566889929,0.21169462391085295,0,0,0,0,on_time,0,0,0,normal,0.0149,Low,,2026-09-14 00:00:00,"[""Spending is 72% of income (+100%)""]",Low repayment risk (0.01): spending is 72% of income.
L0058,C0091,986212.0,658916.0,16086.0,51,9.8,2026-10-10,26,67363.0,-0.007221493522762468,-0.00871164741372965,-0.003983522701552666,0.6532666300491368,-0.00703406666176146,0.9898126567997269,0.2387957780977688,0,0,0,0,on_time,0,0,0,normal,0.0028,Low,,2026-09-14 00:00:00,[],Low repayment risk (0.00).
L0059,C0093,1757520.0,1162727.0,33353.0,41,9.5,2026-09-19,5,111063.0,-0.19069167541098286,-0.18169359651643424,-0.126523054132461,0.637079855577465,-0.013910895502808307,1.1249808667152876,0.3003070329452653,0,0,0,0,on_time,0,0,0,dip,0.0504,Low,,2026-09-14 00:00:00,"[""Income down 19% in the last 30 days (+70%)"", ""Income down 18% in 60 days (+27%)""]",Low repayment risk (0.05): income down 19% in the last 30 days; income down 18% in 60 days.
L0060,C0095,225013.0,158750.0,4351.0,47,13.1,2026-10-12,28,29615.0,-0.003432378773092881,-0.016243688546372592,0.001887448467689845,0.6811075468512579,0.007738224523604344,0.6671000056277787,0.14691879115313186,0,0,0,0,on_time,0,0,0,normal,0.0271,Low,,2026-09-14 00:00:00,[],Low repayment risk (0.03).
L0061,C0098,276632.0,186594.0,4785.0,48,12.9,2026-09-27,13,24779.0,0.019921794607943966,0.010274391486932766,-0.0552804259007057,0.6158844182573954,-0.007705793615199576,0.6995574209343933,0.19310706646757334,0,0,0,0,on_time,0,0,1,normal,0.8498,High,,2026-09-14 00:00:00,[],High repayment risk (0.85).
L0062,C0099,28510.0,22442.0,1350.0,18,10.0,2026-09-21,7,11875.0,0.016608167108980387,0.0004212299915753448,-0.05639184807781383,0.6862315789473684,0.0,0.21271578947368422,0.11368421052631579,0,0,0,0,on_time,0,0,0,normal,0.0354,Low,,2026-09-14 00:00:00,[],Low repayment risk (0.04).
L0063,C0101,215863.0,160208.0,5124.0,38,13.6,2026-09-17,3,45066.0,-0.027932960893854775,-0.028226415094339652,-0.03245253976398155,0.5021302090267608,0.0,0.4541413334516783,0.11369990680335508,0,0,0,0,on_time,0,0,0,normal,0.0056,Low,,2026-09-14 00:00:00,[],Low repayment risk (0.01).
L0064,C0103,461135.0,350261.0,12020.0,37,15.7,2026-10-03,19,96704.0,-0.037033348934009114,-0.0028562295707406093,-0.0050562303193881775,0.5717860688285903,0.0,0.41069569683432605,0.12429682329583057,0,0,0,0,on_time,0,0,0,normal,0.0209,Low,,2026-09-14 00:00:00,[],Low repayment risk (0.02).
L0065,C0105,1022904.0,698006.0,17057.0,57,14.0,2026-09-26,12,71942.0,0.011216687282131987,-0.004125138427463981,0.013447305326800718,0.6756831892357733,0.0,1.020214200328042,0.23709376998137388,0,0,0,0,on_time,0,0,0,normal,0.0041,Low,,2026-09-14 00:00:00,[],Low repayment risk (0.00).
L0066,C0106,305345.0,198519.0,7164.0,33,15.8,2026-10-11,27,42699.0,-0.0038726233523853626,-0.014858223934660741,-0.03264005511777113,0.5261247336003185,0.0,0.5548353981748206,0.16777910489707018,0,0,0,0,on_time,0,0,0,normal,0.0493,Low,,2026-09-14 00:00:00,[],Low repayment risk (0.05).
L0067,C0107,198572.0,135098.0,11460.0,13,14.0,2026-09-26,12,57254.0,-0.008434214855994826,0.0038925515500070063,0.034656250000000055,0.5782827400705628,0.01989380654626751,0.3599923149474272,0.20016068746288468,0,0,0,0,on_time,0,0,0,normal,0.0061,Low,,2026-09-14 00:00:00,[],Low repayment risk (0.01).
L0068,C0108,215132.0,167655.0,4587.0,50,14.8,2026-09-25,11,43429.0,0.003883405376667204,0.007119335837855401,0.03673243719548025,0.6908287089272145,-0.0029073771481469834,0.5152797285991695,0.10562066821708996,0,0,0,0,on_time,0,0,0,normal,0.043,Low,,2026-09-14 00:00:00,[],Low repayment risk (0.04).
L0069,C0109,475271.0,337874.0,18188.0,23,17.6,2026-09-18,4,49086.0,-0.21935781421460265,-0.3411363605857639,0.009677146720757257,0.9735158701055291,0.12781648535223894,0.7698070732999226,0.37053334963125945,1,0,12,12,late,0,1,1,stressed,0.9916,High,"Income drop >20%, EMI/income >35%, Rising cash advances",2026-09-14 00:00:00,"[""Worst delay: 12 days past due (+50%)"", ""Latest EMI paid 12 days late (+15%)"", ""Income down 22% in the last 30 days (+11%)"", ""Income down 34% in 60 days (+10%)""]",High repayment risk (0.99): worst delay: 12 days past due; latest emi paid 12 days late.
L0070,C0114,357143.0,260802.0,7390.0,48,14.8,2026-10-08,24,46634.0,0.014245633876334818,-0.00698437034197863,-0.05146692233940553,0.530364112021272,0.0,0.52085567039785,0.15846807050649742,0,0,0,2,on_time,0,1,1,normal,0.9324,High,,2026-09-14 00:00:00,[],High repayment risk (0.93).
L0071,C0115,757990.0,476127.0,25823.0,22,15.1,2026-10-08,24,118811.0,0.022496277872922743,0.008616591395293582,0.014621403456643423,0.6897761991734772,0.00445244968900186,0.39117730400944917,0.21734519531019855,0,0,0,0,on_time,0,0,0,normal,0.0032,Low,,2026-09-14 00:00:00,[],Low repayment risk (0.00).
L0072,C0117,150783.0,125035.0,6763.0,19,9.0,2026-10-11,27,46651.0,-0.023588262380174974,0.02884679002271584,0.05208105660848661,0.7222781933934964,0.0,0.2907011639621873,0.14497009710402778,0,0,0,0,on_time,0,0,0,normal,0.0122,Low,,2026-09-14 00:00:00,[],Low repayment risk (0.01).
L0073,C0118,579113.0,493800.0,17217.0,35,11.3,2026-09-18,4,70144.0,-0.03184221059750725,-0.028960629049227582,-0.11291583060513255,0.5987539917883211,0.011005930656934306,0.7987164499695864,0.24545221259124086,0,0,0,0,on_time,0,0,0,normal,0.0096,Low,,2026-09-14 00:00:00,[],Low repayment risk (0.01).
L0074,C0121,118360.0,80417.0,3114.0,31,10.3,2026-09-21,7,9298.0,-0.12034058656575208,-0.23302812835106823,0.0027220630372493115,0.7527425252742526,0.09464400946440095,0.7506901125690113,0.33491073349107336,1,0,6,6,late,0,1,1,stressed,0.6559,High,"Income drop >20%, Rising cash advances",2026-09-14 00:00:00,"[""Latest EMI paid 6 days late (+38%)"", ""Worst delay: 6 days past due (+30%)"", ""Income down 23% in 60 days (+22%)"", ""Income down 12% in the last 30 days (+3%)""]",High repayment risk (0.66): latest emi paid 6 days late; worst delay: 6 days past due.
L0075,C0122,255109.0,222074.0,6954.0,47,17.9,2026-10-12,28,51249.0,0.03644306024632438,0.0202866812661755,0.005562827225130906,0.6595836016312513,0.0,0.5988149362263979,0.13569045249663408,0,0,0,0,on_time,0,0,0,normal,0.0034,Low,,2026-09-14 00:00:00,[],Low repayment risk (0.00).
L0076,C0123,86858.0,75073.0,2014.0,50,16.6,2026-09-15,1,12426.0,-0.022036832992287092,-0.0022482736470210707,0.018373020669648188,0.6780138419443104,0.0,0.6762970116422555,0.1620795107033639,0,0,0,0,on_time,0,0,0,normal,0.0256,Low,,2026-09-14 00:00:00,[],Low repayment risk (0.03).
L0077,C0125,302772.0,252867.0,7023.0,49,16.7,2026-10-12,28,41696.0,-0.007025314948441386,-0.027702639679134444,0.02476464138530754,0.6500383729854182,0.0,0.5578892459708366,0.1684334228702993,0,0,0,0,on_time,0,0,0,normal,0.0354,Low,,2026-09-14 00:00:00,[],Low repayment risk (0.04).
L0078,C0127,173859.0,126163.0,2678.0,59,10.5,2026-09-28,14,24135.0,-0.015420389181250771,-0.015781747002691415,0.0372042622358677,0.7138595400870106,0.009032525378081625,0.5040432290587666,0.11095918790138802,1,0,0,4,on_time,0,1,0,normal,0.3896,Medium,,2026-09-14 00:00:00,"[""Spending is 71% of income (+31%)""]",Medium repayment risk (0.39): spending is 71% of income.
L0079,C0128,189551.0,168507.0,4477.0,49,11.0,2026-09-20,6,12392.0,-0.169882100750268,-0.30770949720670393,0.011782945736434014,0.7899451258876695,0.10208198837959974,1.3293589950505702,0.36128147191736604,3,0,5,20,late,0,1,1,stressed,0.9899,High,"Income drop >20%, 2+ late payments, EMI/income >35%, Rising cash advances",2026-09-14 00:00:00,"[""Worst delay: 20 days past due (+50%)"", ""Total debt is 1.3x annual income (+20%)"", ""Latest EMI paid 5 days late (+15%)"", ""Cash-advance use up 10.2 pts of income (+6%)""]",High repayment risk (0.99): worst delay: 20 days past due; total debt is 1.3x annual income.
L0080,C0129,211469.0,171650.0,5915.0,34,13.3,2026-10-09,25,42600.0,-0.01212809869443221,-0.0074094785404725805,-0.03297709923664127,0.6690845070422535,0.0,0.40610915492957744,0.13884976525821596,0,0,0,0,on_time,0,0,0,normal,0.0081,Low,,2026-09-14 00:00:00,[],Low repayment risk (0.01).
L0081,C0130,320471.0,263347.0,7125.0,55,15.9,2026-09-18,4,36469.0,-0.023352347285825248,-0.01785521921792521,0.03978619768093461,0.6614384819984096,0.0002742054895939017,0.6197729578546163,0.19537141133565494,0,0,0,0,on_time,0,0,0,normal,0.029,Low,,2026-09-14 00:00:00,[],Low repayment risk (0.03).
L0082,C0132,249404.0,193610.0,8923.0,27,15.5,2026-10-04,20,25548.0,-0.20184947983379675,-0.35239543726235745,0.057925990011404194,1.052998277751683,0.111985282605292,0.7326503053076562,0.34926413026459996,1,0,8,8,late,0,1,1,stressed,0.9821,High,"Income drop >20%, Rising cash advances",2026-09-14 00:00:00,"[""Income down 20% in the last 30 days (+27%)"", ""Worst delay: 8 days past due (+23%)"", ""Latest EMI paid 8 days late (+17%)"", ""Income down 35% in 60 days (+14%)""]",High repayment risk (0.98): income down 20% in the last 30 days; worst delay: 8 days past due.
L0083,C0134,712107.0,476546.0,16817.0,33,9.1,2026-09-23,9,46155.0,-0.08867432768629313,-0.19156799551600923,-0.010511254196246766,0.7791138554869461,0.09734589968584119,1.122321525295201,0.3643592243527245,1,1,21,21,missed,1,1,1,stressed,0.9852,High,"EMI/income >35%, Rising cash advances, EMI missed / overdue",2026-09-14 00:00:00,"[""Worst delay: 21 days past due (+61%)"", ""Latest EMI paid 21 days late (+14%)"", ""Total debt is 1.1x annual income (+10%)"", ""Income down 19% in 60 days (+9%)""]",High repayment risk (0.99): worst delay: 21 days past due; latest emi paid 21 days late.
L0084,C0137,863534.0,596710.0,23163.0,30,15.8,2026-10-08,24,55756.0,-0.1778220157782202,-0.2991779582191608,-0.03188076119985739,1.0228316235024033,0.13148360714541932,1.2613485544156682,0.41543511012267736,1,0,6,6,late,0,1,0,stressed,0.64,Medium,"Income drop >20%, EMI/income >35%, Rising cash advances",2026-09-14 00:00:00,"[""Income down 18% in the last 30 days (+44%)"", ""Latest EMI paid 6 days late (+25%)"", ""Worst delay: 6 days past due (+21%)"", ""Total debt is 1.3x annual income (+9%)""]",Medium repayment risk (0.64): income down 18% in the last 30 days; latest emi paid 6 days late.
L0085,C0139,159018.0,104074.0,3147.0,38,9.0,2026-09-28,14,13355.0,-0.037685545467646686,-0.03392650462962965,0.007504040637266174,0.6534631224260576,0.0,0.7918382628229128,0.23564208161737177,0,0,0,0,on_time,0,0,0,normal,0.0093,Low,,2026-09-14 00:00:00,[],Low repayment risk (0.01).
L0086,C0140,329031.0,216412.0,6893.0,35,10.0,2026-10-02,18,35287.0,0.031060074801309012,0.0323269557076824,0.0414112079165323,0.5487573327287669,0.0,0.6368823268247985,0.19534106044719018,0,0,0,0,on_time,0,0,0,normal,0.0034,Low,,2026-09-14 00:00:00,[],Low repayment risk (0.00).
L0087,C0145,1173165.0,736029.0,18670.0,49,12.1,2026-10-06,22,48711.0,-0.2546136189747513,-0.4084163225649745,-0.00033978163367009984,0.9059760629016034,0.1345076060848679,1.3594824577610807,0.38328098376136804,2,0,8,20,late,0,1,1,stressed,0.9901,High,"Income drop >20%, 2+ late payments, EMI/income >35%, Rising cash advances",2026-09-14 00:00:00,"[""Worst delay: 20 days past due (+45%)"", ""Latest EMI paid 8 days late (+15%)"", ""Spending is 91% of income (+14%)"", ""Total debt is 1.4x annual income (+13%)""]",High repayment risk (0.99): worst delay: 20 days past due; latest emi paid 8 days late.
L0088,C0146,922467.0,637831.0,17638.0,53,17.4,2026-09-25,11,38373.0,-0.16887589343729692,-0.3019791174009532,0.0419577939350948,0.7655903890756521,0.13066479034737966,1.6882095918136883,0.45964610533447997,1,1,19,19,missed,1,1,1,stressed,0.9341,High,"Income drop >20%, EMI/income >35%, Rising cash advances, EMI missed / overdue, High debt load",2026-09-14 00:00:00,"[""Worst delay: 19 days past due (+53%)"", ""Total debt is 1.7x annual income (+22%)"", ""Latest EMI paid 19 days late (+16%)""]",High repayment risk (0.93): worst delay: 19 days past due; total debt is 1.7x annual income.
L0089,C0147,225876.0,150615.0,5504.0,32,11.1,2026-09-30,16,52037.0,-0.021493042497179426,0.027079838152570757,0.053573015073888675,0.6836673905105982,-0.0006836768577701343,0.3357130503295732,0.10577089378711302,1,0,0,1,on_time,0,1,0,normal,0.06,Low,,2026-09-14 00:00:00,[],Low repayment risk (0.06).
L0090,C0148,567322.0,422411.0,10825.0,53,16.3,2026-09-18,4,51486.0,-0.03627583108715182,0.0027656590838267547,0.018079204132389615,0.6201491667637804,0.0,0.6965421020601069,0.21025133045876548,1,0,0,4,on_time,0,1,0,normal,0.0744,Low,,2026-09-14 00:00:00,[],Low repayment risk (0.07).
L0091,C0149,111004.0,77610.0,6270.0,13,10.2,2026-09-30,16,37514.0,0.0015484835540366948,-0.008484207744152261,0.028394103956555394,0.5300421176094258,-0.004916082991938681,0.3445069396314265,0.16713760196193422,0,0,0,0,on_time,0,0,0,normal,0.0217,Low,,2026-09-14 00:00:00,[],Low repayment risk (0.02).
L0092,C0150,146826.0,98739.0,5821.0,19,16.2,2026-09-23,9,42860.0,0.027571325821146075,0.02675897755312273,0.06195373652988878,0.7058796080261316,0.01301913205786281,0.24641857209519366,0.13581427904806345,1,0,0,2,on_time,0,1,0,normal,0.0569,Low,,2026-09-14 00:00:00,"[""Spending is 71% of income (+31%)""]",Low repayment risk (0.06): spending is 71% of income.
L0093,C0151,204308.0,152665.0,4183.0,48,16.0,2026-09-20,6,20671.0,-0.008252170992659402,-0.029211477950500164,-0.045213646902948046,0.5577862706206763,0.0,0.7594012545756534,0.20236079531711093,0,0,0,0,on_time,0,0,0,normal,0.0061,Low,,2026-09-14 00:00:00,[],Low repayment risk (0.01).
L0094,C0152,154833.0,126119.0,3136.0,52,10.0,2026-09-29,15,12925.0,0.0029487080003103294,0.02668996743188501,0.01200400133377788,0.7044487427466151,0.0,1.0263442940038685,0.24263056092843327,0,0,0,0,on_time,0,0,0,normal,0.0051,Low,,2026-09-14 00:00:00,"[""Spending is 70% of income (+97%)""]",Low repayment risk (0.01): spending is 70% of income.
L0095,C0153,262466.0,199586.0,5898.0,44,11.9,2026-09-24,10,41464.0,0.03644453332000208,0.0029752545898744653,0.01231358598987553,0.5353318541385298,0.0,0.6238966332240016,0.14224387420412887,0,0,0,0,on_time,0,0,0,normal,0.0107,Low,,2026-09-14 00:00:00,[],Low repayment risk (0.01).
L0096,C0155,1385344.0,1070623.0,25301.0,57,12.9,2026-10-01,17,55315.0,-0.0943251031501735,-0.21332574841783403,0.032571163887485266,0.8866130344391214,0.08565488565488566,1.955293922685227,0.45739853565940525,3,0,10,13,late,0,1,1,stressed,0.9935,High,"Income drop >20%, 2+ late payments, EMI/income >35%, Rising cash advances, High debt load",2026-09-14 00:00:00,"[""Worst delay: 13 days past due (+41%)"", ""Total debt is 2.0x annual income (+16%)"", ""Latest EMI paid 10 days late (+12%)"", ""Spending is 89% of income (+9%)""]",High repayment risk (0.99): worst delay: 13 days past due; total debt is 2.0x annual income.
L0097,C0158,295604.0,200160.0,4875.0,58,15.9,2026-09-30,16,23542.0,-0.0010608053634318937,0.027003446320289726,0.0787290771737521,0.6186815053946139,-0.019107446669284125,0.7400992552317843,0.20707671395803245,0,0,0,0,on_time,0,0,1,normal,0.0038,Low,,2026-09-14 00:00:00,[],Low repayment risk (0.00).
L0098,C0161,1118239.0,964612.0,19746.0,59,9.3,2026-09-27,13,133347.0,-0.030372880369971766,-0.02383549409603014,-0.06568230096568617,0.5376423916548554,0.009329043773013267,0.6301597836221787,0.14807982181826362,0,0,0,0,on_time,0,0,0,normal,0.0289,Low,,2026-09-14 00:00:00,[],Low repayment risk (0.03).
L0099,C0163,507409.0,409961.0,12579.0,42,12.0,2026-10-02,18,67810.0,0.0052329632210148525,0.014679256011611796,-0.06690882169215462,0.5947647839551689,-0.01782160439330231,0.679717839060119,0.18550361303642532,0,0,0,0,on_time,0,0,0,normal,0.1185,Low,,2026-09-14 00:00:00,[],Low repayment risk (0.12).
L0100,C0164,236015.0,154812.0,4351.0,42,9.7,2026-10-10,26,30665.0,-0.007476696012428841,-0.030294405970338056,-0.07932439236508448,0.6559269525517691,0.01141366378607533,0.5899967389532039,0.14188814609489647,0,0,0,0,on_time,0,0,0,normal,0.0153,Low,,2026-09-14 00:00:00,[],Low repayment risk (0.02).
L0101,C0165,168170.0,114272.0,5746.0,22,11.2,2026-10-07,23,24391.0,-0.022365625876788697,-0.008092720618137483,0.015216104203670922,0.703005206838588,0.0017219466196547906,0.6369152556270755,0.23557869706039114,1,0,0,1,on_time,0,1,0,normal,0.3525,Medium,,2026-09-14 00:00:00,"[""Spending is 70% of income (+47%)""]",Medium repayment risk (0.35): spending is 70% of income.
L0102,C0170,1389756.0,889461.0,26651.0,40,13.1,2026-09-22,8,61672.0,-0.13843058912281192,-0.2626230017815082,0.045373492413435246,1.0456447009988326,0.1041153197561292,1.5266503978034331,0.4321410040212738,1,0,16,16,late,0,1,1,stressed,0.9883,High,"Income drop >20%, EMI/income >35%, Rising cash advances, High debt load",2026-09-14 00:00:00,"[""Worst delay: 16 days past due (+48%)"", ""Total debt is 1.5x annual income (+14%)"", ""Latest EMI paid 16 days late (+14%)"", ""Income down 26% in 60 days (+10%)""]",High repayment risk (0.99): worst delay: 16 days past due; total debt is 1.5x annual income.
L0103,C0171,428380.0,272974.0,7183.0,52,12.8,2026-10-04,20,31259.0,-0.010791139240506342,-0.009694281641058122,-0.027698548519997424,0.49073866726382803,0.0,0.9188447060579886,0.22978982053168687,0,0,0,4,on_time,0,1,0,normal,0.0147,Low,,2026-09-14 00:00:00,[],Low repayment risk (0.01).
L0104,C0172,42071.0,33492.0,2637.0,14,11.3,2026-10-08,24,11952.0,-0.006401197106991385,0.011338635979015077,-0.0428984575835476,0.4984103078982597,0.0,0.43077867023650157,0.22063253012048192,0,0,0,0,on_time,0,0,0,normal,0.0013,Low,,2026-09-14 00:00:00,[],Low repayment risk (0.00).
L0105,C0173,298158.0,197634.0,5446.0,44,10.9,2026-09-30,16,48055.0,-0.025964812712826357,-0.05274881236324924,-0.024893171585075535,0.7075434398085527,0.020143585474976588,0.5380917698470502,0.11332847778587035,0,0,0,0,on_time,0,0,0,normal,0.0313,Low,,2026-09-14 00:00:00,"[""Spending is 71% of income (+91%)""]",Low repayment risk (0.03): spending is 71% of income.
L0106,C0175,292077.0,206649.0,4388.0,55,9.1,2026-09-15,1,37646.0,-0.03382609588337948,-0.04874289324068226,-0.04683102009123552,0.5217287361207034,-0.0001284687900640633,0.4998649701606191,0.11655952823673166,0,0,0,0,on_time,0,0,0,normal,0.01,Low,,2026-09-14 00:00:00,[],Low repayment risk (0.01).
L0107,C0176,427126.0,274732.0,7887.0,48,16.6,2026-09-21,7,36641.0,0.016929865948766443,0.022263761403900295,-0.0113768844221106,0.6711607215960264,0.0,0.8466153580233436,0.21525067547283097,0,0,0,0,on_time,0,0,0,normal,0.0011,Low,,2026-09-14 00:00:00,[],Low repayment risk (0.00).
L0108,C0177,563829.0,365203.0,8149.0,59,12.3,2026-09-17,3,32437.0,-0.022275138654448967,-0.004297510513552538,-0.004452054794520599,0.537719271202639,0.0,1.1885552506910833,0.25122545241545147,0,0,0,0,on_time,0,0,0,normal,0.0038,Low,,2026-09-14 00:00:00,"[""Total debt is 1.2x annual income (+100%)""]",Low repayment risk (0.00): total debt is 1.2x annual income.
L0109,C0178,530480.0,376710.0,10220.0,52,14.1,2026-09-29,15,57636.0,0.016274928146985612,0.021824306355819445,0.12285614280714041,0.5565965715872024,-0.004024465916142186,0.633850082124598,0.17731973072385315,0,0,0,0,on_time,0,0,0,normal,0.0106,Low,,2026-09-14 00:00:00,[],Low repayment risk (0.01).
L0110,C0179,49360.0,37739.0,2058.0,21,15.9,2026-09-25,11,18096.0,0.0350626322713492,0.018632141851956163,0.023052959501557613,0.5444297082228117,0.000663129973474801,0.33646017536103745,0.11372679045092839,0,0,0,0,on_time,0,0,0,normal,0.0028,Low,,2026-09-14 00:00:00,[],Low repayment risk (0.00).
L0111,C0180,203344.0,128032.0,6122.0,22,9.5,2026-09-24,10,29031.0,-0.020546558704453433,-0.006434169547212432,-0.04336338203294998,0.6360442285832386,3.4445937101718855e-05,0.5508077572250353,0.2108780269367228,0,0,0,0,on_time,0,0,0,normal,0.0065,Low,,2026-09-14 00:00:00,[],Low repayment risk (0.01).
L0112,C0181,251685.0,197406.0,9554.0,24,15.1,2026-10-04,20,53759.0,0.017064910986245962,0.0034718981576540298,0.03080591021739809,0.6112278874235012,0.0,0.43627733650799555,0.17771907959597463,0,0,0,0,on_time,0,0,0,normal,0.0105,Low,,2026-09-14 00:00:00,[],Low repayment risk (0.01).
L0113,C0182,229849.0,145044.0,4072.0,51,16.7,2026-09-20,6,27769.0,-0.0008275762809442089,-0.020079045804220486,-0.07190212150433939,0.5545392343980697,-0.019690874444209187,0.6177872207617607,0.14663833771471785,0,0,0,0,on_time,0,0,0,normal,0.0862,Low,,2026-09-14 00:00:00,[],Low repayment risk (0.09).
L0114,C0183,97517.0,87415.0,4356.0,25,16.3,2026-10-12,28,11013.0,-0.1937184274104986,-0.3440738534842168,-0.0015415106804668177,0.8233905384545537,0.12839371651684373,0.7865779835951451,0.39553255243802776,1,0,2,2,late,0,1,1,stressed,0.9702,High,"Income drop >20%, EMI/income >35%, Rising cash advances",2026-09-14 00:00:00,"[""Income down 19% in the last 30 days (+31%)"", ""Latest EMI paid 2 days late (+15%)"", ""Spending is 82% of income (+12%)"", ""Income down 34% in 60 days (+10%)""]",High repayment risk (0.97): income down 19% in the last 30 days; latest emi paid 2 days late.
L0115,C0185,603637.0,390843.0,10378.0,46,12.9,2026-09-15,1,65478.0,-0.01446439591203963,-0.026494201605709145,-0.0011436306773093818,0.6536088457191729,0.0,0.565314558579472,0.15849598338373194,0,0,0,0,on_time,0,0,0,normal,0.0314,Low,,2026-09-14 00:00:00,[],Low repayment risk (0.03).
L0116,C0186,615088.0,384750.0,8835.0,57,11.4,2026-09-25,11,37276.0,-0.006662047646964764,0.011725111279991207,-0.007137315748642403,0.6866616589762851,-0.019216154597763543,0.8966582609006689,0.2370157742247022,0,0,0,0,on_time,0,0,0,normal,0.0016,Low,,2026-09-14 00:00:00,[],Low repayment risk (0.00).
L0117,C0187,180706.0,148279.0,3785.0,49,13.0,2026-09-20,6,11275.0,-0.12765957446808507,-0.20216529861307675,0.01499580536912748,0.8584478935698447,0.10607538802660754,1.234671101256467,0.33569844789356984,1,0,21,21,late,0,1,0,stressed,0.995,High,"Income drop >20%, Rising cash advances",2026-09-14 00:00:00,"[""Worst delay: 21 days past due (+47%)"", ""Latest EMI paid 21 days late (+12%)"", ""Spending is 86% of income (+12%)"", ""Total debt is 1.2x annual income (+8%)""]",High repayment risk (1.00): worst delay: 21 days past due; latest emi paid 21 days late.
L0118,C0188,842289.0,531555.0,12908.0,51,11.8,2026-09-20,6,53846.0,-0.017659721968840025,-0.01581034892434796,0.027865018376211248,0.5713330609516027,0.0,1.0574137354678157,0.23972068491624263,0,0,0,0,on_time,0,0,0,normal,0.0187,Low,,2026-09-14 00:00:00,[],Low repayment risk (0.02).
L0119,C0189,38803.0,29224.0,1966.0,16,14.0,2026-09-26,12,16667.0,0.0019838884213057018,-0.010038013779995247,0.022209567198177682,0.5384892302153957,0.01859962800743985,0.2750344993100138,0.11795764084718306,0,0,0,0,on_time,0,0,0,normal,0.0045,Low,,2026-09-14 00:00:00,[],Low repayment risk (0.00).
L0120,C0190,245676.0,172405.0,9568.0,21,17.6,2026-09-26,12,43691.0,0.0008246478066658014,0.01972179433319332,-0.02482390754291186,0.6527660158842782,0.0,0.3768377163870515,0.21899246984504817,0,0,0,0,on_time,0,0,0,normal,0.0017,Low,,2026-09-14 00:00:00,[],Low repayment risk (0.00).
L0121,C0193,179280.0,121839.0,4130.0,38,16.9,2026-10-11,27,30196.0,-0.00468059858922798,-0.03613381001021454,-0.03576462297392535,0.7249966883030865,-0.011220876517883636,0.5579933324502142,0.13677308252748707,0,0,0,0,on_time,0,0,0,normal,0.0051,Low,,2026-09-14 00:00:00,[],Low repayment risk (0.01).
L0122,C0194,62451.0,53634.0,4014.0,14,10.2,2026-09-28,14,34426.0,-0.00915265945199173,0.0024167952712343954,-0.03845543507008731,0.528031139255214,0.0,0.22245299095644763,0.1165979201766107,0,0,0,0,on_time,0,0,0,normal,0.0186,Low,,2026-09-14 00:00:00,[],Low repayment risk (0.02).
L0123,C0195,344818.0,243595.0,5669.0,55,12.6,2026-09-22,8,27921.0,0.037993977471281415,0.04237288135593231,0.11566406667379003,0.7479316643386699,-0.018554468752333308,0.9339177202344711,0.2030371405035636,0,0,0,0,on_time,0,0,0,normal,0.0015,Low,,2026-09-14 00:00:00,[],Low repayment risk (0.00).
L0124,C0196,144794.0,118611.0,7535.0,17,11.4,2026-09-18,4,51173.0,-0.020124846813725505,-0.01554414112848923,-0.02678007162418372,0.7222363355675845,0.0,0.29652844273347273,0.14724561780626502,0,0,0,0,on_time,0,0,0,normal,0.0164,Low,,2026-09-14 00:00:00,[],Low repayment risk (0.02).
L0125,C0197,334990.0,297092.0,7542.0,49,11.7,2026-10-01,17,29720.0,-0.015894039735099286,-0.007613196206758377,-0.04493971501644134,0.5277254374158815,0.0,0.9333866083445491,0.25376850605652757,0,0,0,0,on_time,0,0,0,normal,0.0039,Low,,2026-09-14 00:00:00,[],Low repayment risk (0.00).
L0126,C0199,517426.0,389217.0,9052.0,52,10.7,2026-09-19,5,42810.0,-0.019154103468817296,-0.048328294504712765,-0.025166729583490643,0.7238495678579772,0.0,0.9852585065794597,0.21144592384956787,0,0,0,0,on_time,0,0,0,normal,0.0135,Low,,2026-09-14 00:00:00,[],Low repayment risk (0.01).
L0127,C0200,162239.0,103216.0,4821.0,25,10.9,2026-09-24,10,26603.0,-0.003110245072322604,-0.0055325034578146415,0.02584480600750938,0.6162086982671128,0.0,0.5180869325514667,0.18122016313949554,0,0,0,0,on_time,0,0,0,normal,0.0181,Low,,2026-09-14 00:00:00,[],Low repayment risk (0.02).
L0128,C0201,359135.0,229833.0,5710.0,55,14.5,2026-10-01,17,24648.0,0.020536601523683418,-0.0031948881789137795,0.050569323509711994,0.6363599480688088,-0.014397217616370769,0.8527601969057665,0.23166179811749432,0,0,0,0,on_time,0,0,0,normal,0.0026,Low,,2026-09-14 00:00:00,[],Low repayment risk (0.00).
L0129,C0202,108355.0,79773.0,3259.0,30,15.9,2026-09-23,9,13219.0,-0.21609440787522982,-0.21437061690241288,-0.2882358211629782,0.6009531734624405,-0.004932842030191371,0.5983117734573972,0.24653907254709131,0,0,0,1,on_time,0,1,0,dip,0.0686,Low,Income drop >20%,2026-09-14 00:00:00,"[""Income down 21% in 60 days (+16%)""]",Low repayment risk (0.07): income down 21% in 60 days.
L0130,C0203,306605.0,207326.0,10842.0,22,10.7,2026-09-21,7,43608.0,-0.021957072689348878,-0.011246145474333447,-0.052718120805369084,0.647335351311686,0.018780957622454596,0.5673997125909619,0.24862410566868465,0,0,0,0,on_time,0,0,0,normal,0.0081,Low,,2026-09-14 00:00:00,[],Low repayment risk (0.01).
L0131,C0204,414621.0,272842.0,6822.0,55,13.6,2026-10-07,23,31146.0,-0.03997780723114386,-0.016079608276733492,-0.10955499259117629,0.5981185384961151,0.006646118281641303,0.8560114728483058,0.2190329416297438,0,0,0,0,on_time,0,0,0,normal,0.0085,Low,,2026-09-14 00:00:00,[],Low repayment risk (0.01).
L0132,C0205,29122.0,24622.0,1555.0,17,12.2,2026-09-28,14,11962.0,-0.01974924198967465,0.002934518319778645,-0.019911165568999856,0.5349439892994483,0.017471994649724126,0.295609708521429,0.1299949841163685,1,0,3,3,late,0,1,0,normal,0.0457,Low,,2026-09-14 00:00:00,"[""Latest EMI paid 3 days late (+49%)""]",Low repayment risk (0.05): latest emi paid 3 days late.
L0133,C0206,152947.0,122708.0,3984.0,38,10.2,2026-10-01,17,29151.0,0.005761799613579921,0.006074201898188081,-0.03850050658561299,0.7162018455627595,-0.013528904227782572,0.5656752770059346,0.13666769579088195,0,0,0,0,on_time,0,0,1,normal,0.0163,Low,,2026-09-14 00:00:00,"[""Spending is 72% of income (+100%)""]",Low repayment risk (0.02): spending is 72% of income.
L0134,C0207,194445.0,164467.0,6664.0,29,11.9,2026-10-02,18,17902.0,-0.14385461501673835,-0.27034848176075,-0.036138877388064095,0.9102893531449,0.11953971623282315,0.9710227907496369,0.37224891073623056,1,0,12,12,late,0,1,1,stressed,0.9865,High,"Income drop >20%, EMI/income >35%, Rising cash advances",2026-09-14 00:00:00,"[""Worst delay: 12 days past due (+52%)"", ""Latest EMI paid 12 days late (+14%)"", ""Spending is 91% of income (+11%)"", ""Income down 27% in 60 days (+10%)""]",High repayment risk (0.99): worst delay: 12 days past due; latest emi paid 12 days late.
L0135,C0209,134508.0,107496.0,3584.0,34,9.5,2026-09-27,13,15532.0,-0.044419835117509576,-0.06557574299121649,-0.07381010895387896,0.7279165593613186,0.016546484676796293,0.5865954159155292,0.23074942055112027,0,0,0,0,on_time,0,0,0,normal,0.0073,Low,,2026-09-14 00:00:00,[],Low repayment risk (0.01).
L0136,C0210,73200.0,54707.0,3993.0,15,9.3,2026-09-27,13,18390.0,-0.005999675693205808,-0.030114445440641346,0.04222291213908713,0.5476345840130505,-0.008227414165919518,0.4221089360159507,0.21712887438825448,0,0,0,0,on_time,0,0,0,normal,0.0072,Low,,2026-09-14 00:00:00,[],Low repayment risk (0.01).
L0137,C0213,122410.0,100103.0,3389.0,36,12.2,2026-09-22,8,26354.0,0.0017865967233055002,-0.006821179574147407,-0.03348995301409574,0.7337026637322608,0.0,0.502169183678632,0.12859527965394246,0,0,0,0,on_time,0,0,0,normal,0.0067,Low,,2026-09-14 00:00:00,[],Low repayment risk (0.01).
L0138,C0214,260691.0,206785.0,6232.0,43,14.0,2026-10-02,18,27276.0,-0.013918513430461688,-0.02425413178793734,-0.05339164039458966,0.6825047660947353,0.0,0.6653590458033924,0.22847924915676784,0,0,0,0,on_time,0,0,0,normal,0.032,Low,,2026-09-14 00:00:00,[],Low repayment risk (0.03).
L0139,C0215,174057.0,149449.0,7088.0,23,13.3,2026-09-25,11,52951.0,0.010148991777790606,-0.002806026365348435,-0.022354856212696728,0.5104152896073728,0.0031727446129440427,0.39280498322348334,0.13385960605087724,0,0,0,0,on_time,0,0,0,normal,0.0046,Low,,2026-09-14 00:00:00,[],Low repayment risk (0.00).
L0140,C0216,137148.0,97974.0,3469.0,37,16.7,2026-09-24,10,7811.0,-0.18863612755791004,-0.34454980280271885,-0.008527025168477476,0.9229292024068622,0.1236717449750352,1.3488136388853327,0.4441172705159391,3,0,20,20,late,0,1,1,stressed,0.9945,High,"Income drop >20%, 2+ late payments, EMI/income >35%, Rising cash advances",2026-09-14 00:00:00,"[""Worst delay: 20 days past due (+41%)"", ""Income down 19% in the last 30 days (+18%)"", ""Latest EMI paid 20 days late (+12%)"", ""Total debt is 1.3x annual income (+12%)""]",High repayment risk (0.99): worst delay: 20 days past due; income down 19% in the last 30 days.
L0141,C0218,97834.0,63594.0,4758.0,15,16.9,2026-10-03,19,32465.0,-0.01603321816087777,0.022036832992287092,-0.03354397051079516,0.5653164946865855,0.0,0.3994275886852508,0.14655783151085786,0,0,0,0,on_time,0,0,0,normal,0.003,Low,,2026-09-14 00:00:00,[],Low repayment risk (0.00).
L0142,C0219,682107.0,586975.0,16576.0,41,11.3,2026-09-19,5,81226.0,-0.027838950593642275,-0.004632125876182558,0.10997708368698023,0.6440179252948564,-0.020060291162197933,0.6068664384967046,0.20407258759510502,0,0,0,0,on_time,0,0,0,normal,0.01,Low,,2026-09-14 00:00:00,[],Low repayment risk (0.01).
L0143,C0220,198970.0,152618.0,7119.0,25,13.2,2026-09-20,6,31000.0,0.010265602085709702,0.02747671605183788,-0.006180015908951897,0.5239354838709678,0.0,0.46080913978494625,0.22964516129032259,0,0,0,0,on_time,0,0,0,normal,0.0009,Low,,2026-09-14 00:00:00,[],Low repayment risk (0.00).
L0144,C0221,309848.0,205976.0,6624.0,37,9.1,2026-09-27,13,39233.0,-0.04028864970645796,-0.013204889581970969,-0.0314478251991015,0.6044656284250504,0.0,0.594044979141709,0.16883745826217725,0,0,0,0,on_time,0,0,0,normal,0.0232,Low,,2026-09-14 00:00:00,[],Low repayment risk (0.02).
L0145,C0222,299123.0,271369.0,12246.0,24,10.8,2026-10-06,22,65340.0,-0.0017264296518112454,-0.0030363600299058158,0.0772278897226204,0.7821854912764004,0.0,0.3567965003571064,0.18741965105601469,0,0,0,0,on_time,0,0,0,normal,0.0296,Low,,2026-09-14 00:00:00,[],Low repayment risk (0.03).
L0146,C0223,176097.0,147086.0,12662.0,12,10.0,2026-10-02,18,106694.0,-0.006582806491559623,-0.02607028753993612,-0.049618082618862025,0.5714191988302998,-0.002106084517120443,0.2583431745615186,0.11867583931617523,0,0,0,0,on_time,0,0,0,normal,0.0147,Low,,2026-09-14 00:00:00,[],Low repayment risk (0.01).
L0147,C0224,236555.0,200647.0,5186.0,49,14.1,2026-09-20,6,28949.0,0.0033619853043116432,0.010013257972228073,-0.027730304867964017,0.6092092991122319,-0.014409322447840347,0.6512055684134167,0.17914263014266468,0,0,0,0,on_time,0,0,0,normal,0.01,Low,,2026-09-14 00:00:00,[],Low repayment risk (0.01).
L0148,C0231,196047.0,128429.0,8082.0,17,15.1,2026-10-06,22,33737.0,-0.016356638871071194,-0.009832120216013096,0.006756756756756799,0.5167323709873433,-0.017374970650387414,0.44814298841035066,0.23955894122180396,0,0,0,0,on_time,0,0,0,normal,0.0023,Low,,2026-09-14 00:00:00,[],Low repayment risk (0.00).
L0149,C0232,199259.0,153888.0,4851.0,43,15.9,2026-09-20,6,23244.0,-0.010135422877097344,0.003887017362010914,0.009870021547230046,0.6250645327826536,0.002667355016348305,0.6994780014914244,0.20869901910170366,0,0,0,0,on_time,0,0,0,normal,0.0105,Low,,2026-09-14 00:00:00,[],Low repayment risk (0.01).
L0150,C0233,125831.0,89244.0,3180.0,36,15.3,2026-09-23,9,23166.0,0.003943661971830936,-0.011225404413333862,0.007482035706348533,0.5870672537339204,-0.013914379615007043,0.5123744568189013,0.13727013727013726,0,0,0,0,on_time,0,0,0,normal,0.0042,Low,,2026-09-14 00:00:00,[],Low repayment risk (0.00).
L0151,C0234,351614.0,275403.0,7582.0,54,17.1,2026-09-18,4,33682.0,-0.2384806692290301,-0.21878696509335493,-0.18656422379826632,0.6129386615996675,0.014039753479313789,0.8159699542782495,0.2251053975417137,0,0,0,0,on_time,0,0,0,dip,0.0055,Low,Income drop >20%,2026-09-14 00:00:00,[],Low repayment risk (0.01).
L0152,C0236,251721.0,167506.0,4537.0,51,16.6,2026-10-11,27,36001.0,0.03501710605755681,0.032553203694143384,0.03399169280325509,0.677647843115469,0.0039165578733924055,0.48824338212827423,0.1260242771034138,0,0,0,0,on_time,0,0,0,normal,0.0036,Low,,2026-09-14 00:00:00,[],Low repayment risk (0.00).
L0153,C0239,195606.0,149120.0,4755.0,43,16.0,2026-10-11,27,23052.0,-0.02222599253478108,0.0027404410805167423,0.011881649452512244,0.5652437966336977,0.0,0.6907426687489155,0.2062727745965643,0,0,0,0,on_time,0,0,0,normal,0.0118,Low,,2026-09-14 00:00:00,[],Low repayment risk (0.01).
L0154,C0240,454784.0,344190.0,13244.0,32,17.3,2026-09-23,9,54871.0,0.01850614396554917,0.00760232844262454,-0.047405202210056285,0.6881230522498223,0.0,0.7167705466761435,0.2413661132474349,0,0,0,0,on_time,0,0,0,normal,0.0028,Low,,2026-09-14 00:00:00,[],Low repayment risk (0.00).
L0155,C0241,123526.0,111084.0,6172.0,19,10.8,2026-10-12,28,56821.0,-0.010000871156023994,-0.022232546934420894,-0.045392818183842,0.7546505693317611,0.008295164255480412,0.23764834597537296,0.10862181235810704,0,0,0,0,on_time,0,0,0,normal,0.0141,Low,,2026-09-14 00:00:00,[],Low repayment risk (0.01).
L0156,C0242,723233.0,540125.0,25663.0,24,11.1,2026-09-23,9,139838.0,-0.000564620453554654,-0.0006503298101180333,0.032350412318755684,0.7555814585448877,-0.001515054063132017,0.4594024275709511,0.18351950113703,0,0,0,0,on_time,0,0,0,normal,0.0212,Low,,2026-09-14 00:00:00,[],Low repayment risk (0.02).
L0157,C0243,192565.0,165120.0,4633.0,44,11.7,2026-10-12,28,31550.0,0.017446547776452048,-0.0010764944275583055,-0.0015450331727711042,0.696418383518225,-0.0010131712259371835,0.6299313259376651,0.14684627575277337,0,0,0,0,on_time,0,0,0,normal,0.012,Low,,2026-09-14 00:00:00,[],Low repayment risk (0.01).
L0158,C0244,130711.0,81771.0,4038.0,23,16.1,2026-10-08,24,29700.0,-0.024982764846853356,0.010032307430709153,0.0130349237579932,0.6934343434343434,0.0,0.2967817059483726,0.13595959595959595,0,0,0,0,on_time,0,0,0,normal,0.0244,Low,,2026-09-14 00:00:00,[],Low repayment risk (0.02).
L0159,C0245,423208.0,313208.0,8685.0,43,12.7,2026-10-07,23,57201.0,0.06414525700891116,0.0073081393301166475,0.08485980200367549,0.6398664359014703,-0.008347127813193392,0.5173234150918108,0.1518330099124141,0,0,0,0,on_time,0,0,0,normal,0.0055,Low,,2026-09-14 00:00:00,[],Low repayment risk (0.01).
L0160,C0246,614240.0,433293.0,13600.0,37,11.9,2026-09-19,5,57457.0,0.02291258679010144,0.0298060723375273,0.0776515757478804,0.5862122978923369,-0.00034053840914793703,0.8000765790069095,0.23669874862940982,0,0,0,0,on_time,0,0,0,normal,0.0016,Low,,2026-09-14 00:00:00,[],Low repayment risk (0.00).
L0161,C0247,123208.0,104992.0,6481.0,17,9.3,2026-10-09,25,29490.0,0.017738818332412976,0.004085801838610736,-0.0956791805154471,0.5628009494743981,0.0,0.44547586752571494,0.21976941336046119,0,0,0,0,on_time,0,0,0,normal,0.0069,Low,,2026-09-14 00:00:00,[],Low repayment risk (0.01).
L0162,C0248,257133.0,168062.0,4325.0,53,12.8,2026-09-24,10,30959.0,0.0014556511612862089,0.00751757354855509,-0.1318855333107115,0.49581704835427504,0.00765528602345037,0.6982110748624525,0.139700894731742,0,0,0,0,on_time,0,0,0,normal,0.0197,Low,,2026-09-14 00:00:00,[],Low repayment risk (0.02).
L0163,C0249,319121.0,227561.0,8679.0,31,9.2,2026-09-20,6,49782.0,0.02951090890290553,0.007773594072634449,-0.06526153630698128,0.5362982604154112,0.0,0.6267978385761922,0.17434012293600096,0,0,0,0,on_time,0,0,0,normal,0.1778,Low,,2026-09-14 00:00:00,[],Low repayment risk (0.18).
L0164,C0251,251467.0,200373.0,6358.0,39,12.4,2026-09-24,10,31036.0,-0.013414711679064162,0.014115801855966614,0.09642464246424653,0.6422541564634617,-0.01643576003136845,0.5552181337801263,0.2048588735661812,1,0,2,2,late,0,1,0,normal,0.06,Low,,2026-09-14 00:00:00,"[""Latest EMI paid 2 days late (+31%)""]",Low repayment risk (0.06): latest emi paid 2 days late.
L0165,C0253,328380.0,261438.0,7988.0,37,11.1,2026-09-17,3,61552.0,-0.016521266736969964,-0.04135063155107699,-0.04290469133402974,0.6400279438523525,0.007619573693787367,0.44482172255437136,0.12977644918118014,0,0,0,0,on_time,0,0,0,normal,0.0025,Low,,2026-09-14 00:00:00,[],Low repayment risk (0.00).
L0166,C0254,411830.0,259942.0,5816.0,56,9.8,2026-09-28,14,28054.0,0.00692724597107075,-0.01110366949839614,0.00021119324181628762,0.6752691238326085,0.0,0.8336452318148333,0.20731446496043346,0,0,0,0,on_time,0,0,0,normal,0.0055,Low,,2026-09-14 00:00:00,[],Low repayment risk (0.01).
L0167,C0257,131769.0,96867.0,3553.0,32,12.3,2026-10-06,22,20778.0,0.044120603015075366,0.04406813727953374,0.009513888888888822,0.699634228510925,-0.012361187880006029,0.5206267847402701,0.1709981711425546,0,0,0,0,on_time,0,0,0,normal,0.0027,Low,,2026-09-14 00:00:00,[],Low repayment risk (0.00).
L0168,C0259,189600.0,157797.0,5881.0,34,14.7,2026-10-09,25,35545.0,-0.010191863217398622,0.01023163279806738,0.009683064359323312,0.7304543536362358,0.0,0.400114877854363,0.16545224363482908,1,0,1,1,late,0,1,0,normal,0.1557,Low,,2026-09-14 00:00:00,[],Low repayment risk (0.16).
L0169,C0261,91066.0,62477.0,4146.0,16,12.3,2026-09-18,4,26793.0,0.0,0.008317025440313097,0.03643904606724924,0.522300600903221,-0.004252596718350143,0.42490575896689436,0.1547419102004255,0,0,0,0,on_time,0,0,0,normal,0.0125,Low,,2026-09-14 00:00:00,[],Low repayment risk (0.01).
L0170,C0267,213008.0,158004.0,5651.0,34,12.8,2026-10-09,25,30174.0,-0.0033031644315254516,-0.027742870952150778,-0.06611078022632522,0.6235832173394313,0.0,0.6676167119595237,0.18728044011400544,1,0,0,1,on_time,0,1,1,normal,0.9307,High,,2026-09-14 00:00:00,[],High repayment risk (0.93).
L0171,C0268,221638.0,167284.0,6523.0,32,15.3,2026-10-10,26,29691.0,-0.025150211773976472,-0.03141514973576043,-0.041959559142584424,0.7436260146172241,0.005742223785396711,0.4780657438280961,0.21969620423697417,0,0,0,0,on_time,0,0,0,normal,0.0024,Low,,2026-09-14 00:00:00,[],Low repayment risk (0.00).
L0172,C0270,676596.0,441606.0,12133.0,44,11.2,2026-09-25,11,51784.0,0.020153267272118303,0.009178960497339794,-0.034623955431754894,0.669260775529121,0.0,0.7115679231680313,0.23430016993665997,0,0,0,0,on_time,0,0,0,normal,0.0015,Low,,2026-09-14 00:00:00,[],Low repayment risk (0.00).
L0173,C0271,196850.0,133783.0,5805.0,28,17.0,2026-10-08,24,23534.0,-0.027400090920361997,-0.022917877605247883,-0.04823948137790768,0.6363134188833177,0.01240758052179825,0.6838014503838418,0.24666440044191382,0,0,0,0,on_time,0,0,0,normal,0.005,Low,,2026-09-14 00:00:00,[],Low repayment risk (0.00).
L0174,C0273,115911.0,87326.0,3194.0,32,12.9,2026-10-07,23,13494.0,0.00155867290135836,-0.035729598399314,0.004108264862252353,0.6158292574477545,-0.006828150259150002,0.6791228200187738,0.23669779161108642,0,0,0,0,on_time,0,0,0,normal,0.0063,Low,,2026-09-14 00:00:00,[],Low repayment risk (0.01).
L0175,C0276,150631.0,97580.0,4840.0,24,15.2,2026-10-04,20,32026.0,-0.01428131732840876,-0.036464287863289035,-0.01614860449920652,0.6582152001498782,0.007681258977081122,0.4840936530735444,0.15112720914257166,0,0,0,0,on_time,0,0,0,normal,0.0023,Low,,2026-09-14 00:00:00,[],Low repayment risk (0.00).
L0176,C0277,623188.0,396808.0,10068.0,51,10.5,2026-10-05,21,95624.0,0.007162116616110659,0.012515618051290645,0.017841764331448573,0.5685497364678324,-0.01592511806187925,0.4440595457207396,0.10528737555425416,0,0,0,0,on_time,0,0,0,normal,0.0087,Low,,2026-09-14 00:00:00,[],Low repayment risk (0.01).
L0177,C0279,121783.0,86168.0,6704.0,14,14.8,2026-09-24,10,41300.0,-0.025138675793697662,-0.04488795356259101,-0.06730389446243779,0.5717675544794188,0.0,0.3338740920096852,0.16232445520581112,0,0,0,0,on_time,0,0,0,normal,0.0245,Low,,2026-09-14 00:00:00,[],Low repayment risk (0.02).
L0178,C0281,132245.0,117374.0,6883.0,18,12.1,2026-09-15,1,36044.0,-0.014383374350560585,0.0031449166457933053,-0.0122676775654188,0.5204749750305182,0.0,0.27589196537565197,0.1909610476084785,0,0,0,0,on_time,0,0,0,normal,0.0084,Low,,2026-09-14 00:00:00,[],Low repayment risk (0.01).
L0179,C0282,307849.0,230113.0,8786.0,30,12.3,2026-09-21,7,35324.0,-0.043409971023912086,-0.01150132922904712,-0.07727853701700915,0.5313667761295436,-0.015642927102280678,0.6534603480164571,0.24872607858679652,0,0,0,0,on_time,0,0,0,normal,0.0163,Low,,2026-09-14 00:00:00,[],Low repayment risk (0.02).
L0180,C0283,280455.0,205242.0,5239.0,45,9.2,2026-09-27,13,39965.0,-0.018396620327160162,-0.021472993487096637,-0.01780913978494625,0.51197297635431,0.0,0.5261124317110806,0.13108970349055424,0,0,0,0,on_time,0,0,0,normal,0.0106,Low,,2026-09-14 00:00:00,[],Low repayment risk (0.01).
L0181,C0285,957898.0,647287.0,15053.0,52,10.6,2026-10-12,28,75297.0,0.0011035179620815239,0.0036254581806065556,-0.06091667228628583,0.5548295416816075,0.0,0.9334479904024507,0.1999150032537817,0,0,0,0,on_time,0,0,0,normal,0.0442,Low,,2026-09-14 00:00:00,[],Low repayment risk (0.04).
L0182,C0288,201554.0,149155.0,4157.0,51,17.7,2026-09-21,7,27313.0,0.024993432656584158,0.024532052965227535,0.013108068744538404,0.509354519825724,0.0,0.6580199904807235,0.15219858675356057,0,0,0,0,on_time,0,0,0,normal,0.0037,Low,,2026-09-14 00:00:00,[],Low repayment risk (0.00).
L0183,C0289,402526.0,329140.0,12873.0,31,13.2,2026-09-29,15,56855.0,0.010611824096128597,0.029068399428043845,0.08369925839188141,0.7813384926567584,-0.015565892595341092,0.7228563890598891,0.22641808108345793,0,0,0,1,on_time,0,1,0,normal,0.0048,Low,,2026-09-14 00:00:00,[],Low repayment risk (0.00).
L0184,C0290,241906.0,153590.0,7002.0,25,9.4,2026-09-28,14,17798.0,-0.20672134070244252,-0.31496093298949235,-0.0018451602983009519,0.7294639847173839,0.1274862344083605,1.0780284301606922,0.393414990448365,3,0,16,25,late,0,1,1,stressed,0.9791,High,"Income drop >20%, 2+ late payments, EMI/income >35%, Rising cash advances",2026-09-14 00:00:00,"[""Worst delay: 25 days past due (+51%)"", ""Income down 21% in the last 30 days (+24%)"", ""Latest EMI paid 16 days late (+15%)"", ""Total debt is 1.1x annual income (+8%)""]",High repayment risk (0.98): worst delay: 25 days past due; income down 21% in the last 30 days.
L0185,C0292,1034475.0,727740.0,21190.0,47,16.3,2026-09-28,14,114188.0,0.022777553853732924,-0.004741484503015703,0.056754321993908396,0.647195852453848,-0.004392845936617509,0.6346989175745262,0.18557116334465967,0,0,0,0,on_time,0,0,0,normal,0.0161,Low,,2026-09-14 00:00:00,[],Low repayment risk (0.02).
L0186,C0295,202449.0,155918.0,6203.0,31,16.3,2026-09-24,10,29398.0,0.007850800507388067,0.024820469915638244,-0.011177555468618983,0.6018436628342064,-0.00010458063166701528,0.4521906252125995,0.21100074835022792,0,0,0,0,on_time,0,0,0,normal,0.0016,Low,,2026-09-14 00:00:00,[],Low repayment risk (0.00).
L0187,C0296,653739.0,439853.0,11775.0,53,17.8,2026-09-24,10,72460.0,0.04648979650784946,0.04338560340979458,-0.005936902016584034,0.5592050786640905,0.0,0.6654959057871009,0.16250345017940934,0,0,0,0,on_time,0,0,0,normal,0.0036,Low,,2026-09-14 00:00:00,[],Low repayment risk (0.00).
L0188,C0300,333247.0,265364.0,12719.0,25,15.3,2026-10-12,28,30369.0,-0.2421013226853007,-0.37458297293957743,-0.012572454894277052,0.7965359412558859,0.14942869373374165,0.8868281251715017,0.4188152392242089,1,0,2,2,late,0,1,0,stressed,0.2095,Low,"Income drop >20%, EMI/income >35%, Rising cash advances",2026-09-14 00:00:00,"[""Latest EMI paid 2 days late (+37%)"", ""Income down 37% in 60 days (+9%)"", ""Cash-advance use up 14.9 pts of income (+9%)""]",Low repayment risk (0.21): latest emi paid 2 days late; income down 37% in 60 days.
L0189,C0301,217544.0,141594.0,13140.0,12,15.2,2026-09-25,11,70273.0,0.017387653463053043,0.010003305690098774,-0.018737672583826415,0.5097263529378282,0.0,0.4033803879157002,0.1869850440425199,0,0,0,0,on_time,0,0,0,normal,0.0054,Low,,2026-09-14 00:00:00,[],Low repayment risk (0.01).
L0190,C0302,422480.0,317214.0,12451.0,30,11.8,2026-09-15,1,61013.0,0.031042990401514148,0.03268338918790836,0.05646351750316314,0.6568764033894416,0.0,0.47293609558618654,0.20407126350122104,0,0,0,0,on_time,0,0,0,normal,0.002,Low,,2026-09-14 00:00:00,[],Low repayment risk (0.00).
L0191,C0304,324324.0,222702.0,7940.0,33,13.9,2026-10-09,25,44993.0,-0.013592616140135516,-0.02178497662789436,-0.014677481653147972,0.6236747938568221,-0.009979345581041417,0.5896139399462138,0.17647189562820884,0,0,0,0,on_time,0,0,0,normal,0.0079,Low,,2026-09-14 00:00:00,[],Low repayment risk (0.01).
L0192,C0306,105356.0,83795.0,4397.0,23,15.0,2026-09-17,3,32623.0,0.002581517563539082,0.0012276340422920917,0.10408747477591618,0.7211783097814426,0.0,0.24294465050220193,0.1347822088710419,0,0,0,0,on_time,0,0,0,normal,0.0241,Low,,2026-09-14 00:00:00,[],Low repayment risk (0.02).
L0193,C0308,351251.0,239210.0,13441.0,19,11.7,2026-09-19,5,86443.0,-0.03278395041007909,-0.02384958500367007,-0.0491401328111698,0.6460210774730168,0.01646171465590042,0.42977067740206454,0.15548974468725055,0,0,0,0,on_time,0,0,0,normal,0.007,Low,,2026-09-14 00:00:00,[],Low repayment risk (0.01).
L0194,C0310,360685.0,260014.0,6009.0,56,9.9,2026-10-03,19,41427.0,-0.2838274699628317,-0.2733762475224949,-0.236468485482076,0.5465276269099862,0.0,0.7183217869183544,0.14505032949525673,0,0,0,0,on_time,0,0,0,dip,0.0461,Low,Income drop >20%,2026-09-14 00:00:00,[],Low repayment risk (0.05).
L0195,C0313,522760.0,392305.0,8958.0,54,10.5,2026-10-09,25,38175.0,-0.0014386607376406513,0.0013902733329835826,0.03982707873436353,0.592272429600524,0.0,0.8694717310630866,0.23465618860510806,0,0,0,0,on_time,0,0,0,normal,0.0089,Low,,2026-09-14 00:00:00,[],Low repayment risk (0.01).
L0196,C0314,770996.0,693708.0,15823.0,59,14.8,2026-09-26,12,76492.0,-0.04304855316327427,-0.023664258545426642,-0.06027226030741584,0.6290200282382471,0.0,0.9381068172706514,0.20685823354076244,0,0,0,0,on_time,0,0,0,normal,0.0286,Low,,2026-09-14 00:00:00,[],Low repayment risk (0.03).
L0197,C0315,291238.0,246946.0,6762.0,44,11.9,2026-09-15,1,51156.0,0.024698034973859695,0.0018801410105757643,0.06587903919881066,0.5326061459066386,0.0017984205176323402,0.5992715093700315,0.13218390804597702,0,0,0,0,on_time,0,0,0,normal,0.0181,Low,,2026-09-14 00:00:00,[],Low repayment risk (0.02).
L0198,C0316,150188.0,97527.0,3067.0,42,15.7,2026-10-12,28,16062.0,-0.00851851851851848,0.002684312379049869,-0.022442401814492086,0.5098368820819326,0.0,0.6056738471755282,0.19094757813472793,0,0,0,0,on_time,0,0,0,normal,0.0121,Low,,2026-09-14 00:00:00,[],Low repayment risk (0.01).
L0199,C0317,75451.0,62186.0,3828.0,17,11.3,2026-10-05,21,33618.0,-0.03918374346223097,0.012133072407044976,0.060258780036968496,0.5971800820988756,-0.011621255456871895,0.2412100660360521,0.11386757094413708,0,0,0,0,on_time,0,0,0,normal,0.023,Low,,2026-09-14 00:00:00,[],Low repayment risk (0.02).
L0200,C0318,627690.0,436718.0,22737.0,22,16.2,2026-09-16,2,90743.0,-0.004334086769514411,-0.02129059395795807,-0.03853208420339749,0.7509670167395832,0.0,0.5118493988517021,0.25056478185645176,0,0,0,0,on_time,0,0,0,normal,0.0032,Low,,2026-09-14 00:00:00,[],Low repayment risk (0.00).
L0201,C0319,283328.0,229914.0,8581.0,32,15.3,2026-09-17,3,24519.0,-0.1487049510450663,-0.27449994082139895,-0.027282390457068595,0.6718055385619316,0.12635099310738612,0.9124930326141631,0.34997348994657207,1,0,18,18,late,0,1,0,stressed,0.3428,Low,"Income drop >20%, Rising cash advances",2026-09-14 00:00:00,"[""Worst delay: 18 days past due (+83%)"", ""Latest EMI paid 18 days late (+17%)""]",Low repayment risk (0.34): worst delay: 18 days past due; latest emi paid 18 days late.
L0202,C0320,101716.0,66606.0,3574.0,20,13.8,2026-10-10,26,15371.0,-0.0037591548382914786,0.02078629300039836,0.0606270810210876,0.49736516817383386,0.0016306432122166464,0.38828529915642007,0.23251577646216903,0,0,0,0,on_time,0,0,0,normal,0.0028,Low,,2026-09-14 00:00:00,[],Low repayment risk (0.00).
L0203,C0322,392009.0,339186.0,15041.0,27,12.1,2026-09-17,3,38913.0,-0.16870326853236484,-0.27819925432657533,0.010166184061437766,0.8247886310487498,0.11255878498188267,0.9954920806242986,0.38652892349600393,1,0,20,20,late,0,1,1,stressed,0.9881,High,"Income drop >20%, EMI/income >35%, Rising cash advances",2026-09-14 00:00:00,"[""Worst delay: 20 days past due (+53%)"", ""Latest EMI paid 20 days late (+13%)"", ""Spending is 82% of income (+13%)"", ""Total debt is 1.0x annual income (+8%)""]",High repayment risk (0.99): worst delay: 20 days past due; latest emi paid 20 days late.
L0204,C0323,231497.0,196719.0,5340.0,54,16.1,2026-09-22,8,36218.0,-0.02519244226731976,-0.012945248412503774,-0.12318920712153048,0.6567728753658402,-0.0016624424277110075,0.4806564875660353,0.14744049919929317,0,0,0,0,on_time,0,0,0,normal,0.0157,Low,,2026-09-14 00:00:00,[],Low repayment risk (0.02).
L0205,C0325,326609.0,204895.0,9459.0,25,12.9,2026-10-07,23,65142.0,0.013993742508911389,-0.009247148288973439,0.023851904592381734,0.6622455558625772,0.005557090663473642,0.3630031316201529,0.14520585797181543,0,0,0,0,on_time,0,0,0,normal,0.0025,Low,,2026-09-14 00:00:00,[],Low repayment risk (0.00).
L0206,C0329,255470.0,221438.0,9189.0,28,14.7,2026-09-21,7,42612.0,-0.012353691041835702,-0.014774224873413289,0.014066648175298235,0.6005819956819676,0.0,0.6344339622641509,0.21564348070965925,0,0,0,0,on_time,0,0,0,normal,0.0113,Low,,2026-09-14 00:00:00,[],Low repayment risk (0.01).
L0207,C0330,569368.0,356021.0,8826.0,51,10.6,2026-10-10,26,41630.0,0.02701369187122249,0.0017325184080081435,0.006249502428150588,0.6072303627191928,-0.007068532450623059,0.804353831371607,0.21201056930098486,0,0,0,0,on_time,0,0,0,normal,0.0028,Low,,2026-09-14 00:00:00,[],Low repayment risk (0.00).
L0208,C0333,344174.0,245966.0,5450.0,58,10.8,2026-09-18,4,25041.0,0.022582489382554805,-0.0055202541699761465,-0.0347664353673367,0.5388363084541352,0.010063495866778483,0.9316287954421415,0.21764306537278863,0,0,0,0,on_time,0,0,0,normal,0.0008,Low,,2026-09-14 00:00:00,[],Low repayment risk (0.00).
L0209,C0334,51558.0,43524.0,4149.0,12,16.4,2026-09-28,14,16725.0,-0.019234152348560407,-0.027276957078050446,-0.10748870238863784,0.4959641255605381,0.0,0.4283358246138515,0.24807174887892378,0,0,0,0,on_time,0,0,0,normal,0.0046,Low,,2026-09-14 00:00:00,[],Low repayment risk (0.00).
L0210,C0337,252602.0,203995.0,6842.0,40,17.7,2026-09-19,5,48261.0,-0.018706411012382795,0.0036810581482404903,-0.015194446412127194,0.5761380825096869,8.288265887569673e-05,0.355701290897412,0.14177078800687926,0,0,0,0,on_time,0,0,0,normal,0.0066,Low,,2026-09-14 00:00:00,[],Low repayment risk (0.01).
L0211,C0338,568596.0,377418.0,11615.0,46,16.4,2026-09-19,5,46752.0,0.011926148784658253,-0.023946220171611077,-0.019699629412912034,0.7525239561943874,0.010373887748117728,0.9148735169974903,0.24843856947296372,1,0,0,3,on_time,0,1,0,normal,0.0136,Low,,2026-09-14 00:00:00,[],Low repayment risk (0.01).
L0212,C0339,80290.0,53206.0,3564.0,17,12.6,2026-10-07,23,32487.0,-0.027568247126436796,0.00925782099474981,-0.06202799778964818,0.6269892572413581,0.0,0.185481885061717,0.10970542062979038,0,0,0,0,on_time,0,0,0,normal,0.0337,Low,,2026-09-14 00:00:00,[],Low repayment risk (0.03).
L0213,C0340,254170.0,222865.0,17116.0,14,16.3,2026-09-21,7,38145.0,-0.2097576134244873,-0.31816963088747874,-0.0377407263797338,0.9758815047843754,0.1378686590640975,0.7373312360728798,0.448708874033294,2,0,16,23,late,0,1,1,stressed,0.961,High,"Income drop >20%, 2+ late payments, EMI/income >35%, Rising cash advances",2026-09-14 00:00:00,"[""Worst delay: 23 days past due (+53%)"", ""Income down 21% in the last 30 days (+24%)"", ""Latest EMI paid 16 days late (+16%)"", ""Cash-advance use up 13.8 pts of income (+5%)""]",High repayment risk (0.96): worst delay: 23 days past due; income down 21% in the last 30 days.
L0214,C0342,216886.0,139913.0,5612.0,31,15.1,2026-10-03,19,29121.0,-0.026541868627778742,-0.0068549212195621045,-0.009401659799199158,0.5861405858315305,0.0,0.5835508167073017,0.19271316232272243,0,0,0,0,on_time,0,0,0,normal,0.0731,Low,,2026-09-14 00:00:00,[],Low repayment risk (0.07).
L0215,C0343,165887.0,134270.0,5772.0,28,13.1,2026-09-21,7,32767.0,-0.00808258158261188,0.0096444197941703,0.04994531534815905,0.6152531510361035,0.0,0.5807519760734886,0.17615283669545578,0,0,0,0,on_time,0,0,0,normal,0.0319,Low,,2026-09-14 00:00:00,[],Low repayment risk (0.03).
L0216,C0344,1107363.0,839997.0,31463.0,35,15.5,2026-09-28,14,74896.0,-0.16263053151763152,-0.26157729204255276,-0.029070294784580453,0.8575491348002564,0.10152745139927366,1.338898828597878,0.4200891903439436,1,0,12,12,late,0,1,1,stressed,0.9856,High,"Income drop >20%, EMI/income >35%, Rising cash advances",2026-09-14 00:00:00,"[""Worst delay: 12 days past due (+43%)"", ""Total debt is 1.3x annual income (+17%)"", ""Latest EMI paid 12 days late (+13%)"", ""Income down 26% in 60 days (+10%)""]",High repayment risk (0.99): worst delay: 12 days past due; total debt is 1.3x annual income.
L0217,C0350,83247.0,74247.0,3264.0,27,12.4,2026-09-22,8,13642.0,0.014199687755557244,0.013446252135799641,0.05864607216121631,0.6430875238234863,0.0,0.6256780530713971,0.23926110540976397,0,0,0,0,on_time,0,0,0,normal,0.0026,Low,,2026-09-14 00:00:00,[],Low repayment risk (0.00).
L0218,C0351,322576.0,242848.0,6703.0,45,9.0,2026-10-06,22,46905.0,0.04360885526754932,0.0338785046728971,0.0453706146135584,0.5914294851295171,-0.018779756656674307,0.4960789539139395,0.1429058735742458,0,0,0,0,on_time,0,0,0,normal,0.002,Low,,2026-09-14 00:00:00,[],Low repayment risk (0.00).
L0219,C0353,57293.0,48016.0,1375.0,43,14.0,2026-09-15,1,13186.0,0.013605965101083806,0.0009108850766661458,0.0012715293029708086,0.6569088427119673,0.0,0.5417488245108448,0.10427726376459882,0,0,0,0,on_time,0,0,0,normal,0.0525,Low,,2026-09-14 00:00:00,[],Low repayment risk (0.05).
L0220,C0354,317386.0,226546.0,8965.0,28,11.1,2026-10-03,19,58237.0,0.007612851878125104,-0.0021589020441032947,-0.018569707279041725,0.4755396054054982,0.0,0.36104051834171863,0.15393993509281043,0,0,0,0,on_time,0,0,0,normal,0.0043,Low,,2026-09-14 00:00:00,[],Low repayment risk (0.00).
L0221,C0356,563508.0,505813.0,16037.0,43,15.0,2026-10-02,18,63188.0,-0.21913965472497865,-0.21388405075889527,-0.19425905826386158,0.5521776286636704,0.0012310574275262707,0.9410291511046401,0.25379818952965755,0,0,0,0,on_time,0,0,0,dip,0.0101,Low,Income drop >20%,2026-09-14 00:00:00,"[""Income down 21% in 60 days (+100%)""]",Low repayment risk (0.01): income down 21% in 60 days.
L0222,C0358,214631.0,143206.0,5451.0,31,12.2,2026-09-25,11,38768.0,-0.003931039798566349,-0.028809058570068657,0.01691603926427132,0.5504797771357821,-0.014680094193095846,0.5499767849773008,0.14060565414775072,0,0,0,0,on_time,0,0,0,normal,0.022,Low,,2026-09-14 00:00:00,[],Low repayment risk (0.02).
L0223,C0359,296461.0,260004.0,11173.0,29,17.8,2026-09-23,9,74246.0,-0.017949023186910606,0.00764083981379704,0.09212639563459035,0.7601756323572987,0.0,0.521117860445905,0.15048622147994506,0,0,0,0,on_time,0,0,0,normal,0.0432,Low,,2026-09-14 00:00:00,[],Low repayment risk (0.04).
L0224,C0362,318970.0,204481.0,5764.0,42,11.0,2026-09-21,7,23785.0,0.010450741322910906,0.01079427138668132,0.03125353867059233,0.7657767500525541,-0.009192703961685866,0.9144769112185551,0.24233760773596805,0,0,0,0,on_time,0,0,0,normal,0.001,Low,,2026-09-14 00:00:00,[],Low repayment risk (0.00).
L0225,C0363,438437.0,304961.0,7977.0,53,15.2,2026-10-04,20,40789.0,-0.029641965029142403,-0.05631261134118404,-0.059387881661985165,0.6321557282600702,0.012846600799235088,0.6980803648042364,0.19556743239598912,0,0,0,0,on_time,0,0,0,normal,0.0155,Low,,2026-09-14 00:00:00,[],Low repayment risk (0.02).
L0226,C0364,197403.0,154780.0,14108.0,12,13.6,2026-10-06,22,32927.0,-0.17221007114664255,-0.3065956281851493,0.033938437253354437,1.0741944301029551,0.10939350684848301,0.5181765724177726,0.42846296352537433,1,1,8,8,missed,1,1,0,stressed,0.2669,Low,"Income drop >20%, EMI/income >35%, Rising cash advances, EMI missed / overdue",2026-09-14 00:00:00,"[""Latest EMI paid 8 days late (+39%)"", ""Worst delay: 8 days past due (+39%)""]",Low repayment risk (0.27): latest emi paid 8 days late; worst delay: 8 days past due.
L0227,C0365,180045.0,135024.0,3549.0,48,11.2,2026-09-29,15,15350.0,-0.0169708613512648,-0.01741134297785174,-0.0314210902166151,0.5301628664495114,0.0024104234527687297,0.8611074918566776,0.23120521172638436,0,0,0,0,on_time,0,0,0,normal,0.005,Low,,2026-09-14 00:00:00,[],Low repayment risk (0.00).
L0228,C0366,174047.0,157215.0,11433.0,15,15.3,2026-09-24,10,48799.0,0.028343237661735632,-0.0019225656024379756,0.0068192535093765105,0.5688026393983483,-0.0020657353813429325,0.5056268229540223,0.234287587860407,0,0,0,0,on_time,0,0,0,normal,0.0023,Low,,2026-09-14 00:00:00,[],Low repayment risk (0.00).
L0229,C0367,586908.0,391290.0,14942.0,31,9.5,2026-09-22,8,119454.0,0.03130503850537014,0.013197848988108385,0.00166216773267025,0.63060257504981,0.0,0.4577961670043141,0.12508580708892125,0,0,0,0,on_time,0,0,0,normal,0.0018,Low,,2026-09-14 00:00:00,[],Low repayment risk (0.00).
L0230,C0368,563100.0,426113.0,12153.0,52,17.8,2026-10-02,18,53526.0,0.029722398568707842,0.0024346392988239263,0.026820169796758497,0.5965325262489257,0.0,0.7787648370262427,0.22704853715951126,0,0,0,0,on_time,0,0,0,normal,0.0023,Low,,2026-09-14 00:00:00,[],Low repayment risk (0.00).
L0231,C0369,583735.0,504273.0,14766.0,44,13.0,2026-10-04,20,79225.0,0.016030779095864034,0.023208658366482338,0.06642636457260553,0.758081413695172,-0.003926228237846774,0.5936920164089619,0.18638056169138528,0,0,0,0,on_time,0,0,0,normal,0.0043,Low,,2026-09-14 00:00:00,[],Low repayment risk (0.00).
L0232,C0370,91544.0,79029.0,7077.0,12,17.8,2026-09-21,7,33265.0,-0.20195283448888035,-0.19228341103341107,-0.1967197046427288,0.7390951450473471,0.0,0.4539030011523623,0.2127461295656095,0,0,0,0,on_time,0,0,0,dip,0.0191,Low,,2026-09-14 00:00:00,"[""Income down 20% in the last 30 days (+87%)"", ""Income down 19% in 60 days (+13%)""]",Low repayment risk (0.02): income down 20% in the last 30 days; income down 19% in 60 days.
L0233,C0371,274298.0,225109.0,7648.0,38,14.1,2026-10-08,24,36234.0,-0.014121296220716673,-0.004642474521330708,0.009944520046058836,0.5325384997516145,0.0,0.6136685617559935,0.21107247336755533,0,0,0,0,on_time,0,0,0,normal,0.0112,Low,,2026-09-14 00:00:00,[],Low repayment risk (0.01).
L0234,C0372,310341.0,251361.0,6637.0,51,14.4,2026-09-28,14,45168.0,-0.00849522555153115,-0.016526226402769573,0.04530073597834372,0.5471351399220687,0.0,0.5885859458023379,0.14694031172511512,0,0,0,0,on_time,0,0,0,normal,0.0615,Low,,2026-09-14 00:00:00,[],Low repayment risk (0.06).
L0235,C0373,162210.0,115144.0,4777.0,28,16.0,2026-09-20,6,25704.0,-0.009403422229073533,0.004454865181711565,-0.015238335117435886,0.6084267040149393,0.00980392156862745,0.37572621641249093,0.18584656084656084,0,0,0,0,on_time,0,0,0,normal,0.0028,Low,,2026-09-14 00:00:00,[],Low repayment risk (0.00).
L0236,C0377,158342.0,118987.0,3703.0,41,12.6,2026-10-12,28,23230.0,0.023618577597602997,-0.0043290043290042934,-0.022267472411981126,0.6407662505380973,-0.016844541597016843,0.5081324436791506,0.1594059405940594,0,0,0,0,on_time,0,0,0,normal,0.0031,Low,,2026-09-14 00:00:00,[],Low repayment risk (0.00).
L0237,C0379,460449.0,343397.0,7338.0,59,11.1,2026-09-22,8,36558.0,0.0032381997804611373,-0.001638538423726077,0.08754779283976366,0.6846928168937032,0.0,0.9887826649889673,0.2007221401608403,0,0,0,0,on_time,0,0,0,normal,0.0136,Low,,2026-09-14 00:00:00,[],Low repayment risk (0.01).
L0238,C0380,320212.0,215130.0,10528.0,24,12.7,2026-09-25,11,44462.0,-0.011494252873563204,0.005791069085644418,-0.02545399053868458,0.7181638252890108,-0.004433787268696557,0.47364416055658015,0.23678646934460887,0,0,0,0,on_time,0,0,0,normal,0.0144,Low,,2026-09-14 00:00:00,"[""Spending is 72% of income (+100%)""]",Low repayment risk (0.01): spending is 72% of income.
L0239,C0382,484243.0,338941.0,14043.0,30,14.9,2026-10-06,22,61985.0,-0.0033123763888666113,-0.03308582659969428,-0.009369220286187141,0.6567234008227797,0.0,0.6275644645209862,0.22655481164797936,0,0,0,0,on_time,0,0,0,normal,0.0052,Low,,2026-09-14 00:00:00,[],Low repayment risk (0.01).
L0240,C0385,570354.0,510462.0,12269.0,56,12.3,2026-10-12,28,32130.0,-0.17103124435614958,-0.2718413597733711,0.015132073802044177,0.714067849361967,0.10099595393713041,1.3319820520800913,0.3818549642079054,1,0,2,2,late,0,1,1,stressed,0.9913,High,"Income drop >20%, EMI/income >35%, Rising cash advances",2026-09-14 00:00:00,"[""Total debt is 1.3x annual income (+21%)"", ""Spending is 71% of income (+15%)"", ""Latest EMI paid 2 days late (+14%)"", ""Income down 27% in 60 days (+12%)""]",High repayment risk (0.99): total debt is 1.3x annual income; spending is 71% of income.
L0241,C0386,424904.0,336623.0,8550.0,47,10.0,2026-09-20,6,40609.0,-0.22600872929651017,-0.22878684290489215,-0.17500000000000004,0.7102366470486838,0.0,0.7005466768450344,0.2105444605875545,0,0,0,0,on_time,0,0,0,dip,0.0797,Low,Income drop >20%,2026-09-14 00:00:00,"[""Spending is 71% of income (+92%)"", ""Income down 23% in 60 days (+7%)""]",Low repayment risk (0.08): spending is 71% of income; income down 23% in 60 days.
L0242,C0388,1718318.0,1111775.0,26846.0,52,12.7,2026-09-25,11,111435.0,-0.005115706020998534,-0.030451994605646626,-0.04043408177628438,0.7585767487773142,0.0,0.8449589446762686,0.24091174227127923,0,0,0,0,on_time,0,0,0,normal,0.0029,Low,,2026-09-14 00:00:00,[],Low repayment risk (0.00).
L0243,C0389,306013.0,191524.0,10390.0,21,14.5,2026-09-19,5,47594.0,-0.023332170486959014,-0.011773011357737562,-0.01721904761904758,0.5420431146783208,0.0007563978652771358,0.4304008908685969,0.21830482833970669,0,0,0,0,on_time,0,0,0,normal,0.0038,Low,,2026-09-14 00:00:00,[],Low repayment risk (0.00).
L0244,C0390,528131.0,410634.0,10549.0,46,11.2,2026-10-02,18,53065.0,-0.03227865414425091,-0.014906809237395069,-0.0698499519550595,0.7114293790634127,-0.008539392589292344,0.6565077420773265,0.19879393197022519,0,0,0,0,on_time,0,0,0,normal,0.0824,Low,,2026-09-14 00:00:00,"[""Spending is 71% of income (+90%)""]",Low repayment risk (0.08): spending is 71% of income.
L0245,C0392,233751.0,156125.0,6244.0,31,15.3,2026-09-17,3,25691.0,0.03588564977218667,0.0445194340543178,0.06179559917196964,0.5390603713362656,0.0,0.6782109169229172,0.24304231053676384,0,0,0,0,on_time,0,0,0,normal,0.0019,Low,,2026-09-14 00:00:00,[],Low repayment risk (0.00).
L0246,C0395,61190.0,40882.0,1532.0,29,9.2,2026-09-28,14,14352.0,-0.008360395218683037,-0.005060658578856181,-0.02611490558457208,0.5066889632107023,-0.0013864818024263432,0.3369332961724266,0.10674470457079152,0,0,0,0,on_time,0,0,0,normal,0.0273,Low,,2026-09-14 00:00:00,[],Low repayment risk (0.03).
L0247,C0396,703744.0,606566.0,13799.0,56,12.1,2026-09-23,9,63930.0,0.007644416423673972,-0.023805524591916205,-0.05198905493580297,0.7045205693727514,0.019662130455185358,0.8880298764273424,0.2158454559674644,0,0,0,0,on_time,0,0,0,normal,0.0118,Low,,2026-09-14 00:00:00,"[""Spending is 70% of income (+22%)""]",Low repayment risk (0.01): spending is 70% of income.
L0248,C0398,518663.0,352271.0,10042.0,46,17.2,2026-09-15,1,78346.0,0.03737934139268839,-3.8290214297576064e-05,0.010581800099453087,0.6484951369565772,-0.008768459074142618,0.5283060611475591,0.12817501850764557,0,0,0,0,on_time,0,0,0,normal,0.0123,Low,,2026-09-14 00:00:00,[],Low repayment risk (0.01).
L0249,C0399,156420.0,139557.0,5330.0,29,9.6,2026-10-05,21,37287.0,0.025974740665327678,0.051433888841891484,0.0689862327909887,0.572666076648698,0.0,0.5474763322337544,0.1429452624239011,0,0,0,4,on_time,0,1,0,normal,0.0131,Low,,2026-09-14 00:00:00,[],Low repayment risk (0.01).
L0250,C0400,336607.0,238940.0,7249.0,43,17.8,2026-09-21,7,41438.0,-0.0219043572676203,-0.025905030559473463,-0.0015440365527020772,0.7646604565857426,0.0,0.6031601428640379,0.17493604903711568,0,0,0,0,on_time,0,0,0,normal,0.0166,Low,,2026-09-14 00:00:00,[],Low repayment risk (0.02).
L0251,C0403,101754.0,76591.0,5279.0,16,10.2,2026-10-08,24,23041.0,-0.00642518326865027,-0.013909098690404909,-0.08096415327564899,0.5808341651838028,0.0,0.4924518611750069,0.22911331973438653,0,0,0,0,on_time,0,0,0,normal,0.0123,Low,,2026-09-14 00:00:00,[],Low repayment risk (0.01).
L0252,C0404,218596.0,148669.0,4962.0,38,16.8,2026-10-06,22,34627.0,-0.007594864152241199,0.028422928422928484,0.1259776924144953,0.7026020157680423,0.0,0.5006834743600851,0.1432985820313628,0,0,0,0,on_time,0,0,0,normal,0.0243,Low,,2026-09-14 00:00:00,"[""Spending is 70% of income (+79%)""]",Low repayment risk (0.02): spending is 70% of income.
L0253,C0405,350785.0,276942.0,11979.0,27,15.7,2026-09-23,9,57710.0,-0.013790864193311325,0.01286484019867662,-0.022652976656383772,0.7356437359209842,-0.0019306035768818998,0.645112054525501,0.20757234448102582,0,0,0,0,on_time,0,0,0,normal,0.0031,Low,,2026-09-14 00:00:00,[],Low repayment risk (0.00).
L0254,C0407,114556.0,77944.0,3728.0,26,16.9,2026-09-22,8,16991.0,0.03269920379262148,0.025221746213721197,-0.005126972682848674,0.7309163674886705,-0.0015084776443613107,0.44069409295117024,0.21941027602848567,0,0,0,0,on_time,0,0,0,normal,0.0009,Low,,2026-09-14 00:00:00,[],Low repayment risk (0.00).
L0255,C0410,194130.0,172191.0,5552.0,35,10.3,2026-09-17,3,30900.0,-0.013535946877793359,-0.01848675433581093,-0.04798374492028756,0.5913592233009709,0.0,0.6241720604099245,0.17967637540453074,0,0,0,0,on_time,0,0,0,normal,0.1195,Low,,2026-09-14 00:00:00,[],Low repayment risk (0.12).
L0256,C0414,571604.0,448962.0,18926.0,29,17.9,2026-09-30,16,41260.0,-0.17555848619270276,-0.3240387293369813,-0.04737257221729274,0.9367426078526417,0.10276296655356278,1.1296715947649054,0.4587009209888512,3,0,14,17,late,0,1,0,stressed,0.5421,Medium,"Income drop >20%, 2+ late payments, EMI/income >35%, Rising cash advances",2026-09-14 00:00:00,"[""Worst delay: 17 days past due (+76%)"", ""Latest EMI paid 14 days late (+15%)"", ""Cash-advance use up 10.3 pts of income (+5%)"", ""Total debt is 1.1x annual income (+2%)""]",Medium repayment risk (0.54): worst delay: 17 days past due; latest emi paid 14 days late.
L0257,C0416,791586.0,693502.0,19644.0,48,15.6,2026-09-19,5,87133.0,-0.02039416731311905,0.03489518379951306,0.07614396816784219,0.6145777145283647,-0.014181364689114555,0.8626917088435686,0.22544845236592337,0,0,0,0,on_time,0,0,0,normal,0.0017,Low,,2026-09-14 00:00:00,[],Low repayment risk (0.00).
L0258,C0418,230392.0,171536.0,6211.0,31,9.9,2026-09-25,11,26877.0,-0.011983972355990136,0.01564448475229563,0.029165541452875976,0.7089704952189605,0.010827101238977564,0.691517530478352,0.23108977936525654,0,0,0,0,on_time,0,0,0,normal,0.0097,Low,,2026-09-14 00:00:00,"[""Spending is 71% of income (+98%)""]",Low repayment risk (0.01): spending is 71% of income.
L0259,C0419,406864.0,276872.0,8919.0,37,9.2,2026-09-25,11,70250.0,-0.15123177111650776,-0.14978336116960766,-0.15098408351874038,0.7061637010676156,0.0,0.35369276393831556,0.1269608540925267,0,0,0,0,on_time,0,0,0,dip,0.0497,Low,,2026-09-14 00:00:00,"[""Spending is 71% of income (+67%)"", ""Income down 15% in the last 30 days (+29%)""]",Low repayment risk (0.05): spending is 71% of income; income down 15% in the last 30 days.
L0260,C0421,146503.0,106023.0,6583.0,18,17.1,2026-09-19,5,28617.0,0.005375210792580187,-0.008763422237616947,0.011982505541908717,0.5902435615193766,-0.015344648423969518,0.49283060185670524,0.23003808924764999,0,0,0,0,on_time,0,0,0,normal,0.0021,Low,,2026-09-14 00:00:00,[],Low repayment risk (0.00).
L0261,C0422,138638.0,103783.0,4854.0,24,15.3,2026-09-20,6,35202.0,-0.004327535002121352,0.006375253723662766,0.026986769473407612,0.665928072268621,-0.006146545069899082,0.37657898225479614,0.13788989261973753,0,0,0,0,on_time,0,0,0,normal,0.009,Low,,2026-09-14 00:00:00,[],Low repayment risk (0.01).
L0262,C0424,230921.0,200852.0,11574.0,19,16.0,2026-09-23,9,79775.0,0.02259908731989957,0.005647509675142048,-0.019634860489149197,0.49945471638984645,0.00600438733939204,0.2670416797242244,0.14508304606706363,0,0,0,0,on_time,0,0,0,normal,0.0011,Low,,2026-09-14 00:00:00,[],Low repayment risk (0.00).
L0263,C0427,373020.0,243109.0,6639.0,44,11.4,2026-09-26,12,39639.0,-0.015889173018198033,0.006398050118059162,0.03223446796059681,0.5339942985443629,0.003582217163184356,0.6596491670661049,0.167486566260501,0,0,0,0,on_time,0,0,0,normal,0.0356,Low,,2026-09-14 00:00:00,[],Low repayment risk (0.04).
L0264,C0428,195183.0,138845.0,4602.0,37,14.2,2026-09-15,1,23267.0,0.005836071243299434,0.026379637390268718,0.1081037538263252,0.5912236214380883,-0.008249150822709427,0.5787596166244037,0.19779086259509177,0,0,0,0,on_time,0,0,0,normal,0.0033,Low,,2026-09-14 00:00:00,[],Low repayment risk (0.00).
L0265,C0431,321684.0,201185.0,7412.0,32,10.6,2026-09-21,7,67785.0,0.009200946893563877,-0.021155234657039723,0.10817752208752829,0.636542007818839,0.0,0.37981362641685723,0.10934572545548425,0,0,0,0,on_time,0,0,0,normal,0.0186,Low,,2026-09-14 00:00:00,"[""Spending up 11% while income fell (+47%)""]",Low repayment risk (0.02): spending up 11% while income fell.
L0266,C0433,183918.0,154995.0,4689.0,38,9.3,2026-09-30,16,31531.0,-0.03515911872705013,-0.013021566970294551,-0.04969815232636132,0.494243760109099,0.0,0.6617244404977113,0.14871079255336017,0,0,0,0,on_time,0,0,0,normal,0.0515,Low,,2026-09-14 00:00:00,[],Low repayment risk (0.05).
L0267,C0434,121572.0,88773.0,3784.0,26,11.0,2026-09-26,12,34342.0,0.004622045401357466,0.02020081991563183,0.006346328195829587,0.7110826393337604,0.0,0.31761642692135966,0.11018577834721333,0,0,0,0,on_time,0,0,0,normal,0.0119,Low,,2026-09-14 00:00:00,"[""Spending is 71% of income (+100%)""]",Low repayment risk (0.01): spending is 71% of income.
L0268,C0436,209304.0,132657.0,4442.0,37,15.7,2026-09-27,13,28253.0,-0.026128020406052888,-0.013168005588543474,0.044752002248138245,0.5263511839450677,0.0,0.49554619568423414,0.15722224188581743,0,0,0,0,on_time,0,0,0,normal,0.038,Low,,2026-09-14 00:00:00,[],Low repayment risk (0.04).
L0269,C0437,314845.0,201480.0,6845.0,39,14.6,2026-09-26,12,51301.0,0.012433147165045177,0.023481765222248763,-0.08656402026179844,0.710044638506072,0.0,0.4283542231145592,0.13342819828073527,1,0,2,2,late,0,1,0,normal,0.1522,Low,,2026-09-14 00:00:00,"[""Spending is 71% of income (+24%)"", ""Latest EMI paid 2 days late (+22%)""]",Low repayment risk (0.15): spending is 71% of income; latest emi paid 2 days late.
L0270,C0438,285546.0,228659.0,8442.0,35,15.6,2026-09-26,12,23500.0,-0.22526621171661232,-0.3677356866121395,0.04631764879054012,0.9074468085106383,0.14506382978723403,0.8733156028368795,0.35923404255319147,2,0,7,25,late,0,1,1,stressed,0.9928,High,"Income drop >20%, 2+ late payments, EMI/income >35%, Rising cash advances",2026-09-14 00:00:00,"[""Worst delay: 25 days past due (+48%)"", ""Latest EMI paid 7 days late (+14%)"", ""Spending is 91% of income (+12%)"", ""Income down 23% in the last 30 days (+9%)""]",High repayment risk (0.99): worst delay: 25 days past due; latest emi paid 7 days late.
L0271,C0440,173385.0,115107.0,4227.0,32,11.2,2026-09-24,10,23675.0,0.0002957579854656611,0.014526911210147375,0.030593958013312772,0.6801267159450898,0.008152059134107709,0.6366737064413939,0.1785427666314678,1,0,0,5,on_time,0,1,0,normal,0.0125,Low,,2026-09-14 00:00:00,"[""Worst delay: 5 days past due (+80%)""]",Low repayment risk (0.01): worst delay: 5 days past due.
L0272,C0441,358058.0,314532.0,14700.0,24,13.0,2026-09-30,16,78319.0,-0.011685279828380302,0.02600413970183668,0.08247545231925058,0.5813404154802794,0.0,0.5812552935217934,0.18769391846167596,0,0,0,0,on_time,0,0,0,normal,0.0171,Low,,2026-09-14 00:00:00,[],Low repayment risk (0.02).
L0273,C0442,91975.0,67270.0,3926.0,19,14.3,2026-09-28,14,34696.0,-0.022427589315902163,-0.016776241215143983,0.028098021341626866,0.5525997233110445,0.0,0.3939959457382215,0.1131542540926908,0,0,0,2,on_time,0,1,1,normal,0.903,High,,2026-09-14 00:00:00,[],High repayment risk (0.90).
L0274,C0443,991865.0,736040.0,23426.0,39,16.6,2026-10-10,26,51693.0,-0.2711185685481028,-0.3997282734915695,-0.007090522335145399,1.1377555955351788,0.12036445940456154,1.6470847116630878,0.453175478304606,3,0,4,25,late,0,1,1,stressed,0.947,High,"Income drop >20%, 2+ late payments, EMI/income >35%, Rising cash advances, High debt load",2026-09-14 00:00:00,"[""Worst delay: 25 days past due (+59%)"", ""Latest EMI paid 4 days late (+15%)"", ""Total debt is 1.6x annual income (+13%)"", ""Cash-advance use up 12.0 pts of income (+8%)""]",High repayment risk (0.95): worst delay: 25 days past due; latest emi paid 4 days late.
L0275,C0445,502839.0,426747.0,10798.0,52,15.6,2026-10-07,23,43761.0,-0.020941002751862503,0.008968920040579142,-0.021430330897446392,0.5446859075432463,-0.002766761966245504,1.0136289542438854,0.24674938872512053,0,0,0,0,on_time,0,0,0,normal,0.0024,Low,,2026-09-14 00:00:00,[],Low repayment risk (0.00).
L0276,C0446,953030.0,734884.0,22639.0,39,14.2,2026-09-29,15,123642.0,-0.015777240017830985,-0.026808765191108863,-0.007063058589870885,0.6469565358049854,0.0,0.6481791516367146,0.18310121156241407,0,0,0,0,on_time,0,0,0,normal,0.0139,Low,,2026-09-14 00:00:00,[],Low repayment risk (0.01).
L0277,C0448,176906.0,111125.0,3881.0,36,15.4,2026-09-30,16,9130.0,-0.24470549305095968,-0.3817295320647389,-0.051127049180327844,1.0143483023001096,0.1290251916757941,1.4759036144578312,0.4250821467688938,3,0,14,14,late,0,1,0,stressed,0.4786,Medium,"Income drop >20%, 2+ late payments, EMI/income >35%, Rising cash advances",2026-09-14 00:00:00,"[""Worst delay: 14 days past due (+65%)"", ""Latest EMI paid 14 days late (+16%)"", ""Total debt is 1.5x annual income (+14%)"", ""Income down 38% in 60 days (+5%)""]",Medium repayment risk (0.48): worst delay: 14 days past due; latest emi paid 14 days late.
L0278,C0449,1016351.0,692436.0,17971.0,55,14.6,2026-09-16,2,51406.0,-0.18311112523637751,-0.28877390077201914,-0.013626691134841717,0.982861922732755,0.10798350387114344,1.5524598295918763,0.3495895420768004,2,0,13,24,late,0,1,1,stressed,0.9949,High,"Income drop >20%, 2+ late payments, Rising cash advances, High debt load",2026-09-14 00:00:00,"[""Worst delay: 24 days past due (+44%)"", ""Income down 18% in the last 30 days (+20%)"", ""Latest EMI paid 13 days late (+13%)"", ""Total debt is 1.6x annual income (+12%)""]",High repayment risk (0.99): worst delay: 24 days past due; income down 18% in the last 30 days.
L0279,C0452,106484.0,80327.0,4205.0,21,15.4,2026-09-17,3,28768.0,0.0034182071852111306,0.012031239006543348,0.042794718343307725,0.763174360400445,0.0,0.3566839312198739,0.1461693548387097,0,0,0,0,on_time,0,0,0,normal,0.0037,Low,,2026-09-14 00:00:00,[],Low repayment risk (0.00).
L0280,C0454,218302.0,146659.0,4204.0,53,17.7,2026-10-09,25,23772.0,0.03029515017552975,-0.025378213275388473,-0.0691755492712639,0.7200067306074374,0.0,0.5803957036289191,0.176846710415615,0,0,0,0,on_time,0,0,0,normal,0.048,Low,,2026-09-14 00:00:00,[],Low repayment risk (0.05).
L0281,C0456,360952.0,252040.0,9871.0,33,16.9,2026-09-24,10,48109.0,0.033579684613070926,-0.006217723610824177,0.035651488510276996,0.710095824066183,-0.0044412311505887215,0.45554192909157676,0.2051799039680725,0,0,0,0,on_time,0,0,0,normal,0.0258,Low,,2026-09-14 00:00:00,"[""Spending is 71% of income (+86%)""]",Low repayment risk (0.03): spending is 71% of income.
L0282,C0458,130814.0,104447.0,6630.0,18,13.1,2026-09-17,3,26614.0,-0.005270042982620016,-0.02612704918032782,-0.0402749959400206,0.6661531524761404,0.0,0.566960371734175,0.24911700608702186,0,0,0,2,on_time,0,1,0,normal,0.133,Low,,2026-09-14 00:00:00,[],Low repayment risk (0.13).
L0283,C0463,283737.0,211688.0,5799.0,48,16.7,2026-09-27,13,31342.0,0.0038434437255780995,0.009046714529474364,0.009257311171891436,0.6122136430349052,-0.017932455490808408,0.7111836087890584,0.18502329143003,1,0,0,2,on_time,0,1,0,normal,0.0367,Low,,2026-09-14 00:00:00,[],Low repayment risk (0.04).
L0284,C0464,82306.0,65839.0,3569.0,21,12.3,2026-09-23,9,32801.0,-0.009482107806130124,-0.015989680206395906,0.03465814466399597,0.7008018048230237,0.01012164263284656,0.21434051807363597,0.10880765830310052,0,0,0,0,on_time,0,0,0,normal,0.2927,Low,,2026-09-14 00:00:00,"[""Spending is 70% of income (+24%)""]",Low repayment risk (0.29): spending is 70% of income.
L0285,C0465,184326.0,154208.0,6413.0,30,16.9,2026-09-18,4,37361.0,-0.018829770471138207,0.002872174800021554,0.004582118377702837,0.7100452343352694,0.0,0.42807339203982764,0.1716495811139959,0,0,0,0,on_time,0,0,0,normal,0.1426,Low,,2026-09-14 00:00:00,"[""Spending is 71% of income (+97%)""]",Low repayment risk (0.14): spending is 71% of income.
L0286,C0466,161971.0,108595.0,4485.0,29,11.7,2026-09-25,11,27013.0,-0.03099329196111489,0.006183186203300162,-0.014166763039204389,0.6311405619516529,0.0,0.3777687286368292,0.16603117017732202,0,0,0,0,on_time,0,0,0,normal,0.0079,Low,,2026-09-14 00:00:00,[],Low repayment risk (0.01).
L0287,C0469,192132.0,145880.0,4792.0,39,17.1,2026-09-15,1,31060.0,0.06585223568168552,0.019865375143654607,0.056775083323755915,0.5920798454603993,0.0,0.4491307147456536,0.15428203477141017,0,0,0,0,on_time,0,0,0,normal,0.0024,Low,,2026-09-14 00:00:00,[],Low repayment risk (0.00).
L0288,C0470,525433.0,390436.0,12090.0,40,10.4,2026-09-19,5,48968.0,0.028372220005460136,0.032274384973754566,0.14284758239919682,0.6974759026302891,-0.007420368067120602,0.6732049501715406,0.24689593203724883,0,0,0,0,on_time,0,0,0,normal,0.003,Low,,2026-09-14 00:00:00,[],Low repayment risk (0.00).
L0289,C0472,377775.0,246009.0,7432.0,45,15.1,2026-09-15,1,44529.0,-0.022908300967678263,-0.042592990754676374,-0.08839332748024586,0.5829459453389926,0.0,0.6740850531863131,0.16690246805452627,0,0,0,0,on_time,0,0,0,normal,0.0646,Low,,2026-09-14 00:00:00,[],Low repayment risk (0.06).
L0290,C0473,482872.0,304656.0,9653.0,42,14.5,2026-09-21,7,84490.0,0.01339762273157974,-0.0017250342643791994,0.04134731746672049,0.6110782341105456,0.011954077405610131,0.3401507081705922,0.11425020712510356,0,0,0,0,on_time,0,0,0,normal,0.0051,Low,,2026-09-14 00:00:00,[],Low repayment risk (0.01).
L0291,C0474,91887.0,78330.0,6038.0,15,14.9,2026-09-23,9,48772.0,-0.03912683714882381,-0.013132069363226195,0.0515048867170147,0.7764906093660296,0.0,0.1644164001202876,0.12380054129418519,0,0,0,0,on_time,0,0,0,normal,0.1618,Low,,2026-09-14 00:00:00,"[""Spending up 5% while income fell (+27%)""]",Low repayment risk (0.16): spending up 5% while income fell.
L0292,C0475,46027.0,41408.0,2388.0,18,10.0,2026-09-18,4,13205.0,-0.1550422318914768,-0.16792690611216132,-0.24114341558758856,0.7056418023475957,0.0,0.5376246371323994,0.18084059068534647,0,0,0,0,on_time,0,0,0,dip,0.2102,Low,,2026-09-14 00:00:00,"[""Spending is 71% of income (+47%)"", ""Income down 16% in the last 30 days (+19%)""]",Low repayment risk (0.21): spending is 71% of income; income down 16% in the last 30 days.
L0293,C0477,434116.0,355916.0,8651.0,54,14.6,2026-10-02,18,71357.0,0.027103664680312,0.015714631403641155,0.010608367963244936,0.5487058032148212,-0.000128108408181857,0.5000163497157485,0.1212354779489048,0,0,0,0,on_time,0,0,0,normal,0.0023,Low,,2026-09-14 00:00:00,[],Low repayment risk (0.00).
L0294,C0478,310760.0,231336.0,6802.0,40,10.9,2026-10-08,24,33981.0,-0.0035481789924344254,0.0070533147615801095,0.0019793181450962205,0.7299667461228333,0.0,0.7609963410925713,0.20017068361731555,1,0,0,3,on_time,0,1,0,normal,0.0665,Low,,2026-09-14 00:00:00,[],Low repayment risk (0.07).
L0295,C0479,501625.0,422697.0,13540.0,42,17.3,2026-10-05,21,62683.0,-0.0181541931643745,-0.004541917451444388,-0.01908456981072726,0.5969401592138219,0.0,0.6516599396965684,0.21600752995229966,0,0,0,0,on_time,0,0,0,normal,0.0033,Low,,2026-09-14 00:00:00,[],Low repayment risk (0.00).
L0296,C0480,99171.0,63353.0,4295.0,16,13.1,2026-09-18,4,26696.0,-0.009718821871058658,-0.01997063142437594,-0.06022152130858949,0.4799220857057237,-0.017327459618208516,0.34139633902707023,0.16088552592148636,0,0,0,0,on_time,0,0,0,normal,0.011,Low,,2026-09-14 00:00:00,[],Low repayment risk (0.01).
L0297,C0481,203655.0,133008.0,3822.0,43,12.2,2026-10-12,28,18254.0,0.012816956111635136,0.01063005204296319,-0.009594526948106141,0.6503232168291881,0.0,0.7787973412220153,0.20937876629779775,1,0,2,2,late,0,1,0,normal,0.0291,Low,,2026-09-14 00:00:00,"[""Latest EMI paid 2 days late (+33%)""]",Low repayment risk (0.03): latest emi paid 2 days late.
L0298,C0482,126189.0,89240.0,7994.0,12,9.7,2026-10-05,21,40664.0,0.008681847497147288,-0.004918634528324972,-0.005349760881899979,0.6035313791068266,0.0,0.3117560987605745,0.196586661420421,0,0,0,0,on_time,0,0,0,normal,0.0039,Low,,2026-09-14 00:00:00,[],Low repayment risk (0.00).
L0299,C0485,662802.0,500670.0,13839.0,51,14.6,2026-09-15,1,72050.0,-0.00672750834045599,-0.006467270646313361,-0.048013430330162254,0.7083414295628037,0.0,0.6281043256997455,0.19207494795281055,0,0,0,0,on_time,0,0,1,normal,0.8786,High,,2026-09-14 00:00:00,"[""Spending is 71% of income (+32%)""]",High repayment risk (0.88): spending is 71% of income.
L0300,C0486,115361.0,88606.0,2635.0,40,11.7,2026-09-16,2,15010.0,0.0336041867511363,0.030694225090984073,0.028366481904140928,0.6303797468354431,0.0,0.5957417277370641,0.1755496335776149,0,0,0,0,on_time,0,0,0,normal,0.0059,Low,,2026-09-14 00:00:00,[],Low repayment risk (0.01).
L0301,C0488,154887.0,118829.0,3287.0,44,11.5,2026-09-16,2,22342.0,-0.03293944509371083,-0.027763272410792017,0.033963261530329136,0.700384925252887,0.0,0.5492681944320115,0.1471220123534151,0,0,0,0,on_time,0,0,0,normal,0.2176,Low,,2026-09-14 00:00:00,"[""Spending is 70% of income (+46%)""]",Low repayment risk (0.22): spending is 70% of income.
L0302,C0489,162032.0,118367.0,10713.0,12,11.2,2026-10-07,23,24471.0,-0.19922117870349165,-0.3394963426813139,0.05031478732661099,0.838543582199338,0.09644068489232152,0.7856408265566044,0.4377834988353561,2,0,7,12,late,0,1,1,stressed,0.9883,High,"Income drop >20%, 2+ late payments, EMI/income >35%, Rising cash advances",2026-09-14 00:00:00,"[""Worst delay: 12 days past due (+43%)"", ""Income down 20% in the last 30 days (+21%)"", ""Latest EMI paid 7 days late (+12%)"", ""Spending is 84% of income (+9%)""]",High repayment risk (0.99): worst delay: 12 days past due; income down 20% in the last 30 days.
L0303,C0490,197151.0,169006.0,7865.0,25,15.6,2026-10-09,25,31283.0,-0.03694240064033494,-0.005752606153063833,-0.09912830870628253,0.5417958635680721,0.0,0.5048934991315838,0.25141450628136686,0,0,0,0,on_time,0,0,0,normal,0.0102,Low,,2026-09-14 00:00:00,[],Low repayment risk (0.01).
L0304,C0491,400518.0,329137.0,18980.0,19,14.0,2026-10-02,18,52987.0,-0.19688679388271668,-0.32002566570420277,-0.01209442958483542,0.801611716081303,0.11315983165682149,0.8275473229282654,0.3582010681865363,3,0,12,12,late,0,1,0,stressed,0.9816,High,"Income drop >20%, 2+ late payments, EMI/income >35%, Rising cash advances",2026-09-14 00:00:00,"[""Worst delay: 12 days past due (+57%)"", ""Income down 20% in the last 30 days (+23%)"", ""Latest EMI paid 12 days late (+15%)"", ""Cash-advance use up 11.3 pts of income (+5%)""]",High repayment risk (0.98): worst delay: 12 days past due; income down 20% in the last 30 days.
L0305,C0493,446264.0,318816.0,11845.0,33,12.7,2026-09-24,10,48603.0,-0.0073119421580442046,0.019486512564500513,-0.016564531104921065,0.5448017612081558,0.008908915087546036,0.5991245396374709,0.24370923605538752,0,0,0,0,on_time,0,0,0,normal,0.0006,Low,,2026-09-14 00:00:00,[],Low repayment risk (0.00).
L0306,C0499,95279.0,78799.0,6787.0,13,11.4,2026-10-04,20,55127.0,-0.04273459748558728,-0.06370800638608654,0.06491816081481239,0.5936473960128431,0.0,0.33711550903670917,0.12311571462259872,0,0,0,0,on_time,0,0,0,normal,0.0501,Low,,2026-09-14 00:00:00,"[""Spending up 6% while income fell (+39%)""]",Low repayment risk (0.05): spending up 6% while income fell.
L0307,C0501,208818.0,161758.0,4562.0,51,15.5,2026-10-02,18,42247.0,0.02297932103249556,-0.003913894324853229,-0.0037096116036651194,0.6357137784931475,0.0,0.4410510410995653,0.10798399886382465,0,0,0,0,on_time,0,0,0,normal,0.0136,Low,,2026-09-14 00:00:00,[],Low repayment risk (0.01).
L0308,C0503,161507.0,129757.0,5791.0,26,16.4,2026-10-12,28,45965.0,0.005666652080689616,-0.023890422595030825,-0.053519599400376316,0.6455999129772653,-0.008175833510299426,0.28793103448275864,0.1259871641466333,0,0,0,0,on_time,0,0,0,normal,0.0099,Low,,2026-09-14 00:00:00,[],Low repayment risk (0.01).
L0309,C0504,126310.0,92463.0,2895.0,40,11.9,2026-10-06,22,11942.0,-0.009209325479133779,-0.0028390113560454733,-0.014473150277289348,0.6101155585329091,0.0,0.8617624071903087,0.24242170490705076,0,0,0,0,on_time,0,0,0,normal,0.0021,Low,,2026-09-14 00:00:00,[],Low repayment risk (0.00).
L0310,C0505,487277.0,358536.0,9808.0,50,16.7,2026-09-20,6,44250.0,-0.0032885845571672956,-0.01699433522159277,-0.027510145915300988,0.7094011299435028,0.0,0.7379322033898305,0.2216497175141243,0,0,0,0,on_time,0,0,0,normal,0.0189,Low,,2026-09-14 00:00:00,"[""Spending is 71% of income (+94%)""]",Low repayment risk (0.02): spending is 71% of income.
L0311,C0506,206978.0,157947.0,6596.0,28,14.9,2026-09-23,9,26347.0,-0.2687482653344435,-0.2740873398539744,-0.3105803532585052,0.6014726534330285,0.012297415265495123,0.7817588340228488,0.2503510836148328,0,0,0,0,on_time,0,0,0,dip,0.0055,Low,Income drop >20%,2026-09-14 00:00:00,[],Low repayment risk (0.01).
L0312,C0507,502781.0,318152.0,9250.0,43,11.9,2026-10-08,24,37481.0,0.008448354723276097,-0.005967220071076196,0.02970868185751363,0.6667378138256717,0.0,0.8900509591526373,0.24679170779861798,0,0,0,0,on_time,0,0,0,normal,0.0033,Low,,2026-09-14 00:00:00,[],Low repayment risk (0.00).
L0313,C0508,595840.0,503556.0,15174.0,41,12.5,2026-09-15,1,34356.0,-0.20016762117614195,-0.34706754342620394,0.03161110775001519,0.9926359296774945,0.1130224706019327,1.5958735980129624,0.4416695773663989,2,0,19,19,late,0,1,1,stressed,0.9949,High,"Income drop >20%, 2+ late payments, EMI/income >35%, Rising cash advances, High debt load",2026-09-14 00:00:00,"[""Worst delay: 19 days past due (+39%)"", ""Income down 20% in the last 30 days (+19%)"", ""Latest EMI paid 19 days late (+11%)"", ""Total debt is 1.6x annual income (+9%)""]",High repayment risk (0.99): worst delay: 19 days past due; income down 20% in the last 30 days.
L0314,C0509,136413.0,109497.0,4359.0,27,9.2,2026-10-05,21,36766.0,-0.014659770053332633,-0.0031992191736254227,-0.003607503607503615,0.5258662895066094,0.0,0.4576193584652487,0.11856062666594136,0,0,0,0,on_time,0,0,0,normal,0.0114,Low,,2026-09-14 00:00:00,[],Low repayment risk (0.01).
L0315,C0510,213124.0,133372.0,5187.0,29,13.2,2026-09-21,7,14252.0,-0.22488714852885194,-0.32922294912222905,-0.008818454853345314,1.0883384788099917,0.09809149593039573,1.1966799981289176,0.36394891944990176,2,0,5,6,late,0,1,0,stressed,0.5206,Medium,"Income drop >20%, 2+ late payments, EMI/income >35%, Rising cash advances",2026-09-14 00:00:00,"[""Latest EMI paid 5 days late (+42%)"", ""Worst delay: 6 days past due (+32%)"", ""Income down 22% in the last 30 days (+17%)"", ""Total debt is 1.2x annual income (+8%)""]",Medium repayment risk (0.52): latest emi paid 5 days late; worst delay: 6 days past due.
L0316,C0511,305704.0,236101.0,9879.0,30,16.5,2026-09-26,12,22282.0,-0.2497390484528098,-0.3877898670183537,0.00738957621900016,0.8076025491428058,0.10434431379588906,0.9762588636567633,0.4433623552643389,1,0,16,16,late,0,1,1,stressed,0.9807,High,"Income drop >20%, EMI/income >35%, Rising cash advances",2026-09-14 00:00:00,"[""Worst delay: 16 days past due (+58%)"", ""Latest EMI paid 16 days late (+16%)"", ""Income down 39% in 60 days (+7%)"", ""Total debt is 1.0x annual income (+6%)""]",High repayment risk (0.98): worst delay: 16 days past due; latest emi paid 16 days late.
L0317,C0512,415056.0,270937.0,9694.0,36,16.3,2026-09-27,13,39836.0,0.008251075677043751,0.01884958694595773,0.07811392546722873,0.7254995481474044,0.0,0.5762417578739498,0.2433477256752686,0,0,0,0,on_time,0,0,0,normal,0.0018,Low,,2026-09-14 00:00:00,[],Low repayment risk (0.00).
L0318,C0513,403564.0,362145.0,7665.0,57,9.3,2026-09-17,3,32521.0,-0.18756401608833595,-0.17743322541481177,-0.10218356772760917,0.7459487715629901,0.0,1.1186566628742454,0.23569385935241843,0,0,0,0,on_time,0,0,0,dip,0.0734,Low,,2026-09-14 00:00:00,"[""Income down 19% in the last 30 days (+87%)"", ""Total debt is 1.1x annual income (+13%)""]",Low repayment risk (0.07): income down 19% in the last 30 days; total debt is 1.1x annual income.
L0319,C0514,390492.0,255302.0,9198.0,35,12.7,2026-10-08,24,41259.0,0.010779293956245883,-0.016870398169990697,-0.03270862800565766,0.6630068591095276,-0.011890294755403055,0.7608138022411272,0.22293317821566203,0,0,0,0,on_time,0,0,0,normal,0.0023,Low,,2026-09-14 00:00:00,[],Low repayment risk (0.00).
L0320,C0515,577682.0,441512.0,10572.0,55,14.4,2026-09-21,7,64100.0,-0.015769189429883146,-0.011443200394805841,-0.056251259463972136,0.5114352574102964,0.0,0.8053068122724909,0.1649297971918877,0,0,0,0,on_time,0,0,0,normal,0.0624,Low,,2026-09-14 00:00:00,[],Low repayment risk (0.06).
L0321,C0516,193961.0,123236.0,3237.0,50,12.2,2026-09-25,11,22439.0,0.031061894040343763,0.009537949340891805,-0.0966995221027479,0.5391060207674139,-0.007963287893102983,0.5029375937727468,0.1442577654975712,0,0,0,0,on_time,0,0,0,normal,0.0106,Low,,2026-09-14 00:00:00,[],Low repayment risk (0.01).
L0322,C0518,196453.0,141272.0,9445.0,17,15.4,2026-09-18,4,72484.0,-0.007693782000383287,0.01179525118999436,-0.005117668321823365,0.7214557695491419,-0.01647349942222797,0.27630350606110776,0.13030461895038906,0,0,0,0,on_time,0,0,0,normal,0.0026,Low,,2026-09-14 00:00:00,[],Low repayment risk (0.00).
L0323,C0519,105358.0,75648.0,3336.0,27,16.3,2026-10-06,22,15762.0,-0.011786833855799372,-0.014012260728137105,-0.0011712766915938921,0.7033371399568583,0.0,0.43461595398215114,0.21164826798629616,1,0,0,2,on_time,0,1,1,normal,0.8897,High,,2026-09-14 00:00:00,"[""Spending is 70% of income (+27%)""]",High repayment risk (0.89): spending is 70% of income.
L0324,C0520,125572.0,79793.0,6316.0,13,11.1,2026-09-19,5,40783.0,-0.015426584906571339,-0.027285520070598923,-0.10266808964781216,0.5154108329450997,0.0,0.3601888858919975,0.15486845008949807,0,0,0,0,on_time,0,0,0,normal,0.0085,Low,,2026-09-14 00:00:00,[],Low repayment risk (0.01).
L0325,C0522,267554.0,181420.0,6233.0,38,15.7,2026-09-17,3,23060.0,-0.2807685110099183,-0.2623868470716182,-0.27198633479746215,0.646877710320902,0.0,0.850487857762359,0.27029488291413706,0,0,0,0,on_time,0,0,0,dip,0.0076,Low,Income drop >20%,2026-09-14 00:00:00,[],Low repayment risk (0.01).
L0326,C0523,77335.0,63907.0,2969.0,26,18.0,2026-09-28,14,24706.0,0.020656035693629615,0.025357958082589782,0.10597422881686835,0.5732210798996196,0.017728487007204728,0.3762851129280337,0.12017323727029872,0,0,0,0,on_time,0,0,0,normal,0.0016,Low,,2026-09-14 00:00:00,[],Low repayment risk (0.00).
L0327,C0524,115307.0,85984.0,6769.0,14,15.3,2026-09-22,8,35403.0,-0.010176978779321666,0.035720554677900695,0.07841263454380853,0.6056266418100161,0.0097449368697568,0.3635873607698029,0.19119848600401096,0,0,0,0,on_time,0,0,0,normal,0.004,Low,,2026-09-14 00:00:00,[],Low repayment risk (0.00).
L0328,C0525,559271.0,407973.0,19025.0,26,15.5,2026-09-28,14,94939.0,-0.022184915493392965,-0.004508802650756483,-0.0038302463585686564,0.5835009848428991,-0.015256529899652926,0.5766070845490262,0.20039183054382287,0,0,0,0,on_time,0,0,0,normal,0.0038,Low,,2026-09-14 00:00:00,[],Low repayment risk (0.00).
L0329,C0526,189347.0,118808.0,3143.0,44,9.1,2026-09-25,11,20493.0,0.022808943900978207,0.010154285995958023,0.060916688430399546,0.7929048943541697,-0.01690737910977473,0.5857569251289058,0.15336944322451568,0,0,0,0,on_time,0,0,0,normal,0.0081,Low,,2026-09-14 00:00:00,[],Low repayment risk (0.01).
L0330,C0529,414345.0,267723.0,9970.0,30,11.5,2026-09-23,9,91228.0,0.024009698167001492,0.04626465123747048,0.15273568042278707,0.6503376156443197,0.0,0.42518926937636103,0.10928662252817117,0,0,0,0,on_time,0,0,0,normal,0.013,Low,,2026-09-14 00:00:00,[],Low repayment risk (0.01).
L0331,C0530,303883.0,261001.0,6156.0,54,10.3,2026-10-11,27,30225.0,0.008912477468455915,0.0010266940451746365,0.005737533903609426,0.637948717948718,0.0,0.9369313482216708,0.2036724565756824,0,0,0,0,on_time,0,0,0,normal,0.0047,Low,,2026-09-14 00:00:00,[],Low repayment risk (0.00).
L0332,C0531,331893.0,212951.0,7295.0,34,12.5,2026-10-11,27,30399.0,-0.16926734621375672,-0.1968560105680317,-0.17419418530036035,0.5503470508898319,0.00852001710582585,0.6471484807614285,0.23997499917760454,0,0,0,0,on_time,0,0,0,dip,0.0104,Low,,2026-09-14 00:00:00,"[""Income down 20% in 60 days (+66%)"", ""Income down 17% in the last 30 days (+34%)""]",Low repayment risk (0.01): income down 20% in 60 days; income down 17% in the last 30 days.
L0333,C0534,346796.0,265589.0,8267.0,37,9.4,2026-10-03,19,20930.0,-0.2292963140258497,-0.3751679254858644,0.03760076667230394,0.8794075489727664,0.10979455327281414,1.54035276317885,0.39498327759197327,1,1,11,11,missed,1,1,1,stressed,0.9977,High,"Income drop >20%, EMI/income >35%, Rising cash advances, EMI missed / overdue, High debt load",2026-09-14 00:00:00,"[""Worst delay: 11 days past due (+40%)"", ""Latest EMI paid 11 days late (+13%)"", ""Total debt is 1.5x annual income (+11%)"", ""Spending is 88% of income (+11%)""]",High repayment risk (1.00): worst delay: 11 days past due; latest emi paid 11 days late.
L0334,C0535,523753.0,340079.0,17304.0,23,13.9,2026-10-11,27,131114.0,0.044117412840237735,-0.009151709805403363,-0.04674492534913355,0.58776332046921,0.0,0.4408364730946606,0.13197675305459372,0,0,0,0,on_time,0,0,0,normal,0.0042,Low,,2026-09-14 00:00:00,[],Low repayment risk (0.00).
L0335,C0536,309147.0,246879.0,19184.0,14,12.8,2026-09-20,6,48690.0,-0.23730008302135064,-0.36602387989739715,0.04942818375654201,0.8895461080303964,0.12115424111727253,0.747364277401246,0.3940028753337441,3,0,17,17,late,0,1,1,stressed,0.9939,High,"Income drop >20%, 2+ late payments, EMI/income >35%, Rising cash advances",2026-09-14 00:00:00,"[""Worst delay: 17 days past due (+48%)"", ""Latest EMI paid 17 days late (+12%)"", ""Spending is 89% of income (+12%)"", ""Income down 24% in the last 30 days (+9%)""]",High repayment risk (0.99): worst delay: 17 days past due; latest emi paid 17 days late.
L0336,C0538,405469.0,296545.0,6473.0,56,9.7,2026-10-02,18,51721.0,-0.01551317192020707,-0.01124089544820206,-0.02513326226012791,0.7071982366930261,0.0074581801834636054,0.5397340216417574,0.1251522592370604,0,0,0,0,on_time,0,0,0,normal,0.0193,Low,,2026-09-14 00:00:00,"[""Spending is 71% of income (+100%)""]",Low repayment risk (0.02): spending is 71% of income.
L0337,C0539,167283.0,119009.0,4403.0,31,12.4,2026-10-12,28,21128.0,-0.14579121856553734,-0.17780285636455617,-0.2132142857142857,0.5213460810299129,-0.017161536366112777,0.5176069670579326,0.20839644074214314,0,0,0,0,on_time,0,0,0,dip,0.0063,Low,,2026-09-14 00:00:00,"[""Income down 15% in the last 30 days (+100%)""]",Low repayment risk (0.01): income down 15% in the last 30 days.
L0338,C0540,107717.0,83726.0,2618.0,41,15.4,2026-09-26,12,15918.0,0.02491790612323741,0.007468354430379742,0.064893510648935,0.6690539012438749,-0.019367088607594937,0.44586840892909496,0.1644678979771328,0,0,0,0,on_time,0,0,0,normal,0.0051,Low,,2026-09-14 00:00:00,[],Low repayment risk (0.01).
L0339,C0541,379970.0,260239.0,10320.0,29,11.7,2026-09-19,5,62357.0,-0.013182465579996805,-0.008506646314316635,-0.005254282851487102,0.6527575091810062,0.0,0.46768873850035547,0.16549866093622206,0,0,0,0,on_time,0,0,0,normal,0.0084,Low,,2026-09-14 00:00:00,[],Low repayment risk (0.01).
L0340,C0543,386220.0,258230.0,6826.0,52,14.3,2026-09-16,2,46233.0,-0.2837090402045085,-0.27127860790618497,-0.303535675282126,0.662102826985054,0.0,0.6494260953575729,0.1476434581359635,0,0,0,0,on_time,0,0,0,dip,0.043,Low,Income drop >20%,2026-09-14 00:00:00,[],Low repayment risk (0.04).
L0341,C0544,81938.0,69366.0,4675.0,16,11.2,2026-10-11,27,30250.0,-0.018844669326327446,-0.0010897203051216664,-0.016310510248582655,0.7456528925619834,0.0,0.24443250688705234,0.15454545454545454,0,0,0,0,on_time,0,0,0,normal,0.0266,Low,,2026-09-14 00:00:00,[],Low repayment risk (0.03).
L0342,C0546,866093.0,572810.0,15046.0,48,10.5,2026-09-24,10,38971.0,-0.1816769208155723,-0.2836213235294117,-0.016967236578447453,0.9693105129455236,0.09632803879808062,1.4938928947165842,0.3860819583793077,1,1,20,20,missed,1,1,1,stressed,0.9913,High,"Income drop >20%, EMI/income >35%, Rising cash advances, EMI missed / overdue",2026-09-14 00:00:00,"[""Worst delay: 20 days past due (+48%)"", ""Income down 18% in the last 30 days (+23%)"", ""Latest EMI paid 20 days late (+12%)"", ""Total debt is 1.5x annual income (+12%)""]",High repayment risk (0.99): worst delay: 20 days past due; income down 18% in the last 30 days.
L0343,C0549,61162.0,49845.0,2865.0,20,17.1,2026-10-04,20,16921.0,0.010028054676774367,-0.009367133071834233,0.036385755363857575,0.5538088765439395,0.0,0.3187557866950338,0.16931623426511436,0,0,0,0,on_time,0,0,0,normal,0.0203,Low,,2026-09-14 00:00:00,[],Low repayment risk (0.02).
L0344,C0550,121498.0,105358.0,4586.0,27,11.6,2026-10-06,22,40506.0,0.0031203566121842385,0.02404247250663638,0.012407574391343656,0.6929590677924258,0.0,0.41515865962244275,0.11321779489458351,0,0,0,0,on_time,0,0,0,normal,0.0052,Low,,2026-09-14 00:00:00,[],Low repayment risk (0.01).
L0345,C0551,146453.0,125466.0,7165.0,20,12.2,2026-09-17,3,63961.0,-0.00781819592026678,0.0023978184553661297,0.06466338075501299,0.5943778239864917,0.0,0.28297191517747794,0.11202138803333281,0,0,0,0,on_time,0,0,0,normal,0.0274,Low,,2026-09-14 00:00:00,[],Low repayment risk (0.03).
L0346,C0554,449243.0,322610.0,9242.0,48,17.5,2026-09-15,1,44860.0,0.008724590753732775,0.00659695732172505,0.02827242805300023,0.5432010699955416,0.0,0.6229788973101501,0.20601872492197948,0,0,0,0,on_time,0,0,0,normal,0.0086,Low,,2026-09-14 00:00:00,[],Low repayment risk (0.01).
L0347,C0558,219824.0,138385.0,3994.0,44,13.3,2026-10-03,19,16588.0,-0.0237758945386064,-0.053952321204516984,0.01651067409822282,0.5827103930552207,0.0,0.8824099750823888,0.24077646491439594,0,0,0,0,on_time,0,0,0,normal,0.0056,Low,,2026-09-14 00:00:00,[],Low repayment risk (0.01).
L0348,C0559,62229.0,41169.0,3066.0,14,13.7,2026-10-06,22,29136.0,-0.018428056463295484,0.004204866616116298,0.006413533485151168,0.7432386051619989,0.0,0.14303896668497162,0.10523064250411862,0,0,0,0,on_time,0,0,0,normal,0.1207,Low,,2026-09-14 00:00:00,[],Low repayment risk (0.12).
L0349,C0564,387792.0,299597.0,21129.0,15,11.3,2026-10-03,19,88462.0,-0.019616100718148788,-0.038623717614327924,0.023525570525158024,0.6732947480274016,-0.003292905581637976,0.388486016594696,0.23884831905224843,0,0,0,0,on_time,0,0,0,normal,0.0063,Low,,2026-09-14 00:00:00,[],Low repayment risk (0.01).
L0350,C0566,548403.0,378456.0,13287.0,35,15.2,2026-09-26,12,37945.0,-0.19674421558458055,-0.3174254825421381,0.03257865497892287,0.9747792858084069,0.13074186322308604,0.8905894496420257,0.35016471208327843,1,0,10,10,late,0,1,1,stressed,0.9919,High,"Income drop >20%, EMI/income >35%, Rising cash advances",2026-09-14 00:00:00,"[""Worst delay: 10 days past due (+46%)"", ""Income down 20% in the last 30 days (+23%)"", ""Latest EMI paid 10 days late (+14%)"", ""Spending is 97% of income (+8%)""]",High repayment risk (0.99): worst delay: 10 days past due; income down 20% in the last 30 days.
L0351,C0567,881403.0,792811.0,19787.0,48,9.2,2026-10-02,18,45404.0,-0.1326341528645386,-0.2600391134289439,0.0698203176808665,0.7461457140340059,0.09052065897277772,1.4868146712477608,0.435798608052154,1,0,6,6,late,0,1,1,stressed,0.9512,High,"Income drop >20%, EMI/income >35%, Rising cash advances",2026-09-14 00:00:00,"[""Total debt is 1.5x annual income (+34%)"", ""Worst delay: 6 days past due (+22%)"", ""Latest EMI paid 6 days late (+18%)"", ""Income down 26% in 60 days (+13%)""]",High repayment risk (0.95): total debt is 1.5x annual income; worst delay: 6 days past due.
L0352,C0568,301442.0,217020.0,8409.0,32,13.5,2026-10-09,25,50275.0,0.013649743941287928,-0.003784726350414158,0.026692875252827486,0.7168572849328693,-0.016902468989022312,0.4074821813359854,0.1672600696171059,0,0,0,0,on_time,0,0,0,normal,0.021,Low,,2026-09-14 00:00:00,"[""Spending is 72% of income (+100%)""]",Low repayment risk (0.02): spending is 72% of income.
L0353,C0569,445174.0,289948.0,6952.0,57,12.1,2026-10-10,26,33802.0,0.01279400749063675,0.004487236634869607,-0.03165750511575649,0.7139814212176794,0.0,0.9010536851862809,0.20566830365067157,0,0,0,0,on_time,0,0,0,normal,0.0124,Low,,2026-09-14 00:00:00,"[""Spending is 71% of income (+100%)""]",Low repayment risk (0.01): spending is 71% of income.
L0354,C0570,255068.0,197504.0,5470.0,48,17.1,2026-09-16,2,35604.0,-0.0181186398610077,0.00858332625138103,-0.00660633484162898,0.6166161105493765,0.01682395236490282,0.662713459161892,0.15363442309852826,1,0,0,4,on_time,0,1,0,normal,0.0082,Low,,2026-09-14 00:00:00,[],Low repayment risk (0.01).
L0355,C0573,460784.0,346926.0,9266.0,45,11.0,2026-09-25,11,49775.0,0.0005829614441361652,0.010393195704686997,0.004154717258622043,0.5486891009542944,0.007614264188849825,0.7918851498409509,0.1861577096936213,0,0,0,0,on_time,0,0,0,normal,0.0186,Low,,2026-09-14 00:00:00,[],Low repayment risk (0.02).
L0356,C0574,138497.0,87060.0,4466.0,22,16.9,2026-09-24,10,30543.0,0.03311459883642276,0.01949330752027767,-0.006641870350690748,0.7345054513309105,0.01489703041613463,0.290584858505495,0.14622008316144453,0,0,0,0,on_time,0,0,0,normal,0.0007,Low,,2026-09-14 00:00:00,[],Low repayment risk (0.00).
L0357,C0575,330770.0,217976.0,7668.0,34,13.8,2026-09-23,9,48019.0,0.022616436314074617,-0.006640463384360751,0.007629282194383524,0.7068660321955893,-0.011026065370293752,0.4063773367486481,0.15968679064536953,0,0,0,0,on_time,0,0,0,normal,0.0169,Low,,2026-09-14 00:00:00,"[""Spending is 71% of income (+100%)""]",Low repayment risk (0.02): spending is 71% of income.
L0358,C0576,243318.0,182152.0,5503.0,42,14.0,2026-10-07,23,23454.0,0.003980993964299406,0.0488328414274215,0.06248388483025358,0.5270742730451096,0.0013643728148716636,0.7100316932435121,0.2346294875074614,0,0,0,0,on_time,0,0,0,normal,0.003,Low,,2026-09-14 00:00:00,[],Low repayment risk (0.00).
L0359,C0577,679381.0,498062.0,13158.0,49,12.3,2026-09-23,9,79797.0,0.002865437544772531,-0.00913911067512696,-0.02788647283174006,0.737847287492011,0.01558955850470569,0.5339747526013927,0.1648934170457536,0,0,0,0,on_time,0,0,0,normal,0.0036,Low,,2026-09-14 00:00:00,[],Low repayment risk (0.00).
L0360,C0578,286445.0,252085.0,6541.0,56,15.4,2026-09-22,8,27861.0,0.02219694746110945,0.027550342996238042,0.07984341990804023,0.6237751695919027,0.0,0.8216293983226254,0.2347726212268045,0,0,0,0,on_time,0,0,0,normal,0.0014,Low,,2026-09-14 00:00:00,[],Low repayment risk (0.00).
L0361,C0580,388659.0,314568.0,10282.0,38,10.7,2026-09-25,11,64859.0,0.012599138200212412,0.018530441746886783,0.011960642715291625,0.6913766786413605,0.0,0.5088705242654579,0.15852850028523413,0,0,0,0,on_time,0,0,0,normal,0.0034,Low,,2026-09-14 00:00:00,[],Low repayment risk (0.00).
L0362,C0583,416713.0,296114.0,8493.0,46,14.9,2026-10-10,26,38112.0,0.021714653369792503,-0.02186633815829997,-0.008162243365047561,0.5197050797649034,0.0,0.6499134130982368,0.22284319899244331,1,0,1,1,late,0,1,0,normal,0.0288,Low,,2026-09-14 00:00:00,[],Low repayment risk (0.03).
L0363,C0584,336118.0,227169.0,6830.0,42,11.4,2026-10-04,20,36193.0,-0.024394846083346855,-0.028167123140540262,-0.003478260869565264,0.5541126737214378,0.0,0.6216211237900515,0.18871052413450115,0,0,0,0,on_time,0,0,0,normal,0.0267,Low,,2026-09-14 00:00:00,[],Low repayment risk (0.03).
L0364,C0585,293177.0,233045.0,6289.0,48,11.3,2026-09-26,12,28718.0,0.0033190091884149897,0.024545130217624056,-0.0003965556310899787,0.6144230099589107,0.004074099867678808,0.7795285186990738,0.21899157322933352,0,0,0,0,on_time,0,0,0,normal,0.0018,Low,,2026-09-14 00:00:00,[],Low repayment risk (0.00).
L0365,C0586,88364.0,64382.0,4175.0,17,13.7,2026-09-30,16,29709.0,-0.028450897674874964,-0.006221776216758679,-0.11381764633697389,0.4861489784240466,0.0,0.35175367733683394,0.14052980578275942,0,0,0,0,on_time,0,0,0,normal,0.0095,Low,,2026-09-14 00:00:00,[],Low repayment risk (0.01).
L0366,C0588,175507.0,148950.0,8649.0,20,16.7,2026-09-20,6,36131.0,-0.013541922625385672,0.004950908130058718,0.00015803405633918466,0.7006448755915973,0.0,0.37180214589503013,0.23937892668345742,0,0,0,0,on_time,0,0,0,normal,0.0338,Low,,2026-09-14 00:00:00,"[""Spending is 70% of income (+100%)""]",Low repayment risk (0.03): spending is 70% of income.
L0367,C0589,142171.0,116962.0,4330.0,33,14.1,2026-09-18,4,26526.0,0.026587716242888693,0.04150143311476695,-0.016299828131063898,0.6688908994948353,0.0,0.5120102289577522,0.16323607027067782,1,0,0,2,on_time,0,1,0,normal,0.014,Low,,2026-09-14 00:00:00,[],Low repayment risk (0.01).
L0368,C0590,138327.0,117209.0,3028.0,45,9.1,2026-09-28,14,29032.0,-0.011642949547218673,-0.023346565296373578,-0.012222962046989472,0.7153830256268945,0.011676770460181868,0.5250355929089741,0.10429870487737669,0,0,0,0,on_time,0,0,0,normal,0.0482,Low,,2026-09-14 00:00:00,"[""Spending is 72% of income (+53%)""]",Low repayment risk (0.05): spending is 72% of income.
L0369,C0591,204688.0,170179.0,10621.0,19,17.8,2026-10-03,19,65024.0,-0.0232530192873881,-0.004089384448086264,0.010555209689286249,0.549197219488189,-0.017567505475486668,0.3310918532644357,0.16333968996062992,0,0,0,0,on_time,0,0,0,normal,0.0095,Low,,2026-09-14 00:00:00,[],Low repayment risk (0.01).
L0370,C0593,349835.0,285058.0,7455.0,50,15.2,2026-10-01,17,51630.0,-0.006025836012552244,0.0433253849573616,0.07164820631509339,0.6277745496804183,0.0,0.6554554845374136,0.1443927948866938,0,0,0,0,on_time,0,0,0,normal,0.0104,Low,,2026-09-14 00:00:00,[],Low repayment risk (0.01).
L0371,C0595,388998.0,297128.0,10067.0,36,10.1,2026-09-16,2,49571.0,-0.014081425644901446,-0.030869990224828947,-0.018188578688067447,0.6392043735248432,0.01704625688406528,0.7369110299704801,0.20308244739868067,0,0,0,0,on_time,0,0,0,normal,0.0027,Low,,2026-09-14 00:00:00,[],Low repayment risk (0.00).
L0372,C0596,184067.0,128935.0,2937.0,58,11.6,2026-09-15,1,27623.0,0.026114413075779996,-0.03311281458924009,-0.0743797416444536,0.6536943851138544,-0.0030802618222548917,0.4977192918944358,0.1063244397784455,0,0,0,0,on_time,0,0,0,normal,0.0169,Low,,2026-09-14 00:00:00,[],Low repayment risk (0.02).
L0373,C0597,203366.0,147207.0,6296.0,29,15.8,2026-09-16,2,33355.0,-0.00903175970765624,-0.005604746146737005,0.05107992344846446,0.6915604856843052,-0.004501684405091972,0.5176959976015589,0.18875730774996252,0,0,0,0,on_time,0,0,0,normal,0.0286,Low,,2026-09-14 00:00:00,[],Low repayment risk (0.03).
L0374,C0599,440436.0,350966.0,8314.0,56,12.7,2026-09-30,16,57635.0,-0.018811712631937372,-0.019779584339603362,0.005494369508724173,0.7049015355252884,0.013082328446256616,0.7402012665914809,0.14425262427344496,0,0,0,0,on_time,0,0,0,normal,0.0461,Low,,2026-09-14 00:00:00,"[""Spending is 70% of income (+82%)""]",Low repayment risk (0.05): spending is 70% of income.
L0375,C0601,141672.0,122166.0,6029.0,24,17.9,2026-09-29,15,25120.0,0.028370246039219005,0.022468251383914062,0.039387551314767455,0.7458598726114649,0.0,0.523729432059448,0.2400079617834395,0,0,0,0,on_time,0,0,0,normal,0.0023,Low,,2026-09-14 00:00:00,[],Low repayment risk (0.00).
L0376,C0602,160523.0,130246.0,5095.0,30,16.1,2026-10-07,23,39287.0,-0.029327469486583935,-0.017923207679232056,0.016158929722759563,0.6418662661949245,-0.009099090090990901,0.31968165890328437,0.12968666480006108,0,0,0,0,on_time,0,0,0,normal,0.0134,Low,,2026-09-14 00:00:00,[],Low repayment risk (0.01).
L0377,C0603,441646.0,362724.0,19994.0,22,17.2,2026-10-03,19,89990.0,-0.014542587441687238,-0.023874347821370878,-0.0476490772512288,0.5705745082786976,0.011712412490276698,0.4108984331592399,0.2221802422491388,0,0,0,0,on_time,0,0,0,normal,0.0016,Low,,2026-09-14 00:00:00,[],Low repayment risk (0.00).
L0378,C0604,54203.0,44607.0,2651.0,19,9.5,2026-10-09,25,14307.0,-0.030822381791085207,-0.026867092912528867,-0.0492835968379447,0.5379883972880408,-0.006393687933614474,0.3620139325737984,0.1852939120710142,0,0,0,0,on_time,0,0,0,normal,0.0211,Low,,2026-09-14 00:00:00,[],Low repayment risk (0.02).
L0379,C0605,443221.0,289013.0,8838.0,43,15.5,2026-10-09,25,43238.0,-0.017697707703841714,-0.034866071428571455,0.0023151006297073007,0.7509829316804663,0.01817845413756418,0.7981906347811338,0.20440353392848884,0,0,0,0,on_time,0,0,0,normal,0.0093,Low,,2026-09-14 00:00:00,[],Low repayment risk (0.01).
L0380,C0606,103632.0,72250.0,2474.0,35,11.1,2026-10-08,24,19160.0,-0.011504926997884746,0.019908442457148956,-0.020143532865764202,0.6270876826722338,-0.004631108272117534,0.4240300974251914,0.1291231732776618,0,0,0,0,on_time,0,0,0,normal,0.0017,Low,,2026-09-14 00:00:00,[],Low repayment risk (0.00).
L0381,C0608,454228.0,297530.0,6334.0,58,9.1,2026-09-28,14,31690.0,0.0026577232171107745,-0.007889299355081092,-0.02317123857024106,0.5933101924897444,0.005711580940359735,0.9177290417587041,0.19987377721678762,0,0,0,0,on_time,0,0,0,normal,0.0023,Low,,2026-09-14 00:00:00,[],Low repayment risk (0.00).
L0382,C0609,189393.0,136629.0,3403.0,56,14.2,2026-09-17,3,31228.0,0.0008332799179540107,-0.02100445168976106,0.033941076272790305,0.524817471499936,-0.0015773226114304416,0.5289350369326673,0.10897271679262201,0,0,0,0,on_time,0,0,1,normal,0.8495,High,,2026-09-14 00:00:00,[],High repayment risk (0.85).
L0383,C0610,208719.0,141016.0,4349.0,42,16.5,2026-10-08,24,29152.0,-0.00396337296706295,-0.03750660327522448,-0.0174316906930454,0.5587952799121844,-0.0022120972002113047,0.4753561791072082,0.14918358946212953,0,0,0,0,on_time,0,0,0,normal,0.0057,Low,,2026-09-14 00:00:00,[],Low repayment risk (0.01).
L0384,C0611,207241.0,185814.0,5763.0,38,11.6,2026-09-16,2,36930.0,-0.02407441663803811,-0.020736105218498113,0.005711294084051133,0.5721906309233685,0.014580202015049629,0.4527642386496976,0.15605199025182778,0,0,0,0,on_time,0,0,0,normal,0.0111,Low,,2026-09-14 00:00:00,[],Low repayment risk (0.01).
L0385,C0612,170978.0,144052.0,7120.0,24,17.1,2026-09-24,10,29494.0,0.03317336322555775,0.0016641195449142998,-0.0341402855369336,0.5275649284600258,-0.015894039735099338,0.5386321511719898,0.24140503153183698,0,0,0,0,on_time,0,0,0,normal,0.0036,Low,,2026-09-14 00:00:00,[],Low repayment risk (0.00).
L0386,C0613,190680.0,132478.0,3761.0,47,12.5,2026-10-11,27,18288.0,-0.0025634033269702483,0.0,-0.008097773112394124,0.7233705161854768,0.0,0.7231836905803442,0.20565398075240596,0,0,0,0,on_time,0,0,0,normal,0.0066,Low,,2026-09-14 00:00:00,[],Low repayment risk (0.01).
L0387,C0614,328318.0,255109.0,6827.0,47,11.1,2026-09-30,16,56076.0,-0.01824293567701951,-0.02078021862885482,-0.07514859521876882,0.6298773093658606,0.0,0.5413545901990157,0.12174548826592482,0,0,0,0,on_time,0,0,0,normal,0.0432,Low,,2026-09-14 00:00:00,[],Low repayment risk (0.04).
L0388,C0615,339579.0,242001.0,8454.0,35,10.3,2026-09-21,7,54590.0,-0.028094288562882763,-0.0011527272061917504,0.011535520760612927,0.5573914636380289,0.0,0.5027065396592783,0.15486352811870305,0,0,0,0,on_time,0,0,0,normal,0.0145,Low,,2026-09-14 00:00:00,[],Low repayment risk (0.01).
L0389,C0616,810723.0,526121.0,19259.0,31,10.3,2026-10-12,28,43286.0,-0.16196855881669636,-0.25795004542883104,-0.02015916863983158,0.6883287899089775,0.10747123781361179,1.2255251890526575,0.44492445594418517,2,1,2,18,missed,1,1,1,stressed,0.9799,High,"Income drop >20%, 2+ late payments, EMI/income >35%, Rising cash advances, EMI missed / overdue",2026-09-14 00:00:00,"[""Worst delay: 18 days past due (+57%)"", ""Latest EMI paid 2 days late (+14%)"", ""Income down 26% in 60 days (+11%)"", ""Total debt is 1.2x annual income (+10%)""]",High repayment risk (0.98): worst delay: 18 days past due; latest emi paid 2 days late.
L0390,C0619,201222.0,140107.0,9204.0,17,12.7,2026-10-02,18,52391.0,-0.030514433752775738,0.004910328953678045,-0.025342348997102082,0.6548071233608826,-0.012295003356670184,0.3163695418424284,0.17567902884083145,0,0,0,0,on_time,0,0,0,normal,0.0052,Low,,2026-09-14 00:00:00,[],Low repayment risk (0.01).
L0391,C0621,205249.0,147269.0,7980.0,22,16.7,2026-10-02,18,37737.0,-0.026694521819869976,-0.00965752525915231,0.005585281141462506,0.567745183771895,0.006942788244958528,0.4574975046594412,0.21146355036171396,0,0,0,0,on_time,0,0,0,normal,0.0056,Low,,2026-09-14 00:00:00,[],Low repayment risk (0.01).
L0392,C0623,849358.0,579320.0,19164.0,40,17.1,2026-09-26,12,94480.0,-0.009207407873487283,-0.034015970227079806,-0.052380509865873726,0.6475867908552074,0.0163844199830652,0.6772491532599492,0.20283657917019476,0,0,0,0,on_time,0,0,0,normal,0.0169,Low,,2026-09-14 00:00:00,[],Low repayment risk (0.02).
L0393,C0624,801602.0,613966.0,13844.0,59,13.2,2026-10-03,19,99870.0,0.029492108979579212,-0.012048907882241222,-0.07890079180251519,0.4950435566236107,0.0,0.7018832815994126,0.13862020626814858,0,0,0,0,on_time,0,0,0,normal,0.0358,Low,,2026-09-14 00:00:00,[],Low repayment risk (0.04).
L0394,C0625,86640.0,75152.0,3392.0,27,17.8,2026-10-06,22,16845.0,0.0014863258026158732,0.021590151009764025,0.08443181818181822,0.5665182546749777,0.0,0.5574552290491739,0.20136539032353815,0,0,0,0,on_time,0,0,0,normal,0.0048,Low,,2026-09-14 00:00:00,[],Low repayment risk (0.00).
L0395,C0626,545437.0,448505.0,22592.0,21,10.3,2026-10-01,17,131068.0,-0.011053850739061177,0.005654832695214385,0.035261337432743955,0.575464644306772,0.004214912652693058,0.528075757113356,0.17236854152043216,0,0,0,0,on_time,0,0,0,normal,0.0549,Low,,2026-09-14 00:00:00,[],Low repayment risk (0.05).
L0396,C0628,198373.0,162707.0,13084.0,14,14.5,2026-10-10,26,63409.0,0.008252504372714187,0.019765197812801505,-0.025544841552942232,0.6677758677790219,0.0,0.4027609119630757,0.20634294816193285,0,0,0,0,on_time,0,0,0,normal,0.0016,Low,,2026-09-14 00:00:00,[],Low repayment risk (0.00).
L0397,C0629,306881.0,230549.0,7196.0,38,13.9,2026-10-12,28,60675.0,-0.018346842692811727,-0.020849807155421396,-0.03914944876528659,0.6047301194890812,-0.004617012780750317,0.5405576157121275,0.11859909353110837,0,0,0,0,on_time,0,0,0,normal,0.0113,Low,,2026-09-14 00:00:00,[],Low repayment risk (0.01).
L0398,C0630,50417.0,36636.0,2382.0,17,10.5,2026-10-05,21,23147.0,-0.005371261601925026,-0.021227113197175407,-0.050970053403636806,0.6065148831382037,-0.005793056788870566,0.24106075661352802,0.10290750421220893,0,0,0,0,on_time,0,0,0,normal,0.0373,Low,,2026-09-14 00:00:00,[],Low repayment risk (0.04).
L0399,C0631,525115.0,422199.0,11585.0,43,11.2,2026-09-18,4,31830.0,-0.21343316776632815,-0.34858686531731575,0.04772386804854922,1.0766572415959785,0.11479736098020735,1.3073149020839878,0.36396481306943135,3,0,18,18,late,0,1,1,stressed,0.9962,High,"Income drop >20%, 2+ late payments, EMI/income >35%, Rising cash advances",2026-09-14 00:00:00,"[""Worst delay: 18 days past due (+41%)"", ""Income down 21% in the last 30 days (+20%)"", ""Latest EMI paid 18 days late (+10%)"", ""Total debt is 1.3x annual income (+10%)""]",High repayment risk (1.00): worst delay: 18 days past due; income down 21% in the last 30 days.
L0400,C0634,276556.0,185748.0,6465.0,36,14.6,2026-09-24,10,42105.0,-0.034200385356454754,-0.01289415074434419,-0.012644287637149754,0.5749198432490203,-0.01671550814675888,0.41790365356450143,0.15354470965443534,0,0,0,0,on_time,0,0,0,normal,0.0107,Low,,2026-09-14 00:00:00,[],Low repayment risk (0.01).
L0401,C0636,343696.0,218592.0,5866.0,55,17.9,2026-09-19,5,28157.0,-0.2932125106682062,-0.2777478517378479,-0.27369680757453096,0.7328550626842348,0.0,0.6798279883036782,0.2083318535355329,0,0,0,0,on_time,0,0,0,dip,0.0183,Low,Income drop >20%,2026-09-14 00:00:00,[],Low repayment risk (0.02).
L0402,C0637,164302.0,129969.0,4387.0,39,16.0,2026-10-01,17,35385.0,-0.013328500125477483,0.04260585167506403,0.004816868126874541,0.6248975554613537,0.006839056097216334,0.5281899109792285,0.12397908718383496,0,0,0,0,on_time,0,0,0,normal,0.0035,Low,,2026-09-14 00:00:00,[],Low repayment risk (0.00).
L0403,C0638,226395.0,199048.0,7238.0,32,13.6,2026-09-24,10,66370.0,-0.0028695482339508027,-0.017555805553910786,-0.1134106377615326,0.5299231580533373,0.0,0.4024245391994375,0.10905529606750038,0,0,0,0,on_time,0,0,0,normal,0.1408,Low,,2026-09-14 00:00:00,[],Low repayment risk (0.14).
L0404,C0639,922040.0,625524.0,17119.0,47,14.5,2026-09-18,4,39956.0,-0.12940407451792135,-0.211259820758814,-0.026048922728009072,0.7523525878466313,0.09017419161077185,1.6782189575199387,0.428446290920012,1,0,21,21,late,0,1,0,stressed,0.9895,High,"Income drop >20%, EMI/income >35%, Rising cash advances, High debt load",2026-09-14 00:00:00,"[""Worst delay: 21 days past due (+51%)"", ""Total debt is 1.7x annual income (+19%)"", ""Latest EMI paid 21 days late (+14%)"", ""Income down 21% in 60 days (+10%)""]",High repayment risk (0.99): worst delay: 21 days past due; total debt is 1.7x annual income.
L0405,C0640,202126.0,148573.0,6836.0,24,9.8,2026-10-01,17,55862.0,0.024483283510921217,0.0359971068785816,0.06713286713286704,0.5463463535140167,0.0007697540367333787,0.3309077130547898,0.122372990583939,0,0,0,0,on_time,0,0,0,normal,0.0032,Low,,2026-09-14 00:00:00,[],Low repayment risk (0.00).
L0406,C0641,270829.0,242443.0,9740.0,32,17.6,2026-09-20,6,21215.0,-0.13549307253463738,-0.20845459294082536,0.013061780363996522,0.771388168748527,0.12085788357294368,1.3201547647105036,0.45910912090502004,2,0,3,20,late,0,1,1,stressed,0.992,High,"Income drop >20%, 2+ late payments, EMI/income >35%, Rising cash advances",2026-09-14 00:00:00,"[""Worst delay: 20 days past due (+47%)"", ""Total debt is 1.3x annual income (+20%)"", ""Latest EMI paid 3 days late (+12%)"", ""Income down 21% in 60 days (+8%)""]",High repayment risk (0.99): worst delay: 20 days past due; total debt is 1.3x annual income.
L0407,C0645,521731.0,413180.0,13025.0,38,11.6,2026-09-20,6,56934.0,0.036633771530534265,0.016007280903688637,0.07678766032358109,0.6768363368110444,0.0,0.7127434104987062,0.2287736677556469,0,0,0,0,on_time,0,0,0,normal,0.0015,Low,,2026-09-14 00:00:00,[],Low repayment risk (0.00).
L0408,C0646,275450.0,237063.0,8098.0,41,17.9,2026-09-25,11,62374.0,0.04368923916135392,-0.0026702483171039404,-0.04941222485387109,0.7013659537627858,-0.0037535106344656743,0.397369096097733,0.12982973674928655,0,0,0,0,on_time,0,0,0,normal,0.0248,Low,,2026-09-14 00:00:00,"[""Spending is 70% of income (+89%)""]",Low repayment risk (0.02): spending is 70% of income.
L0409,C0648,419535.0,353659.0,15544.0,26,16.5,2026-09-30,16,79006.0,-0.007898537075406553,0.019590130084658375,-0.07437145687129887,0.5559324608257601,0.003531377363744526,0.47937392940620543,0.19674455104675595,0,0,0,0,on_time,0,0,0,normal,0.0047,Low,,2026-09-14 00:00:00,[],Low repayment risk (0.00).
L0410,C0649,913172.0,601334.0,13114.0,58,11.7,2026-10-04,20,77901.0,0.02926565018629601,0.04835280185175206,-0.0050124700474351025,0.522368133913557,-0.012232868600958175,0.74969084692965,0.1683418698091167,0,0,0,0,on_time,0,0,0,normal,0.0026,Low,,2026-09-14 00:00:00,[],Low repayment risk (0.00).
L0411,C0650,248593.0,220224.0,10065.0,24,12.8,2026-09-27,13,43230.0,0.007856759844263594,0.017224339968939795,0.04556579326230925,0.6719870460328475,0.0,0.5251349371578379,0.23282442748091603,0,0,0,0,on_time,0,0,0,normal,0.003,Low,,2026-09-14 00:00:00,[],Low repayment risk (0.00).
L0412,C0651,107033.0,76730.0,5077.0,17,17.0,2026-09-25,11,25021.0,-0.032668367741436666,0.0020825824021786232,-0.036053276178812044,0.5032972303265257,0.0,0.48744721100941873,0.20290955597298269,0,0,0,0,on_time,0,0,0,normal,0.0069,Low,,2026-09-14 00:00:00,[],Low repayment risk (0.01).
L0413,C0653,288294.0,196647.0,7747.0,29,10.7,2026-09-26,12,37211.0,0.0038848571505651908,0.02065390312139992,0.049203607752830614,0.734648356668727,0.00439638444088012,0.4509620811050496,0.20819112627986347,0,0,0,0,on_time,0,0,0,normal,0.0029,Low,,2026-09-14 00:00:00,[],Low repayment risk (0.00).
L0414,C0654,395564.0,279863.0,8544.0,43,14.7,2026-10-04,20,40712.0,0.01379550774440963,0.02378916662475472,-0.016747037493925476,0.6460748673609746,0.0,0.6948667878430602,0.20986441344075457,0,0,0,0,on_time,0,0,0,normal,0.0022,Low,,2026-09-14 00:00:00,[],Low repayment risk (0.00).
L0415,C0656,198173.0,161031.0,4579.0,43,9.2,2026-10-05,21,24590.0,-0.00308116435579342,0.012100757326308775,0.007277477141257593,0.6585603904026027,0.0,0.6820252135014233,0.18621390809272062,0,0,0,0,on_time,0,0,0,normal,0.0129,Low,,2026-09-14 00:00:00,[],Low repayment risk (0.01).
L0416,C0657,121936.0,97282.0,3494.0,36,16.6,2026-09-17,3,18087.0,-0.01331078500900118,-0.0006078019670682222,-0.1284956388813956,0.5358544811190358,0.01863216674959916,0.6305679954294982,0.19317742024658593,0,0,0,0,on_time,0,0,0,normal,0.0119,Low,,2026-09-14 00:00:00,[],Low repayment risk (0.01).
L0417,C0658,187942.0,143926.0,12464.0,13,16.8,2026-09-19,5,53953.0,0.028302965617138076,0.0285185961835408,0.03202780873533939,0.720868163030786,0.0,0.4184614386595741,0.2310158841955035,1,0,0,5,on_time,0,1,0,normal,0.0044,Low,,2026-09-14 00:00:00,"[""Worst delay: 5 days past due (+54%)""]",Low repayment risk (0.00): worst delay: 5 days past due.
L0418,C0660,1138255.0,914572.0,34245.0,32,11.3,2026-09-23,9,141957.0,-0.19866215071972904,-0.18508717042003686,-0.12828133325439584,0.5186147918031516,0.0,0.6697984835783606,0.24123502187282064,0,0,0,0,on_time,0,0,0,dip,0.0657,Low,,2026-09-14 00:00:00,"[""Income down 20% in the last 30 days (+65%)"", ""Income down 19% in 60 days (+25%)""]",Low repayment risk (0.07): income down 20% in the last 30 days; income down 19% in 60 days.
L0419,C0661,127113.0,106509.0,2638.0,54,11.2,2026-09-17,3,21936.0,-0.0029997272975184064,-0.011802865122984008,0.04964130156290025,0.7470368344274252,0.0,0.42576130561633846,0.12025893508388039,0,0,0,0,on_time,0,0,0,normal,0.0217,Low,,2026-09-14 00:00:00,[],Low repayment risk (0.02).
L0420,C0662,87037.0,56349.0,3341.0,19,13.7,2026-09-27,13,19906.0,-0.011127670144063573,-0.005743968832725654,0.008797197353055619,0.6509595096955691,0.0,0.39491861750226065,0.16783884256003215,0,0,0,0,on_time,0,0,0,normal,0.0157,Low,,2026-09-14 00:00:00,[],Low repayment risk (0.02).
L0421,C0664,322458.0,217008.0,18936.0,12,9.1,2026-09-22,8,81856.0,-0.0009519857446237401,-0.0011957927617931574,0.043628509719222386,0.5312744331508992,0.01492865519937451,0.22872992409434453,0.2313330727130571,0,0,0,0,on_time,0,0,0,normal,0.0039,Low,,2026-09-14 00:00:00,[],Low repayment risk (0.00).
L0422,C0665,273018.0,224497.0,7403.0,39,15.5,2026-10-02,18,39441.0,-0.009044998869375154,0.015186224292810913,0.06543601046976177,0.5882710884612459,0.013082832585380694,0.5381138916356076,0.1876980806774676,0,0,0,0,on_time,0,0,0,normal,0.0058,Low,,2026-09-14 00:00:00,[],Low repayment risk (0.01).
L0423,C0666,265512.0,236117.0,9061.0,31,16.7,2026-10-07,23,49550.0,-0.009792166266986424,-0.03571081054782521,-0.030939779340126927,0.7427245206861756,-0.01805974506178846,0.6289471913891692,0.18286579212916246,0,0,0,0,on_time,0,0,0,normal,0.0103,Low,,2026-09-14 00:00:00,[],Low repayment risk (0.01).
L0424,C0668,198966.0,154292.0,3584.0,52,9.7,2026-09-27,13,26850.0,-0.0022296544035674826,0.023402957767952426,0.05007750893037666,0.5802607076350094,0.007001862197392923,0.6653289882060832,0.13348230912476722,0,0,0,0,on_time,0,0,0,normal,0.0047,Low,,2026-09-14 00:00:00,[],Low repayment risk (0.00).
L0425,C0669,288202.0,200355.0,5769.0,45,11.9,2026-09-26,12,16739.0,-0.14180979236093305,-0.24893435635123617,0.025113039227667056,1.0022701475595914,0.08728119959376307,1.2847093613716472,0.3446442439811219,2,0,18,18,late,0,1,1,stressed,0.9951,High,"Income drop >20%, 2+ late payments, Rising cash advances",2026-09-14 00:00:00,"[""Worst delay: 18 days past due (+49%)"", ""Total debt is 1.3x annual income (+14%)"", ""Latest EMI paid 18 days late (+11%)"", ""Income down 25% in 60 days (+10%)""]",High repayment risk (1.00): worst delay: 18 days past due; total debt is 1.3x annual income.
L0426,C0670,57023.0,38305.0,2372.0,18,15.9,2026-09-29,15,15165.0,0.03430637020870275,0.020113009551997907,0.04711887700009809,0.7033959775799539,-0.0025561684380465493,0.301153972964062,0.15641279261457303,0,0,0,0,on_time,0,0,0,normal,0.0063,Low,,2026-09-14 00:00:00,"[""Spending is 70% of income (+100%)""]",Low repayment risk (0.01): spending is 70% of income.
L0427,C0671,147089.0,98603.0,4926.0,22,11.3,2026-09-18,4,40217.0,0.002642666600184418,-0.02238805970149249,-0.0733228128247565,0.5986523112116766,0.019046671805455405,0.22878384762662557,0.12248551607529154,0,0,0,0,on_time,0,0,0,normal,0.0077,Low,,2026-09-14 00:00:00,[],Low repayment risk (0.01).
L0428,C0672,105916.0,67008.0,2063.0,42,12.7,2026-10-11,27,12219.0,-0.01997112608277185,-0.009644999189495906,-0.023266120097496068,0.7214993043620591,0.006465340862591046,0.49904520282619963,0.16883542024715606,0,0,0,0,on_time,0,0,0,normal,0.0068,Low,,2026-09-14 00:00:00,[],Low repayment risk (0.01).
L0429,C0673,43685.0,38336.0,3627.0,12,15.9,2026-10-06,22,19483.0,0.02742182144175498,0.005937629078893059,-0.059452465268319266,0.7088744033259765,-0.002116893845518381,0.364689729507776,0.18616229533439407,0,0,0,0,on_time,0,0,0,normal,0.1155,Low,,2026-09-14 00:00:00,"[""Spending is 71% of income (+41%)""]",Low repayment risk (0.12): spending is 71% of income.
L0430,C0674,226403.0,202980.0,10080.0,24,13.5,2026-10-05,21,22860.0,-0.11549622751015676,-0.20992603857053982,0.04400420757363244,0.781496062992126,0.09308836395450569,0.9399168853893264,0.4409448818897638,1,0,9,9,late,0,1,0,stressed,0.5883,Medium,"Income drop >20%, EMI/income >35%, Rising cash advances",2026-09-14 00:00:00,"[""Worst delay: 9 days past due (+48%)"", ""Latest EMI paid 9 days late (+34%)"", ""Income down 21% in 60 days (+14%)""]",Medium repayment risk (0.59): worst delay: 9 days past due; latest emi paid 9 days late.
L0431,C0676,179620.0,122733.0,10454.0,13,12.8,2026-09-27,13,47178.0,0.004235935205091579,0.014297078236191973,0.017682274114895202,0.5440883462630888,0.00271312900080546,0.26398957141040313,0.22158633261265845,0,0,0,0,on_time,0,0,0,normal,0.0015,Low,,2026-09-14 00:00:00,[],Low repayment risk (0.00).
L0432,C0678,342456.0,243993.0,6711.0,50,16.5,2026-09-22,8,59561.0,-0.0019939678284182083,-0.02552314261873989,-0.09270390714063637,0.5879350581756518,0.0,0.5230967691386422,0.11267440103423382,0,0,0,0,on_time,0,0,0,normal,0.0596,Low,,2026-09-14 00:00:00,[],Low repayment risk (0.06).
L0433,C0680,397232.0,303636.0,7466.0,52,9.9,2026-09-22,8,66910.0,0.0035095086687864097,-0.0045376776017258535,0.04062876192240017,0.6718128829771335,0.0,0.5222064464703831,0.11158272306082798,0,0,0,0,on_time,0,0,0,normal,0.0396,Low,,2026-09-14 00:00:00,[],Low repayment risk (0.04).
L0434,C0681,241661.0,219000.0,5342.0,55,13.1,2026-09-16,2,38304.0,-0.002006200984862261,-0.009695183432870569,-0.07665094339622647,0.5314849624060151,-0.013030326533778018,0.6483613547758285,0.13946324143692565,0,0,0,0,on_time,0,0,0,normal,0.0794,Low,,2026-09-14 00:00:00,[],Low repayment risk (0.08).
L0435,C0682,166491.0,123189.0,6500.0,22,13.0,2026-09-29,15,44381.0,0.022226828818868727,-0.0024948305313314822,0.03499655668941348,0.7450034924855231,0.0,0.38651111962326223,0.1464590703228859,0,0,0,0,on_time,0,0,0,normal,0.0094,Low,,2026-09-14 00:00:00,[],Low repayment risk (0.01).
L0436,C0683,573680.0,422196.0,11089.0,50,13.4,2026-09-16,2,49820.0,0.018647256072626073,-0.001343035259686931,0.027007613848585077,0.5739863508631072,0.009956272351749397,0.9005001338150675,0.22258129265355278,0,0,0,0,on_time,0,0,0,normal,0.0016,Low,,2026-09-14 00:00:00,[],Low repayment risk (0.00).
L0437,C0685,620776.0,399540.0,8572.0,58,10.9,2026-10-11,27,24723.0,-0.11212066798347997,-0.1898082910044241,0.008125388509013343,0.9183756016664645,0.1077943615257048,1.6038607774137443,0.3467216761719856,1,0,2,2,late,0,1,1,stressed,0.9874,High,"Rising cash advances, High debt load",2026-09-14 00:00:00,"[""Total debt is 1.6x annual income (+25%)"", ""Latest EMI paid 2 days late (+14%)"", ""Spending is 92% of income (+12%)"", ""Income down 19% in 60 days (+10%)""]",High repayment risk (0.99): total debt is 1.6x annual income; latest emi paid 2 days late.
L0438,C0687,77081.0,55661.0,2770.0,23,10.2,2026-09-26,12,21473.0,-0.14439972905128107,-0.12640358014646058,-0.14679062055897674,0.6710287337586737,0.0,0.3611085238827054,0.12899920830810785,0,0,0,0,on_time,0,0,0,dip,0.0191,Low,,2026-09-14 00:00:00,"[""Income down 14% in the last 30 days (+84%)""]",Low repayment risk (0.02): income down 14% in the last 30 days.
L0439,C0688,447454.0,286192.0,7325.0,48,13.0,2026-09-23,9,47727.0,0.03944158898858796,0.006155792136607996,0.015455887176123229,0.5189724893666059,0.0,0.6121534980199886,0.1534770674880047,0,0,0,0,on_time,0,0,0,normal,0.0075,Low,,2026-09-14 00:00:00,[],Low repayment risk (0.01).
L0440,C0690,353666.0,305878.0,6765.0,56,10.9,2026-09-17,3,27578.0,0.008742090054500995,0.0038950165629207945,0.04848304580606788,0.6390963811733991,0.0,1.1482673386999298,0.24530422800783233,0,0,0,0,on_time,0,0,0,normal,0.0054,Low,,2026-09-14 00:00:00,"[""Total debt is 1.1x annual income (+100%)""]",Low repayment risk (0.01): total debt is 1.1x annual income.
L0441,C0692,191133.0,170432.0,4391.0,45,10.5,2026-10-08,24,20904.0,-0.01877581674802853,0.0029266420380942293,0.018671620993961913,0.5245885954841178,0.012102946804439341,0.7474685865544074,0.21005549177190969,0,0,0,0,on_time,0,0,0,normal,0.0027,Low,,2026-09-14 00:00:00,[],Low repayment risk (0.00).
L0442,C0693,853019.0,537682.0,14194.0,56,17.5,2026-10-04,20,62360.0,0.030437225288344028,-0.008253948058970395,-0.05344160347180282,0.6785439384220654,0.016516998075689543,0.9284637588197563,0.22761385503527903,1,0,1,1,late,0,1,0,normal,0.0972,Low,,2026-09-14 00:00:00,[],Low repayment risk (0.10).
L0443,C0695,261740.0,213065.0,5023.0,56,12.7,2026-09-24,10,24770.0,0.012301279169561585,0.0012126111560226693,0.02931831311380706,0.5754541784416634,0.00042685348700363494,0.7674875521464136,0.2027856277755349,0,0,0,0,on_time,0,0,0,normal,0.0082,Low,,2026-09-14 00:00:00,[],Low repayment risk (0.01).
L0444,C0696,210126.0,186974.0,13483.0,16,14.6,2026-10-12,28,35596.0,-0.2312875221353604,-0.38093913043478256,-0.015203045685279193,1.0900382065400607,0.12077199685357905,0.4765423081245084,0.3787785144398247,3,0,2,22,late,0,1,1,stressed,0.9755,High,"Income drop >20%, 2+ late payments, EMI/income >35%, Rising cash advances",2026-09-14 00:00:00,"[""Worst delay: 22 days past due (+58%)"", ""Latest EMI paid 2 days late (+15%)"", ""Income down 23% in the last 30 days (+12%)"", ""Income down 38% in 60 days (+9%)""]",High repayment risk (0.98): worst delay: 22 days past due; latest emi paid 2 days late.
L0445,C0697,260118.0,182924.0,4814.0,48,13.8,2026-10-01,17,28697.0,-0.008362417498876895,-0.014593777899869487,-0.012158796816250761,0.704951737115378,-0.017066135567612113,0.5693278043001011,0.16775272676586403,0,0,0,0,on_time,0,0,0,normal,0.0308,Low,,2026-09-14 00:00:00,"[""Spending is 70% of income (+88%)""]",Low repayment risk (0.03): spending is 70% of income.
L0446,C0698,116730.0,82503.0,3051.0,33,11.5,2026-10-03,19,18543.0,-0.021219319081551835,0.018230739662841167,0.06372026979055723,0.6463894731165399,0.003235722375020223,0.5657525750957234,0.16453648276977836,0,0,0,0,on_time,0,0,0,normal,0.0099,Low,,2026-09-14 00:00:00,[],Low repayment risk (0.01).
L0447,C0699,370344.0,336309.0,10770.0,37,10.8,2026-10-04,20,64566.0,0.014359328850625186,0.021323040906070956,0.03861633851843793,0.5915187560016107,-0.012069347337783542,0.6358803394975684,0.16680605891645758,0,0,0,0,on_time,0,0,0,normal,0.0067,Low,,2026-09-14 00:00:00,[],Low repayment risk (0.01).
L0448,C0700,224053.0,185116.0,5872.0,38,13.9,2026-09-28,14,28526.0,-0.005993449020837649,-0.046080791867308735,-0.007040519915316845,0.7070041365771577,0.0,0.7795490663488279,0.20584729720255207,0,0,0,0,on_time,0,0,0,normal,0.0149,Low,,2026-09-14 00:00:00,"[""Spending is 71% of income (+100%)""]",Low repayment risk (0.01): spending is 71% of income.
L0449,C0701,136002.0,115865.0,3691.0,38,9.4,2026-09-22,8,30441.0,-0.021598688651046194,-0.022792205707681923,-0.0252095772269465,0.5309615321441477,-0.015537221919039517,0.4809002113377791,0.12125094444991952,0,0,0,2,on_time,0,1,0,normal,0.0672,Low,,2026-09-14 00:00:00,[],Low repayment risk (0.07).
L0450,C0702,382295.0,301405.0,9953.0,38,12.4,2026-09-30,16,25794.0,-0.19123318596557237,-0.34111576581179115,-0.028427507665352625,0.8599286655811429,0.10351244475459409,1.3185915329146314,0.38586492982864234,2,0,10,17,late,0,1,1,stressed,0.9976,High,"Income drop >20%, 2+ late payments, EMI/income >35%, Rising cash advances",2026-09-14 00:00:00,"[""Worst delay: 17 days past due (+38%)"", ""Income down 19% in the last 30 days (+18%)"", ""Total debt is 1.3x annual income (+12%)"", ""Latest EMI paid 10 days late (+12%)""]",High repayment risk (1.00): worst delay: 17 days past due; income down 19% in the last 30 days.
L0451,C0703,256966.0,187463.0,13744.0,15,17.0,2026-09-20,6,68001.0,0.013639209373043526,0.02027006751687921,-0.05287771848281397,0.4854487434008323,0.0,0.44089670249947305,0.20211467478419434,0,0,0,1,on_time,0,1,0,normal,0.043,Low,,2026-09-14 00:00:00,[],Low repayment risk (0.04).
L0452,C0704,64511.0,46169.0,4160.0,12,12.6,2026-09-15,1,29206.0,-0.26422129289061325,-0.24006036636136552,-0.25029759542893426,0.6469218653701294,0.0,0.179860302677532,0.14243648565363282,0,0,0,0,on_time,0,0,0,dip,0.0289,Low,Income drop >20%,2026-09-14 00:00:00,[],Low repayment risk (0.03).
L0453,C0705,98693.0,81365.0,3423.0,29,16.1,2026-10-04,20,21210.0,0.004594325770852059,0.02488523798018849,-0.019805800270079055,0.7186704384724186,0.00884796690762163,0.55495442401383,0.1613861386138614,0,0,0,0,on_time,0,0,0,normal,0.005,Low,,2026-09-14 00:00:00,"[""Spending is 72% of income (+100%)""]",Low repayment risk (0.00): spending is 72% of income.
L0454,C0708,1360557.0,947328.0,25555.0,44,9.0,2026-09-29,15,70288.0,-0.1749944246863152,-0.26299674950193985,-0.037904364372966626,0.891958798087867,0.09618996130207148,1.3367336292586691,0.363575574778056,3,0,15,23,late,0,1,1,stressed,0.9904,High,"Income drop >20%, 2+ late payments, EMI/income >35%, Rising cash advances",2026-09-14 00:00:00,"[""Worst delay: 23 days past due (+44%)"", ""Total debt is 1.3x annual income (+15%)"", ""Latest EMI paid 15 days late (+12%)"", ""Income down 26% in 60 days (+10%)""]",High repayment risk (0.99): worst delay: 23 days past due; total debt is 1.3x annual income.
L0455,C0709,205378.0,144435.0,8357.0,19,17.0,2026-09-23,9,38794.0,0.022105124489527173,0.02588919740843587,0.012448132780082943,0.672990668660102,-0.0014015602274229802,0.4445468371397639,0.2154199102954065,0,0,0,0,on_time,0,0,0,normal,0.0011,Low,,2026-09-14 00:00:00,[],Low repayment risk (0.00).
L0456,C0710,65851.0,44367.0,1674.0,30,9.2,2026-09-24,10,12603.0,0.009613073780341264,0.0473697332336076,0.08953736654804278,0.6073157184797271,0.0,0.4363048480520511,0.13282551773387288,0,0,0,0,on_time,0,0,0,normal,0.0036,Low,,2026-09-14 00:00:00,[],Low repayment risk (0.00).
L0457,C0711,262557.0,196018.0,4695.0,57,15.2,2026-09-17,3,45470.0,-0.008093191684300116,0.0028672254080281956,0.05835466416096935,0.7183637563228502,0.0,0.519252620775603,0.10325489333626567,0,0,0,0,on_time,0,0,0,normal,0.223,Low,,2026-09-14 00:00:00,"[""Spending is 72% of income (+52%)""]",Low repayment risk (0.22): spending is 72% of income.
L0458,C0712,507005.0,336784.0,23008.0,16,13.7,2026-09-18,4,101573.0,0.023096293311845262,0.022704847056928212,0.010107566765578557,0.6434583993777874,-0.012897964115266116,0.4693988559951956,0.22651688933082612,0,0,0,0,on_time,0,0,0,normal,0.0011,Low,,2026-09-14 00:00:00,[],Low repayment risk (0.00).
L0459,C0715,128672.0,92035.0,5301.0,19,17.0,2026-10-09,25,22435.0,-0.01631078177752443,-0.027187581302575703,-0.04741972134186445,0.7100512591932249,0.0,0.490253324418691,0.2362825941609093,0,0,0,0,on_time,0,0,0,normal,0.0195,Low,,2026-09-14 00:00:00,"[""Spending is 71% of income (+100%)""]",Low repayment risk (0.02): spending is 71% of income.
L0460,C0716,542201.0,348121.0,9491.0,50,16.3,2026-10-01,17,61992.0,0.017396441935272122,0.02578018995929443,0.06578681375805018,0.5953187508065557,0.009114079236030456,0.5193438938357637,0.15310040005161957,0,0,0,0,on_time,0,0,0,normal,0.0013,Low,,2026-09-14 00:00:00,[],Low repayment risk (0.00).
L0461,C0719,227066.0,146960.0,4806.0,39,14.9,2026-10-01,17,14089.0,-0.16301312897285092,-0.31142172914324817,-0.027052398020139923,0.8092128610973099,0.13577968628007667,0.882307710507015,0.34111718361842575,2,0,13,13,late,0,1,1,stressed,0.9656,High,"Income drop >20%, 2+ late payments, Rising cash advances",2026-09-14 00:00:00,"[""Worst delay: 13 days past due (+63%)"", ""Latest EMI paid 13 days late (+17%)"", ""Spending is 81% of income (+15%)"", ""Cash-advance use up 13.6 pts of income (+3%)""]",High repayment risk (0.97): worst delay: 13 days past due; latest emi paid 13 days late.
L0462,C0721,106950.0,69587.0,5178.0,15,16.0,2026-09-27,13,27258.0,0.03434144120214011,0.0033127208480565606,0.05423753037015855,0.5412356005576344,0.0,0.3481852422530389,0.18996257979308825,0,0,0,0,on_time,0,0,0,normal,0.0095,Low,,2026-09-14 00:00:00,[],Low repayment risk (0.01).
L0463,C0723,457861.0,290100.0,8990.0,43,15.3,2026-10-02,18,55281.0,-0.031398384525081924,-0.033312349176371825,-0.09224459815143538,0.5365315388650712,0.009732096018523543,0.4551428157956622,0.1626236862574845,0,0,0,0,on_time,0,0,0,normal,0.0072,Low,,2026-09-14 00:00:00,[],Low repayment risk (0.01).
L0464,C0724,142040.0,93612.0,4510.0,22,11.1,2026-09-23,9,43037.0,-0.007014143651507765,0.0006742931547618625,0.09709050731976787,0.5537328345377234,0.0,0.23477666504015923,0.10479354973627344,0,0,0,0,on_time,0,0,0,normal,0.1813,Low,,2026-09-14 00:00:00,[],Low repayment risk (0.18).
L0465,C0725,216826.0,181783.0,4922.0,47,10.2,2026-10-09,25,14028.0,-0.1451032969711743,-0.2800246355984397,0.001729048006509304,0.7020958083832335,0.0920302252637582,1.4879170230966638,0.3508696891930425,2,0,5,7,late,0,1,0,stressed,0.9669,High,"Income drop >20%, 2+ late payments, EMI/income >35%, Rising cash advances",2026-09-14 00:00:00,"[""Worst delay: 7 days past due (+31%)"", ""Total debt is 1.5x annual income (+28%)"", ""Latest EMI paid 5 days late (+20%)"", ""Spending is 70% of income (+17%)""]",High repayment risk (0.97): worst delay: 7 days past due; total debt is 1.5x annual income.
L0466,C0726,238922.0,211464.0,7237.0,33,11.6,2026-10-11,27,32915.0,0.022681373310548425,-0.004114852803243418,-0.027478294055910735,0.6193528786267659,0.0,0.6707833308015596,0.21986936047394806,0,0,0,0,on_time,0,0,0,normal,0.0021,Low,,2026-09-14 00:00:00,[],Low repayment risk (0.00).
L0467,C0727,171935.0,154660.0,5080.0,36,11.2,2026-10-07,23,21865.0,-0.16771344828898782,-0.1804108253992054,-0.16116855407845065,0.7012577178138578,0.01724216784815916,0.6831885052214346,0.2323347816144523,0,0,0,0,on_time,0,0,0,dip,0.0305,Low,,2026-09-14 00:00:00,"[""Spending is 70% of income (+48%)"", ""Income down 18% in 60 days (+36%)"", ""Income down 17% in the last 30 days (+16%)""]",Low repayment risk (0.03): spending is 70% of income; income down 18% in 60 days.
L0468,C0728,231293.0,197156.0,14338.0,14,9.6,2026-09-30,16,58912.0,-0.032468918852337825,0.011538461538461497,0.0794001191352185,0.5228985605649104,0.0,0.5040809455911642,0.2433799565453558,0,0,0,0,on_time,0,0,0,normal,0.0054,Low,,2026-09-14 00:00:00,[],Low repayment risk (0.01).
L0469,C0730,358410.0,245131.0,15780.0,17,9.6,2026-09-25,11,63474.0,-0.00045667133836191365,-0.02234886407393144,0.002793972060279426,0.7181208053691275,0.010161640986860761,0.5444709644893972,0.2486057283297098,0,0,0,0,on_time,0,0,0,normal,0.0169,Low,,2026-09-14 00:00:00,"[""Spending is 72% of income (+100%)""]",Low repayment risk (0.02): spending is 72% of income.
L0470,C0732,137354.0,112539.0,3139.0,52,15.4,2026-09-18,4,8204.0,-0.16634488365003552,-0.3295194508009154,-0.043791312559017914,0.9874451487079473,0.11177474402730375,1.2086583780269786,0.3826182350073135,3,0,2,22,late,0,1,0,stressed,0.9503,High,"Income drop >20%, 2+ late payments, EMI/income >35%, Rising cash advances",2026-09-14 00:00:00,"[""Worst delay: 22 days past due (+65%)"", ""Latest EMI paid 2 days late (+17%)"", ""Cash-advance use up 11.2 pts of income (+9%)"", ""Total debt is 1.2x annual income (+4%)""]",High repayment risk (0.95): worst delay: 22 days past due; latest emi paid 2 days late.
L0471,C0734,575478.0,371293.0,9090.0,58,17.0,2026-10-03,19,75388.0,-0.016554261189454356,-0.05261702796104306,0.07839233730866746,0.7616464158752057,0.0,0.4112800887851294,0.12057621902690083,0,0,0,0,on_time,0,0,0,normal,0.0325,Low,,2026-09-14 00:00:00,"[""Spending up 8% while income fell (+100%)""]",Low repayment risk (0.03): spending up 8% while income fell.
L0472,C0735,331442.0,215618.0,5434.0,49,12.5,2026-09-24,10,30468.0,-0.03383542096083714,0.0007225908165275907,0.03129997715330135,0.5926217670999081,-0.003911998292489277,0.6597632488731346,0.1783510568465275,0,0,0,0,on_time,0,0,0,normal,0.0472,Low,,2026-09-14 00:00:00,[],Low repayment risk (0.05).
L0473,C0736,106847.0,69193.0,3687.0,22,15.4,2026-10-03,19,26087.0,-0.0015309832740076912,-0.017993600602296267,-0.021633209900604133,0.577299037834937,0.0,0.3545763534838553,0.14133476444205925,0,0,0,0,on_time,0,0,0,normal,0.0094,Low,,2026-09-14 00:00:00,[],Low repayment risk (0.01).
L0474,C0738,705867.0,540570.0,13893.0,53,15.3,2026-09-23,9,71971.0,0.022344384783658633,-0.013379576953130301,0.04671695313466051,0.5880701949396284,-0.007107580165291089,0.7537190905596236,0.19303608397826902,1,0,0,5,on_time,0,1,0,normal,0.033,Low,,2026-09-14 00:00:00,[],Low repayment risk (0.03).
L0475,C0739,279564.0,253559.0,5591.0,57,10.0,2026-09-18,4,38284.0,0.0024088814411395987,0.010078623819323562,-0.001852638079431812,0.6755041270504649,0.0,0.7702238533068645,0.1460401211994567,0,0,0,0,on_time,0,0,0,normal,0.007,Low,,2026-09-14 00:00:00,[],Low repayment risk (0.01).
L0476,C0741,338397.0,285826.0,7344.0,56,16.5,2026-09-21,7,35513.0,0.020576486478719458,0.004241721573395862,-0.008280938506364022,0.7284093148987695,-0.01100019794700676,0.8459930166417932,0.20679751077070369,0,0,0,0,on_time,0,0,0,normal,0.0024,Low,,2026-09-14 00:00:00,[],Low repayment risk (0.00).
L0477,C0742,249654.0,160996.0,4801.0,43,14.1,2026-09-20,6,43177.0,0.008454980731052109,-0.013840988511522712,0.03514501757250876,0.6753364059568752,0.0,0.34670464985215893,0.11119345948074207,0,0,0,0,on_time,0,0,0,normal,0.023,Low,,2026-09-14 00:00:00,[],Low repayment risk (0.02).
L0478,C0743,378079.0,269635.0,8945.0,36,13.6,2026-10-03,19,84859.0,0.006129804842190056,0.0169452933069687,-0.016066895094714817,0.6531069185354529,-0.006303553238660196,0.32622939228602743,0.1054101509562922,0,0,0,0,on_time,0,0,1,normal,0.0054,Low,,2026-09-14 00:00:00,[],Low repayment risk (0.01).
L0479,C0747,161910.0,112662.0,4090.0,33,11.6,2026-10-01,17,20924.0,0.012876367508955378,0.0036454336147351274,-0.010928961748633892,0.5709233416172816,0.01816096348690499,0.4888485311922513,0.19546931753010896,0,0,0,0,on_time,0,0,0,normal,0.0014,Low,,2026-09-14 00:00:00,[],Low repayment risk (0.00).
L0480,C0748,701736.0,439249.0,10409.0,54,12.7,2026-09-25,11,54851.0,-0.028618485132909433,-0.01563116901762318,-0.0984638499598477,0.6344825071557492,0.006453847696486846,0.7280724143588996,0.1897686459681683,0,0,0,0,on_time,0,0,0,normal,0.0606,Low,,2026-09-14 00:00:00,[],Low repayment risk (0.06).
L0481,C0750,74970.0,65309.0,1813.0,50,17.4,2026-09-29,15,11973.0,-0.030604809327180016,0.010635603950367223,-0.10138520483348068,0.5093126200618058,0.0,0.5102174336702024,0.15142403741752275,0,0,0,0,on_time,0,0,0,normal,0.0042,Low,,2026-09-14 00:00:00,[],Low repayment risk (0.00).
L0482,C0751,109738.0,70845.0,3000.0,30,16.3,2026-10-08,24,13177.0,-0.02989030405654125,0.02640598224022428,0.10592746445119028,0.5253092509675951,0.0,0.5846424325213124,0.22766942399635728,0,0,0,0,on_time,0,0,0,normal,0.0042,Low,,2026-09-14 00:00:00,[],Low repayment risk (0.00).
L0483,C0753,201226.0,132369.0,12082.0,12,14.0,2026-10-10,26,50146.0,0.010193392425463355,-0.0035568802781917874,0.034806918374243434,0.6717185817413154,-0.0020863271992924252,0.3769260426222098,0.24093646552067963,0,0,0,0,on_time,0,0,0,normal,0.0037,Low,,2026-09-14 00:00:00,[],Low repayment risk (0.00).
L0484,C0754,470378.0,309164.0,8957.0,42,9.4,2026-09-28,14,25938.0,-0.21887610672769986,-0.3545834577485817,0.023400156952272155,1.106099159534274,0.10232091911481224,1.1218354023697534,0.34532346364407435,2,0,6,22,late,0,1,1,stressed,0.9938,High,"Income drop >20%, 2+ late payments, Rising cash advances",2026-09-14 00:00:00,"[""Worst delay: 22 days past due (+52%)"", ""Latest EMI paid 6 days late (+14%)"", ""Income down 22% in the last 30 days (+9%)"", ""Income down 35% in 60 days (+8%)""]",High repayment risk (0.99): worst delay: 22 days past due; latest emi paid 6 days late.
L0485,C0756,1178695.0,924315.0,22359.0,53,9.7,2026-09-28,14,102392.0,-0.013792572044999174,0.006141480047559655,0.059007418171986625,0.6120693022892414,0.0,0.7533710315910097,0.2183666692710368,0,0,0,0,on_time,0,0,0,normal,0.0063,Low,,2026-09-14 00:00:00,[],Low repayment risk (0.01).
L0486,C0758,228608.0,194414.0,8454.0,28,14.6,2026-10-09,25,37064.0,-0.040612947480133554,0.0026510847806091586,0.001768020921580904,0.733784804662206,0.0,0.5383570760486366,0.22809194906108354,0,0,0,0,on_time,0,0,0,normal,0.0195,Low,,2026-09-14 00:00:00,[],Low repayment risk (0.02).
L0487,C0759,271132.0,182638.0,14185.0,14,16.1,2026-10-08,24,31917.0,-0.16767934910162463,-0.27796127047326036,0.02657564829125869,0.7491618886486825,0.11063069837390732,0.8637559921045211,0.44443400068928784,1,0,6,6,late,0,1,0,stressed,0.2425,Low,"Income drop >20%, EMI/income >35%, Rising cash advances",2026-09-14 00:00:00,"[""Latest EMI paid 6 days late (+47%)"", ""Worst delay: 6 days past due (+38%)"", ""Cash-advance use up 11.1 pts of income (+5%)""]",Low repayment risk (0.24): latest emi paid 6 days late; worst delay: 6 days past due.
L0488,C0763,418666.0,327189.0,8434.0,54,17.4,2026-09-23,9,77497.0,0.010246248908239997,-0.012034522762330968,-0.05057576311460432,0.670258203543363,0.0089938965379305,0.45301861147313227,0.10883001922655071,0,0,0,0,on_time,0,0,0,normal,0.0124,Low,,2026-09-14 00:00:00,[],Low repayment risk (0.01).
L0489,C0764,162855.0,117129.0,4156.0,33,10.3,2026-10-08,24,27473.0,0.036325914749151256,0.03703004680658317,0.05355903982239485,0.5527608925126488,0.004768317984930659,0.5617121052184569,0.15127579805627342,0,0,0,0,on_time,0,0,0,normal,0.0058,Low,,2026-09-14 00:00:00,[],Low repayment risk (0.01).
L0490,C0765,675663.0,589729.0,17832.0,44,13.5,2026-10-03,19,107902.0,0.030818907868088274,0.020185880284020463,0.04666774944507601,0.7166873644603436,0.0,0.590667920891179,0.16526107023039424,0,0,0,0,on_time,0,0,0,normal,0.0129,Low,,2026-09-14 00:00:00,"[""Spending is 72% of income (+100%)""]",Low repayment risk (0.01): spending is 72% of income.
L0491,C0766,380280.0,271320.0,8363.0,47,17.1,2026-09-25,11,36583.0,-0.02823673165807783,-0.04890287021630613,-0.028556087083862147,0.5439958450646475,0.0,0.6456915324968793,0.2286034496897466,0,0,0,0,on_time,0,0,0,normal,0.004,Low,,2026-09-14 00:00:00,[],Low repayment risk (0.00).
L0492,C0769,521449.0,467944.0,10356.0,58,9.1,2026-10-08,24,26300.0,-0.16671947278372723,-0.2716698975353088,-0.016852215673433757,0.8562357414448669,0.10699619771863118,1.7908998732572876,0.3937642585551331,2,0,6,6,late,0,1,1,stressed,0.9773,High,"Income drop >20%, 2+ late payments, EMI/income >35%, Rising cash advances, High debt load",2026-09-14 00:00:00,"[""Total debt is 1.8x annual income (+27%)"", ""Worst delay: 6 days past due (+21%)"", ""Latest EMI paid 6 days late (+17%)"", ""Spending is 86% of income (+12%)""]",High repayment risk (0.98): total debt is 1.8x annual income; worst delay: 6 days past due.
L0493,C0771,188628.0,119750.0,8966.0,15,13.3,2026-09-15,1,39676.0,-0.018212412154805513,-0.00309052991281189,0.09200778113488672,0.664986389757032,-0.0069097213497826574,0.4891517122021709,0.22598044157677186,0,0,0,0,on_time,0,0,0,normal,0.007,Low,,2026-09-14 00:00:00,"[""Spending up 9% while income fell (+100%)""]",Low repayment risk (0.01): spending up 9% while income fell.
L0494,C0773,291316.0,227012.0,5818.0,58,16.5,2026-09-19,5,25894.0,0.0045389300539240285,-0.01655905810862135,-0.013703142499505883,0.5781648258283772,0.009114080481964933,0.8778384954043408,0.22468525527149147,0,0,0,0,on_time,0,0,0,normal,0.0016,Low,,2026-09-14 00:00:00,[],Low repayment risk (0.00).
L0495,C0776,553563.0,477043.0,13871.0,47,16.2,2026-09-16,2,119090.0,-0.00028541687653205194,-0.0016263706783810061,0.032076665016773864,0.630321605508439,0.0,0.3502861981134716,0.11647493492316735,0,0,0,0,on_time,0,0,0,normal,0.0275,Low,,2026-09-14 00:00:00,[],Low repayment risk (0.03).
L0496,C0778,525389.0,420007.0,16914.0,30,15.0,2026-09-23,9,82663.0,0.013039375482542637,-0.03438971112175404,-0.041662733845543976,0.614132078438963,-0.001787237025009637,0.4447183141187714,0.20461391432684514,0,0,0,0,on_time,0,0,0,normal,0.0039,Low,,2026-09-14 00:00:00,[],Low repayment risk (0.00).
L0497,C0780,139548.0,100828.0,5981.0,20,17.1,2026-09-29,15,36828.0,-0.15351552623715725,-0.15814017281580028,-0.1537893473645343,0.49782773976322364,0.0,0.4728625864378553,0.16240360595199305,0,0,0,0,on_time,0,0,0,dip,0.02,Low,,2026-09-14 00:00:00,"[""Income down 15% in the last 30 days (+78%)""]",Low repayment risk (0.02): income down 15% in the last 30 days.
L0498,C0781,287132.0,205445.0,5831.0,43,12.5,2026-10-11,27,12902.0,-0.19663760896637605,-0.34126416828346773,0.004781299805206363,0.8795535575879708,0.1254844210199969,1.5124916033689868,0.45194543481630756,1,0,3,3,late,0,1,1,stressed,0.9848,High,"Income drop >20%, EMI/income >35%, Rising cash advances, High debt load",2026-09-14 00:00:00,"[""Income down 20% in the last 30 days (+24%)"", ""Total debt is 1.5x annual income (+20%)"", ""Latest EMI paid 3 days late (+13%)"", ""Spending is 88% of income (+9%)""]",High repayment risk (0.98): income down 20% in the last 30 days; total debt is 1.5x annual income.
L0499,C0785,362623.0,270406.0,8387.0,42,14.0,2026-10-06,22,42490.0,0.0024536403529467066,-0.00091702132662419,0.06840206857589859,0.5786067309955284,0.006401506236761591,0.598011296775712,0.19738762061661566,0,0,0,0,on_time,0,0,0,normal,0.004,Low,,2026-09-14 00:00:00,[],Low repayment risk (0.00).
L0500,C0786,546209.0,354821.0,15762.0,28,17.3,2026-09-26,12,76251.0,0.025651027655224423,0.01567786450701969,0.029199634518555895,0.6942990911594602,0.0,0.4476684458783054,0.20671204312074595,0,0,0,0,on_time,0,0,0,normal,0.0026,Low,,2026-09-14 00:00:00,[],Low repayment risk (0.00).
L0501,C0787,626401.0,405926.0,13008.0,37,14.2,2026-10-12,28,52230.0,0.006765743364367083,0.006726932788496676,-0.0009045680687471691,0.6766992150105303,0.013038483630097644,0.806340545025209,0.24905226881102815,0,0,0,0,on_time,0,0,0,normal,0.0016,Low,,2026-09-14 00:00:00,[],Low repayment risk (0.00).
L0502,C0791,230270.0,146973.0,3686.0,53,11.1,2026-09-30,16,28802.0,-0.022235801337542882,-0.06362365486524268,-0.11586796683527145,0.588674397611277,-0.004616534997886798,0.4712780362474828,0.1279772238039025,0,0,0,0,on_time,0,0,0,normal,0.0088,Low,,2026-09-14 00:00:00,[],Low repayment risk (0.01).
L0503,C0793,216230.0,151343.0,4078.0,51,13.1,2026-10-04,20,20161.0,-0.031233482293018144,-0.018069355152931954,-0.03153883573860872,0.5924805317196568,0.005753682853033084,0.8064662797810955,0.20227171271266306,0,0,0,0,on_time,0,0,0,normal,0.0032,Low,,2026-09-14 00:00:00,[],Low repayment risk (0.00).
L0504,C0795,323110.0,249100.0,7894.0,40,16.5,2026-09-24,10,47107.0,-0.1807763208236235,-0.18651999723699664,-0.17390112400621405,0.5757106162566072,0.0,0.5803295334734399,0.16757594412719978,0,0,0,0,on_time,0,0,1,dip,0.8219,High,,2026-09-14 00:00:00,"[""Income down 18% in the last 30 days (+51%)"", ""Income down 19% in 60 days (+14%)""]",High repayment risk (0.82): income down 18% in the last 30 days; income down 19% in 60 days.
L0505,C0796,361643.0,304804.0,7458.0,55,15.6,2026-10-10,26,32399.0,0.013228671503627831,0.01167837626854018,-0.01702236858988071,0.7093737461032747,-0.013333333333333334,0.9237579349156867,0.2301922898854903,0,0,0,0,on_time,0,0,0,normal,0.0027,Low,,2026-09-14 00:00:00,"[""Spending is 71% of income (+100%)""]",Low repayment risk (0.00): spending is 71% of income.
L0506,C0797,343186.0,267356.0,11957.0,27,18.0,2026-10-10,26,71343.0,-0.007456976307405494,-0.01044440745672437,-0.016003292105804645,0.6032967495059081,0.008897772380846209,0.44343873961005287,0.16759878334244424,0,0,0,0,on_time,0,0,0,normal,0.0029,Low,,2026-09-14 00:00:00,[],Low repayment risk (0.00).
L0507,C0799,664558.0,486986.0,14124.0,41,10.5,2026-09-22,8,101045.0,-0.001827521485725625,-0.03491848215394311,-0.09162719543408548,0.6111435499035084,0.0,0.46362924109720094,0.13977930624969073,0,0,0,0,on_time,0,0,0,normal,0.0182,Low,,2026-09-14 00:00:00,[],Low repayment risk (0.02).
L0508,C0800,177631.0,112743.0,2927.0,47,9.1,2026-10-02,18,16943.0,-0.037438927394614296,-0.025368154624942463,-0.04750368653886661,0.5337307442601664,0.017255217739759736,0.6031301028940173,0.1727557103228472,0,0,0,0,on_time,0,0,0,normal,0.0091,Low,,2026-09-14 00:00:00,[],Low repayment risk (0.01).
L0509,C0803,89898.0,63455.0,1715.0,51,16.0,2026-09-28,14,14147.0,0.01776978417266184,0.03089703417620049,0.038864481243663374,0.651869654343677,-0.019966479632733368,0.5576624019226691,0.12122711528946066,0,0,0,0,on_time,0,0,0,normal,0.0071,Low,,2026-09-14 00:00:00,[],Low repayment risk (0.01).
L0510,C0804,220006.0,163559.0,7663.0,23,10.9,2026-10-07,23,64315.0,-0.005950540958268968,0.007740398928252512,0.0003689764593020062,0.6323252740418254,-0.007160652449820592,0.4073544274275053,0.11914794371453005,0,0,0,0,on_time,0,0,0,normal,0.0097,Low,,2026-09-14 00:00:00,[],Low repayment risk (0.01).
L0511,C0805,248431.0,161672.0,8263.0,21,11.0,2026-10-10,26,33097.0,0.013473374774167768,-0.020248068440839484,0.02270782221715062,0.5415898721938545,0.0,0.6572499018037888,0.24966009003837206,0,0,0,0,on_time,0,0,0,normal,0.0095,Low,,2026-09-14 00:00:00,[],Low repayment risk (0.01).
L0512,C0806,1065317.0,666338.0,15506.0,56,9.9,2026-09-26,12,38048.0,-0.19631616746229563,-0.31173459235542045,0.011538461538461497,0.9124264087468461,0.09403910849453322,1.6506036234931314,0.40753784693019346,3,0,17,17,late,0,1,1,stressed,0.9977,High,"Income drop >20%, 2+ late payments, EMI/income >35%, Rising cash advances, High debt load",2026-09-14 00:00:00,"[""Worst delay: 17 days past due (+39%)"", ""Income down 20% in the last 30 days (+19%)"", ""Total debt is 1.7x annual income (+12%)"", ""Spending is 91% of income (+10%)""]",High repayment risk (1.00): worst delay: 17 days past due; income down 20% in the last 30 days.
L0513,C0807,880354.0,668046.0,26900.0,29,14.1,2026-09-19,5,125303.0,0.015256846540268931,0.011691090387953684,0.020606527477257996,0.7189931605787571,0.0,0.5973314020148494,0.21467961660933896,0,0,0,0,on_time,0,0,0,normal,0.0076,Low,,2026-09-14 00:00:00,"[""Spending is 72% of income (+100%)""]",Low repayment risk (0.01): spending is 72% of income.
L0514,C0808,157561.0,126597.0,4986.0,32,14.9,2026-10-07,23,31949.0,0.001065329782234059,-0.006097371286358677,-0.023000908677873744,0.5384519077279414,-0.002395395862498056,0.4408875603826933,0.1560612225734765,0,0,0,0,on_time,0,0,0,normal,0.0045,Low,,2026-09-14 00:00:00,[],Low repayment risk (0.00).
L0515,C0809,245271.0,165247.0,3696.0,52,9.1,2026-09-19,5,30927.0,-0.012894577255753048,-0.01584725536992837,0.02424949750372818,0.5107834578200278,0.0,0.664322436705791,0.11950722669512077,0,0,0,0,on_time,0,0,0,normal,0.0342,Low,,2026-09-14 00:00:00,[],Low repayment risk (0.03).
L0516,C0810,310378.0,201946.0,6569.0,38,16.6,2026-10-05,21,39583.0,-0.008441883767535074,-0.048416953145659525,-0.03518184407938463,0.5133769547533031,0.0,0.48340617605200886,0.16595508172700402,0,0,0,0,on_time,0,0,0,normal,0.0058,Low,,2026-09-14 00:00:00,[],Low repayment risk (0.01).
L0517,C0811,282411.0,224149.0,12893.0,20,11.1,2026-09-20,6,59996.0,-0.03155719843101801,-0.03682774121046717,-0.006650091363867849,0.552720181345423,0.009433962264150943,0.5373080427584062,0.2148976598439896,0,0,0,0,on_time,0,0,0,normal,0.0039,Low,,2026-09-14 00:00:00,[],Low repayment risk (0.00).
L0518,C0812,239682.0,207551.0,5765.0,51,17.9,2026-09-23,9,28575.0,-0.005983233033012181,0.009004237288135597,0.06010354918586325,0.49441819772528434,-0.008721751412429379,0.7351881014873141,0.20174978127734033,0,0,0,0,on_time,0,0,0,normal,0.0044,Low,,2026-09-14 00:00:00,[],Low repayment risk (0.00).
L0519,C0813,93678.0,73834.0,6289.0,13,14.4,2026-10-01,17,27751.0,0.0011905620896168756,0.013661102385213786,0.09243116827894116,0.7406219595690245,0.0,0.3024845951497243,0.22662246405534936,0,0,0,0,on_time,0,0,0,normal,0.0026,Low,,2026-09-14 00:00:00,[],Low repayment risk (0.00).
L0520,C0814,303458.0,219910.0,9008.0,32,17.4,2026-09-18,4,65345.0,0.022949639161539803,0.002346913731746225,0.06699462420123736,0.6439360318310505,-0.006549883421278684,0.2986826332032545,0.13785293442497512,0,0,0,0,on_time,0,0,0,normal,0.0063,Low,,2026-09-14 00:00:00,[],Low repayment risk (0.01).
L0521,C0815,292579.0,183505.0,5733.0,40,13.3,2026-09-20,6,47070.0,0.03330186815357927,0.042548007707811974,0.10275056679642391,0.5476736775015933,-0.007397727524419146,0.3603020324339636,0.12179732313575525,0,0,0,0,on_time,0,0,0,normal,0.0038,Low,,2026-09-14 00:00:00,[],Low repayment risk (0.00).
L0522,C0816,74316.0,48468.0,4097.0,12,10.8,2026-10-05,21,9992.0,-0.14488660676080445,-0.2633984518982676,0.024493348253139313,0.8246597277822257,0.11138911128903123,0.5424673071790765,0.41002802241793435,2,0,9,21,late,0,1,1,stressed,0.9894,High,"Income drop >20%, 2+ late payments, EMI/income >35%, Rising cash advances",2026-09-14 00:00:00,"[""Worst delay: 21 days past due (+52%)"", ""Latest EMI paid 9 days late (+14%)"", ""Spending is 82% of income (+11%)"", ""Income down 26% in 60 days (+10%)""]",High repayment risk (0.99): worst delay: 21 days past due; latest emi paid 9 days late.
L0523,C0819,297117.0,237717.0,7889.0,38,16.3,2026-10-12,28,35407.0,-0.24765203348773956,-0.24688390692134254,-0.2475020880378631,0.6870392860168894,0.0,0.7295779553948842,0.22280904905809587,0,0,0,0,on_time,0,0,0,dip,0.0132,Low,Income drop >20%,2026-09-14 00:00:00,[],Low repayment risk (0.01).
L0524,C0823,804333.0,577539.0,14580.0,57,15.1,2026-09-18,4,37716.0,-0.1878028296401576,-0.33057631209953675,-0.044671056153310795,0.946362286562732,0.0940184537066497,1.6530186127903277,0.3865733375755647,1,0,5,5,late,0,1,0,stressed,0.9415,High,"Income drop >20%, EMI/income >35%, Rising cash advances, High debt load",2026-09-14 00:00:00,"[""Income down 19% in the last 30 days (+31%)"", ""Worst delay: 5 days past due (+22%)"", ""Total debt is 1.7x annual income (+19%)"", ""Latest EMI paid 5 days late (+17%)""]",High repayment risk (0.94): income down 19% in the last 30 days; worst delay: 5 days past due.
L0525,C0824,69940.0,52090.0,4715.0,12,10.5,2026-10-10,26,12996.0,-0.19648819092370473,-0.33687110929686703,0.03203943314849056,0.902200677131425,0.13357956294244383,0.439404432132964,0.36280393967374575,3,0,4,22,late,0,1,0,stressed,0.9912,High,"Income drop >20%, 2+ late payments, EMI/income >35%, Rising cash advances",2026-09-14 00:00:00,"[""Worst delay: 22 days past due (+39%)"", ""Income down 20% in the last 30 days (+22%)"", ""Latest EMI paid 4 days late (+12%)"", ""Spending is 90% of income (+10%)""]",High repayment risk (0.99): worst delay: 22 days past due; income down 20% in the last 30 days.
L0526,C0825,84185.0,57299.0,3320.0,20,11.2,2026-10-10,26,25578.0,0.019125029882859135,0.051943244910549025,0.06430689399555223,0.6735866760497302,-0.014682294879703886,0.23302577736075272,0.1297990460552037,0,0,0,0,on_time,0,0,0,normal,0.0049,Low,,2026-09-14 00:00:00,[],Low repayment risk (0.00).
L0527,C0826,518695.0,362615.0,9855.0,49,13.1,2026-10-01,17,43372.0,-0.0011514900280963358,0.014573440314393338,0.01854024876789495,0.6003873466752744,0.0,0.8318865473884841,0.22722032647791202,0,0,0,0,on_time,0,0,0,normal,0.003,Low,,2026-09-14 00:00:00,[],Low repayment risk (0.00).
L0528,C0827,192032.0,143427.0,5487.0,32,13.4,2026-09-24,10,36330.0,-0.026605578329716217,-0.021809369951534707,0.012493429830590763,0.6892925956509771,0.010597302504816955,0.3616868520047711,0.15103220478943022,0,0,0,0,on_time,0,0,0,normal,0.0103,Low,,2026-09-14 00:00:00,[],Low repayment risk (0.01).
L0529,C0829,183551.0,135517.0,4309.0,42,14.5,2026-10-05,21,20447.0,0.012929753294362412,-0.012937484914313346,-0.1141613659189823,0.6470386853817186,0.0,0.5641862701944865,0.21073996185259453,0,0,0,0,on_time,0,0,0,normal,0.0307,Low,,2026-09-14 00:00:00,[],Low repayment risk (0.03).
L0530,C0830,284601.0,189732.0,9573.0,23,15.0,2026-10-04,20,46151.0,0.0153118468815312,-0.0005414067914067955,-0.05526397036122255,0.7293449762735369,0.0,0.5637310134124938,0.20742779138046846,1,0,0,3,on_time,0,1,0,normal,0.0992,Low,,2026-09-14 00:00:00,[],Low repayment risk (0.10).
L0531,C0832,422167.0,293707.0,11318.0,31,15.5,2026-10-06,22,48687.0,-0.013934177215189858,-0.013334684365183924,0.043662792310466214,0.7727524801281657,0.0,0.6602772129452763,0.23246451824922465,0,0,0,0,on_time,0,0,0,normal,0.0114,Low,,2026-09-14 00:00:00,[],Low repayment risk (0.01).
L0532,C0833,183350.0,128725.0,7347.0,20,15.9,2026-10-06,22,41234.0,-0.0002666989938174824,0.0072058428393464435,-0.023452532220003652,0.6523500024251832,0.012150167337633992,0.4733270278572699,0.1781782024542853,0,0,0,0,on_time,0,0,0,normal,0.003,Low,,2026-09-14 00:00:00,[],Low repayment risk (0.00).
L0533,C0835,165615.0,141176.0,4088.0,46,13.4,2026-09-20,6,24678.0,-0.015832502492522438,-0.01646008528954601,0.0027760812836599147,0.7318664397439014,0.0,0.7149113920631062,0.16565361860766675,0,0,0,0,on_time,0,0,1,normal,0.0542,Low,,2026-09-14 00:00:00,[],Low repayment risk (0.05).
L0534,C0836,194935.0,143254.0,3689.0,52,11.6,2026-09-15,1,36209.0,-0.045373055628789905,-0.0022595133779724774,0.05940257976917862,0.7757463614018614,0.0,0.39350713910906127,0.10188074788036124,0,0,0,0,on_time,0,0,0,normal,0.124,Low,,2026-09-14 00:00:00,"[""Spending up 6% while income fell (+20%)""]",Low repayment risk (0.12): spending up 6% while income fell.
L0535,C0837,632484.0,440355.0,10882.0,59,16.5,2026-09-29,15,71242.0,-0.009427141268075645,-0.0063322918991296495,-0.038000769979844695,0.5962634401055558,0.0,0.6146760338002863,0.1527469750989585,0,0,0,0,on_time,0,0,0,normal,0.0098,Low,,2026-09-14 00:00:00,[],Low repayment risk (0.01).
L0536,C0838,426327.0,314293.0,8769.0,48,16.7,2026-10-02,18,35333.0,-0.017900325207771628,-0.022897596858493907,-0.0457109225562804,0.5506750063679846,-0.010646829457149969,0.9604618911499165,0.24818158661874168,0,0,0,0,on_time,0,0,0,normal,0.0018,Low,,2026-09-14 00:00:00,[],Low repayment risk (0.00).
L0537,C0840,257641.0,226055.0,5951.0,45,11.5,2026-10-03,19,29852.0,0.015788757315911228,-0.001304740557358408,-0.009041506605452998,0.7085957389789629,0.0,0.7296942695073474,0.19935012729465362,0,0,0,0,on_time,0,0,0,normal,0.0146,Low,,2026-09-14 00:00:00,"[""Spending is 71% of income (+100%)""]",Low repayment risk (0.01): spending is 71% of income.
L0538,C0842,249406.0,202303.0,4633.0,59,13.4,2026-10-03,19,32651.0,0.04977011863807346,0.04956764923334078,-0.012809441565918234,0.6302104070319439,0.0,0.5557052872295897,0.14189458209549477,0,0,0,0,on_time,0,0,0,normal,0.0023,Low,,2026-09-14 00:00:00,[],Low repayment risk (0.00).
L0539,C0844,298729.0,209440.0,7885.0,34,17.4,2026-09-19,5,48589.0,-0.006908251067917481,-0.023317051599027083,-0.005569342644427766,0.7092346004239642,0.009261355450822203,0.5156122441979323,0.1622795282882957,0,0,0,0,on_time,0,0,0,normal,0.0145,Low,,2026-09-14 00:00:00,"[""Spending is 71% of income (+100%)""]",Low repayment risk (0.01): spending is 71% of income.
L0540,C0846,270668.0,171947.0,9228.0,20,13.4,2026-10-11,27,76855.0,-0.0011826475710238205,0.00641655208537939,0.11397917158521542,0.5525470040986273,0.0,0.2199531585453126,0.1200702621820311,0,0,0,0,on_time,0,0,0,normal,0.0434,Low,,2026-09-14 00:00:00,[],Low repayment risk (0.04).
L0541,C0849,339818.0,222667.0,5392.0,56,11.8,2026-10-01,17,14841.0,-0.2488612207713331,-0.3888316929539184,-0.05742456254401651,1.1723603530759383,0.15073108281113132,1.325011791658244,0.3633178357253554,3,1,13,13,missed,1,1,1,stressed,0.9475,High,"Income drop >20%, 2+ late payments, EMI/income >35%, Rising cash advances, EMI missed / overdue",2026-09-14 00:00:00,"[""Worst delay: 13 days past due (+59%)"", ""Latest EMI paid 13 days late (+20%)"", ""Total debt is 1.3x annual income (+11%)"", ""Income down 39% in 60 days (+7%)""]",High repayment risk (0.95): worst delay: 13 days past due; latest emi paid 13 days late.
L0542,C0850,274787.0,237538.0,7610.0,40,14.7,2026-09-16,2,36866.0,-0.003486957696986037,0.012468417005382815,-0.02603882151571435,0.725438073021212,-0.013509455930366805,0.6011817573554675,0.2064232626268106,0,0,0,0,on_time,0,0,0,normal,0.0017,Low,,2026-09-14 00:00:00,[],Low repayment risk (0.00).
L0543,C0851,74040.0,59959.0,4154.0,16,14.6,2026-10-07,23,30697.0,0.014978177489749944,0.04071738540819103,0.055928745583917916,0.6913053392839691,0.002769000228035313,0.22780727758412875,0.1353226699677493,0,0,0,0,on_time,0,0,0,normal,0.0083,Low,,2026-09-14 00:00:00,[],Low repayment risk (0.01).
L0544,C0852,301143.0,202376.0,5826.0,46,16.7,2026-09-24,10,17060.0,-0.10352075669994742,-0.2120456329961664,0.04627833879489063,0.9170574443141852,0.10404454865181711,1.3399081672528332,0.3415005861664713,3,0,20,23,late,0,1,1,stressed,0.9969,High,"Income drop >20%, 2+ late payments, Rising cash advances",2026-09-14 00:00:00,"[""Worst delay: 23 days past due (+42%)"", ""Total debt is 1.3x annual income (+15%)"", ""Spending is 92% of income (+12%)"", ""Latest EMI paid 20 days late (+11%)""]",High repayment risk (1.00): worst delay: 23 days past due; total debt is 1.3x annual income.
L0545,C0853,333712.0,229453.0,9065.0,30,13.4,2026-10-12,28,21549.0,-0.17297359533312862,-0.3174864599499573,0.0013459705008131984,0.8285767320989373,0.1175924636874101,0.9817160889136387,0.4206691725834145,2,0,2,22,late,0,1,1,stressed,0.9741,High,"Income drop >20%, 2+ late payments, EMI/income >35%, Rising cash advances",2026-09-14 00:00:00,"[""Worst delay: 22 days past due (+57%)"", ""Latest EMI paid 2 days late (+14%)"", ""Spending is 83% of income (+11%)"", ""Total debt is 1.0x annual income (+6%)""]",High repayment risk (0.97): worst delay: 22 days past due; latest emi paid 2 days late.
L0546,C0854,191641.0,158551.0,6027.0,32,13.7,2026-10-01,17,30110.0,-0.0014922898358481484,-0.00993029067473361,-0.023354936649734315,0.5555297243440718,0.0,0.6002435514225617,0.20016605778811025,0,0,0,0,on_time,0,0,0,normal,0.011,Low,,2026-09-14 00:00:00,[],Low repayment risk (0.01).
L0547,C0857,1002232.0,661684.0,17041.0,48,11.6,2026-09-25,11,68780.0,0.0458768608488056,0.0004654680863442895,0.025084841628959298,0.5269991276533876,0.0,0.894143161771833,0.24776097702820588,0,0,0,0,on_time,0,0,0,normal,0.0032,Low,,2026-09-14 00:00:00,[],Low repayment risk (0.00).
L0548,C0858,207774.0,146842.0,6834.0,23,10.1,2026-09-23,9,41942.0,0.0018871079473521402,-0.006090191710704018,0.04150550431419231,0.6676839444947785,0.010180725764150493,0.4943731820132564,0.16293929712460065,0,0,0,5,on_time,0,1,0,normal,0.0178,Low,,2026-09-14 00:00:00,"[""Worst delay: 5 days past due (+100%)""]",Low repayment risk (0.02): worst delay: 5 days past due.
L0549,C0859,1422920.0,1123819.0,31538.0,51,16.3,2026-09-16,2,130138.0,-0.0253222387824954,0.013970158557014223,-0.012546645563039416,0.6567720419861993,-0.0026646928201332345,0.9619576910664064,0.24234274385652155,0,0,0,0,on_time,0,0,0,normal,0.001,Low,,2026-09-14 00:00:00,[],Low repayment risk (0.00).
L0550,C0862,244495.0,160607.0,4369.0,51,16.8,2026-09-19,5,38080.0,-0.007506255212677226,-0.02029895289305106,-0.024390243902439046,0.6176470588235294,0.0,0.5721769957983194,0.11473214285714285,0,0,0,0,on_time,0,0,0,normal,0.017,Low,,2026-09-14 00:00:00,[],Low repayment risk (0.02).
L0551,C0863,188514.0,152729.0,5941.0,31,11.9,2026-09-15,1,43460.0,0.005599518719052288,-0.00667398061802893,-0.04657598973978194,0.65,0.0,0.3939791379045866,0.13670041417395307,0,0,0,0,on_time,0,0,0,normal,0.0062,Low,,2026-09-14 00:00:00,[],Low repayment risk (0.01).
L0552,C0864,194062.0,175006.0,9850.0,21,16.7,2026-09-27,13,46886.0,-0.015372338191440238,-0.008899317225780523,0.01822099572827285,0.5744785223734163,0.005865290278547967,0.41692082924540375,0.21008403361344538,0,0,0,0,on_time,0,0,0,normal,0.0064,Low,,2026-09-14 00:00:00,[],Low repayment risk (0.01).
L0553,C0865,691409.0,434214.0,11589.0,49,15.5,2026-09-26,12,109722.0,0.0088451636631115,0.04035423738456001,0.05916773820838217,0.5180000364557701,0.0,0.3320680143149657,0.1056214797397058,0,0,0,0,on_time,0,0,0,normal,0.0206,Low,,2026-09-14 00:00:00,[],Low repayment risk (0.02).
L0554,C0868,321573.0,237160.0,7692.0,40,17.2,2026-10-04,20,43235.0,0.0014360827368957718,0.02918422242852725,0.07927684052786765,0.5164103157164335,0.009436798889788366,0.5355807409120696,0.17791141436336302,1,0,0,1,on_time,0,1,0,normal,0.014,Low,,2026-09-14 00:00:00,[],Low repayment risk (0.01).
L0555,C0869,113844.0,76933.0,4087.0,22,12.1,2026-09-17,3,17325.0,0.0008665511265164572,-0.006480100929005639,-0.05197204594746563,0.6812121212121212,0.0,0.43746993746993745,0.2359018759018759,0,0,0,0,on_time,0,0,0,normal,0.021,Low,,2026-09-14 00:00:00,[],Low repayment risk (0.02).
L0556,C0870,820970.0,553230.0,13947.0,58,15.7,2026-09-17,3,36239.0,-0.2037134695671281,-0.36255057167985927,-0.04623579963505797,0.8942575678136814,0.13684152432462265,1.622179603925789,0.3848616131791716,3,0,13,18,late,0,1,1,stressed,0.9922,High,"Income drop >20%, 2+ late payments, EMI/income >35%, Rising cash advances, High debt load",2026-09-14 00:00:00,"[""Worst delay: 18 days past due (+40%)"", ""Income down 20% in the last 30 days (+20%)"", ""Latest EMI paid 13 days late (+13%)"", ""Total debt is 1.6x annual income (+10%)""]",High repayment risk (0.99): worst delay: 18 days past due; income down 20% in the last 30 days.
L0557,C0873,302347.0,247877.0,6962.0,47,11.9,2026-09-18,4,37728.0,-0.0022742899455228116,0.022383610644409524,0.07135571784096939,0.6960347752332485,-0.0035228442902823696,0.5752712397512015,0.18453138252756573,0,0,0,0,on_time,0,0,0,normal,0.0109,Low,,2026-09-14 00:00:00,[],Low repayment risk (0.01).
L0558,C0874,53858.0,38825.0,1998.0,21,11.2,2026-09-30,16,15982.0,-0.0023720349563046694,-0.002434304974720636,0.03742203742203731,0.5620072581654361,-0.010486236814181387,0.41042005589621655,0.12501564259792267,0,0,0,0,on_time,0,0,0,normal,0.0198,Low,,2026-09-14 00:00:00,[],Low repayment risk (0.02).
L0559,C0877,207242.0,149573.0,5504.0,32,15.5,2026-10-10,26,21485.0,-0.3007095430282515,-0.28306860651361454,-0.29702970297029707,0.7204095880847102,-0.011412172984516819,0.8538825537196494,0.2561787293460554,0,0,0,3,on_time,0,1,0,dip,0.0067,Low,Income drop >20%,2026-09-14 00:00:00,[],Low repayment risk (0.01).
L0560,C0878,78423.0,68212.0,4845.0,15,14.2,2026-09-15,1,21468.0,-0.03505933117583604,-0.012193438549671032,-0.05119571192963168,0.643143283025899,0.0,0.38754192286193406,0.225684740078256,0,0,0,0,on_time,0,0,0,normal,0.0105,Low,,2026-09-14 00:00:00,[],Low repayment risk (0.01).
L0561,C0882,164666.0,136572.0,7221.0,20,11.2,2026-09-15,1,54407.0,-0.03274724883997937,0.0032083786624379496,0.04311310190369544,0.7190802654070249,0.005330196482070322,0.24708524025707476,0.132721892403551,0,0,0,0,on_time,0,0,1,normal,0.8495,High,,2026-09-14 00:00:00,"[""Spending is 72% of income (+38%)""]",High repayment risk (0.85): spending is 72% of income.
L0562,C0883,174089.0,156357.0,3815.0,52,9.1,2026-10-12,28,21473.0,-0.011917909074176336,0.004021134333941134,0.04989475325485304,0.6271596889116565,0.0,0.642958599171052,0.17766497461928935,0,0,0,0,on_time,0,0,0,normal,0.0353,Low,,2026-09-14 00:00:00,[],Low repayment risk (0.04).
L0563,C0884,210548.0,176124.0,5683.0,41,15.3,2026-09-15,1,24879.0,0.04397633334732065,0.03987460815047017,0.09375714612394237,0.5767514771494031,-0.015005224660397075,0.663735814676367,0.2284255798062623,0,0,0,0,on_time,0,0,0,normal,0.0023,Low,,2026-09-14 00:00:00,[],Low repayment risk (0.00).
L0564,C0887,182827.0,134458.0,9324.0,16,13.5,2026-10-03,19,71321.0,4.2065116800715785e-05,0.013413473151739908,-0.03190341851974776,0.6543654744044531,0.0,0.16528792361296113,0.13073288372288666,0,0,0,0,on_time,0,0,0,normal,0.0056,Low,,2026-09-14 00:00:00,[],Low repayment risk (0.01).
L0565,C0890,114697.0,103905.0,8237.0,14,9.9,2026-09-21,7,19845.0,-0.12929975429975427,-0.2153955639900368,0.007931797334484347,0.9412950365331317,0.08576467624086671,0.8385025615184345,0.4150667674477198,2,0,9,9,late,0,1,1,stressed,0.7415,High,"Income drop >20%, 2+ late payments, EMI/income >35%, Rising cash advances",2026-09-14 00:00:00,"[""Worst delay: 9 days past due (+40%)"", ""Latest EMI paid 9 days late (+29%)"", ""Income down 22% in 60 days (+18%)"", ""Income down 13% in the last 30 days (+3%)""]",High repayment risk (0.74): worst delay: 9 days past due; latest emi paid 9 days late.
L0566,C0891,882742.0,594721.0,14655.0,47,10.1,2026-09-21,7,95268.0,0.018255664814023076,-0.0014150498412,0.0344418892623386,0.6138157618507789,0.0,0.554859274187905,0.15382919763194358,0,0,0,0,on_time,0,0,0,normal,0.0228,Low,,2026-09-14 00:00:00,[],Low repayment risk (0.02).
L0567,C0893,378147.0,238367.0,18758.0,14,17.5,2026-10-05,21,46752.0,-0.22593463359713895,-0.37940372209095496,0.06358892011240469,0.8500385010266941,0.1407854209445585,0.8124233544375998,0.40122347707049966,1,0,9,9,late,0,1,1,stressed,0.9807,High,"Income drop >20%, EMI/income >35%, Rising cash advances",2026-09-14 00:00:00,"[""Worst delay: 9 days past due (+30%)"", ""Latest EMI paid 9 days late (+18%)"", ""Income down 23% in the last 30 days (+15%)"", ""Spending is 85% of income (+13%)""]",High repayment risk (0.98): worst delay: 9 days past due; latest emi paid 9 days late.
L0568,C0895,576362.0,450164.0,13040.0,40,10.0,2026-09-27,13,103078.0,-0.01896812631458733,-0.017790271094382804,0.014835858585858563,0.6861793981256912,-0.01482681404545238,0.4061511670773589,0.12650614098061663,0,0,0,0,on_time,0,0,0,normal,0.0245,Low,,2026-09-14 00:00:00,[],Low repayment risk (0.02).
L0569,C0900,397217.0,353142.0,12267.0,34,9.9,2026-10-01,17,65765.0,0.011738100366142534,0.021290803491008425,0.023306885803343613,0.658937124610355,0.0049210885012444805,0.4852631845713272,0.18652778833726147,0,0,0,0,on_time,0,0,0,normal,0.003,Low,,2026-09-14 00:00:00,[],Low repayment risk (0.00).
L0570,C0901,80531.0,55159.0,4296.0,13,10.6,2026-10-12,28,36634.0,0.01845982763413967,0.027399949519028466,0.009484600552399858,0.52877108696839,0.009553966260850576,0.22874242506960746,0.11726811159032592,0,0,0,0,on_time,0,0,0,normal,0.0031,Low,,2026-09-14 00:00:00,[],Low repayment risk (0.00).
L0571,C0903,355909.0,222511.0,9656.0,29,15.5,2026-10-04,20,55532.0,0.03344189076021209,0.019309838472834073,0.02402185517804445,0.5872469927249153,0.0,0.4574899757497179,0.17388172585176115,0,0,0,5,on_time,0,1,0,normal,0.0057,Low,,2026-09-14 00:00:00,"[""Worst delay: 5 days past due (+100%)""]",Low repayment risk (0.01): worst delay: 5 days past due.
L0572,C0905,125742.0,79108.0,2213.0,49,14.7,2026-10-06,22,20315.0,0.03605671154630774,0.03242364181531743,-0.00039172673143217374,0.6280580851587497,0.0,0.5558987611781114,0.10893428501107556,0,0,0,0,on_time,0,0,0,normal,0.0136,Low,,2026-09-14 00:00:00,[],Low repayment risk (0.01).
L0573,C0906,129376.0,88287.0,5686.0,17,14.2,2026-10-03,19,25285.0,0.003572137328835101,0.012858516263419384,-0.015766911283877083,0.53573264781491,0.002985666969690854,0.33686968558433855,0.2248764089381056,0,0,0,0,on_time,0,0,0,normal,0.001,Low,,2026-09-14 00:00:00,[],Low repayment risk (0.00).
L0574,C0907,342292.0,273610.0,7684.0,42,11.8,2026-09-25,11,43326.0,0.02780281823788955,0.0040322580645162365,0.03590776955602526,0.7237917185985321,0.009278493283478743,0.7113049900752435,0.1773530905230116,0,0,0,0,on_time,0,0,0,normal,0.0057,Low,,2026-09-14 00:00:00,[],Low repayment risk (0.01).
L0575,C0909,348575.0,297163.0,13036.0,27,10.4,2026-09-29,15,86484.0,0.004214999825826515,0.030049665916318302,0.02303904326415762,0.6053489662827807,0.002150686832246427,0.426363065229792,0.1507330835761528,0,0,0,0,on_time,0,0,0,normal,0.0027,Low,,2026-09-14 00:00:00,[],Low repayment risk (0.00).
L0576,C0910,496088.0,414411.0,11233.0,55,16.8,2026-09-16,2,57889.0,0.03371368368422001,0.027110945511967577,0.024667405764966732,0.574772409266009,-0.00573091322013449,0.7740460191055295,0.1940437734284579,0,0,0,0,on_time,0,0,0,normal,0.0024,Low,,2026-09-14 00:00:00,[],Low repayment risk (0.00).
L0577,C0911,266712.0,189633.0,8538.0,26,10.5,2026-09-30,16,43678.0,-0.008084661852205133,-0.004852931124831983,-0.03717826501429933,0.624341773890746,-0.004101068556196031,0.5062254834623074,0.19547598333257019,0,0,0,0,on_time,0,0,0,normal,0.0034,Low,,2026-09-14 00:00:00,[],Low repayment risk (0.00).
L0578,C0913,179371.0,123941.0,4632.0,34,16.5,2026-09-15,1,26760.0,-0.023713973002553845,0.015945330296127658,0.07238828055637758,0.6770553064275038,0.0,0.5379484304932736,0.17309417040358743,0,0,0,0,on_time,0,0,0,normal,0.0122,Low,,2026-09-14 00:00:00,[],Low repayment risk (0.01).
L0579,C0914,232834.0,159856.0,5145.0,43,16.9,2026-09-30,16,35698.0,0.014176539106224517,0.0029781973477185364,0.06024365210406524,0.665555493304947,0.002378981196634926,0.4439907931350029,0.14412572132892598,0,0,0,0,on_time,0,0,0,normal,0.0076,Low,,2026-09-14 00:00:00,[],Low repayment risk (0.01).
L0580,C0915,205015.0,174223.0,4398.0,58,14.3,2026-10-12,28,25071.0,0.0029202336186895383,0.009218259399404127,-0.04220833102837862,0.6905986996928722,0.0,0.7608491883052132,0.17542180208208688,1,0,2,2,late,0,1,0,normal,0.1657,Low,,2026-09-14 00:00:00,"[""Latest EMI paid 2 days late (+32%)""]",Low repayment risk (0.17): latest emi paid 2 days late.
L0581,C0916,168132.0,136866.0,4892.0,38,17.9,2026-10-08,24,19903.0,-0.04035679845708773,-0.00215582071593301,-0.060620858039762804,0.6765814198864493,0.0024619404109933176,0.7369659515315949,0.2457920916444757,0,0,0,0,on_time,0,0,0,normal,0.0216,Low,,2026-09-14 00:00:00,[],Low repayment risk (0.02).
L0582,C0917,148646.0,116157.0,9529.0,13,11.8,2026-09-22,8,44766.0,-0.009294914354003425,-0.019128377045947498,-0.017725210628645516,0.6771433677344413,0.0,0.45465680799416225,0.21286244024482867,0,0,0,0,on_time,0,0,0,normal,0.0037,Low,,2026-09-14 00:00:00,[],Low repayment risk (0.00).
L0583,C0919,660685.0,433565.0,16753.0,29,13.1,2026-10-11,27,42621.0,-0.09930262045646665,-0.21346054477005982,-0.015688820363006895,0.8537809999765373,0.10971117524225148,0.9265229190618084,0.3930691443185284,3,0,3,16,late,0,1,1,stressed,0.988,High,"Income drop >20%, 2+ late payments, EMI/income >35%, Rising cash advances",2026-09-14 00:00:00,"[""Worst delay: 16 days past due (+58%)"", ""Latest EMI paid 3 days late (+14%)"", ""Spending is 85% of income (+12%)"", ""Income down 21% in 60 days (+9%)""]",High repayment risk (0.99): worst delay: 16 days past due; latest emi paid 3 days late.
L0584,C0922,187946.0,161684.0,5277.0,35,10.8,2026-09-21,7,48966.0,-0.009907796829505044,-0.018756763255981745,-0.06479834464733003,0.5261201650124576,-0.012384273175423831,0.40335981429291073,0.10776865580198505,0,0,0,0,on_time,0,0,0,normal,0.0677,Low,,2026-09-14 00:00:00,[],Low repayment risk (0.07).
L0585,C0925,259943.0,195025.0,6280.0,44,16.9,2026-09-24,10,26437.0,0.0007192066015595522,0.0033017077798862537,0.0361382909328114,0.6008246018837236,0.0,0.8544180504595832,0.2375458637515603,0,0,0,0,on_time,0,0,0,normal,0.0097,Low,,2026-09-14 00:00:00,[],Low repayment risk (0.01).
L0586,C0928,213166.0,147623.0,3570.0,56,15.4,2026-10-03,19,27128.0,0.005709201453251378,0.008438348016802433,0.020516047828823103,0.597758773223238,-0.016839522694323632,0.7009608768308268,0.13159834856974345,0,0,0,0,on_time,0,0,0,normal,0.0124,Low,,2026-09-14 00:00:00,[],Low repayment risk (0.01).
L0587,C0929,207900.0,159730.0,5080.0,40,13.4,2026-09-18,4,38134.0,-0.007340691378592279,-0.021427288357412255,-0.002993458738312582,0.7074526669114176,0.009938637436408455,0.4549046345343613,0.1332144542927571,0,0,0,0,on_time,0,0,0,normal,0.0155,Low,,2026-09-14 00:00:00,"[""Spending is 71% of income (+100%)""]",Low repayment risk (0.02): spending is 71% of income.
L0588,C0930,407068.0,276899.0,5595.0,59,9.2,2026-09-25,11,27758.0,0.05431479793375882,-0.0022644764746054813,0.0005931979963089695,0.5469053966424094,0.0,0.9305125249177414,0.20156351322141364,0,0,0,0,on_time,0,0,0,normal,0.0035,Low,,2026-09-14 00:00:00,[],Low repayment risk (0.00).
L0589,C0931,119474.0,99533.0,6349.0,18,17.4,2026-10-04,20,29659.0,0.00396046306952802,0.030327242409504684,0.012298232129131392,0.5772615394989716,0.0,0.41473920226575406,0.21406655652584375,0,0,0,0,on_time,0,0,0,normal,0.0017,Low,,2026-09-14 00:00:00,[],Low repayment risk (0.00).
L0590,C0932,127731.0,88042.0,4033.0,25,12.2,2026-10-05,21,21331.0,-0.011858989206466886,-0.032563835094562066,-0.044337453291175666,0.623458815807979,0.004922413388964418,0.5579164908661884,0.1890675542637476,0,0,0,0,on_time,0,0,0,normal,0.026,Low,,2026-09-14 00:00:00,[],Low repayment risk (0.03).
L0591,C0933,510825.0,460471.0,14178.0,41,13.9,2026-10-07,23,69832.0,-0.028883728045168144,-0.012626369741958299,0.001591902680098789,0.6036630770993241,0.0,0.564924867300569,0.20303012945354565,0,0,0,0,on_time,0,0,0,normal,0.0141,Low,,2026-09-14 00:00:00,[],Low repayment risk (0.01).
L0592,C0935,507370.0,385792.0,10404.0,53,17.6,2026-10-01,17,48279.0,-0.014915323403387082,-0.0019225998511535058,0.014436784927996493,0.582178586963276,-0.005664433970065327,0.9025853200494349,0.21549742123904803,0,0,0,0,on_time,0,0,0,normal,0.0036,Low,,2026-09-14 00:00:00,[],Low repayment risk (0.00).
L0593,C0936,455251.0,395863.0,18196.0,24,14.1,2026-09-17,3,102773.0,0.010997983375141462,-0.00664984873527219,0.017849664235684903,0.6857929611863038,-0.013676651105247389,0.4941002662826488,0.17705039261284578,0,0,0,0,on_time,0,0,0,normal,0.0087,Low,,2026-09-14 00:00:00,[],Low repayment risk (0.01).
L0594,C0938,1649834.0,1050056.0,27371.0,44,9.1,2026-09-15,1,174053.0,0.007472708118683613,0.009166705320283963,-0.02653042932687999,0.6240053317093069,0.01215721648003769,0.5570568543298114,0.15725669767254802,0,0,0,0,on_time,0,0,0,normal,0.0035,Low,,2026-09-14 00:00:00,[],Low repayment risk (0.00).
L0595,C0939,271141.0,189249.0,5620.0,45,13.9,2026-10-10,26,34755.0,-0.016275120294367396,0.01861078546307149,0.027034731790753996,0.6219536757301107,-0.009349355216881594,0.5258332134465065,0.16170335203567832,1,0,0,5,on_time,0,1,0,normal,0.0105,Low,,2026-09-14 00:00:00,"[""Worst delay: 5 days past due (+72%)""]",Low repayment risk (0.01): worst delay: 5 days past due.
L0596,C0940,202404.0,166553.0,11667.0,16,16.2,2026-10-02,18,29885.0,-0.1707824639289678,-0.30672512584962996,0.004539225762247412,0.7849422787351514,0.12758909151748368,0.4653114717528303,0.39039651999330766,2,1,12,25,missed,1,1,0,stressed,0.6806,High,"Income drop >20%, 2+ late payments, EMI/income >35%, Rising cash advances, EMI missed / overdue",2026-09-14 00:00:00,"[""Worst delay: 25 days past due (+69%)"", ""Latest EMI paid 12 days late (+23%)""]",High repayment risk (0.68): worst delay: 25 days past due; latest emi paid 12 days late.
L0597,C0941,342330.0,274071.0,7544.0,47,15.4,2026-10-02,18,21879.0,-0.15217391304347827,-0.3013698630136986,-0.017011298230654393,1.0537958773252891,0.13049042460807167,1.1605611164434695,0.34480552127610953,2,0,12,14,late,0,1,1,stressed,0.9508,High,"Income drop >20%, 2+ late payments, Rising cash advances",2026-09-14 00:00:00,"[""Worst delay: 14 days past due (+65%)"", ""Latest EMI paid 12 days late (+19%)"", ""Total debt is 1.2x annual income (+8%)"", ""EMI takes 34% of income (+4%)""]",High repayment risk (0.95): worst delay: 14 days past due; latest emi paid 12 days late.
L0598,C0942,526063.0,341813.0,9372.0,47,13.6,2026-09-26,12,45114.0,-0.01573033707865168,-0.044943582361284595,0.04844493708026332,0.7128607527596755,-0.009756809940816697,0.7934140917084128,0.20774039100944275,0,0,0,4,on_time,0,1,0,normal,0.1142,Low,,2026-09-14 00:00:00,"[""Spending is 71% of income (+69%)""]",Low repayment risk (0.11): spending is 71% of income.
L0599,C0943,297849.0,204408.0,13311.0,17,10.8,2026-09-18,4,40082.0,-0.18413124898225042,-0.2941942981915512,-0.016201117318435765,0.9665685345042663,0.09757497130881693,0.6764091944846399,0.3320942068759044,2,0,14,15,late,0,1,1,stressed,0.9856,High,"Income drop >20%, 2+ late payments, Rising cash advances",2026-09-14 00:00:00,"[""Worst delay: 15 days past due (+53%)"", ""Income down 18% in the last 30 days (+24%)"", ""Latest EMI paid 14 days late (+13%)"", ""Spending is 97% of income (+7%)""]",High repayment risk (0.99): worst delay: 15 days past due; income down 18% in the last 30 days.
L0600,C0945,483976.0,351106.0,11842.0,36,16.3,2026-10-07,23,73902.0,-0.19988307132649086,-0.20778260170445406,-0.22893776062844984,0.6029877405212308,0.0,0.6249357256907797,0.16023923574463478,0,0,0,0,on_time,0,0,0,dip,0.172,Low,Income drop >20%,2026-09-14 00:00:00,"[""Income down 20% in the last 30 days (+88%)"", ""Income down 21% in 60 days (+8%)""]",Low repayment risk (0.17): income down 20% in the last 30 days; income down 21% in 60 days.
L0601,C0948,48961.0,33047.0,2898.0,13,16.2,2026-09-28,14,23874.0,-0.02840631613218292,-0.027654461776564943,-0.008791760864104492,0.49585322945463683,0.002429421127586496,0.25092499511323335,0.12138728323699421,0,0,0,0,on_time,0,0,0,normal,0.0058,Low,,2026-09-14 00:00:00,[],Low repayment risk (0.01).
L0602,C0949,185285.0,136688.0,11533.0,12,10.5,2026-09-23,9,31047.0,-0.1874852791081102,-0.3294529275825576,0.00920659121562184,1.1086417367217445,0.11730601990530486,0.38075068981436744,0.3714690630334654,3,1,21,21,missed,1,1,1,stressed,0.9928,High,"Income drop >20%, 2+ late payments, EMI/income >35%, Rising cash advances, EMI missed / overdue",2026-09-14 00:00:00,"[""Worst delay: 21 days past due (+46%)"", ""Income down 19% in the last 30 days (+24%)"", ""Latest EMI paid 21 days late (+12%)"", ""Income down 33% in 60 days (+8%)""]",High repayment risk (0.99): worst delay: 21 days past due; income down 19% in the last 30 days.
L0603,C0951,281645.0,188859.0,5036.0,47,11.4,2026-10-04,20,27981.0,-0.0026732249786142193,0.021987654771905563,0.027751147888389838,0.7279582573889425,0.0,0.7696115221042851,0.1799792716486187,0,0,0,0,on_time,0,0,0,normal,0.0114,Low,,2026-09-14 00:00:00,[],Low repayment risk (0.01).
L0604,C0952,241878.0,162706.0,5893.0,32,13.3,2026-10-12,28,26036.0,0.0016928285626347517,-0.002643171806167355,-0.07512722646310432,0.5584191119987709,-0.01107067611568665,0.7631612638910227,0.22634045168228606,0,0,0,0,on_time,0,0,0,normal,0.0161,Low,,2026-09-14 00:00:00,[],Low repayment risk (0.02).
L0605,C0953,1571387.0,987361.0,22494.0,54,10.8,2026-10-07,23,146557.0,0.023857428287993754,0.038247920769634014,-0.030225395360227614,0.7025252973245905,0.0,0.7092718191556868,0.153482945202208,0,0,0,0,on_time,0,0,0,normal,0.0038,Low,,2026-09-14 00:00:00,"[""Spending is 70% of income (+100%)""]",Low repayment risk (0.00): spending is 70% of income.
L0606,C0955,123310.0,99635.0,3163.0,40,14.9,2026-09-23,9,18295.0,-0.015974612736660898,0.00843346929776212,0.08211540086170488,0.700136649357748,0.0,0.4717864626036258,0.1728887674227931,1,0,2,2,late,0,1,1,normal,0.9294,High,,2026-09-14 00:00:00,"[""Spending is 70% of income (+24%)"", ""Latest EMI paid 2 days late (+19%)""]",High repayment risk (0.93): spending is 70% of income; latest emi paid 2 days late.
L0607,C0956,168286.0,121424.0,5424.0,25,12.8,2026-09-21,7,26276.0,-0.039198478864999275,-0.015474540072689114,0.004774647148328981,0.7288019485462018,0.0,0.5840247120312579,0.20642411325924798,0,0,0,0,on_time,0,0,0,normal,0.0468,Low,,2026-09-14 00:00:00,[],Low repayment risk (0.05).
L0608,C0957,278323.0,221775.0,6033.0,42,9.9,2026-09-17,3,37090.0,0.012143539364169786,-0.018679225314848114,-0.04910736610491573,0.5126718792127258,0.0,0.7059494922261167,0.16265839849015906,0,0,0,0,on_time,0,0,0,normal,0.0597,Low,,2026-09-14 00:00:00,[],Low repayment risk (0.06).
L0609,C0959,243725.0,156043.0,11479.0,14,11.0,2026-09-27,13,51574.0,0.04532003729376943,0.03516518806952762,0.07572614107883813,0.5428898282080118,0.005196416799162369,0.38640432517676865,0.2225733896924807,0,0,0,0,on_time,0,0,0,normal,0.0015,Low,,2026-09-14 00:00:00,[],Low repayment risk (0.00).
L0610,C0961,180151.0,114659.0,3641.0,36,9.9,2026-10-03,19,27580.0,0.004955545838799091,-0.0025316455696202667,-0.026055749471510792,0.7183103698332125,-0.0015551537070524412,0.5059825960841189,0.13201595358955764,0,0,0,0,on_time,0,0,0,normal,0.0198,Low,,2026-09-14 00:00:00,"[""Spending is 72% of income (+100%)""]",Low repayment risk (0.02): spending is 72% of income.
L0611,C0962,224511.0,172387.0,8486.0,23,10.5,2026-09-23,9,44040.0,-0.024973432518597183,-0.031811286741266764,-0.11291705129895824,0.6109673024523161,-0.003533797531596045,0.4099947017862549,0.19268846503178927,0,0,0,0,on_time,0,0,0,normal,0.0947,Low,,2026-09-14 00:00:00,[],Low repayment risk (0.09).
L0612,C0963,97410.0,77020.0,5026.0,18,16.6,2026-09-21,7,23532.0,-0.06078627020554783,-0.012588116817724093,-0.013227999265111201,0.6847271800101988,0.0,0.5042778627684288,0.21358150603433623,1,0,0,5,on_time,0,1,0,normal,0.0739,Low,,2026-09-14 00:00:00,"[""Worst delay: 5 days past due (+73%)"", ""Income down 6% in the last 30 days (+17%)""]",Low repayment risk (0.07): worst delay: 5 days past due; income down 6% in the last 30 days.
L0613,C0964,118439.0,88634.0,3178.0,35,13.9,2026-09-18,4,27967.0,0.0059348248327457664,-0.0005360588950039658,-0.011044474793658332,0.5955232953123324,0.0,0.32909023730348863,0.11363392569814425,0,0,0,0,on_time,0,0,0,normal,0.0051,Low,,2026-09-14 00:00:00,[],Low repayment risk (0.01).
L0614,C0965,120916.0,94113.0,4257.0,24,11.0,2026-10-08,24,24074.0,-0.002155351073530598,0.020517168291648957,-0.06973545829625438,0.47765223892996594,0.0,0.5606913405887403,0.17682977486084572,0,0,0,0,on_time,0,0,0,normal,0.0578,Low,,2026-09-14 00:00:00,[],Low repayment risk (0.06).
L0615,C0967,834081.0,570345.0,15930.0,45,11.2,2026-09-26,12,64920.0,-0.011721723245547322,0.026468077032539616,0.018844829784521178,0.6154343807763402,-0.003099010214084685,0.7777918977202711,0.2453789279112754,0,0,0,0,on_time,0,0,0,normal,0.0019,Low,,2026-09-14 00:00:00,[],Low repayment risk (0.00).
L0616,C0969,924429.0,592572.0,15296.0,57,15.8,2026-10-10,26,61328.0,0.002550186359772555,-0.013019617941001371,-0.086424142758728,0.6703300286981476,0.0,1.0311508065918775,0.2494129924341247,0,0,0,0,on_time,0,0,0,normal,0.0218,Low,,2026-09-14 00:00:00,"[""Total debt is 1.0x annual income (+16%)""]",Low repayment risk (0.02): total debt is 1.0x annual income.
L0617,C0970,240754.0,156433.0,9493.0,19,14.6,2026-09-28,14,37909.0,-0.029467485919098868,-0.0348049699562073,-0.08767051872447651,0.5539581629692157,0.004161295066545299,0.5538350611552226,0.2504154686222269,0,0,0,0,on_time,0,0,0,normal,0.0152,Low,,2026-09-14 00:00:00,[],Low repayment risk (0.02).
L0618,C0971,662756.0,470869.0,14096.0,45,16.4,2026-09-16,2,36775.0,-0.2162023913553145,-0.3324680982374617,-0.0013516690173953627,0.9241604350781781,0.10131883072739632,1.1587015635622027,0.38330387491502377,3,0,19,19,late,0,1,1,stressed,0.9973,High,"Income drop >20%, 2+ late payments, EMI/income >35%, Rising cash advances",2026-09-14 00:00:00,"[""Worst delay: 19 days past due (+44%)"", ""Income down 22% in the last 30 days (+11%)"", ""Spending is 92% of income (+11%)"", ""Latest EMI paid 19 days late (+10%)""]",High repayment risk (1.00): worst delay: 19 days past due; income down 22% in the last 30 days.
L0619,C0973,166754.0,119665.0,7773.0,17,17.4,2026-09-30,16,61041.0,0.024057577130202734,0.037177374135558106,-0.0007568728941842462,0.6704837732016186,0.0,0.19254135198746197,0.12734063989777364,0,0,0,0,on_time,0,0,0,normal,0.004,Low,,2026-09-14 00:00:00,[],Low repayment risk (0.00).
L0620,C0974,325142.0,260721.0,5840.0,57,11.4,2026-09-22,8,33495.0,-0.18434189699257275,-0.21067515022976313,-0.21351756908840813,0.7510971786833855,0.009553664726078518,0.7805095287853908,0.17435438125093297,0,0,0,0,on_time,0,0,0,dip,0.0695,Low,Income drop >20%,2026-09-14 00:00:00,"[""Income down 18% in the last 30 days (+75%)"", ""Income down 21% in 60 days (+8%)""]",Low repayment risk (0.07): income down 18% in the last 30 days; income down 21% in 60 days.
L0621,C0975,433484.0,271709.0,10810.0,28,12.4,2026-09-28,14,52419.0,0.008329165544569639,0.020420478878723003,0.007530162640315696,0.6866212632823976,0.0024227856311642725,0.46282677400688044,0.20622293443217155,0,0,0,0,on_time,0,0,0,normal,0.003,Low,,2026-09-14 00:00:00,[],Low repayment risk (0.00).
L0622,C0976,262108.0,181139.0,8178.0,27,14.9,2026-09-25,11,45402.0,0.0062053986968662045,-0.023171754986122783,0.0320063483666182,0.5155940266948592,-0.0009466640848555262,0.5026760935641602,0.18012422360248448,0,0,0,0,on_time,0,0,0,normal,0.0153,Low,,2026-09-14 00:00:00,[],Low repayment risk (0.02).
L0623,C0977,117258.0,90650.0,4737.0,21,10.8,2026-10-05,21,22714.0,-0.015516643550624099,-0.02985520864476998,-0.02674618789965566,0.6968829796601215,0.011578761997006252,0.410679169968595,0.20854979307915822,0,0,0,0,on_time,0,0,0,normal,0.0055,Low,,2026-09-14 00:00:00,[],Low repayment risk (0.01).
L0624,C0979,135903.0,115570.0,3557.0,43,16.2,2026-10-05,21,26293.0,-0.018405137011871853,-0.01932042818246238,0.046904711599408344,0.5653596014148252,0.0,0.45384386211792743,0.13528315521241396,0,0,0,0,on_time,0,0,0,normal,0.0477,Low,,2026-09-14 00:00:00,[],Low repayment risk (0.05).
L0625,C0981,584096.0,486341.0,12356.0,50,13.6,2026-10-05,21,53677.0,0.02265279682975163,0.005526207335805999,0.06549676837516905,0.5282523240866666,0.0,0.8752553856089821,0.23019170221882743,0,0,0,0,on_time,0,0,0,normal,0.004,Low,,2026-09-14 00:00:00,[],Low repayment risk (0.00).
L0626,C0987,182521.0,134923.0,5206.0,34,16.5,2026-09-17,3,14334.0,-0.10736081703823641,-0.23310684286555028,-0.03359898569099806,0.7444537463373797,0.09829775359285614,1.0701537137807544,0.36319240965536487,3,0,21,24,late,0,1,1,stressed,0.9828,High,"Income drop >20%, 2+ late payments, EMI/income >35%, Rising cash advances",2026-09-14 00:00:00,"[""Worst delay: 24 days past due (+56%)"", ""Latest EMI paid 21 days late (+14%)"", ""Income down 23% in 60 days (+11%)"", ""Total debt is 1.1x annual income (+11%)""]",High repayment risk (0.98): worst delay: 24 days past due; latest emi paid 21 days late.
L0627,C0988,282931.0,188455.0,4455.0,56,13.1,2026-10-02,18,25148.0,0.01649151172190777,0.011218786440950534,0.056451612903225756,0.6563543820582154,0.0019484650866868141,0.7670556969407772,0.17715126451407667,0,0,0,0,on_time,0,0,0,normal,0.0063,Low,,2026-09-14 00:00:00,[],Low repayment risk (0.01).
L0628,C0989,296182.0,221345.0,7645.0,37,12.8,2026-10-08,24,40140.0,0.0182648401826484,0.019273253599451534,0.07518955349620904,0.6358993522670653,0.0,0.6261169240989869,0.19045839561534628,0,0,0,0,on_time,0,0,0,normal,0.0106,Low,,2026-09-14 00:00:00,[],Low repayment risk (0.01).
L0629,C0990,229542.0,148736.0,3678.0,57,14.6,2026-09-30,16,17332.0,-0.17083672200162658,-0.17242037912428976,-0.13190156599552572,0.5597161320101546,0.018059081467805216,0.9638193322563274,0.21220863143318716,0,0,0,0,on_time,0,0,0,dip,0.0119,Low,,2026-09-14 00:00:00,"[""Income down 17% in the last 30 days (+86%)""]",Low repayment risk (0.01): income down 17% in the last 30 days.
L0630,C0991,201616.0,137619.0,5430.0,32,16.4,2026-09-18,4,35339.0,-0.02418887201435871,-0.01196633768557609,0.0890978377930578,0.7440221851212542,0.0013016780327683296,0.5351335163228539,0.15365460256373978,0,0,0,0,on_time,0,0,0,normal,0.0518,Low,,2026-09-14 00:00:00,"[""Spending up 9% while income fell (+100%)""]",Low repayment risk (0.05): spending up 9% while income fell.
L0631,C0992,463900.0,290036.0,8975.0,41,15.0,2026-09-29,15,61851.0,-0.049411366919743016,-0.06159821577581892,-0.04177901171947995,0.5803301482595269,0.0,0.6460701255166987,0.14510678889589498,0,0,0,0,on_time,0,0,0,normal,0.0171,Low,,2026-09-14 00:00:00,[],Low repayment risk (0.02).
L0632,C0994,239339.0,208869.0,9496.0,27,16.9,2026-10-11,27,25288.0,-0.14938275757677688,-0.2620735942105109,0.02270647449096308,0.7070942739639354,0.11665612148054413,1.0797578561636614,0.37551407782347357,2,1,3,25,missed,1,1,1,stressed,0.9956,High,"Income drop >20%, 2+ late payments, EMI/income >35%, Rising cash advances, EMI missed / overdue",2026-09-14 00:00:00,"[""Worst delay: 25 days past due (+47%)"", ""Latest EMI paid 3 days late (+13%)"", ""Spending is 71% of income (+11%)"", ""Income down 26% in 60 days (+10%)""]",High repayment risk (1.00): worst delay: 25 days past due; latest emi paid 3 days late.
L0633,C0995,144829.0,121899.0,7184.0,19,17.4,2026-09-29,15,64958.0,0.033951452447274155,0.04679795017243049,0.10537674767758287,0.7253917916192001,0.012315650112380307,0.3101260301528167,0.11059453800917515,0,0,0,0,on_time,0,0,0,normal,0.0017,Low,,2026-09-14 00:00:00,[],Low repayment risk (0.00).
L0634,C0996,153590.0,98498.0,3197.0,37,11.6,2026-09-29,15,32179.0,0.02136101060115525,0.044264157066363774,-0.0038405509204079147,0.7012648000248609,0.0,0.45317857401825207,0.09935050809534168,0,0,0,0,on_time,0,0,0,normal,0.01,Low,,2026-09-14 00:00:00,"[""Spending is 70% of income (+40%)""]",Low repayment risk (0.01): spending is 70% of income.
L0635,C0998,311941.0,257353.0,16093.0,18,11.1,2026-10-04,20,70317.0,0.01520270270270263,0.017302990408124774,0.04267755452884936,0.6900322823783722,0.0,0.48321292622457346,0.22886357495342521,0,0,0,0,on_time,0,0,0,normal,0.0026,Low,,2026-09-14 00:00:00,[],Low repayment risk (0.00).
L0636,C0999,668908.0,448003.0,10315.0,55,10.1,2026-09-26,12,25080.0,-0.13567908467450118,-0.2362739425682877,-0.027928452951988203,0.8645933014354067,0.12468102073365231,1.8530469165337586,0.4112838915470494,3,0,18,18,late,0,1,1,stressed,0.9908,High,"Income drop >20%, 2+ late payments, EMI/income >35%, Rising cash advances, High debt load",2026-09-14 00:00:00,"[""Worst delay: 18 days past due (+44%)"", ""Total debt is 1.9x annual income (+16%)"", ""Latest EMI paid 18 days late (+12%)"", ""Spending is 86% of income (+10%)""]",High repayment risk (0.99): worst delay: 18 days past due; total debt is 1.9x annual income.
L0637,C1000,282878.0,180868.0,6898.0,32,13.1,2026-09-27,13,66637.0,0.027429152918683863,0.010248480162520224,-0.02672885824376392,0.7202004892177019,-0.018207728809448008,0.3277658558058336,0.1035160646487687,0,0,0,4,on_time,0,1,1,normal,0.0126,Low,,2026-09-14 00:00:00,[],Low repayment risk (0.01).
L0638,C1001,200000.0,165000.0,9900.0,24,14.0,2026-10-04,20,28000.0,-0.17647058823529416,-0.30000000000000004,-0.02057298308254696,0.8229285714285715,0.10167857142857142,0.8215029761904762,0.3535714285714286,2,0,6,6,late,0,1,1,stressed,0.8666,High,"Income drop >20%, 2+ late payments, EMI/income >35%, Rising cash advances",2026-09-14 00:00:00,"[""Income down 18% in the last 30 days (+41%)"", ""Latest EMI paid 6 days late (+23%)"", ""Worst delay: 6 days past due (+16%)"", ""Spending is 82% of income (+16%)""]",High repayment risk (0.87): income down 18% in the last 30 days; latest emi paid 6 days late.
