customer_id,month,income,spend,cash_advance,total_debt
C0001,2026-07-01,63607.0,42484.0,0.0,305502.0
C0001,2026-07-31,64166.0,42011.0,0.0,305502.0
C0001,2026-08-30,64843.0,45186.0,825.0,305502.0
C0002,2026-07-01,32400.0,24018.0,480.0,240370.0
C0002,2026-07-31,32869.0,25034.0,0.0,240370.0
C0002,2026-08-30,27373.0,20155.0,0.0,240370.0
C0003,2026-07-01,30187.0,15553.0,0.0,32119.0
C0003,2026-07-31,30422.0,15475.0,280.0,32119.0
C0003,2026-08-30,29689.0,15013.0,0.0,32119.0
C0004,2026-07-01,46835.0,26043.0,0.0,126061.0
C0004,2026-07-31,48318.0,27248.0,0.0,126061.0
C0004,2026-08-30,48368.0,28278.0,143.0,126061.0
C0005,2026-07-01,52252.0,29355.0,0.0,426966.0
C0005,2026-07-31,52452.0,29024.0,627.0,426966.0
C0005,2026-08-30,50187.0,29133.0,0.0,426966.0
C0006,2026-07-01,30165.0,17624.0,189.0,270067.0
C0006,2026-07-31,30457.0,19152.0,0.0,270067.0
C0006,2026-08-30,31709.0,18462.0,0.0,270067.0
C0007,2026-07-01,56135.0,38052.0,390.0,439604.0
C0007,2026-07-31,57030.0,40348.0,0.0,439604.0
C0007,2026-08-30,56720.0,40870.0,0.0,439604.0
C0008,2026-07-01,62331.0,38674.0,565.0,72544.0
C0008,2026-07-31,61978.0,36372.0,0.0,72544.0
C0008,2026-08-30,60884.0,37046.0,833.0,72544.0
C0009,2026-07-01,69562.0,42415.0,1121.0,483143.0
C0009,2026-07-31,73894.0,44443.0,532.0,483143.0
C0009,2026-08-30,71830.0,42864.0,0.0,483143.0
C0010,2026-07-01,89909.0,50753.0,862.0,138226.0
C0010,2026-07-31,93108.0,51287.0,0.0,138226.0
C0010,2026-08-30,93081.0,53908.0,1624.0,138226.0
C0011,2026-07-01,25012.0,17431.0,320.0,126998.0
C0011,2026-07-31,24261.0,16512.0,459.0,126998.0
C0011,2026-08-30,18536.0,13330.0,0.0,126998.0
C0012,2026-07-01,38117.0,19622.0,446.0,216590.0
C0012,2026-07-31,38772.0,20448.0,514.0,216590.0
C0012,2026-08-30,37092.0,18243.0,0.0,216590.0
C0013,2026-07-01,38273.0,27379.0,0.0,383334.0
C0013,2026-07-31,38734.0,26772.0,0.0,383334.0
C0013,2026-08-30,38710.0,27717.0,534.0,383334.0
C0014,2026-07-01,36777.0,20580.0,0.0,186301.0
C0014,2026-07-31,28443.0,20289.0,1241.0,192451.0
C0014,2026-08-30,23690.0,20990.0,3213.0,201678.0
C0015,2026-07-01,27636.0,13993.0,0.0,163508.0
C0015,2026-07-31,28051.0,14275.0,0.0,163508.0
C0015,2026-08-30,27015.0,14134.0,0.0,163508.0
C0016,2026-07-01,17624.0,11281.0,0.0,52106.0
C0016,2026-07-31,18585.0,10808.0,0.0,52106.0
C0016,2026-08-30,17848.0,11322.0,0.0,52106.0
C0017,2026-07-01,39614.0,19434.0,688.0,147982.0
C0017,2026-07-31,40115.0,21252.0,385.0,147982.0
C0017,2026-08-30,40261.0,21596.0,0.0,147982.0
C0018,2026-07-01,26319.0,18232.0,0.0,99751.0
C0018,2026-07-31,25987.0,17393.0,0.0,99751.0
C0018,2026-08-30,25490.0,17358.0,498.0,99751.0
C0019,2026-07-01,40121.0,20963.0,0.0,21601.0
C0019,2026-07-31,40130.0,21928.0,0.0,21601.0
C0019,2026-08-30,38619.0,20112.0,0.0,21601.0
C0020,2026-07-01,26043.0,17707.0,0.0,150420.0
C0020,2026-07-31,24549.0,15754.0,381.0,150420.0
C0020,2026-08-30,25896.0,17620.0,0.0,150420.0
C0021,2026-07-01,22132.0,12512.0,0.0,185727.0
C0021,2026-07-31,18567.0,11788.0,625.0,190223.0
C0021,2026-08-30,14944.0,12532.0,1861.0,196966.0
C0022,2026-07-01,42989.0,28254.0,0.0,208332.0
C0022,2026-07-31,42645.0,27634.0,103.0,208332.0
C0022,2026-08-30,43157.0,30412.0,0.0,208332.0
C0023,2026-07-01,42344.0,21799.0,0.0,319146.0
C0023,2026-07-31,40175.0,20579.0,0.0,319146.0
C0023,2026-08-30,39039.0,19547.0,185.0,319146.0
C0024,2026-07-01,50483.0,37098.0,0.0,358301.0
C0024,2026-07-31,50431.0,35456.0,544.0,358301.0
C0024,2026-08-30,50512.0,36588.0,0.0,358301.0
C0025,2026-07-01,111824.0,64809.0,1647.0,1352003.0
C0025,2026-07-31,114884.0,70719.0,0.0,1352003.0
C0025,2026-08-30,111050.0,65013.0,0.0,1352003.0
C0026,2026-07-01,43995.0,25070.0,0.0,250156.0
C0026,2026-07-31,44119.0,26201.0,0.0,250156.0
C0026,2026-08-30,43907.0,27175.0,0.0,250156.0
C0027,2026-07-01,48754.0,29666.0,0.0,373059.0
C0027,2026-07-31,49089.0,31109.0,0.0,373059.0
C0027,2026-08-30,48439.0,28707.0,0.0,373059.0
C0028,2026-07-01,22085.0,13614.0,0.0,47311.0
C0028,2026-07-31,22362.0,13249.0,0.0,47311.0
C0028,2026-08-30,22400.0,13231.0,0.0,47311.0
C0029,2026-07-01,20267.0,14050.0,0.0,13528.0
C0029,2026-07-31,19486.0,13847.0,271.0,13528.0
C0029,2026-08-30,19945.0,14422.0,0.0,13528.0
C0030,2026-07-01,82461.0,57471.0,0.0,623820.0
C0030,2026-07-31,84505.0,61949.0,0.0,623820.0
C0030,2026-08-30,84713.0,61956.0,845.0,623820.0
C0031,2026-07-01,23639.0,14935.0,0.0,194502.0
C0031,2026-07-31,24114.0,14991.0,0.0,194502.0
C0031,2026-08-30,18816.0,12092.0,339.0,194502.0
C0032,2026-07-01,22981.0,14949.0,0.0,42002.0
C0032,2026-07-31,23098.0,15210.0,0.0,42002.0
C0032,2026-08-30,22838.0,14255.0,212.0,42002.0
C0033,2026-07-01,37430.0,23626.0,0.0,325921.0
C0033,2026-07-31,38321.0,23433.0,0.0,325921.0
C0033,2026-08-30,37435.0,23262.0,0.0,325921.0
C0034,2026-07-01,36039.0,26883.0,291.0,51494.0
C0034,2026-07-31,35932.0,26437.0,405.0,51494.0
C0034,2026-08-30,35917.0,25836.0,0.0,51494.0
C0035,2026-07-01,24198.0,12966.0,0.0,118555.0
C0035,2026-07-31,24368.0,13193.0,0.0,118555.0
C0035,2026-08-30,23686.0,14020.0,0.0,118555.0
C0036,2026-07-01,32704.0,24090.0,465.0,219359.0
C0036,2026-07-31,32915.0,22722.0,99.0,219359.0
C0036,2026-08-30,23185.0,15884.0,0.0,219359.0
C0037,2026-07-01,68994.0,35760.0,0.0,758570.0
C0037,2026-07-31,58795.0,35037.0,2092.0,775518.0
C0037,2026-08-30,48877.0,35942.0,6157.0,800941.0
C0038,2026-07-01,25595.0,12536.0,0.0,248861.0
C0038,2026-07-31,25488.0,14130.0,0.0,248861.0
C0038,2026-08-30,25077.0,12200.0,0.0,248861.0
C0039,2026-07-01,19329.0,10693.0,89.0,114247.0
C0039,2026-07-31,19054.0,10488.0,346.0,114247.0
C0039,2026-08-30,13483.0,7704.0,0.0,114247.0
C0040,2026-07-01,59963.0,30697.0,0.0,445940.0
C0040,2026-07-31,60248.0,29698.0,0.0,445940.0
C0040,2026-08-30,60906.0,32928.0,0.0,445940.0
C0041,2026-07-01,49012.0,25627.0,0.0,650230.0
C0041,2026-07-31,43631.0,25357.0,1491.0,656131.0
C0041,2026-08-30,37945.0,25770.0,3944.0,664984.0
C0042,2026-07-01,27686.0,18793.0,0.0,56508.0
C0042,2026-07-31,28757.0,19164.0,0.0,56508.0
C0042,2026-08-30,27667.0,18947.0,553.0,56508.0
C0043,2026-07-01,16867.0,9401.0,0.0,40978.0
C0043,2026-07-31,16777.0,9577.0,62.0,40978.0
C0043,2026-08-30,17109.0,9437.0,0.0,40978.0
C0044,2026-07-01,25974.0,17430.0,275.0,71490.0
C0044,2026-07-31,26781.0,18361.0,310.0,71490.0
C0044,2026-08-30,21435.0,14801.0,2.0,71490.0
C0045,2026-07-01,37616.0,25199.0,730.0,223356.0
C0045,2026-07-31,36579.0,22919.0,86.0,223356.0
C0045,2026-08-30,36588.0,24226.0,0.0,223356.0
C0046,2026-07-01,68193.0,39645.0,0.0,291444.0
C0046,2026-07-31,68593.0,39374.0,132.0,291444.0
C0046,2026-08-30,67917.0,36046.0,0.0,291444.0
C0047,2026-07-01,22699.0,15702.0,194.0,119041.0
C0047,2026-07-31,22799.0,15434.0,5.0,119041.0
C0047,2026-08-30,22118.0,15592.0,0.0,119041.0
C0048,2026-07-01,36214.0,22339.0,0.0,48636.0
C0048,2026-07-31,36117.0,21452.0,33.0,48636.0
C0048,2026-08-30,36143.0,21074.0,194.0,48636.0
C0049,2026-07-01,53625.0,36751.0,8.0,354428.0
C0049,2026-07-31,52896.0,38055.0,0.0,354428.0
C0049,2026-08-30,51697.0,38702.0,0.0,354428.0
C0050,2026-07-01,11957.0,6174.0,0.0,131153.0
C0050,2026-07-31,11808.0,6444.0,166.0,131153.0
C0050,2026-08-30,12089.0,6302.0,0.0,131153.0
C0051,2026-07-01,64470.0,40722.0,0.0,78246.0
C0051,2026-07-31,61622.0,40297.0,0.0,78246.0
C0051,2026-08-30,62960.0,40409.0,0.0,78246.0
C0052,2026-07-01,20556.0,11165.0,0.0,167958.0
C0052,2026-07-31,18814.0,11164.0,531.0,173696.0
C0052,2026-08-30,16446.0,11190.0,1414.0,182301.0
C0053,2026-07-01,44791.0,23868.0,0.0,333600.0
C0053,2026-07-31,44379.0,22478.0,791.0,333600.0
C0053,2026-08-30,43344.0,23609.0,0.0,333600.0
C0054,2026-07-01,43525.0,26625.0,222.0,213653.0
C0054,2026-07-31,44292.0,27469.0,222.0,213653.0
C0054,2026-08-30,44158.0,26494.0,0.0,213653.0
C0055,2026-07-01,64328.0,47814.0,0.0,108638.0
C0055,2026-07-31,66222.0,48931.0,0.0,108638.0
C0055,2026-08-30,50138.0,36396.0,1275.0,108638.0
C0056,2026-07-01,50459.0,26730.0,0.0,276808.0
C0056,2026-07-31,50328.0,25124.0,0.0,276808.0
C0056,2026-08-30,50170.0,27962.0,395.0,276808.0
C0057,2026-07-01,12185.0,8069.0,0.0,29396.0
C0057,2026-07-31,12192.0,7449.0,0.0,29396.0
C0057,2026-08-30,11906.0,8160.0,107.0,29396.0
C0058,2026-07-01,25344.0,15667.0,486.0,57998.0
C0058,2026-07-31,24737.0,15914.0,0.0,57998.0
C0058,2026-08-30,25567.0,15765.0,0.0,57998.0
C0059,2026-07-01,40033.0,25752.0,647.0,267369.0
C0059,2026-07-31,40956.0,26444.0,0.0,267369.0
C0059,2026-08-30,40495.0,25977.0,0.0,267369.0
C0060,2026-07-01,34382.0,18585.0,0.0,174801.0
C0060,2026-07-31,34920.0,19735.0,0.0,174801.0
C0060,2026-08-30,34706.0,19282.0,35.0,174801.0
C0061,2026-07-01,48116.0,33759.0,86.0,35006.0
C0061,2026-07-31,49419.0,33706.0,0.0,35006.0
C0061,2026-08-30,48734.0,33446.0,668.0,35006.0
C0062,2026-07-01,56048.0,30799.0,0.0,152055.0
C0062,2026-07-31,56086.0,29732.0,566.0,152055.0
C0062,2026-08-30,57067.0,31836.0,0.0,152055.0
C0063,2026-07-01,51657.0,27057.0,0.0,98626.0
C0063,2026-07-31,50634.0,27019.0,0.0,98626.0
C0063,2026-08-30,52191.0,27962.0,0.0,98626.0
C0064,2026-07-01,34743.0,21287.0,0.0,393254.0
C0064,2026-07-31,34704.0,20604.0,149.0,393254.0
C0064,2026-08-30,34889.0,21471.0,0.0,393254.0
C0065,2026-07-01,15569.0,10202.0,20.0,15511.0
C0065,2026-07-31,15492.0,9916.0,0.0,15511.0
C0065,2026-08-30,15177.0,9329.0,0.0,15511.0
C0066,2026-07-01,30205.0,16700.0,0.0,65975.0
C0066,2026-07-31,29468.0,17007.0,124.0,65975.0
C0066,2026-08-30,30305.0,17591.0,439.0,65975.0
C0067,2026-07-01,47164.0,30107.0,280.0,122093.0
C0067,2026-07-31,46831.0,32054.0,0.0,122093.0
C0067,2026-08-30,45474.0,30658.0,603.0,122093.0
C0068,2026-07-01,21905.0,12575.0,0.0,107214.0
C0068,2026-07-31,22213.0,12182.0,0.0,107214.0
C0068,2026-08-30,21661.0,11722.0,295.0,107214.0
C0069,2026-07-01,52229.0,37718.0,0.0,117762.0
C0069,2026-07-31,52437.0,34341.0,0.0,117762.0
C0069,2026-08-30,52974.0,35912.0,713.0,117762.0
C0070,2026-07-01,61336.0,39042.0,0.0,26593.0
C0070,2026-07-31,59461.0,38732.0,551.0,26593.0
C0070,2026-08-30,59965.0,36695.0,0.0,26593.0
C0071,2026-07-01,40631.0,21734.0,481.0,96922.0
C0071,2026-07-31,40894.0,22170.0,0.0,96922.0
C0071,2026-08-30,40826.0,21504.0,0.0,96922.0
C0072,2026-07-01,12257.0,8063.0,0.0,10324.0
C0072,2026-07-31,11580.0,7531.0,181.0,10324.0
C0072,2026-08-30,12075.0,7701.0,0.0,10324.0
C0073,2026-07-01,20247.0,14206.0,389.0,17241.0
C0073,2026-07-31,20029.0,13463.0,0.0,17241.0
C0073,2026-08-30,19417.0,12914.0,0.0,17241.0
C0074,2026-07-01,97511.0,59896.0,444.0,787289.0
C0074,2026-07-31,96560.0,62404.0,1223.0,787289.0
C0074,2026-08-30,100057.0,64329.0,0.0,787289.0
C0075,2026-07-01,29063.0,20207.0,0.0,194088.0
C0075,2026-07-31,28555.0,19164.0,497.0,194088.0
C0075,2026-08-30,28010.0,18242.0,221.0,194088.0
C0076,2026-07-01,14225.0,9461.0,0.0,43963.0
C0076,2026-07-31,14247.0,8860.0,0.0,43963.0
C0076,2026-08-30,14054.0,9151.0,266.0,43963.0
C0077,2026-07-01,71138.0,51076.0,0.0,6271.0
C0077,2026-07-31,70132.0,49702.0,0.0,6271.0
C0077,2026-08-30,71629.0,51949.0,0.0,6271.0
C0078,2026-07-01,37358.0,28695.0,0.0,474640.0
C0078,2026-07-31,31034.0,27562.0,1351.0,483594.0
C0078,2026-08-30,25858.0,27690.0,3502.0,497024.0
C0079,2026-07-01,66923.0,50733.0,804.0,294383.0
C0079,2026-07-31,64750.0,48645.0,0.0,294383.0
C0079,2026-08-30,64445.0,47439.0,0.0,294383.0
C0080,2026-07-01,43736.0,28150.0,0.0,23684.0
C0080,2026-07-31,42853.0,28232.0,418.0,23684.0
C0080,2026-08-30,43393.0,27796.0,494.0,23684.0
C0081,2026-07-01,47766.0,27424.0,0.0,33671.0
C0081,2026-07-31,47735.0,27057.0,0.0,33671.0
C0081,2026-08-30,48608.0,28703.0,0.0,33671.0
C0082,2026-07-01,46855.0,29157.0,0.0,50700.0
C0082,2026-07-31,45272.0,30564.0,0.0,50700.0
C0082,2026-08-30,44827.0,28086.0,62.0,50700.0
C0083,2026-07-01,54214.0,39893.0,0.0,57598.0
C0083,2026-07-31,55219.0,40912.0,0.0,57598.0
C0083,2026-08-30,53574.0,40110.0,213.0,57598.0
C0084,2026-07-01,120214.0,73986.0,1938.0,687754.0
C0084,2026-07-31,117209.0,71578.0,0.0,687754.0
C0084,2026-08-30,118738.0,74246.0,0.0,687754.0
C0085,2026-07-01,60625.0,40968.0,0.0,199995.0
C0085,2026-07-31,61710.0,39445.0,0.0,199995.0
C0085,2026-08-30,61592.0,40672.0,408.0,199995.0
C0086,2026-07-01,17357.0,12848.0,0.0,166177.0
C0086,2026-07-31,17659.0,13273.0,0.0,166177.0
C0086,2026-08-30,17100.0,12628.0,330.0,166177.0
C0087,2026-07-01,46075.0,22970.0,0.0,60886.0
C0087,2026-07-31,47356.0,24590.0,0.0,60886.0
C0087,2026-08-30,47713.0,24056.0,0.0,60886.0
C0088,2026-07-01,67041.0,36733.0,0.0,151134.0
C0088,2026-07-31,68700.0,38722.0,1107.0,151134.0
C0088,2026-08-30,50743.0,29127.0,403.0,151134.0
C0089,2026-07-01,69191.0,49256.0,824.0,644649.0
C0089,2026-07-31,68492.0,48903.0,0.0,644649.0
C0089,2026-08-30,67484.0,48254.0,0.0,644649.0
C0090,2026-07-01,30852.0,17865.0,0.0,25086.0
C0090,2026-07-31,30813.0,18922.0,440.0,25086.0
C0090,2026-08-30,30212.0,17641.0,0.0,25086.0
C0091,2026-07-01,67955.0,44182.0,478.0,800121.0
C0091,2026-07-31,67853.0,44232.0,994.0,800121.0
C0091,2026-08-30,67363.0,44006.0,0.0,800121.0
C0092,2026-07-01,59681.0,36810.0,0.0,39712.0
C0092,2026-07-31,60767.0,39462.0,0.0,39712.0
C0092,2026-08-30,60195.0,39377.0,652.0,39712.0
C0093,2026-07-01,135723.0,81005.0,2075.0,1499325.0
C0093,2026-07-31,137232.0,87150.0,1688.0,1499325.0
C0093,2026-08-30,111063.0,70756.0,153.0,1499325.0
C0094,2026-07-01,26181.0,17830.0,0.0,1020.0
C0094,2026-07-31,26007.0,18193.0,195.0,1020.0
C0094,2026-08-30,26221.0,17626.0,0.0,1020.0
C0095,2026-07-01,30104.0,20133.0,195.0,237074.0
C0095,2026-07-31,29717.0,20219.0,0.0,237074.0
C0095,2026-08-30,29615.0,20171.0,421.0,237074.0
C0096,2026-07-01,32912.0,19453.0,77.0,95708.0
C0096,2026-07-31,32523.0,19023.0,0.0,95708.0
C0096,2026-08-30,32690.0,20965.0,0.0,95708.0
C0097,2026-07-01,29482.0,16662.0,0.0,82682.0
C0097,2026-07-31,29009.0,16494.0,0.0,82682.0
C0097,2026-08-30,29853.0,16800.0,111.0,82682.0
C0098,2026-07-01,24527.0,16154.0,189.0,208012.0
C0098,2026-07-31,24295.0,15588.0,224.0,208012.0
C0098,2026-08-30,24779.0,15261.0,0.0,208012.0
C0099,2026-07-01,11870.0,8636.0,0.0,30312.0
C0099,2026-07-31,11681.0,8574.0,0.0,30312.0
C0099,2026-08-30,11875.0,8149.0,0.0,30312.0
C0100,2026-07-01,29893.0,16772.0,0.0,48613.0
C0100,2026-07-31,30755.0,17515.0,0.0,48613.0
C0100,2026-08-30,30255.0,17654.0,0.0,48613.0
C0101,2026-07-01,46375.0,23388.0,0.0,245596.0
C0101,2026-07-31,46361.0,23581.0,0.0,245596.0
C0101,2026-08-30,45066.0,22629.0,0.0,245596.0
C0102,2026-07-01,29340.0,20738.0,0.0,35539.0
C0102,2026-07-31,29938.0,20892.0,150.0,35539.0
C0102,2026-08-30,30137.0,21530.0,0.0,35539.0
C0103,2026-07-01,96981.0,55575.0,0.0,476591.0
C0103,2026-07-31,100423.0,60689.0,0.0,476591.0
C0103,2026-08-30,96704.0,55294.0,0.0,476591.0
C0104,2026-07-01,37985.0,22128.0,42.0,54928.0
C0104,2026-07-31,38928.0,24178.0,391.0,54928.0
C0104,2026-08-30,40029.0,23683.0,0.0,54928.0
C0105,2026-07-01,72240.0,47965.0,0.0,880755.0
C0105,2026-07-31,71144.0,53196.0,0.0,880755.0
C0105,2026-08-30,71942.0,48610.0,0.0,880755.0
C0106,2026-07-01,43343.0,23223.0,0.0,284291.0
C0106,2026-07-31,42865.0,23421.0,786.0,284291.0
C0106,2026-08-30,42699.0,22465.0,0.0,284291.0
C0107,2026-07-01,57032.0,32000.0,0.0,247332.0
C0107,2026-07-31,57741.0,33076.0,0.0,247332.0
C0107,2026-08-30,57254.0,33109.0,1139.0,247332.0
C0108,2026-07-01,43122.0,28939.0,599.0,268537.0
C0108,2026-07-31,43261.0,29161.0,0.0,268537.0
C0108,2026-08-30,43429.0,30002.0,477.0,268537.0
C0109,2026-07-01,74501.0,47328.0,0.0,430328.0
C0109,2026-07-31,62879.0,48970.0,1847.0,439573.0
C0109,2026-08-30,49086.0,47786.0,6274.0,453441.0
C0110,2026-07-01,38072.0,24941.0,0.0,107379.0
C0110,2026-07-31,39701.0,26574.0,0.0,107379.0
C0110,2026-08-30,39344.0,26757.0,0.0,107379.0
C0111,2026-07-01,47690.0,25394.0,296.0,93435.0
C0111,2026-07-31,48433.0,25014.0,0.0,93435.0
C0111,2026-08-30,48121.0,24676.0,107.0,93435.0
C0112,2026-07-01,46063.0,30255.0,130.0,97116.0
C0112,2026-07-31,45346.0,30542.0,0.0,97116.0
C0112,2026-08-30,45550.0,28654.0,0.0,97116.0
C0113,2026-07-01,32807.0,19873.0,0.0,6716.0
C0113,2026-07-31,32170.0,19394.0,0.0,6716.0
C0113,2026-08-30,33594.0,20582.0,160.0,6716.0
C0114,2026-07-01,46962.0,26075.0,0.0,291475.0
C0114,2026-07-31,45979.0,25606.0,0.0,291475.0
C0114,2026-08-30,46634.0,24733.0,0.0,291475.0
C0115,2026-07-01,117796.0,80772.0,0.0,557714.0
C0115,2026-07-31,116197.0,80208.0,0.0,557714.0
C0115,2026-08-30,118811.0,81953.0,529.0,557714.0
C0116,2026-07-01,33137.0,20159.0,0.0,46870.0
C0116,2026-07-31,32910.0,19468.0,0.0,46870.0
C0116,2026-08-30,25472.0,15219.0,115.0,46870.0
C0117,2026-07-01,45343.0,32027.0,0.0,162738.0
C0117,2026-07-31,47778.0,35891.0,0.0,162738.0
C0117,2026-08-30,46651.0,33695.0,0.0,162738.0
C0118,2026-07-01,72236.0,47345.0,0.0,672302.0
C0118,2026-07-31,72451.0,42949.0,915.0,672302.0
C0118,2026-08-30,70144.0,41999.0,772.0,672302.0
C0119,2026-07-01,66262.0,48674.0,0.0,28362.0
C0119,2026-07-31,68959.0,54123.0,0.0,28362.0
C0119,2026-08-30,67129.0,49688.0,0.0,28362.0
C0120,2026-07-01,37822.0,21598.0,0.0,83345.0
C0120,2026-07-31,37601.0,22344.0,0.0,83345.0
C0120,2026-08-30,38119.0,22281.0,729.0,83345.0
C0121,2026-07-01,12123.0,6980.0,0.0,83091.0
C0121,2026-07-31,10570.0,7213.0,319.0,83358.0
C0121,2026-08-30,9298.0,6999.0,880.0,83759.0
C0122,2026-07-01,50230.0,33616.0,0.0,368264.0
C0122,2026-07-31,49447.0,31867.0,0.0,368264.0
C0122,2026-08-30,51249.0,33803.0,0.0,368264.0
C0123,2026-07-01,12454.0,8273.0,0.0,100844.0
C0123,2026-07-31,12706.0,8768.0,0.0,100844.0
C0123,2026-08-30,12426.0,8425.0,0.0,100844.0
C0124,2026-07-01,80273.0,49659.0,342.0,177261.0
C0124,2026-07-31,78905.0,49275.0,1037.0,177261.0
C0124,2026-08-30,79748.0,50168.0,0.0,177261.0
C0125,2026-07-01,42884.0,26449.0,0.0,279141.0
C0125,2026-07-31,41991.0,26818.0,444.0,279141.0
C0125,2026-08-30,41696.0,27104.0,0.0,279141.0
C0126,2026-07-01,61873.0,38146.0,869.0,34729.0
C0126,2026-07-31,62777.0,40570.0,0.0,34729.0
C0126,2026-08-30,61653.0,39766.0,348.0,34729.0
C0127,2026-07-01,24522.0,16611.0,0.0,145981.0
C0127,2026-07-31,24513.0,16687.0,0.0,145981.0
C0127,2026-08-30,24135.0,17229.0,218.0,145981.0
C0128,2026-07-01,17900.0,9675.0,0.0,191846.0
C0128,2026-07-31,14928.0,9468.0,536.0,194180.0
C0128,2026-08-30,12392.0,9789.0,1265.0,197681.0
C0129,2026-07-01,42918.0,29475.0,0.0,207603.0
C0129,2026-07-31,43123.0,27371.0,0.0,207603.0
C0129,2026-08-30,42600.0,28503.0,0.0,207603.0
C0130,2026-07-01,37132.0,23199.0,0.0,271230.0
C0130,2026-07-31,37341.0,23426.0,0.0,271230.0
C0130,2026-08-30,36469.0,24122.0,10.0,271230.0
C0131,2026-07-01,29957.0,15821.0,0.0,20061.0
C0131,2026-07-31,30155.0,17149.0,407.0,20061.0
C0131,2026-08-30,29696.0,17442.0,0.0,20061.0
C0132,2026-07-01,39450.0,25429.0,0.0,218412.0
C0132,2026-07-31,32009.0,25728.0,1418.0,220892.0
C0132,2026-08-30,25548.0,26902.0,2861.0,224613.0
C0133,2026-07-01,154902.0,104772.0,0.0,15674.0
C0133,2026-07-31,146064.0,96117.0,0.0,15674.0
C0133,2026-08-30,149744.0,101468.0,1186.0,15674.0
C0134,2026-07-01,57092.0,36342.0,0.0,592597.0
C0134,2026-07-31,50646.0,36516.0,2044.0,604202.0
C0134,2026-08-30,46155.0,35960.0,4493.0,621609.0
C0135,2026-07-01,64564.0,36224.0,0.0,52731.0
C0135,2026-07-31,65100.0,35678.0,0.0,52731.0
C0135,2026-08-30,64676.0,36926.0,0.0,52731.0
C0136,2026-07-01,58040.0,31957.0,299.0,99570.0
C0136,2026-07-31,58998.0,31544.0,111.0,99570.0
C0136,2026-08-30,59555.0,33268.0,0.0,99570.0
C0137,2026-07-01,79558.0,58907.0,0.0,794489.0
C0137,2026-07-31,67815.0,59855.0,2694.0,814267.0
C0137,2026-08-30,55756.0,57029.0,7331.0,843933.0
C0138,2026-07-01,35109.0,23432.0,0.0,66624.0
C0138,2026-07-31,34733.0,25517.0,212.0,66624.0
C0138,2026-08-30,35599.0,27150.0,0.0,66624.0
C0139,2026-07-01,13824.0,8662.0,0.0,126900.0
C0139,2026-07-31,13878.0,9049.0,0.0,126900.0
C0139,2026-08-30,13355.0,8727.0,0.0,126900.0
C0140,2026-07-01,34182.0,18594.0,0.0,269684.0
C0140,2026-07-31,34224.0,19982.0,0.0,269684.0
C0140,2026-08-30,35287.0,19364.0,0.0,269684.0
C0141,2026-07-01,56173.0,30861.0,0.0,153177.0
C0141,2026-07-31,56198.0,30607.0,0.0,153177.0
C0141,2026-08-30,56041.0,30429.0,0.0,153177.0
C0142,2026-07-01,24366.0,14866.0,0.0,20977.0
C0142,2026-07-31,23350.0,13395.0,0.0,20977.0
C0142,2026-08-30,23586.0,13637.0,0.0,20977.0
C0143,2026-07-01,34205.0,20402.0,0.0,51438.0
C0143,2026-07-31,35301.0,21344.0,0.0,51438.0
C0143,2026-08-30,33874.0,19715.0,562.0,51438.0
C0144,2026-07-01,26505.0,19946.0,0.0,1552.0
C0144,2026-07-31,26605.0,19182.0,0.0,1552.0
C0144,2026-08-30,26988.0,19536.0,0.0,1552.0
C0145,2026-07-01,82340.0,44146.0,0.0,782934.0
C0145,2026-07-31,65350.0,46242.0,2864.0,787625.0
C0145,2026-08-30,48711.0,44131.0,6552.0,794661.0
C0146,2026-07-01,54974.0,28195.0,0.0,749470.0
C0146,2026-07-31,46170.0,29275.0,1771.0,760634.0
C0146,2026-08-30,38373.0,29378.0,5014.0,777380.0
C0147,2026-07-01,50665.0,33767.0,169.0,209634.0
C0147,2026-07-31,53180.0,37200.0,632.0,209634.0
C0147,2026-08-30,52037.0,35576.0,138.0,209634.0
C0148,2026-07-01,51344.0,31362.0,0.0,430346.0
C0148,2026-07-31,53424.0,33679.0,86.0,430346.0
C0148,2026-08-30,51486.0,31929.0,0.0,430346.0
C0149,2026-07-01,37835.0,19335.0,186.0,155086.0
C0149,2026-07-31,37456.0,18784.0,574.0,155086.0
C0149,2026-08-30,37514.0,19884.0,0.0,155086.0
C0150,2026-07-01,41743.0,28489.0,0.0,126738.0
C0150,2026-07-31,41710.0,28474.0,0.0,126738.0
C0150,2026-08-30,42860.0,30254.0,558.0,126738.0
C0151,2026-07-01,21293.0,12076.0,0.0,188371.0
C0151,2026-07-31,20843.0,11585.0,0.0,188371.0
C0151,2026-08-30,20671.0,11530.0,0.0,188371.0
C0152,2026-07-01,12589.0,8997.0,0.0,159186.0
C0152,2026-07-31,12887.0,9018.0,98.0,159186.0
C0152,2026-08-30,12925.0,9105.0,0.0,159186.0
C0153,2026-07-01,41341.0,21927.0,0.0,310431.0
C0153,2026-07-31,40006.0,20939.0,84.0,310431.0
C0153,2026-08-30,41464.0,22197.0,0.0,310431.0
C0154,2026-07-01,45574.0,24235.0,0.0,3275.0
C0154,2026-07-31,44816.0,23120.0,0.0,3275.0
C0154,2026-08-30,46027.0,23777.0,0.0,3275.0
C0155,2026-07-01,70315.0,47496.0,0.0,1252433.0
C0155,2026-07-31,61076.0,48602.0,2225.0,1270614.0
C0155,2026-08-30,55315.0,49043.0,4738.0,1297885.0
C0156,2026-07-01,84167.0,60817.0,0.0,116514.0
C0156,2026-07-31,85653.0,63423.0,0.0,116514.0
C0156,2026-08-30,84025.0,61697.0,0.0,116514.0
C0157,2026-07-01,82795.0,44782.0,0.0,45467.0
C0157,2026-07-31,82686.0,46334.0,0.0,45467.0
C0157,2026-08-30,82987.0,46876.0,1360.0,45467.0
C0158,2026-07-01,22923.0,13502.0,438.0,209081.0
C0158,2026-07-31,23567.0,14423.0,0.0,209081.0
C0158,2026-08-30,23542.0,14565.0,0.0,209081.0
C0159,2026-07-01,31184.0,18308.0,0.0,86996.0
C0159,2026-07-31,31918.0,19845.0,313.0,86996.0
C0159,2026-08-30,31930.0,19541.0,0.0,86996.0
C0160,2026-07-01,47734.0,32313.0,0.0,135551.0
C0160,2026-07-31,48618.0,31172.0,777.0,135551.0
C0160,2026-08-30,49358.0,31811.0,0.0,135551.0
C0161,2026-07-01,136603.0,76733.0,0.0,1008359.0
C0161,2026-07-31,137524.0,77709.0,222.0,1008359.0
C0161,2026-08-30,133347.0,71693.0,1244.0,1008359.0
C0162,2026-07-01,79644.0,61161.0,0.0,64177.0
C0162,2026-07-31,78686.0,60347.0,0.0,64177.0
C0162,2026-08-30,79886.0,57872.0,0.0,64177.0
C0163,2026-07-01,66829.0,43223.0,1191.0,553100.0
C0163,2026-07-31,67457.0,44363.0,0.0,553100.0
C0163,2026-08-30,67810.0,40331.0,0.0,553100.0
C0164,2026-07-01,31623.0,21847.0,0.0,217107.0
C0164,2026-07-31,30896.0,22294.0,0.0,217107.0
C0164,2026-08-30,30665.0,20114.0,350.0,217107.0
C0165,2026-07-01,24590.0,16890.0,0.0,186420.0
C0165,2026-07-31,24949.0,17358.0,292.0,186420.0
C0165,2026-08-30,24391.0,17147.0,42.0,186420.0
C0166,2026-07-01,55108.0,31513.0,0.0,163650.0
C0166,2026-07-31,58164.0,32467.0,0.0,163650.0
C0166,2026-08-30,56814.0,33280.0,1105.0,163650.0
C0167,2026-07-01,21956.0,14994.0,66.0,59336.0
C0167,2026-07-31,21516.0,14896.0,57.0,59336.0
C0167,2026-08-30,21905.0,15345.0,246.0,59336.0
C0168,2026-07-01,34047.0,20613.0,0.0,71747.0
C0168,2026-07-31,33954.0,20362.0,0.0,71747.0
C0168,2026-08-30,33356.0,20164.0,0.0,71747.0
C0169,2026-07-01,35869.0,25618.0,0.0,39679.0
C0169,2026-07-31,35568.0,25858.0,54.0,39679.0
C0169,2026-08-30,36796.0,25645.0,0.0,39679.0
C0170,2026-07-01,83637.0,61688.0,0.0,1081747.0
C0170,2026-07-31,71581.0,62488.0,2357.0,1100976.0
C0170,2026-08-30,61672.0,64487.0,6421.0,1129819.0
C0171,2026-07-01,31565.0,15777.0,0.0,344666.0
C0171,2026-07-31,31600.0,16444.0,0.0,344666.0
C0171,2026-08-30,31259.0,15340.0,0.0,344666.0
C0172,2026-07-01,11818.0,6224.0,0.0,61784.0
C0172,2026-07-31,12029.0,6328.0,0.0,61784.0
C0172,2026-08-30,11952.0,5957.0,0.0,61784.0
C0173,2026-07-01,50731.0,34869.0,0.0,310296.0
C0173,2026-07-31,49336.0,35377.0,237.0,310296.0
C0173,2026-08-30,48055.0,34001.0,968.0,310296.0
C0174,2026-07-01,26183.0,19234.0,0.0,21570.0
C0174,2026-07-31,26960.0,19295.0,0.0,21570.0
C0174,2026-08-30,26640.0,19293.0,0.0,21570.0
C0175,2026-07-01,39575.0,20606.0,188.0,225815.0
C0175,2026-07-31,38964.0,19571.0,457.0,225815.0
C0175,2026-08-30,37646.0,19641.0,174.0,225815.0
C0176,2026-07-01,35843.0,24875.0,0.0,372250.0
C0176,2026-07-31,36031.0,23837.0,34.0,372250.0
C0176,2026-08-30,36641.0,24592.0,0.0,372250.0
C0177,2026-07-01,32577.0,17520.0,0.0,462638.0
C0177,2026-07-31,33176.0,17525.0,232.0,462638.0
C0177,2026-08-30,32437.0,17442.0,0.0,462638.0
C0178,2026-07-01,56405.0,28570.0,227.0,438391.0
C0178,2026-07-31,56713.0,28150.0,0.0,438391.0
C0178,2026-08-30,57636.0,32080.0,0.0,438391.0
C0179,2026-07-01,17765.0,9630.0,0.0,73063.0
C0179,2026-07-31,17483.0,9838.0,0.0,73063.0
C0179,2026-08-30,18096.0,9852.0,12.0,73063.0
C0180,2026-07-01,29219.0,19302.0,0.0,191886.0
C0180,2026-07-31,29640.0,19131.0,0.0,191886.0
C0180,2026-08-30,29031.0,18465.0,1.0,191886.0
C0181,2026-07-01,53573.0,31877.0,0.0,281446.0
C0181,2026-07-31,52857.0,33338.0,0.0,281446.0
C0181,2026-08-30,53759.0,32859.0,0.0,281446.0
C0182,2026-07-01,28338.0,16592.0,558.0,205864.0
C0182,2026-07-31,27792.0,15942.0,0.0,205864.0
C0182,2026-08-30,27769.0,15399.0,0.0,205864.0
C0183,2026-07-01,16790.0,9082.0,0.0,100644.0
C0183,2026-07-31,13659.0,8908.0,476.0,101967.0
C0183,2026-08-30,11013.0,9068.0,1414.0,103951.0
C0184,2026-07-01,53014.0,31783.0,0.0,31861.0
C0184,2026-07-31,52997.0,31418.0,0.0,31861.0
C0184,2026-08-30,53515.0,32976.0,0.0,31861.0
C0185,2026-07-01,67260.0,42846.0,0.0,444188.0
C0185,2026-07-31,66439.0,38649.0,773.0,444188.0
C0185,2026-08-30,65478.0,42797.0,0.0,444188.0
C0186,2026-07-01,36844.0,25780.0,708.0,401086.0
C0186,2026-07-31,37526.0,25324.0,0.0,401086.0
C0186,2026-08-30,37276.0,25596.0,0.0,401086.0
C0187,2026-07-01,14132.0,9536.0,0.0,163297.0
C0187,2026-07-31,12925.0,9471.0,461.0,164799.0
C0187,2026-08-30,11275.0,9679.0,1196.0,167051.0
C0188,2026-07-01,54711.0,29930.0,0.0,683250.0
C0188,2026-07-31,54814.0,32547.0,498.0,683250.0
C0188,2026-08-30,53846.0,30764.0,0.0,683250.0
C0189,2026-07-01,16836.0,8780.0,0.0,55008.0
C0189,2026-07-31,16634.0,8853.0,37.0,55008.0
C0189,2026-08-30,16667.0,8975.0,310.0,55008.0
C0190,2026-07-01,42846.0,29246.0,0.0,197573.0
C0190,2026-07-31,43655.0,28347.0,603.0,197573.0
C0190,2026-08-30,43691.0,28520.0,0.0,197573.0
C0191,2026-07-01,24283.0,17397.0,0.0,46238.0
C0191,2026-07-31,24442.0,16797.0,0.0,46238.0
C0191,2026-08-30,24457.0,18260.0,0.0,46238.0
C0192,2026-07-01,21391.0,14595.0,389.0,9633.0
C0192,2026-07-31,21081.0,14443.0,317.0,9633.0
C0192,2026-08-30,21521.0,13651.0,0.0,9633.0
C0193,2026-07-01,31328.0,22704.0,586.0,202190.0
C0193,2026-07-31,30338.0,21155.0,0.0,202190.0
C0193,2026-08-30,30196.0,21892.0,226.0,202190.0
C0194,2026-07-01,34343.0,18905.0,0.0,91898.0
C0194,2026-07-31,34744.0,20057.0,0.0,91898.0
C0194,2026-08-30,34426.0,18178.0,0.0,91898.0
C0195,2026-07-01,26786.0,18718.0,497.0,312911.0
C0195,2026-07-31,26899.0,18990.0,0.0,312911.0
C0195,2026-08-30,27921.0,20883.0,0.0,312911.0
C0196,2026-07-01,51981.0,37976.0,0.0,182091.0
C0196,2026-07-31,52224.0,34849.0,0.0,182091.0
C0196,2026-08-30,51173.0,36959.0,0.0,182091.0
C0197,2026-07-01,29948.0,16422.0,0.0,332883.0
C0197,2026-07-31,30200.0,16648.0,0.0,332883.0
C0197,2026-08-30,29720.0,15684.0,0.0,332883.0
C0198,2026-07-01,60577.0,30249.0,0.0,128739.0
C0198,2026-07-31,62237.0,33560.0,0.0,128739.0
C0198,2026-08-30,62501.0,32711.0,782.0,128739.0
C0199,2026-07-01,44984.0,31788.0,0.0,506147.0
C0199,2026-07-31,43646.0,30264.0,0.0,506147.0
C0199,2026-08-30,42810.0,30988.0,0.0,506147.0
C0200,2026-07-01,26751.0,15980.0,0.0,165392.0
C0200,2026-07-31,26686.0,15476.0,0.0,165392.0
C0200,2026-08-30,26603.0,16393.0,0.0,165392.0
C0201,2026-07-01,24727.0,14930.0,356.0,252226.0
C0201,2026-07-31,24152.0,13645.0,0.0,252226.0
C0201,2026-08-30,24648.0,15685.0,0.0,252226.0
C0202,2026-07-01,16826.0,11161.0,83.0,94909.0
C0202,2026-07-31,16863.0,10607.0,0.0,94909.0
C0202,2026-08-30,13219.0,7944.0,0.0,94909.0
C0203,2026-07-01,44104.0,29800.0,0.0,296918.0
C0203,2026-07-31,44587.0,30507.0,0.0,296918.0
C0203,2026-08-30,43608.0,28229.0,819.0,296918.0
C0204,2026-07-01,31655.0,20921.0,0.0,319936.0
C0204,2026-07-31,32443.0,19519.0,299.0,319936.0
C0204,2026-08-30,31146.0,18629.0,207.0,319936.0
C0205,2026-07-01,11927.0,6529.0,0.0,42433.0
C0205,2026-07-31,12203.0,6273.0,0.0,42433.0
C0205,2026-08-30,11962.0,6399.0,209.0,42433.0
C0206,2026-07-01,28975.0,21714.0,392.0,197880.0
C0206,2026-07-31,28984.0,20800.0,0.0,197880.0
C0206,2026-08-30,29151.0,20878.0,0.0,197880.0
C0207,2026-07-01,24535.0,16907.0,0.0,199773.0
C0207,2026-07-31,20910.0,16543.0,656.0,203303.0
C0207,2026-08-30,17902.0,16296.0,2140.0,208599.0
C0208,2026-07-01,83928.0,59892.0,0.0,220346.0
C0208,2026-07-31,84576.0,57884.0,875.0,220346.0
C0208,2026-08-30,82212.0,57718.0,789.0,220346.0
C0209,2026-07-01,16622.0,12207.0,0.0,109332.0
C0209,2026-07-31,16254.0,11967.0,64.0,109332.0
C0209,2026-08-30,15532.0,11306.0,257.0,109332.0
C0210,2026-07-01,18961.0,9663.0,156.0,93151.0
C0210,2026-07-31,18501.0,10413.0,0.0,93151.0
C0210,2026-08-30,18390.0,10071.0,0.0,93151.0
C0211,2026-07-01,66636.0,46351.0,0.0,166182.0
C0211,2026-07-31,65318.0,43333.0,0.0,166182.0
C0211,2026-08-30,52459.0,32754.0,0.0,166182.0
C0212,2026-07-01,74279.0,49576.0,1048.0,161050.0
C0212,2026-07-31,74572.0,49164.0,769.0,161050.0
C0212,2026-08-30,74321.0,49071.0,1262.0,161050.0
C0213,2026-07-01,26535.0,20006.0,0.0,158810.0
C0213,2026-07-31,26307.0,19085.0,0.0,158810.0
C0213,2026-08-30,26354.0,19336.0,0.0,158810.0
C0214,2026-07-01,27954.0,19666.0,0.0,217780.0
C0214,2026-07-31,27661.0,18990.0,0.0,217780.0
C0214,2026-08-30,27276.0,18616.0,0.0,217780.0
C0215,2026-07-01,53100.0,27645.0,0.0,249593.0
C0215,2026-07-31,52419.0,27393.0,0.0,249593.0
C0215,2026-08-30,52951.0,27027.0,168.0,249593.0
C0216,2026-07-01,11917.0,7271.0,0.0,120737.0
C0216,2026-07-31,9627.0,7543.0,363.0,123013.0
C0216,2026-08-30,7811.0,7209.0,966.0,126427.0
C0217,2026-07-01,15143.0,8416.0,16.0,20074.0
C0217,2026-07-31,14977.0,8275.0,14.0,20074.0
C0217,2026-08-30,14906.0,8293.0,234.0,20074.0
C0218,2026-07-01,31765.0,18990.0,0.0,155609.0
C0218,2026-07-31,32994.0,20005.0,0.0,155609.0
C0218,2026-08-30,32465.0,18353.0,0.0,155609.0
C0219,2026-07-01,81604.0,47128.0,1637.0,591520.0
C0219,2026-07-31,83552.0,47557.0,0.0,591520.0
C0219,2026-08-30,81226.0,52311.0,0.0,591520.0
C0220,2026-07-01,30171.0,16343.0,0.0,171421.0
C0220,2026-07-31,30685.0,16597.0,246.0,171421.0
C0220,2026-08-30,31000.0,16242.0,0.0,171421.0
C0221,2026-07-01,39758.0,24485.0,0.0,279674.0
C0221,2026-07-31,40880.0,24681.0,0.0,279674.0
C0221,2026-08-30,39233.0,23715.0,0.0,279674.0
C0222,2026-07-01,65539.0,47444.0,0.0,279757.0
C0222,2026-07-31,65453.0,46063.0,0.0,279757.0
C0222,2026-08-30,65340.0,51108.0,0.0,279757.0
C0223,2026-07-01,109550.0,64150.0,1699.0,330764.0
C0223,2026-07-31,107401.0,62814.0,0.0,330764.0
C0223,2026-08-30,106694.0,60967.0,1430.0,330764.0
C0224,2026-07-01,28662.0,18139.0,413.0,226221.0
C0224,2026-07-31,28852.0,18831.0,310.0,226221.0
C0224,2026-08-30,28949.0,17636.0,0.0,226221.0
C0225,2026-07-01,38195.0,21274.0,0.0,64248.0
C0225,2026-07-31,37181.0,21486.0,540.0,64248.0
C0225,2026-08-30,37856.0,22134.0,0.0,64248.0
C0226,2026-07-01,95204.0,75414.0,0.0,275030.0
C0226,2026-07-31,93827.0,70754.0,0.0,275030.0
C0226,2026-08-30,94734.0,70523.0,0.0,275030.0
C0227,2026-07-01,17466.0,9238.0,0.0,45041.0
C0227,2026-07-31,17632.0,9483.0,254.0,45041.0
C0227,2026-08-30,17899.0,10439.0,315.0,45041.0
C0228,2026-07-01,64597.0,37980.0,895.0,67407.0
C0228,2026-07-31,64129.0,38509.0,1048.0,67407.0
C0228,2026-08-30,50814.0,29512.0,0.0,67407.0
C0229,2026-07-01,22774.0,11326.0,0.0,20651.0
C0229,2026-07-31,22305.0,10850.0,0.0,20651.0
C0229,2026-08-30,22514.0,11590.0,252.0,20651.0
C0230,2026-07-01,39518.0,27839.0,0.0,17470.0
C0230,2026-07-31,40345.0,26836.0,0.0,17470.0
C0230,2026-08-30,40567.0,26067.0,0.0,17470.0
C0231,2026-07-01,34072.0,17316.0,592.0,181428.0
C0231,2026-07-31,34298.0,16954.0,447.0,181428.0
C0231,2026-08-30,33737.0,17433.0,0.0,181428.0
C0232,2026-07-01,23154.0,14387.0,0.0,195104.0
C0232,2026-07-31,23482.0,14449.0,0.0,195104.0
C0232,2026-08-30,23244.0,14529.0,62.0,195104.0
C0233,2026-07-01,23429.0,13499.0,326.0,142436.0
C0233,2026-07-31,23075.0,13997.0,0.0,142436.0
C0233,2026-08-30,23166.0,13600.0,0.0,142436.0
C0234,2026-07-01,43115.0,25380.0,324.0,329802.0
C0234,2026-07-31,44230.0,26537.0,0.0,329802.0
C0234,2026-08-30,33682.0,20645.0,726.0,329802.0
C0235,2026-07-01,62787.0,36107.0,0.0,166443.0
C0235,2026-07-31,62415.0,34232.0,6.0,166443.0
C0235,2026-08-30,63276.0,34776.0,210.0,166443.0
C0236,2026-07-01,34866.0,23594.0,0.0,210927.0
C0236,2026-07-31,34783.0,22548.0,0.0,210927.0
C0236,2026-08-30,36001.0,24396.0,141.0,210927.0
C0237,2026-07-01,39169.0,29742.0,0.0,71635.0
C0237,2026-07-31,39346.0,29540.0,0.0,71635.0
C0237,2026-08-30,39010.0,28817.0,594.0,71635.0
C0238,2026-07-01,51293.0,28316.0,0.0,56499.0
C0238,2026-07-31,50827.0,27757.0,0.0,56499.0
C0238,2026-08-30,50783.0,27758.0,0.0,56499.0
C0239,2026-07-01,22989.0,12877.0,0.0,191076.0
C0239,2026-07-31,23576.0,13578.0,0.0,191076.0
C0239,2026-08-30,23052.0,13030.0,0.0,191076.0
C0240,2026-07-01,54457.0,39637.0,0.0,471959.0
C0240,2026-07-31,53874.0,41110.0,305.0,471959.0
C0240,2026-08-30,54871.0,37758.0,0.0,471959.0
C0241,2026-07-01,58113.0,44919.0,600.0,162041.0
C0241,2026-07-31,57395.0,41919.0,0.0,162041.0
C0241,2026-08-30,56821.0,42880.0,1058.0,162041.0
C0242,2026-07-01,139929.0,102348.0,212.0,770903.0
C0242,2026-07-31,139917.0,104988.0,0.0,770903.0
C0242,2026-08-30,139838.0,105659.0,0.0,770903.0
C0243,2026-07-01,31584.0,22006.0,32.0,238492.0
C0243,2026-07-31,31009.0,22059.0,57.0,238492.0
C0243,2026-08-30,31550.0,21972.0,0.0,238492.0
C0244,2026-07-01,29405.0,20330.0,0.0,105773.0
C0244,2026-07-31,30461.0,22387.0,0.0,105773.0
C0244,2026-08-30,29700.0,20595.0,0.0,105773.0
C0245,2026-07-01,56786.0,33738.0,474.0,355097.0
C0245,2026-07-31,53753.0,33221.0,679.0,355097.0
C0245,2026-08-30,57201.0,36601.0,0.0,355097.0
C0246,2026-07-01,55794.0,31255.0,19.0,551640.0
C0246,2026-07-31,56170.0,32701.0,0.0,551640.0
C0246,2026-08-30,57457.0,33682.0,0.0,551640.0
C0247,2026-07-01,29370.0,18353.0,0.0,157645.0
C0247,2026-07-31,28976.0,17943.0,0.0,157645.0
C0247,2026-08-30,29490.0,16597.0,0.0,157645.0
C0248,2026-07-01,30728.0,17682.0,0.0,259391.0
C0248,2026-07-31,30914.0,17165.0,0.0,259391.0
C0248,2026-08-30,30959.0,15350.0,237.0,259391.0
C0249,2026-07-01,49398.0,28562.0,0.0,374439.0
C0249,2026-07-31,48355.0,27442.0,0.0,374439.0
C0249,2026-08-30,49782.0,26698.0,0.0,374439.0
C0250,2026-07-01,25057.0,17518.0,443.0,31573.0
C0250,2026-07-31,25506.0,18186.0,0.0,31573.0
C0250,2026-08-30,24616.0,17106.0,0.0,31573.0
C0251,2026-07-01,30604.0,18180.0,503.0,206781.0
C0251,2026-07-31,31458.0,20292.0,0.0,206781.0
C0251,2026-08-30,31036.0,19933.0,0.0,206781.0
C0252,2026-07-01,40027.0,19852.0,31.0,33027.0
C0252,2026-07-31,39970.0,20808.0,0.0,33027.0
C0252,2026-08-30,39973.0,19899.0,311.0,33027.0
C0253,2026-07-01,64207.0,41161.0,0.0,328556.0
C0253,2026-07-31,62586.0,41961.0,0.0,328556.0
C0253,2026-08-30,61552.0,39395.0,469.0,328556.0
C0254,2026-07-01,28369.0,18940.0,0.0,280645.0
C0254,2026-07-31,27861.0,18863.0,0.0,280645.0
C0254,2026-08-30,28054.0,18944.0,0.0,280645.0
C0255,2026-07-01,15184.0,9347.0,0.0,18722.0
C0255,2026-07-31,14914.0,9301.0,32.0,18722.0
C0255,2026-08-30,14984.0,9455.0,193.0,18722.0
C0256,2026-07-01,14704.0,10295.0,259.0,255.0
C0256,2026-07-31,14480.0,9800.0,0.0,255.0
C0256,2026-08-30,14813.0,10119.0,0.0,255.0
C0257,2026-07-01,19901.0,14400.0,246.0,129811.0
C0257,2026-07-31,19900.0,14593.0,0.0,129811.0
C0257,2026-08-30,20778.0,14537.0,0.0,129811.0
C0258,2026-07-01,19248.0,13598.0,242.0,10536.0
C0258,2026-07-31,19692.0,14541.0,0.0,10536.0
C0258,2026-08-30,20247.0,13710.0,0.0,10536.0
C0259,2026-07-01,35185.0,25715.0,0.0,170665.0
C0259,2026-07-31,35911.0,26028.0,0.0,170665.0
C0259,2026-08-30,35545.0,25964.0,0.0,170665.0
C0260,2026-07-01,20998.0,14380.0,324.0,7569.0
C0260,2026-07-31,20959.0,13479.0,61.0,7569.0
C0260,2026-08-30,20332.0,13208.0,0.0,7569.0
C0261,2026-07-01,26572.0,13502.0,113.0,136614.0
C0261,2026-07-31,26793.0,13567.0,0.0,136614.0
C0261,2026-08-30,26793.0,13994.0,0.0,136614.0
C0262,2026-07-01,26754.0,19444.0,0.0,31647.0
C0262,2026-07-31,25909.0,18320.0,155.0,31647.0
C0262,2026-08-30,26044.0,18437.0,0.0,31647.0
C0263,2026-07-01,31033.0,17925.0,578.0,89911.0
C0263,2026-07-31,30747.0,18176.0,100.0,89911.0
C0263,2026-08-30,30461.0,18760.0,381.0,89911.0
C0264,2026-07-01,73510.0,38958.0,631.0,58826.0
C0264,2026-07-31,73213.0,38290.0,0.0,58826.0
C0264,2026-08-30,74090.0,38330.0,0.0,58826.0
C0265,2026-07-01,52765.0,37929.0,0.0,122442.0
C0265,2026-07-31,53396.0,34990.0,0.0,122442.0
C0265,2026-08-30,52099.0,35042.0,341.0,122442.0
C0266,2026-07-01,38384.0,22978.0,0.0,53418.0
C0266,2026-07-31,39192.0,23926.0,209.0,53418.0
C0266,2026-08-30,38171.0,25344.0,242.0,53418.0
C0267,2026-07-01,31035.0,20148.0,0.0,241736.0
C0267,2026-07-31,30274.0,19735.0,0.0,241736.0
C0267,2026-08-30,30174.0,18816.0,0.0,241736.0
C0268,2026-07-01,30654.0,23046.0,143.0,170331.0
C0268,2026-07-31,30457.0,23605.0,0.0,170331.0
C0268,2026-08-30,29691.0,22079.0,309.0,170331.0
C0269,2026-07-01,45391.0,32549.0,708.0,89307.0
C0269,2026-07-31,46274.0,33389.0,0.0,89307.0
C0269,2026-08-30,45123.0,34398.0,0.0,89307.0
C0270,2026-07-01,51313.0,35900.0,0.0,442174.0
C0270,2026-07-31,50761.0,35393.0,174.0,442174.0
C0270,2026-08-30,51784.0,34657.0,0.0,442174.0
C0271,2026-07-01,24086.0,15734.0,0.0,193111.0
C0271,2026-07-31,24197.0,15858.0,203.0,193111.0
C0271,2026-08-30,23534.0,14975.0,292.0,193111.0
C0272,2026-07-01,38393.0,23583.0,0.0,15858.0
C0272,2026-07-31,38913.0,24186.0,0.0,15858.0
C0272,2026-08-30,39227.0,23651.0,538.0,15858.0
C0273,2026-07-01,13994.0,8276.0,248.0,109969.0
C0273,2026-07-31,13473.0,8178.0,0.0,109969.0
C0273,2026-08-30,13494.0,8310.0,147.0,109969.0
C0274,2026-07-01,42570.0,29682.0,0.0,66685.0
C0274,2026-07-31,41727.0,28927.0,0.0,66685.0
C0274,2026-08-30,42766.0,30671.0,0.0,66685.0
C0275,2026-07-01,54240.0,37932.0,0.0,26363.0
C0275,2026-07-31,55518.0,36993.0,0.0,26363.0
C0275,2026-08-30,55571.0,35965.0,0.0,26363.0
C0276,2026-07-01,33238.0,21426.0,0.0,186043.0
C0276,2026-07-31,32490.0,21019.0,0.0,186043.0
C0276,2026-08-30,32026.0,21080.0,246.0,186043.0
C0277,2026-07-01,94442.0,53414.0,1504.0,509553.0
C0277,2026-07-31,94944.0,55824.0,0.0,509553.0
C0277,2026-08-30,95624.0,54367.0,0.0,509553.0
C0278,2026-07-01,24368.0,15349.0,0.0,71081.0
C0278,2026-07-31,24785.0,15485.0,106.0,71081.0
C0278,2026-08-30,24679.0,15879.0,0.0,71081.0
C0279,2026-07-01,43241.0,25318.0,0.0,165468.0
C0279,2026-07-31,42365.0,23706.0,0.0,165468.0
C0279,2026-08-30,41300.0,23614.0,0.0,165468.0
C0280,2026-07-01,37349.0,19802.0,0.0,104271.0
C0280,2026-07-31,37590.0,19303.0,0.0,104271.0
C0280,2026-08-30,29533.0,15812.0,0.0,104271.0
C0281,2026-07-01,35931.0,18993.0,0.0,119331.0
C0281,2026-07-31,36570.0,20876.0,0.0,119331.0
C0281,2026-08-30,36044.0,18760.0,0.0,119331.0
C0282,2026-07-01,35735.0,20342.0,559.0,276994.0
C0282,2026-07-31,36927.0,19730.0,0.0,276994.0
C0282,2026-08-30,35324.0,18770.0,0.0,276994.0
C0283,2026-07-01,40842.0,20832.0,0.0,252313.0
C0283,2026-07-31,40714.0,19704.0,0.0,252313.0
C0283,2026-08-30,39965.0,20461.0,0.0,252313.0
C0284,2026-07-01,58071.0,42405.0,0.0,155874.0
C0284,2026-07-31,58068.0,43841.0,1072.0,155874.0
C0284,2026-08-30,58259.0,41891.0,0.0,155874.0
C0285,2026-07-01,75025.0,44487.0,0.0,843430.0
C0285,2026-07-31,75214.0,46227.0,611.0,843430.0
C0285,2026-08-30,75297.0,41777.0,0.0,843430.0
C0286,2026-07-01,37816.0,26330.0,50.0,45045.0
C0286,2026-07-31,37823.0,25123.0,0.0,45045.0
C0286,2026-08-30,36723.0,25856.0,0.0,45045.0
C0287,2026-07-01,57184.0,39748.0,0.0,105315.0
C0287,2026-07-31,56648.0,40686.0,0.0,105315.0
C0287,2026-08-30,55501.0,38007.0,0.0,105315.0
C0288,2026-07-01,26659.0,13732.0,0.0,215670.0
C0288,2026-07-31,26647.0,14353.0,0.0,215670.0
C0288,2026-08-30,27313.0,13912.0,0.0,215670.0
C0289,2026-07-01,55249.0,40992.0,860.0,493176.0
C0289,2026-07-31,56258.0,44067.0,0.0,493176.0
C0289,2026-08-30,56855.0,44423.0,0.0,493176.0
C0290,2026-07-01,25981.0,13007.0,0.0,214911.0
C0290,2026-07-31,22436.0,13795.0,624.0,221043.0
C0290,2026-08-30,17798.0,12983.0,2269.0,230241.0
C0291,2026-07-01,65968.0,40041.0,155.0,112270.0
C0291,2026-07-31,65199.0,36602.0,0.0,112270.0
C0291,2026-08-30,66276.0,37946.0,641.0,112270.0
C0292,2026-07-01,114732.0,69933.0,504.0,869700.0
C0292,2026-07-31,111645.0,68444.0,191.0,869700.0
C0292,2026-08-30,114188.0,73902.0,0.0,869700.0
C0293,2026-07-01,35066.0,18182.0,0.0,104138.0
C0293,2026-07-31,35760.0,17460.0,0.0,104138.0
C0293,2026-08-30,35209.0,17494.0,0.0,104138.0
C0294,2026-07-01,12791.0,7957.0,0.0,17384.0
C0294,2026-07-31,12709.0,8255.0,0.0,17384.0
C0294,2026-08-30,12462.0,8370.0,54.0,17384.0
C0295,2026-07-01,28686.0,17893.0,3.0,159522.0
C0295,2026-07-31,29169.0,18683.0,313.0,159522.0
C0295,2026-08-30,29398.0,17693.0,0.0,159522.0
C0296,2026-07-01,69447.0,40762.0,0.0,578662.0
C0296,2026-07-31,69241.0,39903.0,208.0,578662.0
C0296,2026-08-30,72460.0,40520.0,0.0,578662.0
C0297,2026-07-01,50093.0,28352.0,0.0,34266.0
C0297,2026-07-31,50169.0,28708.0,0.0,34266.0
C0297,2026-08-30,49544.0,29960.0,0.0,34266.0
C0298,2026-07-01,43139.0,29741.0,461.0,47083.0
C0298,2026-07-31,44106.0,31125.0,0.0,47083.0
C0298,2026-08-30,43164.0,28870.0,35.0,47083.0
C0299,2026-07-01,62927.0,40196.0,0.0,98530.0
C0299,2026-07-31,61932.0,38446.0,0.0,98530.0
C0299,2026-08-30,45254.0,29439.0,822.0,98530.0
C0300,2026-07-01,48558.0,24498.0,0.0,311621.0
C0300,2026-07-31,40070.0,24213.0,1572.0,316246.0
C0300,2026-08-30,30369.0,24190.0,4538.0,323185.0
C0301,2026-07-01,69577.0,36504.0,0.0,340161.0
C0301,2026-07-31,69072.0,37517.0,0.0,340161.0
C0301,2026-08-30,70273.0,35820.0,0.0,340161.0
C0302,2026-07-01,59082.0,37936.0,0.0,346263.0
C0302,2026-07-31,59176.0,37372.0,0.0,346263.0
C0302,2026-08-30,61013.0,40078.0,0.0,346263.0
C0303,2026-07-01,80961.0,44572.0,0.0,213511.0
C0303,2026-07-31,80937.0,41246.0,0.0,213511.0
C0303,2026-08-30,81094.0,41687.0,0.0,213511.0
C0304,2026-07-01,45995.0,28479.0,459.0,318342.0
C0304,2026-07-31,45613.0,29420.0,0.0,318342.0
C0304,2026-08-30,44993.0,28061.0,0.0,318342.0
C0305,2026-07-01,59166.0,40822.0,0.0,94194.0
C0305,2026-07-31,59625.0,40481.0,0.0,94194.0
C0305,2026-08-30,60071.0,40288.0,0.0,94194.0
C0306,2026-07-01,32583.0,21309.0,0.0,95107.0
C0306,2026-07-31,32539.0,21967.0,358.0,95107.0
C0306,2026-08-30,32623.0,23527.0,0.0,95107.0
C0307,2026-07-01,28085.0,14863.0,0.0,27220.0
C0307,2026-07-31,27771.0,13965.0,0.0,27220.0
C0307,2026-08-30,28567.0,14682.0,0.0,27220.0
C0308,2026-07-01,88555.0,58730.0,0.0,445808.0
C0308,2026-07-31,89373.0,57626.0,0.0,445808.0
C0308,2026-08-30,86443.0,55844.0,1423.0,445808.0
C0309,2026-07-01,42163.0,24041.0,0.0,67985.0
C0309,2026-07-31,41602.0,22586.0,152.0,67985.0
C0309,2026-08-30,41679.0,22653.0,0.0,67985.0
C0310,2026-07-01,57013.0,29653.0,0.0,357095.0
C0310,2026-07-31,57845.0,29913.0,753.0,357095.0
C0310,2026-08-30,41427.0,22641.0,0.0,357095.0
C0311,2026-07-01,40996.0,21382.0,0.0,52918.0
C0311,2026-07-31,40279.0,21979.0,786.0,52918.0
C0311,2026-08-30,41373.0,21851.0,325.0,52918.0
C0312,2026-07-01,28659.0,21741.0,53.0,56381.0
C0312,2026-07-31,28318.0,20393.0,0.0,56381.0
C0312,2026-08-30,28412.0,20329.0,186.0,56381.0
C0313,2026-07-01,38122.0,21744.0,0.0,398305.0
C0313,2026-07-31,38230.0,21910.0,0.0,398305.0
C0313,2026-08-30,38175.0,22610.0,0.0,398305.0
C0314,2026-07-01,78346.0,51201.0,0.0,861092.0
C0314,2026-07-31,79933.0,49339.0,0.0,861092.0
C0314,2026-08-30,76492.0,48115.0,0.0,861092.0
C0315,2026-07-01,51060.0,25562.0,0.0,367876.0
C0315,2026-07-31,49923.0,26388.0,911.0,367876.0
C0315,2026-08-30,51156.0,27246.0,92.0,367876.0
C0316,2026-07-01,16019.0,8377.0,0.0,116740.0
C0316,2026-07-31,16200.0,8435.0,0.0,116740.0
C0316,2026-08-30,16062.0,8189.0,0.0,116740.0
C0317,2026-07-01,33215.0,18935.0,386.0,97308.0
C0317,2026-07-31,34989.0,20986.0,94.0,97308.0
C0317,2026-08-30,33618.0,20076.0,0.0,97308.0
C0318,2026-07-01,92717.0,70876.0,0.0,557361.0
C0318,2026-07-31,91138.0,65232.0,0.0,557361.0
C0318,2026-08-30,90743.0,68145.0,0.0,557361.0
C0319,2026-07-01,33796.0,16934.0,0.0,260768.0
C0319,2026-07-31,28802.0,17227.0,870.0,263853.0
C0319,2026-08-30,24519.0,16472.0,3098.0,268481.0
C0320,2026-07-01,15058.0,7208.0,45.0,71620.0
C0320,2026-07-31,15429.0,7892.0,0.0,71620.0
C0320,2026-08-30,15371.0,7645.0,71.0,71620.0
C0321,2026-07-01,94258.0,47928.0,958.0,4308.0
C0321,2026-07-31,97132.0,50382.0,0.0,4308.0
C0321,2026-08-30,98588.0,49090.0,0.0,4308.0
C0322,2026-07-01,53911.0,31772.0,0.0,439718.0
C0322,2026-07-31,46810.0,33188.0,1614.0,449771.0
C0322,2026-08-30,38913.0,32095.0,4380.0,464851.0
C0323,2026-07-01,36693.0,27129.0,61.0,208901.0
C0323,2026-07-31,37154.0,25848.0,0.0,208901.0
C0323,2026-08-30,36218.0,23787.0,0.0,208901.0
C0324,2026-07-01,31502.0,23320.0,207.0,12659.0
C0324,2026-07-31,32145.0,21300.0,0.0,12659.0
C0324,2026-08-30,31193.0,23759.0,0.0,12659.0
C0325,2026-07-01,65750.0,42135.0,0.0,283761.0
C0325,2026-07-31,64243.0,43274.0,0.0,283761.0
C0325,2026-08-30,65142.0,43140.0,362.0,283761.0
C0326,2026-07-01,29194.0,19289.0,2.0,41703.0
C0326,2026-07-31,27954.0,18554.0,0.0,41703.0
C0326,2026-08-30,28768.0,19213.0,0.0,41703.0
C0327,2026-07-01,67935.0,45376.0,0.0,44109.0
C0327,2026-07-31,67729.0,42638.0,594.0,44109.0
C0327,2026-08-30,66971.0,41568.0,0.0,44109.0
C0328,2026-07-01,48975.0,33496.0,0.0,67504.0
C0328,2026-07-31,50269.0,36460.0,0.0,67504.0
C0328,2026-08-30,49559.0,35936.0,0.0,67504.0
C0329,2026-07-01,43251.0,25237.0,0.0,324414.0
C0329,2026-07-31,43145.0,25655.0,0.0,324414.0
C0329,2026-08-30,42612.0,25592.0,0.0,324414.0
C0330,2026-07-01,41558.0,25122.0,729.0,401823.0
C0330,2026-07-31,40535.0,24660.0,0.0,401823.0
C0330,2026-08-30,41630.0,25279.0,436.0,401823.0
C0331,2026-07-01,35348.0,25413.0,0.0,29500.0
C0331,2026-07-31,34706.0,26961.0,0.0,29500.0
C0331,2026-08-30,27010.0,19780.0,348.0,29500.0
C0332,2026-07-01,64332.0,38318.0,810.0,140529.0
C0332,2026-07-31,64079.0,37568.0,0.0,140529.0
C0332,2026-08-30,52235.0,31598.0,1022.0,140529.0
C0333,2026-07-01,25180.0,13979.0,0.0,279947.0
C0333,2026-07-31,24488.0,14323.0,59.0,279947.0
C0333,2026-08-30,25041.0,13493.0,252.0,279947.0
C0334,2026-07-01,17194.0,9294.0,0.0,85967.0
C0334,2026-07-31,17053.0,8519.0,269.0,85967.0
C0334,2026-08-30,16725.0,8295.0,0.0,85967.0
C0335,2026-07-01,51435.0,26403.0,0.0,145145.0
C0335,2026-07-31,49624.0,24621.0,0.0,145145.0
C0335,2026-08-30,51610.0,26954.0,0.0,145145.0
C0336,2026-07-01,52727.0,34399.0,0.0,142159.0
C0336,2026-07-31,51914.0,36033.0,0.0,142159.0
C0336,2026-08-30,51639.0,34530.0,0.0,142159.0
C0337,2026-07-01,48084.0,28234.0,0.0,205998.0
C0337,2026-07-31,49181.0,28053.0,0.0,205998.0
C0337,2026-08-30,48261.0,27805.0,4.0,205998.0
C0338,2026-07-01,47899.0,35889.0,0.0,513266.0
C0338,2026-07-31,46201.0,35136.0,0.0,513266.0
C0338,2026-08-30,46752.0,35182.0,485.0,513266.0
C0339,2026-07-01,32189.0,21716.0,0.0,72309.0
C0339,2026-07-31,33408.0,22232.0,0.0,72309.0
C0339,2026-08-30,32487.0,20369.0,0.0,72309.0
C0340,2026-07-01,55945.0,38685.0,0.0,314578.0
C0340,2026-07-31,48270.0,35363.0,1858.0,323749.0
C0340,2026-08-30,38145.0,37225.0,5259.0,337506.0
C0341,2026-07-01,37566.0,27026.0,0.0,82025.0
C0341,2026-07-31,36421.0,26549.0,0.0,82025.0
C0341,2026-08-30,37294.0,27654.0,0.0,82025.0
C0342,2026-07-01,29322.0,17231.0,0.0,203923.0
C0342,2026-07-31,29915.0,17416.0,0.0,203923.0
C0342,2026-08-30,29121.0,17069.0,0.0,203923.0
C0343,2026-07-01,32454.0,19201.0,0.0,228354.0
C0343,2026-07-31,33034.0,19662.0,0.0,228354.0
C0343,2026-08-30,32767.0,20160.0,0.0,228354.0
C0344,2026-07-01,101427.0,66150.0,0.0,1130669.0
C0344,2026-07-31,89442.0,66236.0,3495.0,1159737.0
C0344,2026-08-30,74896.0,64227.0,7604.0,1203338.0
C0345,2026-07-01,15769.0,8529.0,0.0,46759.0
C0345,2026-07-31,16503.0,8877.0,26.0,46759.0
C0345,2026-08-30,15998.0,9198.0,288.0,46759.0
C0346,2026-07-01,47366.0,26557.0,48.0,78662.0
C0346,2026-07-31,47657.0,27471.0,0.0,78662.0
C0346,2026-08-30,49364.0,27275.0,0.0,78662.0
C0347,2026-07-01,16432.0,11017.0,0.0,47416.0
C0347,2026-07-31,16765.0,12463.0,34.0,47416.0
C0347,2026-08-30,16105.0,11080.0,0.0,47416.0
C0348,2026-07-01,36064.0,24995.0,616.0,82439.0
C0348,2026-07-31,36004.0,24317.0,0.0,82439.0
C0348,2026-08-30,35923.0,25468.0,0.0,82439.0
C0349,2026-07-01,30424.0,17570.0,0.0,21174.0
C0349,2026-07-31,30434.0,16638.0,0.0,21174.0
C0349,2026-08-30,30680.0,16620.0,389.0,21174.0
C0350,2026-07-01,13461.0,8287.0,0.0,102426.0
C0350,2026-07-31,13451.0,8796.0,0.0,102426.0
C0350,2026-08-30,13642.0,8773.0,0.0,102426.0
C0351,2026-07-01,45368.0,26537.0,852.0,279223.0
C0351,2026-07-31,44945.0,27009.0,0.0,279223.0
C0351,2026-08-30,46905.0,27741.0,0.0,279223.0
C0352,2026-07-01,30956.0,17530.0,5.0,26773.0
C0352,2026-07-31,31221.0,17660.0,0.0,26773.0
C0352,2026-08-30,31112.0,18638.0,0.0,26773.0
C0353,2026-07-01,13174.0,8651.0,0.0,85722.0
C0353,2026-07-31,13009.0,8606.0,0.0,85722.0
C0353,2026-08-30,13186.0,8662.0,0.0,85722.0
C0354,2026-07-01,58363.0,28218.0,0.0,252311.0
C0354,2026-07-31,57797.0,28046.0,0.0,252311.0
C0354,2026-08-30,58237.0,27694.0,0.0,252311.0
C0355,2026-07-01,77320.0,49261.0,0.0,233483.0
C0355,2026-07-31,78955.0,50793.0,0.0,233483.0
C0355,2026-08-30,77306.0,49812.0,0.0,233483.0
C0356,2026-07-01,80380.0,43303.0,172.0,713541.0
C0356,2026-07-31,80921.0,42196.0,0.0,713541.0
C0356,2026-08-30,63188.0,34891.0,213.0,713541.0
C0357,2026-07-01,46318.0,32499.0,431.0,69024.0
C0357,2026-07-31,44919.0,30443.0,0.0,69024.0
C0357,2026-08-30,45958.0,32547.0,0.0,69024.0
C0358,2026-07-01,39918.0,20986.0,586.0,255858.0
C0358,2026-07-31,38921.0,21133.0,736.0,255858.0
C0358,2026-08-30,38768.0,21341.0,0.0,255858.0
C0359,2026-07-01,73683.0,51679.0,0.0,464291.0
C0359,2026-07-31,75603.0,53106.0,0.0,464291.0
C0359,2026-08-30,74246.0,56440.0,0.0,464291.0
C0360,2026-07-01,90934.0,69816.0,0.0,160673.0
C0360,2026-07-31,88469.0,62852.0,0.0,160673.0
C0360,2026-08-30,87236.0,63841.0,0.0,160673.0
C0361,2026-07-01,66414.0,47970.0,0.0,119378.0
C0361,2026-07-31,67062.0,47815.0,610.0,119378.0
C0361,2026-08-30,64948.0,45501.0,0.0,119378.0
C0362,2026-07-01,23531.0,17662.0,338.0,261010.0
C0362,2026-07-31,23539.0,17881.0,0.0,261010.0
C0362,2026-08-30,23785.0,18214.0,123.0,261010.0
C0363,2026-07-01,43223.0,27413.0,0.0,341688.0
C0363,2026-07-31,42035.0,26735.0,0.0,341688.0
C0363,2026-08-30,40789.0,25785.0,524.0,341688.0
C0364,2026-07-01,47486.0,34209.0,0.0,194751.0
C0364,2026-07-31,39777.0,34561.0,1532.0,198749.0
C0364,2026-08-30,32927.0,35370.0,3602.0,204744.0
C0365,2026-07-01,15622.0,8402.0,0.0,158616.0
C0365,2026-07-31,15615.0,8375.0,0.0,158616.0
C0365,2026-08-30,15350.0,8138.0,37.0,158616.0
C0366,2026-07-01,48893.0,27569.0,101.0,296089.0
C0366,2026-07-31,47454.0,26000.0,355.0,296089.0
C0366,2026-08-30,48799.0,27757.0,0.0,296089.0
C0367,2026-07-01,117898.0,75203.0,0.0,656227.0
C0367,2026-07-31,115828.0,75066.0,1039.0,656227.0
C0367,2026-08-30,119454.0,75328.0,0.0,656227.0
C0368,2026-07-01,53396.0,31096.0,0.0,500210.0
C0368,2026-07-31,51981.0,29149.0,293.0,500210.0
C0368,2026-08-30,53526.0,31930.0,0.0,500210.0
C0369,2026-07-01,77428.0,56318.0,304.0,564423.0
C0369,2026-07-31,77975.0,54518.0,0.0,564423.0
C0369,2026-08-30,79225.0,60059.0,0.0,564423.0
C0370,2026-07-01,41184.0,30607.0,0.0,181189.0
C0370,2026-07-31,41683.0,30208.0,0.0,181189.0
C0370,2026-08-30,33265.0,24586.0,0.0,181189.0
C0371,2026-07-01,36403.0,19106.0,0.0,266828.0
C0371,2026-07-31,36753.0,19636.0,0.0,266828.0
C0371,2026-08-30,36234.0,19296.0,0.0,266828.0
C0372,2026-07-01,45927.0,23642.0,0.0,319023.0
C0372,2026-07-31,45555.0,24447.0,0.0,319023.0
C0372,2026-08-30,45168.0,24713.0,0.0,319023.0
C0373,2026-07-01,25590.0,15881.0,0.0,115892.0
C0373,2026-07-31,25948.0,16199.0,0.0,115892.0
C0373,2026-08-30,25704.0,15639.0,252.0,115892.0
C0374,2026-07-01,23617.0,12733.0,410.0,45353.0
C0374,2026-07-31,23274.0,12959.0,0.0,45353.0
C0374,2026-08-30,23399.0,14168.0,0.0,45353.0
C0375,2026-07-01,72735.0,35438.0,0.0,210718.0
C0375,2026-07-31,69150.0,34802.0,685.0,210718.0
C0375,2026-08-30,71210.0,37378.0,0.0,210718.0
C0376,2026-07-01,76331.0,52643.0,1205.0,214341.0
C0376,2026-07-31,74211.0,51968.0,0.0,214341.0
C0376,2026-08-30,75979.0,54451.0,225.0,214341.0
C0377,2026-07-01,23331.0,15224.0,393.0,141647.0
C0377,2026-07-31,22694.0,15378.0,111.0,141647.0
C0377,2026-08-30,23230.0,14885.0,0.0,141647.0
C0378,2026-07-01,61129.0,37163.0,0.0,87312.0
C0378,2026-07-31,62085.0,37498.0,0.0,87312.0
C0378,2026-08-30,62320.0,38648.0,0.0,87312.0
C0379,2026-07-01,36618.0,23016.0,0.0,433775.0
C0379,2026-07-31,36440.0,23611.0,0.0,433775.0
C0379,2026-08-30,36558.0,25031.0,0.0,433775.0
C0380,2026-07-01,44206.0,32765.0,196.0,252710.0
C0380,2026-07-31,44979.0,29500.0,0.0,252710.0
C0380,2026-08-30,44462.0,31931.0,0.0,252710.0
C0381,2026-07-01,48540.0,30646.0,0.0,58100.0
C0381,2026-07-31,48290.0,31768.0,0.0,58100.0
C0381,2026-08-30,48288.0,31628.0,0.0,58100.0
C0382,2026-07-01,64106.0,41092.0,0.0,466795.0
C0382,2026-07-31,62191.0,40932.0,0.0,466795.0
C0382,2026-08-30,61985.0,40707.0,0.0,466795.0
C0383,2026-07-01,39390.0,25948.0,0.0,18012.0
C0383,2026-07-31,38648.0,25388.0,576.0,18012.0
C0383,2026-08-30,38695.0,23859.0,0.0,18012.0
C0384,2026-07-01,77616.0,40320.0,0.0,121254.0
C0384,2026-07-31,75291.0,40522.0,0.0,121254.0
C0384,2026-08-30,75660.0,40184.0,0.0,121254.0
C0385,2026-07-01,44125.0,22601.0,0.0,512939.0
C0385,2026-07-31,38759.0,22149.0,1496.0,513187.0
C0385,2026-08-30,32130.0,22943.0,3245.0,513559.0
C0386,2026-07-01,52656.0,34960.0,0.0,341382.0
C0386,2026-07-31,52467.0,35094.0,632.0,341382.0
C0386,2026-08-30,40609.0,28842.0,0.0,341382.0
C0387,2026-07-01,25195.0,12324.0,108.0,7235.0
C0387,2026-07-31,24831.0,12784.0,0.0,7235.0
C0387,2026-08-30,24821.0,14134.0,144.0,7235.0
C0388,2026-07-01,114935.0,88094.0,0.0,1129896.0
C0388,2026-07-31,112008.0,77696.0,0.0,1129896.0
C0388,2026-08-30,111435.0,84532.0,0.0,1129896.0
C0389,2026-07-01,48161.0,26250.0,0.0,245814.0
C0389,2026-07-31,48731.0,26193.0,73.0,245814.0
C0389,2026-08-30,47594.0,25798.0,36.0,245814.0
C0390,2026-07-01,53868.0,40587.0,460.0,418051.0
C0390,2026-07-31,54835.0,38837.0,0.0,418051.0
C0390,2026-08-30,53065.0,37752.0,0.0,418051.0
C0391,2026-07-01,17253.0,10974.0,0.0,20012.0
C0391,2026-07-31,16591.0,10585.0,0.0,20012.0
C0391,2026-08-30,16937.0,10325.0,0.0,20012.0
C0392,2026-07-01,24596.0,13043.0,0.0,209087.0
C0392,2026-07-31,24801.0,14020.0,337.0,209087.0
C0392,2026-08-30,25691.0,13849.0,0.0,209087.0
C0393,2026-07-01,71706.0,37153.0,0.0,153520.0
C0393,2026-07-31,71819.0,36702.0,0.0,153520.0
C0393,2026-08-30,69066.0,33217.0,537.0,153520.0
C0394,2026-07-01,43208.0,30874.0,377.0,68779.0
C0394,2026-07-31,44124.0,29699.0,0.0,68779.0
C0394,2026-08-30,44371.0,29922.0,0.0,68779.0
C0395,2026-07-01,14425.0,7467.0,20.0,58028.0
C0395,2026-07-31,14473.0,7819.0,0.0,58028.0
C0395,2026-08-30,14352.0,7272.0,0.0,58028.0
C0396,2026-07-01,65489.0,47510.0,0.0,681261.0
C0396,2026-07-31,63445.0,44986.0,0.0,681261.0
C0396,2026-08-30,63930.0,45040.0,1257.0,681261.0
C0397,2026-07-01,29036.0,18456.0,0.0,47640.0
C0397,2026-07-31,29481.0,17564.0,0.0,47640.0
C0397,2026-08-30,28586.0,18293.0,135.0,47640.0
C0398,2026-07-01,78349.0,50275.0,687.0,496688.0
C0398,2026-07-31,75523.0,47812.0,0.0,496688.0
C0398,2026-08-30,78346.0,50807.0,0.0,496688.0
C0399,2026-07-01,35463.0,19975.0,0.0,244965.0
C0399,2026-07-31,36343.0,21658.0,0.0,244965.0
C0399,2026-08-30,37287.0,21353.0,0.0,244965.0
C0400,2026-07-01,42540.0,31735.0,0.0,299925.0
C0400,2026-07-31,42366.0,29954.0,0.0,299925.0
C0400,2026-08-30,41438.0,31686.0,0.0,299925.0
C0401,2026-07-01,67745.0,49546.0,0.0,49731.0
C0401,2026-07-31,69881.0,51605.0,0.0,49731.0
C0401,2026-08-30,68985.0,50343.0,811.0,49731.0
C0402,2026-07-01,24624.0,14239.0,0.0,35587.0
C0402,2026-07-31,24327.0,14230.0,137.0,35587.0
C0402,2026-08-30,24197.0,13934.0,0.0,35587.0
C0403,2026-07-01,23366.0,14562.0,0.0,136159.0
C0403,2026-07-31,23190.0,13741.0,33.0,136159.0
C0403,2026-08-30,23041.0,13383.0,0.0,136159.0
C0404,2026-07-01,33670.0,21607.0,0.0,208046.0
C0404,2026-07-31,34892.0,22171.0,0.0,208046.0
C0404,2026-08-30,34627.0,24329.0,0.0,208046.0
C0405,2026-07-01,56977.0,43438.0,110.0,446753.0
C0405,2026-07-31,58517.0,43076.0,0.0,446753.0
C0405,2026-08-30,57710.0,42454.0,0.0,446753.0
C0406,2026-07-01,19577.0,13630.0,0.0,15174.0
C0406,2026-07-31,19759.0,14232.0,0.0,15174.0
C0406,2026-08-30,19696.0,14272.0,0.0,15174.0
C0407,2026-07-01,16573.0,12483.0,25.0,89854.0
C0407,2026-07-31,16453.0,11084.0,0.0,89854.0
C0407,2026-08-30,16991.0,12419.0,0.0,89854.0
C0408,2026-07-01,56768.0,30925.0,0.0,120245.0
C0408,2026-07-31,58042.0,31033.0,0.0,120245.0
C0408,2026-08-30,57328.0,31338.0,0.0,120245.0
C0409,2026-07-01,28292.0,19152.0,0.0,81248.0
C0409,2026-07-31,28620.0,21099.0,0.0,81248.0
C0409,2026-08-30,27969.0,19674.0,0.0,81248.0
C0410,2026-07-01,31482.0,19194.0,0.0,231443.0
C0410,2026-07-31,31324.0,17532.0,0.0,231443.0
C0410,2026-08-30,30900.0,18273.0,0.0,231443.0
C0411,2026-07-01,15283.0,9250.0,0.0,33593.0
C0411,2026-07-31,15160.0,8477.0,0.0,33593.0
C0411,2026-08-30,14902.0,8591.0,0.0,33593.0
C0412,2026-07-01,27549.0,20003.0,0.0,10278.0
C0412,2026-07-31,26762.0,19070.0,0.0,10278.0
C0412,2026-08-30,27088.0,19961.0,0.0,10278.0
C0413,2026-07-01,37656.0,19850.0,0.0,113228.0
C0413,2026-07-31,38327.0,21915.0,0.0,113228.0
C0413,2026-08-30,37627.0,20525.0,176.0,113228.0
C0414,2026-07-01,61039.0,40572.0,0.0,537251.0
C0414,2026-07-31,50046.0,38938.0,1702.0,546080.0
C0414,2026-08-30,41260.0,38650.0,4240.0,559323.0
C0415,2026-07-01,25512.0,16720.0,314.0,39095.0
C0415,2026-07-31,25255.0,16754.0,384.0,39095.0
C0415,2026-08-30,26131.0,16352.0,0.0,39095.0
C0416,2026-07-01,84195.0,49761.0,1194.0,902027.0
C0416,2026-07-31,88947.0,52881.0,762.0,902027.0
C0416,2026-08-30,87133.0,53550.0,0.0,902027.0
C0417,2026-07-01,26616.0,18062.0,0.0,40171.0
C0417,2026-07-31,26338.0,18133.0,0.0,40171.0
C0417,2026-08-30,20820.0,13621.0,0.0,40171.0
C0418,2026-07-01,26463.0,18515.0,0.0,223031.0
C0418,2026-07-31,27203.0,17965.0,0.0,223031.0
C0418,2026-08-30,26877.0,19055.0,291.0,223031.0
C0419,2026-07-01,82626.0,58430.0,0.0,298163.0
C0419,2026-07-31,82767.0,60282.0,0.0,298163.0
C0419,2026-08-30,70250.0,49608.0,0.0,298163.0
C0420,2026-07-01,41799.0,23599.0,0.0,81030.0
C0420,2026-07-31,42181.0,24342.0,714.0,81030.0
C0420,2026-08-30,41798.0,25014.0,0.0,81030.0
C0421,2026-07-01,28870.0,16691.0,443.0,169240.0
C0421,2026-07-31,28464.0,17432.0,62.0,169240.0
C0421,2026-08-30,28617.0,16891.0,0.0,169240.0
C0422,2026-07-01,34979.0,22826.0,215.0,159076.0
C0422,2026-07-31,35355.0,23808.0,217.0,159076.0
C0422,2026-08-30,35202.0,23442.0,0.0,159076.0
C0423,2026-07-01,75267.0,57557.0,0.0,64677.0
C0423,2026-07-31,74580.0,58536.0,0.0,64677.0
C0423,2026-08-30,74050.0,55900.0,1420.0,64677.0
C0424,2026-07-01,79327.0,40642.0,0.0,255639.0
C0424,2026-07-31,78012.0,41116.0,0.0,255639.0
C0424,2026-08-30,79775.0,39844.0,479.0,255639.0
C0425,2026-07-01,25192.0,15500.0,472.0,24815.0
C0425,2026-07-31,25378.0,14753.0,0.0,24815.0
C0425,2026-08-30,25383.0,16093.0,119.0,24815.0
C0426,2026-07-01,38094.0,24191.0,280.0,67284.0
C0426,2026-07-31,37413.0,24494.0,657.0,67284.0
C0426,2026-08-30,37241.0,24631.0,0.0,67284.0
C0427,2026-07-01,39387.0,20506.0,157.0,313774.0
C0427,2026-07-31,40279.0,21609.0,350.0,313774.0
C0427,2026-08-30,39639.0,21167.0,300.0,313774.0
C0428,2026-07-01,22669.0,12414.0,187.0,161592.0
C0428,2026-07-31,23132.0,13208.0,0.0,161592.0
C0428,2026-08-30,23267.0,13756.0,0.0,161592.0
C0429,2026-07-01,36546.0,20426.0,0.0,34132.0
C0429,2026-07-31,36934.0,20265.0,734.0,34132.0
C0429,2026-08-30,36960.0,20887.0,0.0,34132.0
C0430,2026-07-01,38068.0,27887.0,0.0,87128.0
C0430,2026-07-31,38806.0,28181.0,541.0,87128.0
C0430,2026-08-30,37350.0,26709.0,0.0,87128.0
C0431,2026-07-01,69250.0,38936.0,0.0,308948.0
C0431,2026-07-31,67167.0,41876.0,0.0,308948.0
C0431,2026-08-30,67785.0,43148.0,0.0,308948.0
C0432,2026-07-01,69633.0,52013.0,0.0,184730.0
C0432,2026-07-31,67701.0,47712.0,353.0,184730.0
C0432,2026-08-30,68399.0,49144.0,0.0,184730.0
C0433,2026-07-01,31947.0,16399.0,0.0,250378.0
C0433,2026-07-31,32680.0,16802.0,146.0,250378.0
C0433,2026-08-30,31531.0,15584.0,0.0,250378.0
C0434,2026-07-01,33662.0,24266.0,0.0,130891.0
C0434,2026-07-31,34184.0,24393.0,0.0,130891.0
C0434,2026-08-30,34342.0,24420.0,0.0,130891.0
C0435,2026-07-01,53352.0,32399.0,955.0,41606.0
C0435,2026-07-31,52218.0,33079.0,0.0,41606.0
C0435,2026-08-30,51730.0,31765.0,0.0,41606.0
C0436,2026-07-01,28630.0,14234.0,0.0,168008.0
C0436,2026-07-31,29011.0,14791.0,0.0,168008.0
C0436,2026-08-30,28253.0,14871.0,0.0,168008.0
C0437,2026-07-01,50124.0,39878.0,0.0,263700.0
C0437,2026-07-31,50671.0,38565.0,0.0,263700.0
C0437,2026-08-30,51301.0,36426.0,0.0,263700.0
C0438,2026-07-01,37168.0,20381.0,0.0,242752.0
C0438,2026-07-31,30333.0,20980.0,1245.0,244161.0
C0438,2026-08-30,23500.0,21325.0,3409.0,246275.0
C0439,2026-07-01,22714.0,13304.0,0.0,61125.0
C0439,2026-07-31,23157.0,12896.0,0.0,61125.0
C0439,2026-08-30,23208.0,13865.0,431.0,61125.0
C0440,2026-07-01,23336.0,15624.0,0.0,180879.0
C0440,2026-07-31,23668.0,15979.0,0.0,180879.0
C0440,2026-08-30,23675.0,16102.0,193.0,180879.0
C0441,2026-07-01,76334.0,42061.0,0.0,546280.0
C0441,2026-07-31,79245.0,45747.0,0.0,546280.0
C0441,2026-08-30,78319.0,45530.0,0.0,546280.0
C0442,2026-07-01,35288.0,18649.0,0.0,164041.0
C0442,2026-07-31,35492.0,19219.0,0.0,164041.0
C0442,2026-08-30,34696.0,19173.0,0.0,164041.0
C0443,2026-07-01,86116.0,59234.0,0.0,964578.0
C0443,2026-07-31,70921.0,57340.0,2590.0,987432.0
C0443,2026-08-30,51693.0,58814.0,6222.0,1021713.0
C0444,2026-07-01,30034.0,20794.0,0.0,33444.0
C0444,2026-07-31,29001.0,20668.0,535.0,33444.0
C0444,2026-08-30,30524.0,22070.0,250.0,33444.0
C0445,2026-07-01,43372.0,24358.0,120.0,532289.0
C0445,2026-07-31,44697.0,25543.0,211.0,532289.0
C0445,2026-08-30,43761.0,23836.0,0.0,532289.0
C0446,2026-07-01,127048.0,80560.0,0.0,961706.0
C0446,2026-07-31,125624.0,80278.0,105.0,961706.0
C0446,2026-08-30,123642.0,79991.0,0.0,961706.0
C0447,2026-07-01,21460.0,16286.0,285.0,24222.0
C0447,2026-07-31,23243.0,17276.0,439.0,24222.0
C0447,2026-08-30,22425.0,17329.0,268.0,24222.0
C0448,2026-07-01,14767.0,9760.0,0.0,151585.0
C0448,2026-07-31,12088.0,9334.0,485.0,155631.0
C0448,2026-08-30,9130.0,9261.0,1178.0,161700.0
C0449,2026-07-01,72278.0,51223.0,0.0,904622.0
C0449,2026-07-31,62929.0,51661.0,1862.0,925841.0
C0449,2026-08-30,51406.0,50525.0,5551.0,957669.0
C0450,2026-07-01,25651.0,17658.0,17.0,36024.0
C0450,2026-07-31,25526.0,18988.0,0.0,36024.0
C0450,2026-08-30,25014.0,18552.0,0.0,36024.0
C0451,2026-07-01,36714.0,18826.0,705.0,26807.0
C0451,2026-07-31,37472.0,18635.0,0.0,26807.0
C0451,2026-08-30,37897.0,20109.0,0.0,26807.0
C0452,2026-07-01,28426.0,21054.0,0.0,123133.0
C0452,2026-07-31,28670.0,22057.0,0.0,123133.0
C0452,2026-08-30,28768.0,21955.0,0.0,123133.0
C0453,2026-07-01,43846.0,27976.0,0.0,80898.0
C0453,2026-07-31,43320.0,27528.0,0.0,80898.0
C0453,2026-08-30,43839.0,27940.0,0.0,80898.0
C0454,2026-07-01,24391.0,18388.0,0.0,165566.0
C0454,2026-07-31,23073.0,17106.0,0.0,165566.0
C0454,2026-08-30,23772.0,17116.0,0.0,165566.0
C0455,2026-07-01,35654.0,19052.0,0.0,22554.0
C0455,2026-07-31,34089.0,17375.0,0.0,22554.0
C0455,2026-08-30,35221.0,18977.0,635.0,22554.0
C0456,2026-07-01,48410.0,32986.0,215.0,262988.0
C0456,2026-07-31,46546.0,30109.0,0.0,262988.0
C0456,2026-08-30,48109.0,34162.0,0.0,262988.0
C0457,2026-07-01,22906.0,16452.0,0.0,2408.0
C0457,2026-07-31,22979.0,17484.0,0.0,2408.0
C0457,2026-08-30,22888.0,16990.0,173.0,2408.0
C0458,2026-07-01,27328.0,18473.0,0.0,181069.0
C0458,2026-07-31,26755.0,18919.0,386.0,181069.0
C0458,2026-08-30,26614.0,17729.0,0.0,181069.0
C0459,2026-07-01,31686.0,17243.0,0.0,3033.0
C0459,2026-07-31,31737.0,17387.0,0.0,3033.0
C0459,2026-08-30,31383.0,16895.0,505.0,3033.0
C0460,2026-07-01,18468.0,10056.0,0.0,23907.0
C0460,2026-07-31,18633.0,9893.0,0.0,23907.0
C0460,2026-08-30,18713.0,10536.0,0.0,23907.0
C0461,2026-07-01,31356.0,21639.0,0.0,84462.0
C0461,2026-07-31,30911.0,21064.0,426.0,84462.0
C0461,2026-08-30,30581.0,21961.0,56.0,84462.0
C0462,2026-07-01,39689.0,29372.0,0.0,117556.0
C0462,2026-07-31,40478.0,31141.0,0.0,117556.0
C0462,2026-08-30,40229.0,29152.0,683.0,117556.0
C0463,2026-07-01,31061.0,19012.0,557.0,267479.0
C0463,2026-07-31,31222.0,19084.0,0.0,267479.0
C0463,2026-08-30,31342.0,19188.0,0.0,267479.0
C0464,2026-07-01,33334.0,22217.0,0.0,84367.0
C0464,2026-07-31,33115.0,22905.0,0.0,84367.0
C0464,2026-08-30,32801.0,22987.0,332.0,84367.0
C0465,2026-07-01,37254.0,26407.0,0.0,191919.0
C0465,2026-07-31,38078.0,27609.0,97.0,191919.0
C0465,2026-08-30,37361.0,26528.0,0.0,191919.0
C0466,2026-07-01,26847.0,17294.0,0.0,122456.0
C0466,2026-07-31,27877.0,17373.0,324.0,122456.0
C0466,2026-08-30,27013.0,17049.0,0.0,122456.0
C0467,2026-07-01,53728.0,27325.0,0.0,73902.0
C0467,2026-07-31,54096.0,28335.0,403.0,73902.0
C0467,2026-08-30,53703.0,27238.0,0.0,73902.0
C0468,2026-07-01,75004.0,38087.0,1346.0,4834.0
C0468,2026-07-31,78356.0,42139.0,435.0,4834.0
C0468,2026-08-30,79450.0,43947.0,0.0,4834.0
C0469,2026-07-01,30455.0,17402.0,0.0,167400.0
C0469,2026-07-31,29141.0,17148.0,0.0,167400.0
C0469,2026-08-30,31060.0,18390.0,0.0,167400.0
C0470,2026-07-01,47437.0,29885.0,352.0,395586.0
C0470,2026-07-31,47617.0,31836.0,723.0,395586.0
C0470,2026-08-30,48968.0,34154.0,0.0,395586.0
C0471,2026-07-01,33929.0,22908.0,440.0,50966.0
C0471,2026-07-31,33741.0,20882.0,0.0,50966.0
C0471,2026-08-30,33412.0,22233.0,0.0,50966.0
C0472,2026-07-01,46510.0,28475.0,0.0,360196.0
C0472,2026-07-31,45573.0,27271.0,0.0,360196.0
C0472,2026-08-30,44529.0,25958.0,0.0,360196.0
C0473,2026-07-01,84636.0,49580.0,0.0,344872.0
C0473,2026-07-31,83373.0,50401.0,0.0,344872.0
C0473,2026-08-30,84490.0,51630.0,1010.0,344872.0
C0474,2026-07-01,49421.0,36016.0,0.0,96227.0
C0474,2026-07-31,50758.0,37876.0,0.0,96227.0
C0474,2026-08-30,48772.0,37871.0,0.0,96227.0
C0475,2026-07-01,15870.0,12279.0,0.0,85192.0
C0475,2026-07-31,15628.0,11088.0,0.0,85192.0
C0475,2026-08-30,13205.0,9318.0,0.0,85192.0
C0476,2026-07-01,45591.0,25112.0,0.0,107797.0
C0476,2026-07-31,47648.0,26165.0,0.0,107797.0
C0476,2026-08-30,47626.0,26542.0,0.0,107797.0
C0477,2026-07-01,70253.0,38743.0,9.0,428156.0
C0477,2026-07-31,69474.0,39208.0,0.0,428156.0
C0477,2026-08-30,71357.0,39154.0,0.0,428156.0
C0478,2026-07-01,33743.0,24756.0,0.0,310313.0
C0478,2026-07-31,34102.0,24574.0,0.0,310313.0
C0478,2026-08-30,33981.0,24805.0,0.0,310313.0
C0479,2026-07-01,62969.0,38146.0,0.0,490176.0
C0479,2026-07-31,63842.0,39429.0,0.0,490176.0
C0479,2026-08-30,62683.0,37418.0,0.0,490176.0
C0480,2026-07-01,27240.0,13633.0,472.0,109367.0
C0480,2026-07-31,26958.0,14189.0,0.0,109367.0
C0480,2026-08-30,26696.0,12812.0,0.0,109367.0
C0481,2026-07-01,18062.0,11986.0,0.0,170594.0
C0481,2026-07-31,18023.0,11727.0,0.0,170594.0
C0481,2026-08-30,18254.0,11871.0,0.0,170594.0
C0482,2026-07-01,40865.0,24674.0,0.0,152127.0
C0482,2026-07-31,40314.0,24464.0,0.0,152127.0
C0482,2026-08-30,40664.0,24542.0,0.0,152127.0
C0483,2026-07-01,15438.0,8420.0,148.0,8333.0
C0483,2026-07-31,15756.0,8724.0,0.0,8333.0
C0483,2026-08-30,15800.0,8480.0,0.0,8333.0
C0484,2026-07-01,34614.0,26337.0,497.0,66630.0
C0484,2026-07-31,34382.0,27182.0,0.0,66630.0
C0484,2026-08-30,33177.0,23153.0,0.0,66630.0
C0485,2026-07-01,72519.0,53610.0,0.0,543059.0
C0485,2026-07-31,72538.0,48297.0,0.0,543059.0
C0485,2026-08-30,72050.0,51036.0,0.0,543059.0
C0486,2026-07-01,14563.0,9201.0,0.0,107305.0
C0486,2026-07-31,14522.0,9414.0,0.0,107305.0
C0486,2026-08-30,15010.0,9462.0,0.0,107305.0
C0487,2026-07-01,19875.0,10828.0,0.0,46698.0
C0487,2026-07-31,20102.0,10699.0,0.0,46698.0
C0487,2026-08-30,19241.0,9848.0,140.0,46698.0
C0488,2026-07-01,22980.0,15134.0,0.0,147261.0
C0488,2026-07-31,23103.0,15666.0,0.0,147261.0
C0488,2026-08-30,22342.0,15648.0,0.0,147261.0
C0489,2026-07-01,37049.0,19537.0,0.0,208237.0
C0489,2026-07-31,30559.0,19483.0,1306.0,217224.0
C0489,2026-08-30,24471.0,20520.0,2360.0,230705.0
C0490,2026-07-01,31464.0,18814.0,0.0,189535.0
C0490,2026-07-31,32483.0,19433.0,0.0,189535.0
C0490,2026-08-30,31283.0,16949.0,0.0,189535.0
C0491,2026-07-01,77925.0,42995.0,0.0,486780.0
C0491,2026-07-31,65977.0,42295.0,2483.0,502545.0
C0491,2026-08-30,52987.0,42475.0,5996.0,526191.0
C0492,2026-07-01,62035.0,42090.0,0.0,55997.0
C0492,2026-07-31,61754.0,39109.0,918.0,55997.0
C0492,2026-08-30,59254.0,40324.0,0.0,55997.0
C0493,2026-07-01,47674.0,26925.0,0.0,349431.0
C0493,2026-07-31,48961.0,29588.0,0.0,349431.0
C0493,2026-08-30,48603.0,26479.0,433.0,349431.0
C0494,2026-07-01,40583.0,23693.0,0.0,22051.0
C0494,2026-07-31,41562.0,23599.0,0.0,22051.0
C0494,2026-08-30,40358.0,24084.0,0.0,22051.0
C0495,2026-07-01,45984.0,27719.0,427.0,111443.0
C0495,2026-07-31,45851.0,27910.0,0.0,111443.0
C0495,2026-08-30,46654.0,28714.0,0.0,111443.0
C0496,2026-07-01,24063.0,16891.0,0.0,34862.0
C0496,2026-07-31,24516.0,16082.0,0.0,34862.0
C0496,2026-08-30,24062.0,15498.0,0.0,34862.0
C0497,2026-07-01,58026.0,36039.0,437.0,84822.0
C0497,2026-07-31,58932.0,38567.0,0.0,84822.0
C0497,2026-08-30,58948.0,37020.0,0.0,84822.0
C0498,2026-07-01,21562.0,11469.0,277.0,65001.0
C0498,2026-07-31,21974.0,11564.0,0.0,65001.0
C0498,2026-08-30,21739.0,11011.0,0.0,65001.0
C0499,2026-07-01,58878.0,30731.0,0.0,223010.0
C0499,2026-07-31,57588.0,31947.0,0.0,223010.0
C0499,2026-08-30,55127.0,32726.0,0.0,223010.0
C0500,2026-07-01,69723.0,45414.0,0.0,57435.0
C0500,2026-07-31,68326.0,46494.0,0.0,57435.0
C0500,2026-08-30,68517.0,43145.0,713.0,57435.0
C0501,2026-07-01,42413.0,26957.0,0.0,223597.0
C0501,2026-07-31,41298.0,26819.0,0.0,223597.0
C0501,2026-08-30,42247.0,26857.0,0.0,223597.0
C0502,2026-07-01,35079.0,25389.0,0.0,74569.0
C0502,2026-07-31,34990.0,26208.0,0.0,74569.0
C0502,2026-08-30,34487.0,24908.0,74.0,74569.0
C0503,2026-07-01,47090.0,31353.0,385.0,158817.0
C0503,2026-07-31,45706.0,29049.0,0.0,158817.0
C0503,2026-08-30,45965.0,29675.0,0.0,158817.0
C0504,2026-07-01,11976.0,7393.0,0.0,123494.0
C0504,2026-07-31,12053.0,7610.0,0.0,123494.0
C0504,2026-08-30,11942.0,7286.0,0.0,123494.0
C0505,2026-07-01,45015.0,32279.0,0.0,391842.0
C0505,2026-07-31,44396.0,32961.0,0.0,391842.0
C0505,2026-08-30,44250.0,31391.0,0.0,391842.0
C0506,2026-07-01,36295.0,22986.0,0.0,247164.0
C0506,2026-07-31,36030.0,22061.0,0.0,247164.0
C0506,2026-08-30,26347.0,15847.0,324.0,247164.0
C0507,2026-07-01,37706.0,24269.0,0.0,400320.0
C0507,2026-07-31,37167.0,24522.0,0.0,400320.0
C0507,2026-08-30,37481.0,24990.0,0.0,400320.0
C0508,2026-07-01,52618.0,33058.0,0.0,627058.0
C0508,2026-07-31,42954.0,33689.0,1875.0,639408.0
C0508,2026-08-30,34356.0,34103.0,3883.0,657934.0
C0509,2026-07-01,36884.0,19404.0,0.0,201898.0
C0509,2026-07-31,37313.0,20010.0,0.0,201898.0
C0509,2026-08-30,36766.0,19334.0,0.0,201898.0
C0510,2026-07-01,21247.0,15649.0,0.0,190403.0
C0510,2026-07-31,18387.0,16335.0,742.0,196106.0
C0510,2026-08-30,14252.0,15511.0,1398.0,204661.0
C0511,2026-07-01,36396.0,17863.0,0.0,256049.0
C0511,2026-07-31,29699.0,18003.0,1209.0,258044.0
C0511,2026-08-30,22282.0,17995.0,2325.0,261036.0
C0512,2026-07-01,39099.0,26807.0,0.0,275462.0
C0512,2026-07-31,39510.0,26397.0,0.0,275462.0
C0512,2026-08-30,39836.0,28901.0,0.0,275462.0
C0513,2026-07-01,39536.0,27020.0,0.0,436558.0
C0513,2026-07-31,40029.0,29642.0,229.0,436558.0
C0513,2026-08-30,32521.0,24259.0,0.0,436558.0
C0514,2026-07-01,41967.0,28280.0,499.0,376685.0
C0514,2026-07-31,40819.0,28874.0,0.0,376685.0
C0514,2026-08-30,41259.0,27355.0,0.0,376685.0
C0515,2026-07-01,64842.0,34737.0,0.0,619442.0
C0515,2026-07-31,65127.0,32629.0,0.0,619442.0
C0515,2026-08-30,64100.0,32783.0,0.0,619442.0
C0516,2026-07-01,22227.0,13392.0,177.0,135425.0
C0516,2026-07-31,21763.0,12734.0,0.0,135425.0
C0516,2026-08-30,22439.0,12097.0,0.0,135425.0
C0517,2026-07-01,42287.0,28920.0,0.0,69841.0
C0517,2026-07-31,40336.0,30260.0,0.0,69841.0
C0517,2026-08-30,42597.0,29461.0,607.0,69841.0
C0518,2026-07-01,71639.0,52563.0,1362.0,240331.0
C0518,2026-07-31,73046.0,52433.0,0.0,240331.0
C0518,2026-08-30,72484.0,52294.0,184.0,240331.0
C0519,2026-07-01,15986.0,11099.0,0.0,82205.0
C0519,2026-07-31,15950.0,11859.0,241.0,82205.0
C0519,2026-08-30,15762.0,11086.0,0.0,82205.0
C0520,2026-07-01,41927.0,23425.0,0.0,176275.0
C0520,2026-07-31,41422.0,22387.0,0.0,176275.0
C0520,2026-08-30,40783.0,21020.0,0.0,176275.0
C0521,2026-07-01,27959.0,18395.0,79.0,26241.0
C0521,2026-07-31,27849.0,16755.0,39.0,26241.0
C0521,2026-08-30,28177.0,18080.0,0.0,26241.0
C0522,2026-07-01,31263.0,20490.0,0.0,235347.0
C0522,2026-07-31,32062.0,21023.0,270.0,235347.0
C0522,2026-08-30,23060.0,14917.0,0.0,235347.0
C0523,2026-07-01,24095.0,12805.0,0.0,111558.0
C0523,2026-07-31,24206.0,13361.0,44.0,111558.0
C0523,2026-08-30,24706.0,14162.0,438.0,111558.0
C0524,2026-07-01,34182.0,19882.0,0.0,154465.0
C0524,2026-07-31,35767.0,21462.0,0.0,154465.0
C0524,2026-08-30,35403.0,21441.0,345.0,154465.0
C0525,2026-07-01,95369.0,55610.0,1455.0,656910.0
C0525,2026-07-31,97093.0,56398.0,1111.0,656910.0
C0525,2026-08-30,94939.0,55397.0,0.0,656910.0
C0526,2026-07-01,20287.0,15316.0,343.0,144047.0
C0526,2026-07-31,20036.0,14699.0,355.0,144047.0
C0526,2026-08-30,20493.0,16249.0,0.0,144047.0
C0527,2026-07-01,21184.0,14425.0,96.0,32383.0
C0527,2026-07-31,21416.0,14567.0,0.0,32383.0
C0527,2026-08-30,15178.0,10387.0,0.0,32383.0
C0528,2026-07-01,19556.0,12973.0,0.0,1558.0
C0528,2026-07-31,20024.0,13013.0,0.0,1558.0
C0528,2026-08-30,19508.0,13475.0,0.0,1558.0
C0529,2026-07-01,87194.0,51468.0,0.0,465470.0
C0529,2026-07-31,89089.0,51571.0,0.0,465470.0
C0529,2026-08-30,91228.0,59329.0,0.0,465470.0
C0530,2026-07-01,30194.0,19172.0,0.0,339825.0
C0530,2026-07-31,29958.0,19379.0,0.0,339825.0
C0530,2026-08-30,30225.0,19282.0,0.0,339825.0
C0531,2026-07-01,37850.0,20259.0,0.0,236072.0
C0531,2026-07-31,36593.0,19731.0,392.0,236072.0
C0531,2026-08-30,30399.0,16730.0,259.0,236072.0
C0532,2026-07-01,31158.0,18851.0,0.0,71066.0
C0532,2026-07-31,30463.0,18561.0,459.0,71066.0
C0532,2026-08-30,30457.0,19177.0,398.0,71066.0
C0533,2026-07-01,23570.0,17298.0,0.0,28473.0
C0533,2026-07-31,23703.0,17756.0,0.0,28473.0
C0533,2026-08-30,23704.0,17833.0,0.0,28473.0
C0534,2026-07-01,33497.0,17739.0,0.0,362618.0
C0534,2026-07-31,27157.0,17975.0,885.0,372321.0
C0534,2026-08-30,20930.0,18406.0,2298.0,386875.0
C0535,2026-07-01,132325.0,80843.0,0.0,693598.0
C0535,2026-07-31,125574.0,77074.0,831.0,693598.0
C0535,2026-08-30,131114.0,77064.0,0.0,693598.0
C0536,2026-07-01,76801.0,41272.0,0.0,398712.0
C0536,2026-07-31,63839.0,43132.0,1950.0,413895.0
C0536,2026-08-30,48690.0,43312.0,5899.0,436670.0
C0537,2026-07-01,25151.0,17292.0,0.0,39151.0
C0537,2026-07-31,24333.0,17602.0,0.0,39151.0
C0537,2026-08-30,24847.0,17478.0,0.0,39151.0
C0538,2026-07-01,52309.0,37520.0,600.0,334987.0
C0538,2026-07-31,52536.0,39980.0,0.0,334987.0
C0538,2026-08-30,51721.0,36577.0,979.0,334987.0
C0539,2026-07-01,25697.0,14000.0,441.0,131232.0
C0539,2026-07-31,24734.0,12917.0,37.0,131232.0
C0539,2026-08-30,21128.0,11015.0,0.0,131232.0
C0540,2026-07-01,15800.0,10001.0,306.0,85168.0
C0540,2026-07-31,15531.0,9827.0,0.0,85168.0
C0540,2026-08-30,15918.0,10650.0,0.0,85168.0
C0541,2026-07-01,62892.0,40919.0,0.0,349964.0
C0541,2026-07-31,63190.0,40713.0,0.0,349964.0
C0541,2026-08-30,62357.0,40704.0,0.0,349964.0
C0542,2026-07-01,68029.0,40779.0,0.0,203234.0
C0542,2026-07-31,67903.0,40326.0,626.0,203234.0
C0542,2026-08-30,68548.0,41459.0,0.0,203234.0
C0543,2026-07-01,63444.0,43952.0,0.0,360299.0
C0543,2026-07-31,64545.0,44760.0,0.0,360299.0
C0543,2026-08-30,46233.0,30611.0,0.0,360299.0
C0544,2026-07-01,30283.0,22930.0,0.0,88729.0
C0544,2026-07-31,30831.0,24196.0,390.0,88729.0
C0544,2026-08-30,30250.0,22556.0,0.0,88729.0
C0545,2026-07-01,35273.0,19628.0,0.0,44315.0
C0545,2026-07-31,35357.0,18551.0,0.0,44315.0
C0545,2026-08-30,35781.0,20999.0,0.0,44315.0
C0546,2026-07-01,54400.0,38427.0,0.0,673460.0
C0546,2026-07-31,47623.0,38191.0,1785.0,683525.0
C0546,2026-08-30,38971.0,37775.0,3754.0,698622.0
C0547,2026-07-01,46066.0,24332.0,0.0,89996.0
C0547,2026-07-31,44971.0,22343.0,610.0,89996.0
C0547,2026-08-30,45133.0,23768.0,0.0,89996.0
C0548,2026-07-01,31029.0,18795.0,0.0,42868.0
C0548,2026-07-31,30515.0,18316.0,0.0,42868.0
C0548,2026-08-30,31039.0,18988.0,291.0,42868.0
C0549,2026-07-01,17081.0,9042.0,0.0,64724.0
C0549,2026-07-31,16753.0,9565.0,0.0,64724.0
C0549,2026-08-30,16921.0,9371.0,0.0,64724.0
C0550,2026-07-01,39555.0,27725.0,0.0,201797.0
C0550,2026-07-31,40380.0,25507.0,587.0,201797.0
C0550,2026-08-30,40506.0,28069.0,0.0,201797.0
C0551,2026-07-01,63808.0,35708.0,0.0,217190.0
C0551,2026-07-31,64465.0,38320.0,214.0,217190.0
C0551,2026-08-30,63961.0,38017.0,0.0,217190.0
C0552,2026-07-01,21060.0,13139.0,0.0,13283.0
C0552,2026-07-31,20951.0,13363.0,0.0,13283.0
C0552,2026-08-30,20884.0,13832.0,0.0,13283.0
C0553,2026-07-01,52199.0,28728.0,40.0,151263.0
C0553,2026-07-31,52553.0,27417.0,0.0,151263.0
C0553,2026-08-30,52569.0,27560.0,0.0,151263.0
C0554,2026-07-01,44566.0,23698.0,0.0,335362.0
C0554,2026-07-31,44472.0,24538.0,0.0,335362.0
C0554,2026-08-30,44860.0,24368.0,0.0,335362.0
C0555,2026-07-01,55143.0,38589.0,0.0,72267.0
C0555,2026-07-31,57009.0,40678.0,0.0,72267.0
C0555,2026-08-30,54982.0,39480.0,0.0,72267.0
C0556,2026-07-01,59055.0,33118.0,0.0,78716.0
C0556,2026-07-31,59211.0,34988.0,0.0,78716.0
C0556,2026-08-30,60035.0,36814.0,727.0,78716.0
C0557,2026-07-01,26573.0,14682.0,0.0,33673.0
C0557,2026-07-31,27441.0,16221.0,0.0,33673.0
C0557,2026-08-30,26841.0,15484.0,356.0,33673.0
C0558,2026-07-01,17534.0,9509.0,0.0,175649.0
C0558,2026-07-31,16992.0,9656.0,0.0,175649.0
C0558,2026-08-30,16588.0,9666.0,0.0,175649.0
C0559,2026-07-01,29014.0,21517.0,0.0,50011.0
C0559,2026-07-31,29683.0,21782.0,0.0,50011.0
C0559,2026-08-30,29136.0,21655.0,0.0,50011.0
C0560,2026-07-01,59247.0,40619.0,0.0,168246.0
C0560,2026-07-31,59940.0,40452.0,490.0,168246.0
C0560,2026-08-30,58993.0,41737.0,0.0,168246.0
C0561,2026-07-01,28908.0,14394.0,0.0,12009.0
C0561,2026-07-31,28589.0,14743.0,0.0,12009.0
C0561,2026-08-30,29752.0,15152.0,0.0,12009.0
C0562,2026-07-01,26407.0,19731.0,482.0,57297.0
C0562,2026-07-31,26968.0,20701.0,464.0,57297.0
C0562,2026-08-30,27094.0,19956.0,0.0,57297.0
C0563,2026-07-01,15297.0,8272.0,170.0,17140.0
C0563,2026-07-31,15012.0,7897.0,0.0,17140.0
C0563,2026-08-30,15071.0,8106.0,0.0,17140.0
C0564,2026-07-01,92016.0,58192.0,303.0,412395.0
C0564,2026-07-31,90232.0,59323.0,0.0,412395.0
C0564,2026-08-30,88462.0,59561.0,0.0,412395.0
C0565,2026-07-01,57733.0,35950.0,0.0,26711.0
C0565,2026-07-31,56649.0,35146.0,494.0,26711.0
C0565,2026-08-30,57943.0,35980.0,0.0,26711.0
C0566,2026-07-01,55591.0,35821.0,0.0,400108.0
C0566,2026-07-31,47239.0,37112.0,1651.0,402273.0
C0566,2026-08-30,37945.0,36988.0,4961.0,405521.0
C0567,2026-07-01,61360.0,31667.0,0.0,806632.0
C0567,2026-07-31,52347.0,32079.0,1996.0,808014.0
C0567,2026-08-30,45404.0,33878.0,4110.0,810088.0
C0568,2026-07-01,50466.0,35103.0,853.0,245834.0
C0568,2026-07-31,49598.0,36032.0,0.0,245834.0
C0568,2026-08-30,50275.0,36040.0,0.0,245834.0
C0569,2026-07-01,33651.0,24923.0,0.0,365489.0
C0569,2026-07-31,33375.0,24297.0,0.0,365489.0
C0569,2026-08-30,33802.0,24134.0,0.0,365489.0
C0570,2026-07-01,35301.0,22100.0,0.0,283143.0
C0570,2026-07-31,36261.0,22495.0,0.0,283143.0
C0570,2026-08-30,35604.0,21954.0,599.0,283143.0
C0571,2026-07-01,29946.0,17610.0,0.0,25686.0
C0571,2026-07-31,30534.0,17786.0,0.0,25686.0
C0571,2026-08-30,30577.0,17237.0,157.0,25686.0
C0572,2026-07-01,143124.0,104294.0,0.0,272809.0
C0572,2026-07-31,139913.0,102458.0,2647.0,272809.0
C0572,2026-08-30,140769.0,99184.0,2064.0,272809.0
C0573,2026-07-01,49263.0,27198.0,0.0,472993.0
C0573,2026-07-31,49746.0,26329.0,0.0,472993.0
C0573,2026-08-30,49775.0,27311.0,379.0,472993.0
C0574,2026-07-01,29959.0,22584.0,0.0,106504.0
C0574,2026-07-31,29564.0,22949.0,0.0,106504.0
C0574,2026-08-30,30543.0,22434.0,455.0,106504.0
C0575,2026-07-01,48340.0,33686.0,533.0,234166.0
C0575,2026-07-31,46957.0,33295.0,612.0,234166.0
C0575,2026-08-30,48019.0,33943.0,0.0,234166.0
C0576,2026-07-01,22362.0,11635.0,0.0,199837.0
C0576,2026-07-31,23361.0,12085.0,231.0,199837.0
C0576,2026-08-30,23454.0,12362.0,32.0,199837.0
C0577,2026-07-01,80533.0,60567.0,0.0,511315.0
C0577,2026-07-31,79569.0,58561.0,0.0,511315.0
C0577,2026-08-30,79797.0,58878.0,1244.0,511315.0
C0578,2026-07-01,27114.0,16094.0,0.0,274697.0
C0578,2026-07-31,27256.0,16294.0,0.0,274697.0
C0578,2026-08-30,27861.0,17379.0,0.0,274697.0
C0579,2026-07-01,49500.0,26495.0,668.0,7787.0
C0579,2026-07-31,49511.0,27020.0,0.0,7787.0
C0579,2026-08-30,48925.0,26111.0,0.0,7787.0
C0580,2026-07-01,63679.0,44312.0,0.0,396058.0
C0580,2026-07-31,64052.0,45035.0,0.0,396058.0
C0580,2026-08-30,64859.0,44842.0,0.0,396058.0
C0581,2026-07-01,45269.0,27179.0,0.0,27022.0
C0581,2026-07-31,46310.0,28708.0,0.0,27022.0
C0581,2026-08-30,46657.0,26648.0,0.0,27022.0
C0582,2026-07-01,40126.0,21088.0,0.0,112705.0
C0582,2026-07-31,40102.0,21273.0,162.0,112705.0
C0582,2026-08-30,38686.0,20945.0,0.0,112705.0
C0583,2026-07-01,38964.0,19970.0,0.0,297234.0
C0583,2026-07-31,37302.0,19814.0,0.0,297234.0
C0583,2026-08-30,38112.0,19807.0,0.0,297234.0
C0584,2026-07-01,37242.0,20125.0,0.0,269980.0
C0584,2026-07-31,37098.0,19386.0,389.0,269980.0
C0584,2026-08-30,36193.0,20055.0,0.0,269980.0
C0585,2026-07-01,28030.0,17652.0,0.0,268638.0
C0585,2026-07-31,28623.0,17985.0,271.0,268638.0
C0585,2026-08-30,28718.0,17645.0,117.0,268638.0
C0586,2026-07-01,29895.0,16298.0,0.0,125403.0
C0586,2026-07-31,30579.0,15939.0,0.0,125403.0
C0586,2026-08-30,29709.0,14443.0,0.0,125403.0
C0587,2026-07-01,80346.0,57263.0,356.0,92887.0
C0587,2026-07-31,78545.0,53797.0,874.0,92887.0
C0587,2026-08-30,79696.0,58174.0,0.0,92887.0
C0588,2026-07-01,35953.0,25311.0,0.0,161203.0
C0588,2026-07-31,36627.0,26949.0,0.0,161203.0
C0588,2026-08-30,36131.0,25315.0,0.0,161203.0
C0589,2026-07-01,25469.0,18037.0,0.0,162979.0
C0589,2026-07-31,25839.0,17405.0,18.0,162979.0
C0589,2026-08-30,26526.0,17743.0,0.0,162979.0
C0590,2026-07-01,29726.0,21026.0,0.0,182914.0
C0590,2026-07-31,29374.0,20628.0,0.0,182914.0
C0590,2026-08-30,29032.0,20769.0,339.0,182914.0
C0591,2026-07-01,65291.0,35338.0,1147.0,258347.0
C0591,2026-07-31,66572.0,36527.0,0.0,258347.0
C0591,2026-08-30,65024.0,35711.0,0.0,258347.0
C0592,2026-07-01,53302.0,29327.0,561.0,9899.0
C0592,2026-07-31,54449.0,30563.0,939.0,9899.0
C0592,2026-08-30,53420.0,28907.0,0.0,9899.0
C0593,2026-07-01,49486.0,30245.0,0.0,406094.0
C0593,2026-07-31,51943.0,32824.0,0.0,406094.0
C0593,2026-08-30,51630.0,32412.0,0.0,406094.0
C0594,2026-07-01,33651.0,23018.0,226.0,69385.0
C0594,2026-07-31,34039.0,22191.0,0.0,69385.0
C0594,2026-08-30,33266.0,20890.0,563.0,69385.0
C0595,2026-07-01,51150.0,32273.0,0.0,438353.0
C0595,2026-07-31,50279.0,32402.0,732.0,438353.0
C0595,2026-08-30,49571.0,31686.0,845.0,438353.0
C0596,2026-07-01,28569.0,19508.0,88.0,164982.0
C0596,2026-07-31,26920.0,18297.0,0.0,164982.0
C0596,2026-08-30,27623.0,18057.0,0.0,164982.0
C0597,2026-07-01,33543.0,21946.0,151.0,207213.0
C0597,2026-07-31,33659.0,23030.0,0.0,207213.0
C0597,2026-08-30,33355.0,23067.0,0.0,207213.0
C0598,2026-07-01,61627.0,31427.0,0.0,151101.0
C0598,2026-07-31,61828.0,33764.0,0.0,151101.0
C0598,2026-08-30,62144.0,34952.0,0.0,151101.0
C0599,2026-07-01,58798.0,40405.0,0.0,511938.0
C0599,2026-07-31,58740.0,40812.0,842.0,511938.0
C0599,2026-08-30,57635.0,40627.0,754.0,511938.0
C0600,2026-07-01,24004.0,12090.0,16.0,46144.0
C0600,2026-07-31,23487.0,12573.0,0.0,46144.0
C0600,2026-08-30,23373.0,11577.0,0.0,46144.0
C0601,2026-07-01,24568.0,18026.0,0.0,157873.0
C0601,2026-07-31,24427.0,18990.0,0.0,157873.0
C0601,2026-08-30,25120.0,18736.0,0.0,157873.0
C0602,2026-07-01,40004.0,24816.0,364.0,150712.0
C0602,2026-07-31,40474.0,26108.0,583.0,150712.0
C0602,2026-08-30,39287.0,25217.0,0.0,150712.0
C0603,2026-07-01,92191.0,53915.0,0.0,443721.0
C0603,2026-07-31,91318.0,51750.0,0.0,443721.0
C0603,2026-08-30,89990.0,51346.0,1054.0,443721.0
C0604,2026-07-01,14702.0,8096.0,94.0,62152.0
C0604,2026-07-31,14762.0,8003.0,0.0,62152.0
C0604,2026-08-30,14307.0,7697.0,0.0,62152.0
C0605,2026-07-01,44800.0,32396.0,0.0,414146.0
C0605,2026-07-31,44017.0,32504.0,0.0,414146.0
C0605,2026-08-30,43238.0,32471.0,786.0,414146.0
C0606,2026-07-01,18786.0,12262.0,87.0,97493.0
C0606,2026-07-31,19383.0,12560.0,0.0,97493.0
C0606,2026-08-30,19160.0,12015.0,0.0,97493.0
C0607,2026-07-01,27901.0,18399.0,0.0,26638.0
C0607,2026-07-31,27711.0,18595.0,0.0,26638.0
C0607,2026-08-30,27283.0,18069.0,494.0,26638.0
C0608,2026-07-01,31942.0,19248.0,0.0,348994.0
C0608,2026-07-31,31606.0,18912.0,0.0,348994.0
C0608,2026-08-30,31690.0,18802.0,181.0,348994.0
C0609,2026-07-01,31898.0,15851.0,83.0,198211.0
C0609,2026-07-31,31202.0,15368.0,269.0,198211.0
C0609,2026-08-30,31228.0,16389.0,32.0,198211.0
C0610,2026-07-01,30288.0,16579.0,67.0,166291.0
C0610,2026-07-31,29268.0,16103.0,469.0,166291.0
C0610,2026-08-30,29152.0,16290.0,0.0,166291.0
C0611,2026-07-01,37712.0,21011.0,118.0,200647.0
C0611,2026-07-31,37841.0,20969.0,503.0,200647.0
C0611,2026-08-30,36930.0,21131.0,654.0,200647.0
C0612,2026-07-01,29445.0,16110.0,468.0,190637.0
C0612,2026-07-31,28547.0,15515.0,0.0,190637.0
C0612,2026-08-30,29494.0,15560.0,0.0,190637.0
C0613,2026-07-01,18288.0,13337.0,0.0,158707.0
C0613,2026-07-31,18335.0,13873.0,0.0,158707.0
C0613,2026-08-30,18288.0,13229.0,0.0,158707.0
C0614,2026-07-01,57266.0,38191.0,0.0,364284.0
C0614,2026-07-31,57118.0,36166.0,988.0,364284.0
C0614,2026-08-30,56076.0,35321.0,0.0,364284.0
C0615,2026-07-01,54653.0,30081.0,0.0,329313.0
C0615,2026-07-31,56168.0,32635.0,0.0,329313.0
C0615,2026-08-30,54590.0,30428.0,0.0,329313.0
C0616,2026-07-01,58333.0,30408.0,0.0,614486.0
C0616,2026-07-31,51652.0,28502.0,2023.0,623322.0
C0616,2026-08-30,43286.0,29795.0,4652.0,636577.0
C0617,2026-07-01,17707.0,11688.0,0.0,44987.0
C0617,2026-07-31,17490.0,10770.0,0.0,44987.0
C0617,2026-08-30,17791.0,12186.0,19.0,44987.0
C0618,2026-07-01,44824.0,25041.0,0.0,15444.0
C0618,2026-07-31,43926.0,23997.0,0.0,15444.0
C0618,2026-08-30,43420.0,22617.0,0.0,15444.0
C0619,2026-07-01,52135.0,35198.0,641.0,198899.0
C0619,2026-07-31,54040.0,35838.0,0.0,198899.0
C0619,2026-08-30,52391.0,34306.0,0.0,198899.0
C0620,2026-07-01,22827.0,12633.0,271.0,40611.0
C0620,2026-07-31,22965.0,13268.0,338.0,40611.0
C0620,2026-08-30,22529.0,12683.0,0.0,40611.0
C0621,2026-07-01,38105.0,21306.0,0.0,207175.0
C0621,2026-07-31,38772.0,24461.0,0.0,207175.0
C0621,2026-08-30,37737.0,21425.0,262.0,207175.0
C0622,2026-07-01,35410.0,25741.0,0.0,17594.0
C0622,2026-07-31,35774.0,25683.0,0.0,17594.0
C0622,2026-08-30,36588.0,26068.0,326.0,17594.0
C0623,2026-07-01,97807.0,64566.0,0.0,767838.0
C0623,2026-07-31,95358.0,64373.0,887.0,767838.0
C0623,2026-08-30,94480.0,61184.0,1548.0,767838.0
C0624,2026-07-01,101088.0,53675.0,0.0,841165.0
C0624,2026-07-31,97009.0,50847.0,0.0,841165.0
C0624,2026-08-30,99870.0,49440.0,0.0,841165.0
C0625,2026-07-01,16489.0,8800.0,0.0,112684.0
C0625,2026-07-31,16820.0,9156.0,0.0,112684.0
C0625,2026-08-30,16845.0,9543.0,0.0,112684.0
C0626,2026-07-01,130331.0,72856.0,99.0,830566.0
C0626,2026-07-31,132533.0,74765.0,0.0,830566.0
C0626,2026-08-30,131068.0,75425.0,652.0,830566.0
C0627,2026-07-01,23894.0,12654.0,70.0,31855.0
C0627,2026-07-31,24222.0,12925.0,0.0,31855.0
C0627,2026-08-30,23879.0,12600.0,78.0,31855.0
C0628,2026-07-01,62180.0,43453.0,0.0,306464.0
C0628,2026-07-31,62890.0,41891.0,0.0,306464.0
C0628,2026-08-30,63409.0,42343.0,0.0,306464.0
C0629,2026-07-01,61967.0,38187.0,521.0,393580.0
C0629,2026-07-31,61809.0,39103.0,0.0,393580.0
C0629,2026-08-30,60675.0,36692.0,230.0,393580.0
C0630,2026-07-01,23649.0,14793.0,137.0,66958.0
C0630,2026-07-31,23272.0,15048.0,0.0,66958.0
C0630,2026-08-30,23147.0,14039.0,0.0,66958.0
C0631,2026-07-01,48863.0,32709.0,0.0,483914.0
C0631,2026-07-31,40467.0,33056.0,1417.0,490085.0
C0631,2026-08-30,31830.0,34270.0,3654.0,499342.0
C0632,2026-07-01,36870.0,22226.0,0.0,77158.0
C0632,2026-07-31,36131.0,21728.0,0.0,77158.0
C0632,2026-08-30,36947.0,21802.0,0.0,77158.0
C0633,2026-07-01,50895.0,28679.0,813.0,32889.0
C0633,2026-07-31,50055.0,27136.0,0.0,32889.0
C0633,2026-08-30,48847.0,26751.0,0.0,32889.0
C0634,2026-07-01,42655.0,24517.0,713.0,211150.0
C0634,2026-07-31,43596.0,24530.0,0.0,211150.0
C0634,2026-08-30,42105.0,24207.0,0.0,211150.0
C0635,2026-07-01,69185.0,46762.0,1065.0,10246.0
C0635,2026-07-31,69271.0,47207.0,0.0,10246.0
C0635,2026-08-30,70077.0,46228.0,0.0,10246.0
C0636,2026-07-01,38985.0,28411.0,0.0,229703.0
C0636,2026-07-31,39838.0,30117.0,0.0,229703.0
C0636,2026-08-30,28157.0,20635.0,0.0,229703.0
C0637,2026-07-01,33939.0,22006.0,0.0,224280.0
C0637,2026-07-31,35863.0,21299.0,0.0,224280.0
C0637,2026-08-30,35385.0,22112.0,242.0,224280.0
C0638,2026-07-01,67556.0,39670.0,0.0,320507.0
C0638,2026-07-31,66561.0,37726.0,857.0,320507.0
C0638,2026-08-30,66370.0,35171.0,0.0,320507.0
C0639,2026-07-01,50658.0,30865.0,0.0,768832.0
C0639,2026-07-31,45895.0,29662.0,1752.0,783163.0
C0639,2026-08-30,39956.0,30061.0,3603.0,804659.0
C0640,2026-07-01,53921.0,28600.0,0.0,221822.0
C0640,2026-07-31,54527.0,30133.0,0.0,221822.0
C0640,2026-08-30,55862.0,30520.0,43.0,221822.0
C0641,2026-07-01,26802.0,16154.0,0.0,317357.0
C0641,2026-07-31,24540.0,16446.0,760.0,324848.0
C0641,2026-08-30,21215.0,16365.0,2564.0,336085.0
C0642,2026-07-01,22664.0,11734.0,0.0,41607.0
C0642,2026-07-31,22834.0,11566.0,0.0,41607.0
C0642,2026-08-30,22656.0,11351.0,160.0,41607.0
C0643,2026-07-01,28329.0,17091.0,0.0,15429.0
C0643,2026-07-31,29150.0,17521.0,0.0,15429.0
C0643,2026-08-30,28918.0,17418.0,190.0,15429.0
C0644,2026-07-01,27911.0,14732.0,263.0,18910.0
C0644,2026-07-31,27891.0,14543.0,0.0,18910.0
C0644,2026-08-30,28057.0,14784.0,0.0,18910.0
C0645,2026-07-01,56037.0,35787.0,0.0,486952.0
C0645,2026-07-31,54922.0,36875.0,1072.0,486952.0
C0645,2026-08-30,56934.0,38535.0,0.0,486952.0
C0646,2026-07-01,62541.0,46021.0,1078.0,297426.0
C0646,2026-07-31,59763.0,41778.0,0.0,297426.0
C0646,2026-08-30,62374.0,43747.0,841.0,297426.0
C0647,2026-07-01,36127.0,24448.0,0.0,50878.0
C0647,2026-07-31,34605.0,24809.0,0.0,50878.0
C0647,2026-08-30,35161.0,23739.0,567.0,50878.0
C0648,2026-07-01,77488.0,47451.0,0.0,454481.0
C0648,2026-07-31,79635.0,46731.0,0.0,454481.0
C0648,2026-08-30,79006.0,43922.0,279.0,454481.0
C0649,2026-07-01,74308.0,40898.0,909.0,700820.0
C0649,2026-07-31,75686.0,41416.0,0.0,700820.0
C0649,2026-08-30,77901.0,40693.0,0.0,700820.0
C0650,2026-07-01,42498.0,27784.0,0.0,272419.0
C0650,2026-07-31,42893.0,26873.0,0.0,272419.0
C0650,2026-08-30,43230.0,29050.0,0.0,272419.0
C0651,2026-07-01,24969.0,13064.0,0.0,146357.0
C0651,2026-07-31,25866.0,13291.0,0.0,146357.0
C0651,2026-08-30,25021.0,12593.0,0.0,146357.0
C0652,2026-07-01,81760.0,38166.0,0.0,194699.0
C0652,2026-07-31,82842.0,41236.0,0.0,194699.0
C0652,2026-08-30,84318.0,41841.0,0.0,194699.0
C0653,2026-07-01,36458.0,26055.0,407.0,201369.0
C0653,2026-07-31,37067.0,28181.0,0.0,201369.0
C0653,2026-08-30,37211.0,27337.0,579.0,201369.0
C0654,2026-07-01,39766.0,26751.0,0.0,339473.0
C0654,2026-07-31,40158.0,26104.0,0.0,339473.0
C0654,2026-08-30,40712.0,26303.0,0.0,339473.0
C0655,2026-07-01,32438.0,20836.0,0.0,32359.0
C0655,2026-07-31,31841.0,20616.0,0.0,32359.0
C0655,2026-08-30,32173.0,20920.0,0.0,32359.0
C0656,2026-07-01,24296.0,16077.0,0.0,201252.0
C0656,2026-07-31,24666.0,15478.0,0.0,201252.0
C0656,2026-08-30,24590.0,16194.0,0.0,201252.0
C0657,2026-07-01,18098.0,11121.0,0.0,136861.0
C0657,2026-07-31,18331.0,10201.0,311.0,136861.0
C0657,2026-08-30,18087.0,9692.0,337.0,136861.0
C0658,2026-07-01,52457.0,37686.0,0.0,270927.0
C0658,2026-07-31,52468.0,35660.0,740.0,270927.0
C0658,2026-08-30,53953.0,38893.0,0.0,270927.0
C0659,2026-07-01,25570.0,14387.0,127.0,73644.0
C0659,2026-07-31,25646.0,13048.0,0.0,73644.0
C0659,2026-08-30,25450.0,14026.0,0.0,73644.0
C0660,2026-07-01,174199.0,84455.0,0.0,1140991.0
C0660,2026-07-31,177150.0,92804.0,0.0,1140991.0
C0660,2026-08-30,141957.0,73621.0,0.0,1140991.0
C0661,2026-07-01,22198.0,15612.0,0.0,112074.0
C0661,2026-07-31,22002.0,16703.0,124.0,112074.0
C0661,2026-08-30,21936.0,16387.0,0.0,112074.0
C0662,2026-07-01,20021.0,12845.0,0.0,94335.0
C0662,2026-07-31,20130.0,13090.0,0.0,94335.0
C0662,2026-08-30,19906.0,12958.0,0.0,94335.0
C0663,2026-07-01,49998.0,31566.0,0.0,126766.0
C0663,2026-07-31,50350.0,31169.0,556.0,126766.0
C0663,2026-08-30,47577.0,28947.0,0.0,126766.0
C0664,2026-07-01,81954.0,41670.0,0.0,224675.0
C0664,2026-07-31,81934.0,42808.0,0.0,224675.0
C0664,2026-08-30,81856.0,43488.0,1222.0,224675.0
C0665,2026-07-01,38851.0,21777.0,0.0,254685.0
C0665,2026-07-31,39801.0,23339.0,0.0,254685.0
C0665,2026-08-30,39441.0,23202.0,516.0,254685.0
C0666,2026-07-01,51385.0,37977.0,928.0,373972.0
C0666,2026-07-31,50040.0,36209.0,833.0,373972.0
C0666,2026-08-30,49550.0,36802.0,0.0,373972.0
C0667,2026-07-01,15199.0,9471.0,0.0,34512.0
C0667,2026-07-31,14882.0,9046.0,0.0,34512.0
C0667,2026-08-30,15339.0,8788.0,67.0,34512.0
C0668,2026-07-01,26236.0,14837.0,0.0,214369.0
C0668,2026-07-31,26910.0,15679.0,0.0,214369.0
C0668,2026-08-30,26850.0,15580.0,188.0,214369.0
C0669,2026-07-01,22287.0,16366.0,0.0,246517.0
C0669,2026-07-31,19505.0,16759.0,677.0,251133.0
C0669,2026-08-30,16739.0,16777.0,1461.0,258057.0
C0670,2026-07-01,14866.0,10187.0,38.0,54804.0
C0670,2026-07-31,14662.0,10212.0,0.0,54804.0
C0670,2026-08-30,15165.0,10667.0,0.0,54804.0
C0671,2026-07-01,41138.0,25981.0,0.0,110412.0
C0671,2026-07-31,40111.0,24286.0,0.0,110412.0
C0671,2026-08-30,40217.0,24076.0,766.0,110412.0
C0672,2026-07-01,12338.0,9026.0,0.0,73174.0
C0672,2026-07-31,12468.0,9284.0,34.0,73174.0
C0672,2026-08-30,12219.0,8816.0,79.0,73174.0
C0673,2026-07-01,19368.0,14684.0,41.0,85263.0
C0673,2026-07-31,18963.0,14009.0,0.0,85263.0
C0673,2026-08-30,19483.0,13811.0,0.0,85263.0
C0674,2026-07-01,28934.0,17112.0,0.0,246866.0
C0674,2026-07-31,25845.0,17484.0,888.0,251255.0
C0674,2026-08-30,22860.0,17865.0,2128.0,257838.0
C0675,2026-07-01,24723.0,14024.0,0.0,69630.0
C0675,2026-07-31,25110.0,12746.0,0.0,69630.0
C0675,2026-08-30,25435.0,12832.0,0.0,69630.0
C0676,2026-07-01,46513.0,25223.0,0.0,149454.0
C0676,2026-07-31,46979.0,25551.0,0.0,149454.0
C0676,2026-08-30,47178.0,25669.0,128.0,149454.0
C0677,2026-07-01,44740.0,32572.0,0.0,54575.0
C0677,2026-07-31,43826.0,34178.0,0.0,54575.0
C0677,2026-08-30,44071.0,30649.0,0.0,54575.0
C0678,2026-07-01,61121.0,38596.0,0.0,373874.0
C0678,2026-07-31,59680.0,35063.0,0.0,373874.0
C0678,2026-08-30,59561.0,35018.0,0.0,373874.0
C0679,2026-07-01,54685.0,39986.0,0.0,117845.0
C0679,2026-07-31,55324.0,42667.0,0.0,117845.0
C0679,2026-08-30,55995.0,39927.0,0.0,117845.0
C0680,2026-07-01,67215.0,43196.0,0.0,419290.0
C0680,2026-07-31,66676.0,44379.0,0.0,419290.0
C0680,2026-08-30,66910.0,44951.0,0.0,419290.0
C0681,2026-07-01,38679.0,22048.0,504.0,298018.0
C0681,2026-07-31,38381.0,21477.0,418.0,298018.0
C0681,2026-08-30,38304.0,20358.0,0.0,298018.0
C0682,2026-07-01,44492.0,31946.0,0.0,205845.0
C0682,2026-07-31,43416.0,31059.0,0.0,205845.0
C0682,2026-08-30,44381.0,33064.0,0.0,205845.0
C0683,2026-07-01,49887.0,27844.0,16.0,538355.0
C0683,2026-07-31,48908.0,28293.0,0.0,538355.0
C0683,2026-08-30,49820.0,28596.0,512.0,538355.0
C0684,2026-07-01,41134.0,22002.0,0.0,70736.0
C0684,2026-07-31,41307.0,22651.0,0.0,70736.0
C0684,2026-08-30,40831.0,21564.0,0.0,70736.0
C0685,2026-07-01,30515.0,22522.0,0.0,460570.0
C0685,2026-07-31,27845.0,22070.0,1070.0,466673.0
C0685,2026-08-30,24723.0,22705.0,2665.0,475827.0
C0686,2026-07-01,32343.0,18151.0,0.0,87395.0
C0686,2026-07-31,32729.0,17194.0,464.0,87395.0
C0686,2026-08-30,32124.0,17028.0,0.0,87395.0
C0687,2026-07-01,24580.0,16888.0,0.0,93049.0
C0687,2026-07-31,25097.0,17505.0,361.0,93049.0
C0687,2026-08-30,21473.0,14409.0,0.0,93049.0
C0688,2026-07-01,47435.0,24392.0,0.0,350595.0
C0688,2026-07-31,45916.0,23947.0,0.0,350595.0
C0688,2026-08-30,47727.0,24769.0,0.0,350595.0
C0689,2026-07-01,35769.0,21439.0,0.0,44521.0
C0689,2026-07-31,36234.0,20524.0,0.0,44521.0
C0689,2026-08-30,35990.0,20276.0,0.0,44521.0
C0690,2026-07-01,27471.0,16810.0,0.0,380003.0
C0690,2026-07-31,27339.0,16283.0,0.0,380003.0
C0690,2026-08-30,27578.0,17625.0,0.0,380003.0
C0691,2026-07-01,28055.0,20172.0,0.0,29279.0
C0691,2026-07-31,27463.0,19614.0,0.0,29279.0
C0691,2026-08-30,27064.0,18459.0,0.0,29279.0
C0692,2026-07-01,20843.0,10765.0,0.0,187501.0
C0692,2026-07-31,21304.0,11435.0,0.0,187501.0
C0692,2026-08-30,20904.0,10966.0,253.0,187501.0
C0693,2026-07-01,62879.0,44703.0,0.0,694788.0
C0693,2026-07-31,60518.0,41923.0,0.0,694788.0
C0693,2026-08-30,62360.0,42314.0,1030.0,694788.0
C0694,2026-07-01,39341.0,26191.0,0.0,31648.0
C0694,2026-07-31,39097.0,25245.0,0.0,31648.0
C0694,2026-08-30,39487.0,24752.0,0.0,31648.0
C0695,2026-07-01,24740.0,13848.0,352.0,228128.0
C0695,2026-07-31,24469.0,13089.0,0.0,228128.0
C0695,2026-08-30,24770.0,14254.0,363.0,228128.0
C0696,2026-07-01,57500.0,39400.0,0.0,200239.0
C0696,2026-07-31,46306.0,39480.0,1468.0,201566.0
C0696,2026-08-30,35596.0,38801.0,4299.0,203556.0
C0697,2026-07-01,29122.0,20479.0,497.0,196056.0
C0697,2026-07-31,28939.0,21129.0,0.0,196056.0
C0697,2026-08-30,28697.0,20230.0,0.0,196056.0
C0698,2026-07-01,18211.0,11268.0,0.0,125889.0
C0698,2026-07-31,18945.0,11903.0,0.0,125889.0
C0698,2026-08-30,18543.0,11986.0,60.0,125889.0
C0699,2026-07-01,63218.0,36772.0,763.0,492675.0
C0699,2026-07-31,63652.0,34639.0,319.0,492675.0
C0699,2026-08-30,64566.0,38192.0,0.0,492675.0
C0700,2026-07-01,29904.0,20311.0,0.0,266849.0
C0700,2026-07-31,28698.0,19558.0,0.0,266849.0
C0700,2026-08-30,28526.0,20168.0,0.0,266849.0
C0701,2026-07-01,31151.0,16581.0,484.0,175669.0
C0701,2026-07-31,31113.0,16266.0,619.0,175669.0
C0701,2026-08-30,30441.0,16163.0,0.0,175669.0
C0702,2026-07-01,39148.0,22830.0,0.0,386794.0
C0702,2026-07-31,31893.0,23566.0,1052.0,395333.0
C0702,2026-08-30,25794.0,22181.0,2670.0,408141.0
C0703,2026-07-01,66650.0,34854.0,0.0,359777.0
C0703,2026-07-31,67086.0,34965.0,0.0,359777.0
C0703,2026-08-30,68001.0,33011.0,0.0,359777.0
C0704,2026-07-01,38432.0,25202.0,0.0,63036.0
C0704,2026-07-31,39694.0,26211.0,0.0,63036.0
C0704,2026-08-30,29206.0,18894.0,0.0,63036.0
C0705,2026-07-01,20695.0,15551.0,134.0,141247.0
C0705,2026-07-31,21113.0,14762.0,0.0,141247.0
C0705,2026-08-30,21210.0,15243.0,325.0,141247.0
C0706,2026-07-01,51254.0,36605.0,0.0,97501.0
C0706,2026-07-31,50138.0,36169.0,0.0,97501.0
C0706,2026-08-30,35222.0,24808.0,727.0,97501.0
C0707,2026-07-01,29843.0,21019.0,466.0,54199.0
C0707,2026-07-31,29545.0,22289.0,166.0,54199.0
C0707,2026-08-30,30419.0,22701.0,0.0,54199.0
C0708,2026-07-01,95370.0,65164.0,0.0,1091446.0
C0708,2026-07-31,85197.0,62839.0,3391.0,1105858.0
C0708,2026-08-30,70288.0,62694.0,6761.0,1127476.0
C0709,2026-07-01,37815.0,25787.0,53.0,206949.0
C0709,2026-07-31,37955.0,24827.0,0.0,206949.0
C0709,2026-08-30,38794.0,26108.0,0.0,206949.0
C0710,2026-07-01,12033.0,7025.0,0.0,65985.0
C0710,2026-07-31,12483.0,7100.0,0.0,65985.0
C0710,2026-08-30,12603.0,7654.0,0.0,65985.0
C0711,2026-07-01,45340.0,30863.0,0.0,283325.0
C0711,2026-07-31,45841.0,30490.0,0.0,283325.0
C0711,2026-08-30,45470.0,32664.0,0.0,283325.0
C0712,2026-07-01,99318.0,64704.0,1281.0,572139.0
C0712,2026-07-31,99280.0,66235.0,0.0,572139.0
C0712,2026-08-30,101573.0,65358.0,0.0,572139.0
C0713,2026-07-01,82803.0,42728.0,0.0,37491.0
C0713,2026-07-31,81688.0,42037.0,0.0,37491.0
C0713,2026-08-30,83753.0,41008.0,1425.0,37491.0
C0714,2026-07-01,94170.0,55271.0,0.0,34030.0
C0714,2026-07-31,93193.0,56173.0,0.0,34030.0
C0714,2026-08-30,95002.0,53667.0,0.0,34030.0
C0715,2026-07-01,23062.0,16723.0,0.0,131986.0
C0715,2026-07-31,22807.0,15386.0,156.0,131986.0
C0715,2026-08-30,22435.0,15930.0,0.0,131986.0
C0716,2026-07-01,60434.0,34627.0,0.0,386342.0
C0716,2026-07-31,60932.0,36301.0,0.0,386342.0
C0716,2026-08-30,61992.0,36905.0,565.0,386342.0
C0717,2026-07-01,27073.0,15342.0,0.0,29488.0
C0717,2026-07-31,26100.0,14315.0,0.0,29488.0
C0717,2026-08-30,26841.0,15400.0,0.0,29488.0
C0718,2026-07-01,42664.0,28568.0,0.0,11899.0
C0718,2026-07-31,41766.0,27567.0,0.0,11899.0
C0718,2026-08-30,42681.0,28493.0,0.0,11899.0
C0719,2026-07-01,20461.0,11718.0,0.0,148728.0
C0719,2026-07-31,16833.0,11437.0,568.0,148905.0
C0719,2026-08-30,14089.0,11401.0,1913.0,149170.0
C0720,2026-07-01,26786.0,16436.0,369.0,29420.0
C0720,2026-07-31,26801.0,16070.0,306.0,29420.0
C0720,2026-08-30,21695.0,13399.0,0.0,29420.0
C0721,2026-07-01,27168.0,13994.0,0.0,113890.0
C0721,2026-07-31,26353.0,13571.0,0.0,113890.0
C0721,2026-08-30,27258.0,14753.0,0.0,113890.0
C0722,2026-07-01,60572.0,28624.0,0.0,39186.0
C0722,2026-07-31,59405.0,30006.0,0.0,39186.0
C0722,2026-08-30,59653.0,30372.0,0.0,39186.0
C0723,2026-07-01,57186.0,32674.0,0.0,301929.0
C0723,2026-07-31,57073.0,31530.0,0.0,301929.0
C0723,2026-08-30,55281.0,29660.0,538.0,301929.0
C0724,2026-07-01,43008.0,21722.0,0.0,121249.0
C0724,2026-07-31,43341.0,23864.0,90.0,121249.0
C0724,2026-08-30,43037.0,23831.0,0.0,121249.0
C0725,2026-07-01,19484.0,9832.0,0.0,236732.0
C0725,2026-07-31,16409.0,9750.0,654.0,242227.0
C0725,2026-08-30,14028.0,9849.0,1291.0,250470.0
C0726,2026-07-01,33051.0,20962.0,0.0,264946.0
C0726,2026-07-31,32185.0,19323.0,649.0,264946.0
C0726,2026-08-30,32915.0,20386.0,0.0,264946.0
C0727,2026-07-01,26678.0,18279.0,0.0,179255.0
C0727,2026-07-31,26271.0,18787.0,203.0,179255.0
C0727,2026-08-30,21865.0,15333.0,377.0,179255.0
C0728,2026-07-01,58240.0,28539.0,0.0,356357.0
C0728,2026-07-31,60889.0,30283.0,0.0,356357.0
C0728,2026-08-30,58912.0,30805.0,0.0,356357.0
C0729,2026-07-01,69678.0,42558.0,0.0,22857.0
C0729,2026-07-31,68128.0,40873.0,0.0,22857.0
C0729,2026-08-30,69013.0,43093.0,0.0,22857.0
C0730,2026-07-01,64925.0,45455.0,0.0,414717.0
C0730,2026-07-31,63503.0,43740.0,0.0,414717.0
C0730,2026-08-30,63474.0,45582.0,645.0,414717.0
C0731,2026-07-01,25920.0,15501.0,0.0,32343.0
C0731,2026-07-31,26431.0,16129.0,0.0,32343.0
C0731,2026-08-30,25286.0,15212.0,0.0,32343.0
C0732,2026-07-01,12236.0,8472.0,0.0,117700.0
C0732,2026-07-31,9841.0,8417.0,313.0,118216.0
C0732,2026-08-30,8204.0,8101.0,917.0,118990.0
C0733,2026-07-01,15434.0,9546.0,0.0,11272.0
C0733,2026-07-31,15484.0,9923.0,248.0,11272.0
C0733,2026-08-30,15665.0,10411.0,0.0,11272.0
C0734,2026-07-01,79575.0,53245.0,0.0,372067.0
C0734,2026-07-31,76657.0,54911.0,0.0,372067.0
C0734,2026-08-30,75388.0,57419.0,0.0,372067.0
C0735,2026-07-01,30446.0,17508.0,264.0,241220.0
C0735,2026-07-31,31535.0,17843.0,384.0,241220.0
C0735,2026-08-30,30468.0,18056.0,145.0,241220.0
C0736,2026-07-01,26565.0,15393.0,0.0,110998.0
C0736,2026-07-31,26127.0,14086.0,0.0,110998.0
C0736,2026-08-30,26087.0,15060.0,0.0,110998.0
C0737,2026-07-01,85362.0,50440.0,1582.0,242101.0
C0737,2026-07-31,86579.0,50730.0,0.0,242101.0
C0737,2026-08-30,70286.0,40626.0,0.0,242101.0
C0738,2026-07-01,72947.0,40435.0,1305.0,650951.0
C0738,2026-07-31,70398.0,37925.0,8.0,650951.0
C0738,2026-08-30,71971.0,42324.0,776.0,650951.0
C0739,2026-07-01,37902.0,25909.0,0.0,353847.0
C0739,2026-07-31,38192.0,25420.0,0.0,353847.0
C0739,2026-08-30,38284.0,25861.0,0.0,353847.0
C0740,2026-07-01,34267.0,21434.0,0.0,23159.0
C0740,2026-07-31,32793.0,19321.0,0.0,23159.0
C0740,2026-08-30,32396.0,19290.0,645.0,23159.0
C0741,2026-07-01,35363.0,26084.0,389.0,360525.0
C0741,2026-07-31,34797.0,23780.0,0.0,360525.0
C0741,2026-08-30,35513.0,25868.0,0.0,360525.0
C0742,2026-07-01,43783.0,28169.0,0.0,179636.0
C0742,2026-07-31,42815.0,27718.0,435.0,179636.0
C0742,2026-08-30,43177.0,29159.0,0.0,179636.0
C0743,2026-07-01,83445.0,56327.0,526.0,332202.0
C0743,2026-07-31,84342.0,53766.0,0.0,332202.0
C0743,2026-08-30,84859.0,55422.0,0.0,332202.0
C0744,2026-07-01,46390.0,29500.0,307.0,116744.0
C0744,2026-07-31,47181.0,28799.0,0.0,116744.0
C0744,2026-08-30,47333.0,28382.0,0.0,116744.0
C0745,2026-07-01,55045.0,39045.0,0.0,16626.0
C0745,2026-07-31,54476.0,37734.0,0.0,16626.0
C0745,2026-08-30,55493.0,40200.0,0.0,16626.0
C0746,2026-07-01,67936.0,39348.0,0.0,27368.0
C0746,2026-07-31,67843.0,40699.0,231.0,27368.0
C0746,2026-08-30,69675.0,40932.0,0.0,27368.0
C0747,2026-07-01,20848.0,12078.0,0.0,122744.0
C0747,2026-07-31,20658.0,11346.0,0.0,122744.0
C0747,2026-08-30,20924.0,11946.0,380.0,122744.0
C0748,2026-07-01,55722.0,38603.0,0.0,479226.0
C0748,2026-07-31,56467.0,37836.0,0.0,479226.0
C0748,2026-08-30,54851.0,34802.0,354.0,479226.0
C0749,2026-07-01,33693.0,23827.0,0.0,89040.0
C0749,2026-07-31,32813.0,23557.0,514.0,89040.0
C0749,2026-08-30,32743.0,23238.0,0.0,89040.0
C0750,2026-07-01,11847.0,6786.0,0.0,73306.0
C0750,2026-07-31,12351.0,6697.0,0.0,73306.0
C0750,2026-08-30,11973.0,6098.0,0.0,73306.0
C0751,2026-07-01,12838.0,6259.0,0.0,92446.0
C0751,2026-07-31,13583.0,7097.0,0.0,92446.0
C0751,2026-08-30,13177.0,6922.0,0.0,92446.0
C0752,2026-07-01,23073.0,12342.0,0.0,55397.0
C0752,2026-07-31,23375.0,13808.0,0.0,55397.0
C0752,2026-08-30,23010.0,12834.0,309.0,55397.0
C0753,2026-07-01,50325.0,32551.0,950.0,226816.0
C0753,2026-07-31,49640.0,33200.0,0.0,226816.0
C0753,2026-08-30,50146.0,33684.0,842.0,226816.0
C0754,2026-07-01,40188.0,28034.0,0.0,341175.0
C0754,2026-07-31,33206.0,29486.0,1061.0,344377.0
C0754,2026-08-30,25938.0,28690.0,2654.0,349178.0
C0755,2026-07-01,42015.0,27188.0,567.0,117857.0
C0755,2026-07-31,42014.0,26303.0,0.0,117857.0
C0755,2026-08-30,42212.0,29091.0,0.0,117857.0
C0756,2026-07-01,101767.0,59179.0,0.0,925670.0
C0756,2026-07-31,103824.0,60642.0,0.0,925670.0
C0756,2026-08-30,102392.0,62671.0,0.0,925670.0
C0757,2026-07-01,20038.0,12249.0,0.0,19810.0
C0757,2026-07-31,20237.0,11351.0,0.0,19810.0
C0757,2026-08-30,20526.0,12442.0,0.0,19810.0
C0758,2026-07-01,36966.0,27149.0,0.0,239444.0
C0758,2026-07-31,38633.0,28918.0,54.0,239444.0
C0758,2026-08-30,37064.0,27197.0,0.0,239444.0
C0759,2026-07-01,44204.0,23292.0,0.0,301186.0
C0759,2026-07-31,38347.0,23175.0,1227.0,313040.0
C0759,2026-08-30,31917.0,23911.0,3531.0,330822.0
C0760,2026-07-01,26658.0,13348.0,0.0,43262.0
C0760,2026-07-31,25792.0,14142.0,0.0,43262.0
C0760,2026-08-30,25731.0,13122.0,0.0,43262.0
C0761,2026-07-01,39170.0,25313.0,725.0,1532.0
C0761,2026-07-31,39533.0,24045.0,0.0,1532.0
C0761,2026-08-30,38115.0,21845.0,0.0,1532.0
C0762,2026-07-01,17357.0,12050.0,0.0,14675.0
C0762,2026-07-31,17304.0,11720.0,0.0,14675.0
C0762,2026-08-30,17077.0,12290.0,0.0,14675.0
C0763,2026-07-01,78441.0,54710.0,0.0,421291.0
C0763,2026-07-31,76711.0,50641.0,0.0,421291.0
C0763,2026-08-30,77497.0,51943.0,697.0,421291.0
C0764,2026-07-01,26492.0,14414.0,0.0,185183.0
C0764,2026-07-31,26510.0,13979.0,0.0,185183.0
C0764,2026-08-30,27473.0,15186.0,131.0,185183.0
C0765,2026-07-01,105767.0,73884.0,0.0,764811.0
C0765,2026-07-31,104676.0,73394.0,0.0,764811.0
C0765,2026-08-30,107902.0,77332.0,0.0,764811.0
C0766,2026-07-01,38464.0,20486.0,0.0,283456.0
C0766,2026-07-31,37646.0,20070.0,0.0,283456.0
C0766,2026-08-30,36583.0,19901.0,0.0,283456.0
C0767,2026-07-01,63394.0,32365.0,0.0,102290.0
C0767,2026-07-31,62707.0,34033.0,699.0,102290.0
C0767,2026-08-30,63585.0,32839.0,0.0,102290.0
C0768,2026-07-01,36480.0,22331.0,504.0,54705.0
C0768,2026-07-31,36336.0,22137.0,0.0,54705.0
C0768,2026-08-30,35744.0,21324.0,0.0,54705.0
C0769,2026-07-01,36110.0,22905.0,0.0,545756.0
C0769,2026-07-31,31562.0,22525.0,1327.0,553537.0
C0769,2026-08-30,26300.0,22519.0,2814.0,565208.0
C0770,2026-07-01,28092.0,18847.0,206.0,68542.0
C0770,2026-07-31,27938.0,19403.0,253.0,68542.0
C0770,2026-08-30,28371.0,19909.0,562.0,68542.0
C0771,2026-07-01,39799.0,24161.0,275.0,232891.0
C0771,2026-07-31,40412.0,25813.0,0.0,232891.0
C0771,2026-08-30,39676.0,26384.0,0.0,232891.0
C0772,2026-07-01,44430.0,32499.0,0.0,98217.0
C0772,2026-07-31,44269.0,30523.0,299.0,98217.0
C0772,2026-08-30,44492.0,31755.0,0.0,98217.0
C0773,2026-07-01,26330.0,15179.0,0.0,272769.0
C0773,2026-07-31,25777.0,14561.0,17.0,272769.0
C0773,2026-08-30,25894.0,14971.0,236.0,272769.0
C0774,2026-07-01,35365.0,21305.0,0.0,74740.0
C0774,2026-07-31,35820.0,22329.0,0.0,74740.0
C0774,2026-08-30,35553.0,20771.0,0.0,74740.0
C0775,2026-07-01,28012.0,20862.0,0.0,27113.0
C0775,2026-07-31,28273.0,20409.0,0.0,27113.0
C0775,2026-08-30,27790.0,19067.0,0.0,27113.0
C0776,2026-07-01,119284.0,72732.0,0.0,500587.0
C0776,2026-07-31,119124.0,73356.0,0.0,500587.0
C0776,2026-08-30,119090.0,75065.0,0.0,500587.0
C0777,2026-07-01,36394.0,22371.0,0.0,48125.0
C0777,2026-07-31,36102.0,20885.0,13.0,48125.0
C0777,2026-08-30,37116.0,21638.0,0.0,48125.0
C0778,2026-07-01,85607.0,52973.0,153.0,441141.0
C0778,2026-07-31,81599.0,52278.0,1140.0,441141.0
C0778,2026-08-30,82663.0,50766.0,0.0,441141.0
C0779,2026-07-01,35037.0,18865.0,0.0,60565.0
C0779,2026-07-31,34362.0,18267.0,135.0,60565.0
C0779,2026-08-30,33985.0,19955.0,0.0,60565.0
C0780,2026-07-01,43746.0,21666.0,0.0,208975.0
C0780,2026-07-31,43507.0,21132.0,0.0,208975.0
C0780,2026-08-30,36828.0,18334.0,0.0,208975.0
C0781,2026-07-01,19586.0,11294.0,0.0,228425.0
C0781,2026-07-31,16060.0,11194.0,681.0,230723.0
C0781,2026-08-30,12902.0,11348.0,1619.0,234170.0
C0782,2026-07-01,30949.0,21937.0,0.0,82562.0
C0782,2026-07-31,30711.0,22633.0,0.0,82562.0
C0782,2026-08-30,30315.0,22680.0,0.0,82562.0
C0783,2026-07-01,43318.0,29834.0,0.0,107868.0
C0783,2026-07-31,42100.0,28732.0,0.0,107868.0
C0783,2026-08-30,42825.0,29135.0,0.0,107868.0
C0784,2026-07-01,84277.0,55828.0,308.0,108765.0
C0784,2026-07-31,86436.0,57786.0,75.0,108765.0
C0784,2026-08-30,84949.0,56177.0,0.0,108765.0
C0785,2026-07-01,42529.0,23011.0,0.0,304914.0
C0785,2026-07-31,42386.0,23091.0,0.0,304914.0
C0785,2026-08-30,42490.0,24585.0,272.0,304914.0
C0786,2026-07-01,75074.0,51439.0,0.0,409622.0
C0786,2026-07-31,74344.0,50315.0,1434.0,409622.0
C0786,2026-08-30,76251.0,52941.0,0.0,409622.0
C0787,2026-07-01,51881.0,35376.0,0.0,505382.0
C0787,2026-07-31,51879.0,34677.0,0.0,505382.0
C0787,2026-08-30,52230.0,35344.0,681.0,505382.0
C0788,2026-07-01,85767.0,49900.0,0.0,235127.0
C0788,2026-07-31,85709.0,46700.0,1386.0,235127.0
C0788,2026-08-30,87935.0,50420.0,0.0,235127.0
C0789,2026-07-01,37267.0,20745.0,266.0,87806.0
C0789,2026-07-31,38067.0,21926.0,0.0,87806.0
C0789,2026-08-30,36657.0,20102.0,0.0,87806.0
C0790,2026-07-01,126975.0,92247.0,848.0,268619.0
C0790,2026-07-31,124778.0,92981.0,0.0,268619.0
C0790,2026-08-30,124444.0,94425.0,0.0,268619.0
C0791,2026-07-01,30759.0,19177.0,142.0,162885.0
C0791,2026-07-31,29457.0,17124.0,0.0,162885.0
C0791,2026-08-30,28802.0,16955.0,0.0,162885.0
C0792,2026-07-01,25625.0,18087.0,0.0,66040.0
C0792,2026-07-31,25120.0,19713.0,0.0,66040.0
C0792,2026-08-30,25530.0,18650.0,0.0,66040.0
C0793,2026-07-01,20532.0,12334.0,0.0,195110.0
C0793,2026-07-31,20811.0,12162.0,0.0,195110.0
C0793,2026-08-30,20161.0,11945.0,116.0,195110.0
C0794,2026-07-01,124087.0,61040.0,0.0,193978.0
C0794,2026-07-31,118470.0,59425.0,0.0,193978.0
C0794,2026-08-30,121666.0,63762.0,0.0,193978.0
C0795,2026-07-01,57908.0,32829.0,0.0,328051.0
C0795,2026-07-31,57502.0,30038.0,0.0,328051.0
C0795,2026-08-30,47107.0,27120.0,0.0,328051.0
C0796,2026-07-01,32025.0,23381.0,427.0,359146.0
C0796,2026-07-31,31976.0,24701.0,0.0,359146.0
C0796,2026-08-30,32399.0,22983.0,0.0,359146.0
C0797,2026-07-01,72096.0,43741.0,76.0,379635.0
C0797,2026-07-31,71879.0,41044.0,0.0,379635.0
C0797,2026-08-30,71343.0,43041.0,710.0,379635.0
C0798,2026-07-01,53787.0,37435.0,0.0,112671.0
C0798,2026-07-31,53571.0,37452.0,815.0,112671.0
C0798,2026-08-30,53930.0,35812.0,959.0,112671.0
C0799,2026-07-01,104701.0,67982.0,0.0,562169.0
C0799,2026-07-31,101230.0,67201.0,1946.0,562169.0
C0799,2026-08-30,101045.0,61753.0,0.0,562169.0
C0800,2026-07-01,17384.0,9494.0,14.0,122626.0
C0800,2026-07-31,17602.0,10448.0,0.0,122626.0
C0800,2026-08-30,16943.0,9043.0,306.0,122626.0
C0801,2026-07-01,33233.0,20754.0,0.0,50048.0
C0801,2026-07-31,33740.0,20976.0,0.0,50048.0
C0801,2026-08-30,33037.0,19571.0,0.0,50048.0
C0802,2026-07-01,30285.0,16468.0,0.0,72124.0
C0802,2026-07-31,31156.0,16704.0,0.0,72124.0
C0802,2026-08-30,30350.0,16781.0,158.0,72124.0
C0803,2026-07-01,13723.0,8877.0,274.0,94671.0
C0803,2026-07-31,13900.0,9153.0,249.0,94671.0
C0803,2026-08-30,14147.0,9222.0,0.0,94671.0
C0804,2026-07-01,63821.0,40653.0,457.0,314388.0
C0804,2026-07-31,64700.0,41968.0,0.0,314388.0
C0804,2026-08-30,64315.0,40668.0,0.0,314388.0
C0805,2026-07-01,33781.0,17527.0,0.0,261036.0
C0805,2026-07-31,32657.0,16942.0,0.0,261036.0
C0805,2026-08-30,33097.0,17925.0,0.0,261036.0
C0806,2026-07-01,55281.0,34320.0,0.0,736168.0
C0806,2026-07-31,47342.0,35065.0,1329.0,743151.0
C0806,2026-08-30,38048.0,34716.0,3578.0,753626.0
C0807,2026-07-01,123855.0,88273.0,0.0,898169.0
C0807,2026-07-31,123420.0,89368.0,0.0,898169.0
C0807,2026-08-30,125303.0,90092.0,0.0,898169.0
C0808,2026-07-01,32145.0,17608.0,77.0,169031.0
C0808,2026-07-31,31915.0,18752.0,0.0,169031.0
C0808,2026-08-30,31949.0,17203.0,0.0,169031.0
C0809,2026-07-01,31425.0,15423.0,0.0,246546.0
C0809,2026-07-31,31331.0,14983.0,61.0,246546.0
C0809,2026-08-30,30927.0,15797.0,0.0,246546.0
C0810,2026-07-01,41597.0,21062.0,0.0,229616.0
C0810,2026-07-31,39920.0,20298.0,0.0,229616.0
C0810,2026-08-30,39583.0,20321.0,0.0,229616.0
C0811,2026-07-01,62290.0,33383.0,0.0,386836.0
C0811,2026-07-31,61951.0,36038.0,0.0,386836.0
C0811,2026-08-30,59996.0,33161.0,566.0,386836.0
C0812,2026-07-01,28320.0,13327.0,247.0,252096.0
C0812,2026-07-31,28747.0,14353.0,155.0,252096.0
C0812,2026-08-30,28575.0,14128.0,0.0,252096.0
C0813,2026-07-01,27377.0,18814.0,0.0,100731.0
C0813,2026-07-31,27718.0,18987.0,0.0,100731.0
C0813,2026-08-30,27751.0,20553.0,0.0,100731.0
C0814,2026-07-01,65192.0,39436.0,427.0,234209.0
C0814,2026-07-31,63879.0,40305.0,0.0,234209.0
C0814,2026-08-30,65345.0,42078.0,0.0,234209.0
C0815,2026-07-01,45149.0,23377.0,334.0,203513.0
C0815,2026-07-31,45553.0,25839.0,0.0,203513.0
C0815,2026-08-30,47070.0,25779.0,0.0,203513.0
C0816,2026-07-01,13565.0,8043.0,0.0,61729.0
C0816,2026-07-31,11685.0,8450.0,460.0,63055.0
C0816,2026-08-30,9992.0,8240.0,1113.0,65044.0
C0817,2026-07-01,20643.0,12326.0,0.0,38245.0
C0817,2026-07-31,20818.0,12154.0,0.0,38245.0
C0817,2026-08-30,20594.0,12048.0,21.0,38245.0
C0818,2026-07-01,80108.0,42469.0,0.0,1549.0
C0818,2026-07-31,78999.0,38962.0,0.0,1549.0
C0818,2026-08-30,79622.0,38387.0,1139.0,1549.0
C0819,2026-07-01,47014.0,32327.0,0.0,309986.0
C0819,2026-07-31,47062.0,32919.0,0.0,309986.0
C0819,2026-08-30,35407.0,24326.0,0.0,309986.0
C0820,2026-07-01,26342.0,18349.0,0.0,37552.0
C0820,2026-07-31,26039.0,18118.0,0.0,37552.0
C0820,2026-08-30,19189.0,12933.0,156.0,37552.0
C0821,2026-07-01,34364.0,23817.0,0.0,56520.0
C0821,2026-07-31,34717.0,23280.0,0.0,56520.0
C0821,2026-08-30,34655.0,23884.0,0.0,56520.0
C0822,2026-07-01,38672.0,19484.0,246.0,99227.0
C0822,2026-07-31,37476.0,18825.0,54.0,99227.0
C0822,2026-08-30,39132.0,19462.0,0.0,99227.0
C0823,2026-07-01,56341.0,37362.0,0.0,714022.0
C0823,2026-07-31,46437.0,37235.0,1607.0,727670.0
C0823,2026-08-30,37716.0,35693.0,3546.0,748143.0
C0824,2026-07-01,19598.0,11361.0,0.0,65238.0
C0824,2026-07-31,16174.0,11362.0,507.0,66553.0
C0824,2026-08-30,12996.0,11725.0,1736.0,68526.0
C0825,2026-07-01,24315.0,16188.0,357.0,71524.0
C0825,2026-07-31,25098.0,16662.0,0.0,71524.0
C0825,2026-08-30,25578.0,17229.0,0.0,71524.0
C0826,2026-07-01,42749.0,25566.0,0.0,432967.0
C0826,2026-07-31,43422.0,28058.0,0.0,432967.0
C0826,2026-08-30,43372.0,26040.0,0.0,432967.0
C0827,2026-07-01,37140.0,24733.0,0.0,157681.0
C0827,2026-07-31,37323.0,25732.0,0.0,157681.0
C0827,2026-08-30,36330.0,25042.0,385.0,157681.0
C0828,2026-07-01,51282.0,32301.0,0.0,147062.0
C0828,2026-07-31,51260.0,32198.0,0.0,147062.0
C0828,2026-08-30,49628.0,31204.0,965.0,147062.0
C0829,2026-07-01,20715.0,14935.0,0.0,138431.0
C0829,2026-07-31,20186.0,12917.0,0.0,138431.0
C0829,2026-08-30,20447.0,13230.0,0.0,138431.0
C0830,2026-07-01,46176.0,35629.0,0.0,312201.0
C0830,2026-07-31,45455.0,35162.0,623.0,312201.0
C0830,2026-08-30,46151.0,33660.0,0.0,312201.0
C0831,2026-07-01,66878.0,43728.0,0.0,64459.0
C0831,2026-07-31,63871.0,41115.0,997.0,64459.0
C0831,2026-08-30,63457.0,39465.0,1060.0,64459.0
C0832,2026-07-01,49345.0,36049.0,0.0,385763.0
C0832,2026-07-31,49375.0,36871.0,776.0,385763.0
C0832,2026-08-30,48687.0,37623.0,0.0,385763.0
C0833,2026-07-01,40939.0,27545.0,0.0,234206.0
C0833,2026-07-31,41245.0,28640.0,0.0,234206.0
C0833,2026-08-30,41234.0,26899.0,501.0,234206.0
C0834,2026-07-01,36035.0,20919.0,638.0,72498.0
C0834,2026-07-31,36719.0,22116.0,0.0,72498.0
C0834,2026-08-30,36012.0,22977.0,0.0,72498.0
C0835,2026-07-01,25091.0,18011.0,0.0,211711.0
C0835,2026-07-31,25075.0,17319.0,0.0,211711.0
C0835,2026-08-30,24678.0,18061.0,0.0,211711.0
C0836,2026-07-01,36291.0,26514.0,0.0,170982.0
C0836,2026-07-31,37930.0,28264.0,0.0,170982.0
C0836,2026-08-30,36209.0,28089.0,0.0,170982.0
C0837,2026-07-01,71696.0,44157.0,0.0,525489.0
C0837,2026-07-31,71920.0,41482.0,0.0,525489.0
C0837,2026-08-30,71242.0,42479.0,0.0,525489.0
C0838,2026-07-01,36161.0,20389.0,385.0,407232.0
C0838,2026-07-31,35977.0,20407.0,0.0,407232.0
C0838,2026-08-30,35333.0,19457.0,0.0,407232.0
C0839,2026-07-01,24596.0,15602.0,0.0,56138.0
C0839,2026-07-31,24201.0,14922.0,0.0,56138.0
C0839,2026-08-30,25037.0,15098.0,0.0,56138.0
C0840,2026-07-01,29891.0,21346.0,0.0,261394.0
C0840,2026-07-31,29388.0,21667.0,0.0,261394.0
C0840,2026-08-30,29852.0,21153.0,0.0,261394.0
C0841,2026-07-01,41417.0,29278.0,836.0,119942.0
C0841,2026-07-31,42162.0,29840.0,0.0,119942.0
C0841,2026-08-30,41858.0,30660.0,0.0,119942.0
C0842,2026-07-01,31109.0,20844.0,0.0,217732.0
C0842,2026-07-31,31103.0,20114.0,0.0,217732.0
C0842,2026-08-30,32651.0,20577.0,0.0,217732.0
C0843,2026-07-01,48466.0,29340.0,823.0,41139.0
C0843,2026-07-31,48087.0,31504.0,0.0,41139.0
C0843,2026-08-30,47961.0,31106.0,0.0,41139.0
C0844,2026-07-01,49749.0,34654.0,0.0,300637.0
C0844,2026-07-31,48927.0,34218.0,0.0,300637.0
C0844,2026-08-30,48589.0,34461.0,450.0,300637.0
C0845,2026-07-01,59271.0,40380.0,0.0,69313.0
C0845,2026-07-31,59264.0,42621.0,0.0,69313.0
C0845,2026-08-30,58929.0,43183.0,0.0,69313.0
C0846,2026-07-01,76365.0,38121.0,0.0,202854.0
C0846,2026-07-31,76946.0,41263.0,0.0,202854.0
C0846,2026-08-30,76855.0,42466.0,0.0,202854.0
C0847,2026-07-01,61930.0,34654.0,168.0,90007.0
C0847,2026-07-31,62759.0,34310.0,778.0,90007.0
C0847,2026-08-30,64587.0,35564.0,85.0,90007.0
C0848,2026-07-01,24275.0,17515.0,150.0,31935.0
C0848,2026-07-31,24493.0,17684.0,0.0,31935.0
C0848,2026-08-30,23597.0,18156.0,0.0,31935.0
C0849,2026-07-01,24283.0,18459.0,0.0,233312.0
C0849,2026-07-31,19758.0,18099.0,738.0,234377.0
C0849,2026-08-30,14841.0,17399.0,2237.0,235974.0
C0850,2026-07-01,36412.0,27459.0,725.0,265958.0
C0850,2026-07-31,36995.0,27346.0,0.0,265958.0
C0850,2026-08-30,36866.0,26744.0,236.0,265958.0
C0851,2026-07-01,29496.0,20097.0,0.0,83916.0
C0851,2026-07-31,30244.0,19798.0,234.0,83916.0
C0851,2026-08-30,30697.0,21221.0,85.0,83916.0
C0852,2026-07-01,21651.0,14953.0,0.0,259920.0
C0852,2026-07-31,19030.0,15982.0,538.0,265675.0
C0852,2026-08-30,17060.0,15645.0,1775.0,274306.0
C0853,2026-07-01,31573.0,17831.0,0.0,248978.0
C0853,2026-07-31,26056.0,18198.0,1075.0,250931.0
C0853,2026-08-30,21549.0,17855.0,2534.0,253860.0
C0854,2026-07-01,30412.0,17127.0,0.0,216880.0
C0854,2026-07-31,30155.0,16463.0,0.0,216880.0
C0854,2026-08-30,30110.0,16727.0,0.0,216880.0
C0855,2026-07-01,28037.0,14065.0,0.0,78917.0
C0855,2026-07-31,27393.0,14424.0,0.0,78917.0
C0855,2026-08-30,27690.0,13490.0,0.0,78917.0
C0856,2026-07-01,32533.0,23470.0,0.0,16235.0
C0856,2026-07-31,32228.0,22008.0,470.0,16235.0
C0856,2026-08-30,31885.0,23006.0,0.0,16235.0
C0857,2026-07-01,68748.0,35360.0,0.0,737990.0
C0857,2026-07-31,65763.0,35416.0,0.0,737990.0
C0857,2026-08-30,68780.0,36247.0,0.0,737990.0
C0858,2026-07-01,42199.0,26888.0,0.0,248820.0
C0858,2026-07-31,41863.0,29271.0,168.0,248820.0
C0858,2026-08-30,41942.0,28004.0,427.0,248820.0
C0859,2026-07-01,128345.0,86557.0,342.0,1502247.0
C0859,2026-07-31,133519.0,90434.0,710.0,1502247.0
C0859,2026-08-30,130138.0,85471.0,0.0,1502247.0
C0860,2026-07-01,40796.0,28082.0,0.0,38643.0
C0860,2026-07-31,41738.0,29354.0,0.0,38643.0
C0860,2026-08-30,41469.0,28014.0,0.0,38643.0
C0861,2026-07-01,32723.0,16669.0,0.0,43289.0
C0861,2026-07-31,32671.0,17261.0,161.0,43289.0
C0861,2026-08-30,32897.0,17539.0,0.0,43289.0
C0862,2026-07-01,38869.0,24108.0,0.0,261462.0
C0862,2026-07-31,38368.0,23202.0,0.0,261462.0
C0862,2026-08-30,38080.0,23520.0,0.0,261462.0
C0863,2026-07-01,43752.0,29629.0,0.0,205468.0
C0863,2026-07-31,43218.0,27676.0,215.0,205468.0
C0863,2026-08-30,43460.0,28249.0,0.0,205468.0
C0864,2026-07-01,47307.0,26453.0,0.0,234573.0
C0864,2026-07-31,47618.0,28979.0,0.0,234573.0
C0864,2026-08-30,46886.0,26935.0,275.0,234573.0
C0865,2026-07-01,105466.0,53661.0,0.0,437222.0
C0865,2026-07-31,108760.0,55194.0,1329.0,437222.0
C0865,2026-08-30,109722.0,56836.0,0.0,437222.0
C0866,2026-07-01,24492.0,13303.0,244.0,64118.0
C0866,2026-07-31,24967.0,12947.0,176.0,64118.0
C0866,2026-08-30,24732.0,13208.0,229.0,64118.0
C0867,2026-07-01,59174.0,33613.0,0.0,31800.0
C0867,2026-07-31,58616.0,34917.0,0.0,31800.0
C0867,2026-08-30,61315.0,35101.0,0.0,31800.0
C0868,2026-07-01,42009.0,20687.0,0.0,277870.0
C0868,2026-07-31,43173.0,22083.0,0.0,277870.0
C0868,2026-08-30,43235.0,22327.0,408.0,277870.0
C0869,2026-07-01,17438.0,12449.0,0.0,90950.0
C0869,2026-07-31,17310.0,12751.0,0.0,90950.0
C0869,2026-08-30,17325.0,11802.0,0.0,90950.0
C0870,2026-07-01,56850.0,33978.0,0.0,674993.0
C0870,2026-07-31,45510.0,34546.0,1755.0,687170.0
C0870,2026-08-30,36239.0,32407.0,4959.0,705434.0
C0871,2026-07-01,71297.0,41511.0,178.0,100364.0
C0871,2026-07-31,69746.0,40630.0,0.0,100364.0
C0871,2026-08-30,72522.0,42756.0,0.0,100364.0
C0872,2026-07-01,25195.0,13629.0,0.0,37454.0
C0872,2026-07-31,24564.0,12956.0,105.0,37454.0
C0872,2026-08-30,25183.0,12808.0,0.0,37454.0
C0873,2026-07-01,36902.0,24511.0,130.0,260446.0
C0873,2026-07-31,37814.0,25736.0,0.0,260446.0
C0873,2026-08-30,37728.0,26260.0,0.0,260446.0
C0874,2026-07-01,16021.0,8658.0,168.0,78712.0
C0874,2026-07-31,16020.0,9152.0,18.0,78712.0
C0874,2026-08-30,15982.0,8982.0,0.0,78712.0
C0875,2026-07-01,20182.0,13188.0,0.0,45550.0
C0875,2026-07-31,20267.0,13501.0,377.0,45550.0
C0875,2026-08-30,20715.0,13568.0,0.0,45550.0
C0876,2026-07-01,66372.0,40329.0,0.0,8129.0
C0876,2026-07-31,63588.0,40881.0,0.0,8129.0
C0876,2026-08-30,51963.0,31437.0,362.0,8129.0
C0877,2026-07-01,29968.0,22018.0,342.0,220148.0
C0877,2026-07-31,30724.0,22157.0,331.0,220148.0
C0877,2026-08-30,21485.0,15478.0,0.0,220148.0
C0878,2026-07-01,21733.0,14552.0,0.0,99837.0
C0878,2026-07-31,22248.0,15746.0,175.0,99837.0
C0878,2026-08-30,21468.0,13807.0,0.0,99837.0
C0879,2026-07-01,42239.0,27913.0,293.0,28340.0
C0879,2026-07-31,42959.0,28394.0,0.0,28340.0
C0879,2026-08-30,43112.0,29384.0,0.0,28340.0
C0880,2026-07-01,29442.0,19254.0,0.0,46898.0
C0880,2026-07-31,29244.0,18712.0,183.0,46898.0
C0880,2026-08-30,29189.0,18903.0,0.0,46898.0
C0881,2026-07-01,30509.0,19361.0,0.0,72267.0
C0881,2026-07-31,30108.0,18357.0,0.0,72267.0
C0881,2026-08-30,29607.0,17481.0,30.0,72267.0
C0882,2026-07-01,54233.0,37506.0,0.0,161318.0
C0882,2026-07-31,56249.0,40472.0,0.0,161318.0
C0882,2026-08-30,54407.0,39123.0,290.0,161318.0
C0883,2026-07-01,21387.0,12827.0,0.0,165675.0
C0883,2026-07-31,21732.0,13862.0,0.0,165675.0
C0883,2026-08-30,21473.0,13467.0,0.0,165675.0
C0884,2026-07-01,23925.0,13119.0,359.0,198157.0
C0884,2026-07-31,23831.0,13851.0,0.0,198157.0
C0884,2026-08-30,24879.0,14349.0,0.0,198157.0
C0885,2026-07-01,40360.0,23425.0,0.0,66858.0
C0885,2026-07-31,40660.0,23803.0,760.0,66858.0
C0885,2026-08-30,41229.0,24750.0,0.0,66858.0
C0886,2026-07-01,61497.0,37932.0,0.0,151025.0
C0886,2026-07-31,62231.0,36668.0,0.0,151025.0
C0886,2026-08-30,60342.0,36547.0,0.0,151025.0
C0887,2026-07-01,70377.0,48208.0,0.0,141462.0
C0887,2026-07-31,71318.0,48487.0,1168.0,141462.0
C0887,2026-08-30,71321.0,46670.0,0.0,141462.0
C0888,2026-07-01,27066.0,19809.0,0.0,71202.0
C0888,2026-07-31,26882.0,18546.0,0.0,71202.0
C0888,2026-08-30,27388.0,19787.0,0.0,71202.0
C0889,2026-07-01,59505.0,43367.0,1031.0,155733.0
C0889,2026-07-31,61869.0,43066.0,0.0,155733.0
C0889,2026-08-30,60843.0,41462.0,990.0,155733.0
C0890,2026-07-01,25293.0,18533.0,0.0,180526.0
C0890,2026-07-31,22792.0,18631.0,634.0,188188.0
C0890,2026-08-30,19845.0,18680.0,1702.0,199681.0
C0891,2026-07-01,95403.0,56530.0,0.0,634324.0
C0891,2026-07-31,93560.0,56079.0,0.0,634324.0
C0891,2026-08-30,95268.0,58477.0,0.0,634324.0
C0892,2026-07-01,21774.0,12791.0,44.0,58704.0
C0892,2026-07-31,21913.0,13137.0,0.0,58704.0
C0892,2026-08-30,21682.0,12519.0,0.0,58704.0
C0893,2026-07-01,75334.0,37365.0,0.0,412305.0
C0893,2026-07-31,60398.0,38687.0,1996.0,429699.0
C0893,2026-08-30,46752.0,39741.0,6582.0,455789.0
C0894,2026-07-01,27171.0,18513.0,0.0,73262.0
C0894,2026-07-31,26994.0,17747.0,46.0,73262.0
C0894,2026-08-30,27927.0,19161.0,0.0,73262.0
C0895,2026-07-01,104945.0,69696.0,1556.0,502383.0
C0895,2026-07-31,105071.0,74375.0,0.0,502383.0
C0895,2026-08-30,103078.0,70730.0,0.0,502383.0
C0896,2026-07-01,52345.0,36468.0,842.0,118549.0
C0896,2026-07-31,50925.0,35530.0,602.0,118549.0
C0896,2026-08-30,50485.0,33660.0,623.0,118549.0
C0897,2026-07-01,22703.0,15387.0,0.0,66589.0
C0897,2026-07-31,23440.0,17120.0,285.0,66589.0
C0897,2026-08-30,22518.0,16016.0,0.0,66589.0
C0898,2026-07-01,28970.0,15966.0,0.0,36649.0
C0898,2026-07-31,30574.0,17153.0,83.0,36649.0
C0898,2026-08-30,29714.0,16799.0,0.0,36649.0
C0899,2026-07-01,55582.0,39965.0,0.0,17187.0
C0899,2026-07-31,55288.0,39541.0,0.0,17187.0
C0899,2026-08-30,54790.0,39927.0,0.0,17187.0
C0900,2026-07-01,64394.0,42348.0,205.0,382960.0
C0900,2026-07-31,65002.0,40871.0,878.0,382960.0
C0900,2026-08-30,65765.0,43335.0,533.0,382960.0
C0901,2026-07-01,35657.0,19189.0,0.0,100557.0
C0901,2026-07-31,35970.0,18984.0,0.0,100557.0
C0901,2026-08-30,36634.0,19371.0,350.0,100557.0
C0902,2026-07-01,40527.0,25919.0,0.0,39437.0
C0902,2026-07-31,39417.0,24038.0,308.0,39437.0
C0902,2026-08-30,39118.0,23537.0,0.0,39437.0
C0903,2026-07-01,54480.0,31846.0,0.0,304864.0
C0903,2026-07-31,53735.0,31121.0,0.0,304864.0
C0903,2026-08-30,55532.0,32611.0,0.0,304864.0
C0904,2026-07-01,40539.0,27346.0,0.0,119852.0
C0904,2026-07-31,40437.0,27414.0,401.0,119852.0
C0904,2026-08-30,40368.0,27428.0,0.0,119852.0
C0905,2026-07-01,19677.0,12764.0,0.0,135517.0
C0905,2026-07-31,19608.0,12113.0,213.0,135517.0
C0905,2026-08-30,20315.0,12759.0,0.0,135517.0
C0906,2026-07-01,24964.0,13763.0,195.0,102213.0
C0906,2026-07-31,25195.0,13237.0,129.0,102213.0
C0906,2026-08-30,25285.0,13546.0,273.0,102213.0
C0907,2026-07-01,43152.0,30272.0,0.0,369816.0
C0907,2026-07-31,42154.0,30749.0,0.0,369816.0
C0907,2026-08-30,43326.0,31359.0,402.0,369816.0
C0908,2026-07-01,69193.0,51862.0,684.0,84055.0
C0908,2026-07-31,69630.0,52338.0,0.0,84055.0
C0908,2026-08-30,71520.0,52966.0,0.0,84055.0
C0909,2026-07-01,83961.0,51174.0,0.0,442483.0
C0909,2026-07-31,86121.0,49847.0,0.0,442483.0
C0909,2026-08-30,86484.0,52353.0,186.0,442483.0
C0910,2026-07-01,56361.0,32472.0,323.0,537705.0
C0910,2026-07-31,56001.0,32947.0,0.0,537705.0
C0910,2026-08-30,57889.0,33273.0,0.0,537705.0
C0911,2026-07-01,43891.0,28323.0,180.0,265331.0
C0911,2026-07-31,44034.0,27864.0,639.0,265331.0
C0911,2026-08-30,43678.0,27270.0,0.0,265331.0
C0912,2026-07-01,55425.0,34265.0,0.0,116514.0
C0912,2026-07-31,56100.0,34212.0,0.0,116514.0
C0912,2026-08-30,55072.0,35909.0,0.0,116514.0
C0913,2026-07-01,26340.0,16895.0,0.0,172746.0
C0913,2026-07-31,27410.0,18957.0,0.0,172746.0
C0913,2026-08-30,26760.0,18118.0,0.0,172746.0
C0914,2026-07-01,35592.0,22409.0,361.0,190195.0
C0914,2026-07-31,35199.0,22883.0,0.0,190195.0
C0914,2026-08-30,35698.0,23759.0,447.0,190195.0
C0915,2026-07-01,24842.0,18077.0,0.0,228903.0
C0915,2026-07-31,24998.0,17163.0,117.0,228903.0
C0915,2026-08-30,25071.0,17314.0,0.0,228903.0
C0916,2026-07-01,19946.0,14335.0,0.0,176014.0
C0916,2026-07-31,20740.0,14132.0,0.0,176014.0
C0916,2026-08-30,19903.0,13466.0,49.0,176014.0
C0917,2026-07-01,45639.0,30860.0,0.0,244238.0
C0917,2026-07-31,45186.0,28970.0,327.0,244238.0
C0917,2026-08-30,44766.0,30313.0,0.0,244238.0
C0918,2026-07-01,41916.0,26537.0,0.0,102663.0
C0918,2026-07-31,41899.0,27044.0,0.0,102663.0
C0918,2026-08-30,41450.0,26744.0,0.0,102663.0
C0919,2026-07-01,54188.0,36969.0,0.0,465810.0
C0919,2026-07-31,47320.0,38105.0,1296.0,469035.0
C0919,2026-08-30,42621.0,36389.0,4676.0,473872.0
C0920,2026-07-01,47934.0,25066.0,0.0,77666.0
C0920,2026-07-31,48456.0,24107.0,0.0,77666.0
C0920,2026-08-30,50323.0,23441.0,0.0,77666.0
C0921,2026-07-01,42631.0,26949.0,0.0,33940.0
C0921,2026-07-31,42351.0,28008.0,709.0,33940.0
C0921,2026-08-30,42866.0,28602.0,0.0,33940.0
C0922,2026-07-01,49902.0,27547.0,618.0,237011.0
C0922,2026-07-31,49456.0,27280.0,0.0,237011.0
C0922,2026-08-30,48966.0,25762.0,0.0,237011.0
C0923,2026-07-01,36102.0,26770.0,0.0,75103.0
C0923,2026-07-31,37612.0,28836.0,730.0,75103.0
C0923,2026-08-30,36964.0,26813.0,0.0,75103.0
C0924,2026-07-01,47379.0,33559.0,0.0,14533.0
C0924,2026-07-31,46397.0,31505.0,0.0,14533.0
C0924,2026-08-30,46949.0,32518.0,476.0,14533.0
C0925,2026-07-01,26350.0,15330.0,0.0,271059.0
C0925,2026-07-31,26418.0,16209.0,250.0,271059.0
C0925,2026-08-30,26437.0,15884.0,0.0,271059.0
C0926,2026-07-01,45394.0,27058.0,0.0,120599.0
C0926,2026-07-31,44857.0,26759.0,0.0,120599.0
C0926,2026-08-30,46225.0,27765.0,0.0,120599.0
C0927,2026-07-01,54369.0,30644.0,1022.0,68548.0
C0927,2026-07-31,54422.0,31439.0,312.0,68548.0
C0927,2026-08-30,52659.0,31325.0,0.0,68548.0
C0928,2026-07-01,26901.0,15890.0,453.0,228188.0
C0928,2026-07-31,26974.0,14751.0,0.0,228188.0
C0928,2026-08-30,27128.0,16216.0,0.0,228188.0
C0929,2026-07-01,38969.0,27059.0,0.0,208168.0
C0929,2026-07-31,38416.0,27030.0,0.0,208168.0
C0929,2026-08-30,38134.0,26978.0,379.0,208168.0
C0930,2026-07-01,27821.0,15172.0,0.0,309950.0
C0930,2026-07-31,26328.0,14835.0,0.0,309950.0
C0930,2026-08-30,27758.0,15181.0,0.0,309950.0
C0931,2026-07-01,28786.0,16913.0,0.0,147609.0
C0931,2026-07-31,29542.0,18265.0,0.0,147609.0
C0931,2026-08-30,29659.0,17121.0,0.0,147609.0
C0932,2026-07-01,22049.0,13916.0,0.0,142811.0
C0932,2026-07-31,21587.0,14101.0,0.0,142811.0
C0932,2026-08-30,21331.0,13299.0,105.0,142811.0
C0933,2026-07-01,70725.0,42088.0,0.0,473398.0
C0933,2026-07-31,71909.0,42484.0,0.0,473398.0
C0933,2026-08-30,69832.0,42155.0,0.0,473398.0
C0934,2026-07-01,66052.0,35650.0,0.0,126257.0
C0934,2026-07-31,64379.0,34488.0,0.0,126257.0
C0934,2026-08-30,65185.0,35225.0,0.0,126257.0
C0935,2026-07-01,48372.0,27707.0,274.0,522911.0
C0935,2026-07-31,49010.0,28751.0,412.0,522911.0
C0935,2026-08-30,48279.0,28107.0,0.0,522911.0
C0936,2026-07-01,103461.0,69245.0,1415.0,609362.0
C0936,2026-07-31,101655.0,68299.0,0.0,609362.0
C0936,2026-08-30,102773.0,70481.0,0.0,609362.0
C0937,2026-07-01,34633.0,25102.0,0.0,53941.0
C0937,2026-07-31,34843.0,24957.0,0.0,53941.0
C0937,2026-08-30,34425.0,24380.0,479.0,53941.0
C0938,2026-07-01,172472.0,111570.0,0.0,1163489.0
C0938,2026-07-31,172762.0,107091.0,0.0,1163489.0
C0938,2026-08-30,174053.0,108610.0,2116.0,1163489.0
C0939,2026-07-01,34120.0,21047.0,319.0,219304.0
C0939,2026-07-31,35330.0,21471.0,0.0,219304.0
C0939,2026-08-30,34755.0,21616.0,0.0,219304.0
C0940,2026-07-01,43107.0,23352.0,0.0,166807.0
C0940,2026-07-31,36040.0,23167.0,1526.0,166832.0
C0940,2026-08-30,29885.0,23458.0,3813.0,166870.0
C0941,2026-07-01,31317.0,23455.0,0.0,298576.0
C0941,2026-07-31,25806.0,22533.0,1043.0,301027.0
C0941,2026-08-30,21879.0,23056.0,2855.0,304703.0
C0942,2026-07-01,47237.0,30674.0,775.0,429529.0
C0942,2026-07-31,45835.0,30319.0,165.0,429529.0
C0942,2026-08-30,45114.0,32160.0,300.0,429529.0
C0943,2026-07-01,56789.0,39380.0,0.0,301155.0
C0943,2026-07-31,49128.0,39736.0,2010.0,310830.0
C0943,2026-08-30,40082.0,38742.0,3911.0,325342.0
C0944,2026-07-01,35475.0,20159.0,0.0,43275.0
C0944,2026-07-31,35676.0,19495.0,0.0,43275.0
C0944,2026-08-30,36503.0,19516.0,0.0,43275.0
C0945,2026-07-01,93285.0,57793.0,0.0,554208.0
C0945,2026-07-31,92364.0,54886.0,0.0,554208.0
C0945,2026-08-30,73902.0,44562.0,0.0,554208.0
C0946,2026-07-01,42239.0,20445.0,0.0,98685.0
C0946,2026-07-31,42330.0,23640.0,0.0,98685.0
C0946,2026-08-30,43062.0,22175.0,0.0,98685.0
C0947,2026-07-01,43318.0,25239.0,0.0,88452.0
C0947,2026-07-31,43491.0,25892.0,570.0,88452.0
C0947,2026-08-30,43393.0,24580.0,0.0,88452.0
C0948,2026-07-01,24553.0,11943.0,0.0,71887.0
C0948,2026-07-31,24572.0,12250.0,0.0,71887.0
C0948,2026-08-30,23874.0,11838.0,58.0,71887.0
C0949,2026-07-01,46301.0,34106.0,0.0,140821.0
C0949,2026-07-31,38211.0,33916.0,1670.0,141234.0
C0949,2026-08-30,31047.0,34420.0,3642.0,141854.0
C0950,2026-07-01,35990.0,20132.0,0.0,52310.0
C0950,2026-07-31,34951.0,19566.0,0.0,52310.0
C0950,2026-08-30,35098.0,19620.0,583.0,52310.0
C0951,2026-07-01,27379.0,19819.0,0.0,258414.0
C0951,2026-07-31,28056.0,20414.0,0.0,258414.0
C0951,2026-08-30,27981.0,20369.0,0.0,258414.0
C0952,2026-07-01,26105.0,15720.0,289.0,238436.0
C0952,2026-07-31,25992.0,15106.0,0.0,238436.0
C0952,2026-08-30,26036.0,14539.0,0.0,238436.0
C0953,2026-07-01,141158.0,106169.0,0.0,1247385.0
C0953,2026-07-31,143142.0,101167.0,1029.0,1247385.0
C0953,2026-08-30,146557.0,102960.0,0.0,1247385.0
C0954,2026-07-01,33031.0,20403.0,0.0,34999.0
C0954,2026-07-31,32487.0,21361.0,0.0,34999.0
C0954,2026-08-30,33704.0,20239.0,0.0,34999.0
C0955,2026-07-01,18142.0,11837.0,0.0,103576.0
C0955,2026-07-31,18592.0,13035.0,0.0,103576.0
C0955,2026-08-30,18295.0,12809.0,0.0,103576.0
C0956,2026-07-01,26689.0,19059.0,0.0,184150.0
C0956,2026-07-31,27348.0,19504.0,420.0,184150.0
C0956,2026-08-30,26276.0,19150.0,0.0,184150.0
C0957,2026-07-01,37796.0,19997.0,0.0,314204.0
C0957,2026-07-31,36645.0,19658.0,10.0,314204.0
C0957,2026-08-30,37090.0,19015.0,0.0,314204.0
C0958,2026-07-01,50029.0,27391.0,0.0,129889.0
C0958,2026-07-31,49580.0,27103.0,0.0,129889.0
C0958,2026-08-30,49330.0,25394.0,608.0,129889.0
C0959,2026-07-01,49822.0,26028.0,0.0,239141.0
C0959,2026-07-31,49338.0,25162.0,0.0,239141.0
C0959,2026-08-30,51574.0,27999.0,268.0,239141.0
C0960,2026-07-01,52915.0,36112.0,0.0,146895.0
C0960,2026-07-31,54227.0,36479.0,921.0,146895.0
C0960,2026-08-30,54121.0,38825.0,0.0,146895.0
C0961,2026-07-01,27650.0,20341.0,43.0,167460.0
C0961,2026-07-31,27444.0,18387.0,327.0,167460.0
C0961,2026-08-30,27580.0,19811.0,0.0,167460.0
C0962,2026-07-01,45487.0,30332.0,829.0,216674.0
C0962,2026-07-31,45168.0,29366.0,0.0,216674.0
C0962,2026-08-30,44040.0,26907.0,647.0,216674.0
C0963,2026-07-01,23832.0,16329.0,0.0,142400.0
C0963,2026-07-31,25055.0,16641.0,0.0,142400.0
C0963,2026-08-30,23532.0,16113.0,0.0,142400.0
C0964,2026-07-01,27982.0,16841.0,0.0,110444.0
C0964,2026-07-31,27802.0,16762.0,499.0,110444.0
C0964,2026-08-30,27967.0,16655.0,0.0,110444.0
C0965,2026-07-01,23590.0,12361.0,0.0,161977.0
C0965,2026-07-31,24126.0,11572.0,179.0,161977.0
C0965,2026-08-30,24074.0,11499.0,0.0,161977.0
C0966,2026-07-01,21870.0,13699.0,0.0,1156.0
C0966,2026-07-31,21041.0,13299.0,0.0,1156.0
C0966,2026-08-30,21425.0,13046.0,275.0,1156.0
C0967,2026-07-01,63246.0,39215.0,196.0,605931.0
C0967,2026-07-31,65690.0,44106.0,918.0,605931.0
C0967,2026-08-30,64920.0,39954.0,0.0,605931.0
C0968,2026-07-01,53817.0,34011.0,1043.0,35402.0
C0968,2026-07-31,53828.0,34753.0,0.0,35402.0
C0968,2026-08-30,54972.0,35998.0,0.0,35402.0
C0969,2026-07-01,62137.0,44999.0,0.0,758861.0
C0969,2026-07-31,61172.0,42817.0,0.0,758861.0
C0969,2026-08-30,61328.0,41110.0,0.0,758861.0
C0970,2026-07-01,39276.0,23018.0,510.0,251944.0
C0970,2026-07-31,39060.0,22214.0,613.0,251944.0
C0970,2026-08-30,37909.0,21000.0,650.0,251944.0
C0971,2026-07-01,55091.0,34032.0,0.0,503242.0
C0971,2026-07-31,46919.0,33411.0,1777.0,506479.0
C0971,2026-08-30,36775.0,33986.0,3726.0,511335.0
C0972,2026-07-01,15733.0,10276.0,0.0,17551.0
C0972,2026-07-31,15671.0,10440.0,0.0,17551.0
C0972,2026-08-30,16160.0,11124.0,0.0,17551.0
C0973,2026-07-01,58853.0,40958.0,0.0,141035.0
C0973,2026-07-31,59607.0,41498.0,95.0,141035.0
C0973,2026-08-30,61041.0,40927.0,0.0,141035.0
C0974,2026-07-01,42435.0,31988.0,0.0,313718.0
C0974,2026-07-31,41065.0,29277.0,198.0,313718.0
C0974,2026-08-30,33495.0,25158.0,320.0,313718.0
C0975,2026-07-01,51370.0,35723.0,0.0,291131.0
C0975,2026-07-31,51986.0,35898.0,799.0,291131.0
C0975,2026-08-30,52419.0,35992.0,127.0,291131.0
C0976,2026-07-01,46479.0,22683.0,44.0,273870.0
C0976,2026-07-31,45122.0,24304.0,0.0,273870.0
C0976,2026-08-30,45402.0,23409.0,0.0,273870.0
C0977,2026-07-01,23413.0,16264.0,0.0,111938.0
C0977,2026-07-31,23072.0,16648.0,275.0,111938.0
C0977,2026-08-30,22714.0,15829.0,263.0,111938.0
C0978,2026-07-01,17981.0,13001.0,215.0,43379.0
C0978,2026-07-31,17968.0,12847.0,0.0,43379.0
C0978,2026-08-30,18048.0,12912.0,1.0,43379.0
C0979,2026-07-01,26811.0,14199.0,0.0,143195.0
C0979,2026-07-31,26786.0,15598.0,0.0,143195.0
C0979,2026-08-30,26293.0,14865.0,0.0,143195.0
C0980,2026-07-01,50089.0,31977.0,126.0,95863.0
C0980,2026-07-31,51101.0,33580.0,0.0,95863.0
C0980,2026-08-30,49989.0,31363.0,0.0,95863.0
C0981,2026-07-01,53382.0,26612.0,0.0,563773.0
C0981,2026-07-31,52488.0,28366.0,0.0,563773.0
C0981,2026-08-30,53677.0,28355.0,0.0,563773.0
C0982,2026-07-01,19299.0,12681.0,0.0,7324.0
C0982,2026-07-31,18631.0,12176.0,0.0,7324.0
C0982,2026-08-30,18892.0,12595.0,0.0,7324.0
C0983,2026-07-01,22803.0,12298.0,0.0,57950.0
C0983,2026-07-31,23576.0,13414.0,385.0,57950.0
C0983,2026-08-30,22632.0,12938.0,381.0,57950.0
C0984,2026-07-01,26469.0,17591.0,0.0,9442.0
C0984,2026-07-31,26785.0,18876.0,472.0,9442.0
C0984,2026-08-30,26575.0,18388.0,0.0,9442.0
C0985,2026-07-01,31590.0,18254.0,0.0,30968.0
C0985,2026-07-31,31965.0,19960.0,0.0,30968.0
C0985,2026-08-30,32295.0,19553.0,0.0,30968.0
C0986,2026-07-01,19169.0,10970.0,15.0,16497.0
C0986,2026-07-31,18555.0,11057.0,0.0,16497.0
C0986,2026-08-30,19531.0,11983.0,0.0,16497.0
C0987,2026-07-01,18691.0,11042.0,0.0,174245.0
C0987,2026-07-31,16058.0,10726.0,512.0,178177.0
C0987,2026-08-30,14334.0,10671.0,1409.0,184075.0
C0988,2026-07-01,24869.0,15624.0,0.0,231479.0
C0988,2026-07-31,24740.0,15510.0,0.0,231479.0
C0988,2026-08-30,25148.0,16506.0,49.0,231479.0
C0989,2026-07-01,39381.0,23740.0,0.0,301588.0
C0989,2026-07-31,39420.0,24237.0,0.0,301588.0
C0989,2026-08-30,40140.0,25525.0,0.0,301588.0
C0990,2026-07-01,20943.0,11175.0,0.0,200459.0
C0990,2026-07-31,20903.0,11405.0,0.0,200459.0
C0990,2026-08-30,17332.0,9701.0,313.0,200459.0
C0991,2026-07-01,35767.0,24142.0,0.0,226933.0
C0991,2026-07-31,36215.0,26725.0,319.0,226933.0
C0991,2026-08-30,35339.0,26293.0,46.0,226933.0
C0992,2026-07-01,65911.0,37459.0,0.0,479521.0
C0992,2026-07-31,65066.0,37110.0,0.0,479521.0
C0992,2026-08-30,61851.0,35894.0,0.0,479521.0
C0993,2026-07-01,19825.0,10627.0,390.0,26541.0
C0993,2026-07-31,20109.0,11752.0,0.0,26541.0
C0993,2026-08-30,19915.0,11685.0,0.0,26541.0
C0994,2026-07-01,34269.0,17484.0,0.0,303901.0
C0994,2026-07-31,29729.0,17719.0,913.0,313404.0
C0994,2026-08-30,25288.0,17881.0,2950.0,327659.0
C0995,2026-07-01,62054.0,42628.0,0.0,241742.0
C0995,2026-07-31,62825.0,45514.0,0.0,241742.0
C0995,2026-08-30,64958.0,47120.0,800.0,241742.0
C0996,2026-07-01,30815.0,22653.0,0.0,174994.0
C0996,2026-07-31,31506.0,23756.0,0.0,174994.0
C0996,2026-08-30,32179.0,22566.0,0.0,174994.0
C0997,2026-07-01,28290.0,20231.0,0.0,54142.0
C0997,2026-07-31,27988.0,20179.0,463.0,54142.0
C0997,2026-08-30,28386.0,20564.0,0.0,54142.0
C0998,2026-07-01,69121.0,46535.0,0.0,407737.0
C0998,2026-07-31,69264.0,46483.0,0.0,407737.0
C0998,2026-08-30,70317.0,48521.0,0.0,407737.0
C0999,2026-07-01,32839.0,22307.0,0.0,535755.0
C0999,2026-07-31,29017.0,21220.0,921.0,544530.0
C0999,2026-08-30,25080.0,21684.0,3127.0,557693.0
C1000,2026-07-01,65961.0,49310.0,1201.0,262096.0
C1000,2026-07-31,64858.0,48068.0,999.0,262096.0
C1000,2026-08-30,66637.0,47992.0,0.0,262096.0
C1001,2026-07-01,40000.0,23526.0,0.0,253820.0
C1001,2026-07-31,34000.0,23676.0,986.0,262702.0
C1001,2026-08-30,28000.0,23042.0,2847.0,276025.0
