auth_id,card_id,merchant_id,mcc,amt,country,time,terminal
CRD0000002,CARD0001,P00134,5541,13345.23,IN,2026-08-05 07:57:41,POS9715
CRD0000007,CARD0001,P00278,5541,2908.07,IN,2026-07-25 06:40:49,POS1281
CRD0000008,CARD0001,P00306,4814,500.4,IN,2026-09-11 08:29:45,POS1391
CRD0000010,CARD0001,P00198,5411,10377.88,IN,2026-08-15 01:53:36,ONLINE
CRD0000012,CARD0001,P00042,5311,2550.11,IN,2026-07-24 15:35:48,ONLINE
CRD0000019,CARD0001,P00062,6012,11924.18,IN,2026-08-11 12:54:31,POS3187
CRD0000022,CARD0001,P00062,6012,2402.09,IN,2026-07-26 18:13:02,POS5825
CRD0000025,CARD0001,P00112,5411,2424.65,IN,2026-08-13 17:13:46,ONLINE
CRD0000026,CARD0001,P00112,5411,2261.48,IN,2026-09-09 15:41:56,ONLINE
CRD0000027,CARD0001,P00078,7832,3176.18,IN,2026-08-23 11:04:02,POS3626
CRD0000028,CARD0001,P00042,5311,11303.19,IN,2026-07-30 21:48:45,ONLINE
CRD0000035,CARD0002,P00282,5411,1187.84,IN,2026-09-04 07:34:27,POS2749
CRD0000039,CARD0002,P00399,4814,744.12,IN,2026-08-14 20:24:11,ONLINE
CRD0000041,CARD0002,P00054,6012,545.58,IN,2026-07-07 07:15:32,ONLINE
CRD0000047,CARD0002,P00054,6012,1988.71,IN,2026-08-13 00:55:36,POS2655
CRD0000050,CARD0002,P00288,5812,603.32,IN,2026-07-30 16:35:36,ONLINE
CRD0000053,CARD0002,P00170,6012,741.12,IN,2026-08-13 18:59:25,POS1334
CRD0000055,CARD0002,P00025,5311,1345.2,IN,2026-08-25 17:03:49,POS9622
CRD0000060,CARD0002,P00033,6513,6696.42,IN,2026-08-19 11:36:58,ONLINE
CRD0000063,CARD0002,P00170,6012,3981.59,IN,2026-08-23 15:11:05,ONLINE
CRD0000068,CARD0002,P00349,5812,547.72,IN,2026-07-03 14:09:04,POS5636
CRD0000078,CARD0002,P00349,5812,818.75,IN,2026-08-05 13:20:28,ONLINE
CRD0000081,CARD0002,P00326,5812,712.2,IN,2026-08-08 19:04:22,POS9668
CRD0000084,CARD0002,P00174,5812,979.43,IN,2026-08-07 21:04:22,ONLINE
CRD0000087,CARD0002,P00252,5411,684.93,IN,2026-08-30 10:05:12,ONLINE
CRD0000091,CARD0002,P00326,5812,362.07,IN,2026-08-22 10:22:37,ONLINE
CRD0000092,CARD0002,P00252,5411,421.85,IN,2026-09-10 12:36:06,POS2148
CRD0000097,CARD0002,P00170,6012,773.21,IN,2026-08-02 14:09:37,ONLINE
CRD0000101,CARD0002,P00174,5812,1816.32,IN,2026-09-09 00:55:52,ONLINE
CRD0000112,CARD0003,P00259,6513,5411.6,IN,2026-07-09 08:27:40,ONLINE
CRD0000114,CARD0003,P00148,5311,3455.31,IN,2026-07-30 09:13:23,ONLINE
CRD0000115,CARD0003,P00148,5311,2394.74,IN,2026-09-06 08:25:59,POS8105
CRD0000124,CARD0003,P00148,5311,3104.36,IN,2026-08-19 13:45:55,ONLINE
CRD0000128,CARD0003,P00287,4900,1618.05,IN,2026-07-04 08:00:08,ONLINE
CRD0000130,CARD0003,P00282,5411,4304.16,IN,2026-07-13 21:53:01,ONLINE
CRD0000133,CARD0003,P00292,5541,3213.74,IN,2026-08-22 12:45:30,ONLINE
CRD0000163,CARD0004,P00248,4900,13822.08,IN,2026-07-11 15:44:34,ONLINE
CRD0000168,CARD0004,P00339,7832,1142.49,IN,2026-08-23 21:00:12,POS2004
CRD0000170,CARD0004,P00321,5812,3007.62,IN,2026-08-18 18:14:30,POS1911
CRD0000173,CARD0004,P00236,5411,1326.92,IN,2026-07-13 12:11:55,ONLINE
CRD0000175,CARD0004,P00046,6012,10770.4,IN,2026-07-10 16:03:01,POS1229
CRD0000179,CARD0004,P00289,5812,1493.4,IN,2026-08-07 19:50:35,POS4842
CRD0000180,CARD0004,P00199,5812,2361.33,IN,2026-08-08 17:47:20,POS2434
CRD0000185,CARD0004,P00252,5411,1709.55,IN,2026-08-28 13:13:43,ONLINE
CRD0000187,CARD0004,P00199,5812,1352.94,IN,2026-08-01 17:04:11,ONLINE
CRD0000188,CARD0004,P00396,5411,2948.59,IN,2026-08-23 17:08:07,POS2106
CRD0000189,CARD0004,P00143,5411,2169.28,IN,2026-07-02 19:01:19,ONLINE
CRD0000190,CARD0004,P00339,7832,4031.64,IN,2026-07-17 22:23:26,ONLINE
CRD0000199,CARD0004,P00339,7832,708.26,IN,2026-07-30 09:38:18,POS8048
CRD0000203,CARD0004,P00199,5812,2399.92,IN,2026-09-09 17:12:02,POS7569
CRD0000211,CARD0004,P00046,6012,1408.88,IN,2026-09-13 15:54:50,ONLINE
CRD0000218,CARD0005,P00004,5411,1443.61,IN,2026-07-01 12:15:10,ONLINE
CRD0000226,CARD0005,P00369,5411,4965.57,IN,2026-08-17 19:05:35,POS3853
CRD0000238,CARD0005,P00164,6513,8531.21,IN,2026-07-24 15:34:48,POS5694
CRD0000241,CARD0005,P00136,5812,1671.65,IN,2026-07-18 13:45:34,ONLINE
CRD0000250,CARD0005,P00109,8011,2425.41,IN,2026-08-22 08:42:17,POS8596
CRD0000255,CARD0005,P00232,4722,2966.34,IN,2026-08-18 12:57:33,ONLINE
CRD0000259,CARD0005,P00084,7832,4628.31,IN,2026-07-03 08:13:32,ONLINE
CRD0000261,CARD0005,P00396,5411,3390.1,IN,2026-08-31 07:44:19,POS1361
CRD0000262,CARD0005,P00238,5812,921.46,IN,2026-07-29 17:47:22,POS6695
CRD0000279,CARD0005,P00109,8011,6227.07,IN,2026-08-12 18:18:05,ONLINE
CRD0000284,CARD0006,P00068,5411,1003.09,IN,2026-07-02 20:49:07,POS9809
CRD0000301,CARD0006,P00105,5541,1380.63,IN,2026-08-01 15:37:47,ONLINE
CRD0000303,CARD0006,P00010,5812,539.2,IN,2026-08-11 20:23:59,ONLINE
CRD0000313,CARD0006,P00167,5812,549.71,IN,2026-07-16 08:28:15,ONLINE
CRD0000325,CARD0007,P00007,5812,1482.02,IN,2026-09-09 08:28:23,ONLINE
CRD0000326,CARD0007,P00393,5411,2040.07,IN,2026-08-08 11:39:23,POS9887
CRD0000327,CARD0007,P00289,5812,843.89,IN,2026-08-21 14:16:37,ONLINE
CRD0000333,CARD0007,P00036,5411,1612.66,IN,2026-08-26 14:48:45,POS6948
CRD0000338,CARD0007,P00007,5812,575.78,IN,2026-07-26 20:14:28,ONLINE
CRD0000340,CARD0007,P00007,5812,2520.41,IN,2026-08-14 11:58:40,POS6930
CRD0000342,CARD0007,P00371,5411,882.67,IN,2026-09-02 09:32:48,ONLINE
CRD0000347,CARD0007,P00302,7832,1170.68,IN,2026-08-15 19:38:08,POS7451
CRD0000360,CARD0008,P00211,7832,3326.78,IN,2026-07-22 16:46:04,ONLINE
CRD0000363,CARD0008,P00253,4814,2102.02,IN,2026-08-24 18:28:28,POS2894
CRD0000370,CARD0008,P00389,5812,1612.17,IN,2026-08-15 19:41:11,ONLINE
CRD0000371,CARD0008,P00389,5812,1994.77,IN,2026-08-18 19:33:28,POS1007
CRD0000375,CARD0008,P00358,6513,10479.33,IN,2026-08-14 15:06:26,POS4722
CRD0000376,CARD0008,P00224,5812,735.38,IN,2026-08-31 23:36:18,ONLINE
CRD0000380,CARD0008,P00253,4814,1092.0,IN,2026-08-04 20:40:35,ONLINE
CRD0000387,CARD0008,P00399,4814,475.6,IN,2026-07-31 16:01:14,POS9705
CRD0000392,CARD0008,P00386,6012,8797.95,IN,2026-07-21 16:50:13,POS6233
CRD0000394,CARD0008,P00224,5812,734.82,IN,2026-07-17 12:43:46,POS5206
CRD0000398,CARD0008,P00399,4814,2625.66,IN,2026-07-07 07:21:01,POS3413
CRD0000403,CARD0008,P00386,6012,5048.28,IN,2026-09-04 17:49:39,ONLINE
CRD0000404,CARD0008,P00169,5411,2123.71,IN,2026-09-06 13:36:37,ONLINE
CRD0000409,CARD0008,P00386,6012,3740.72,IN,2026-07-15 11:50:38,POS8175
CRD0000414,CARD0008,P00224,5812,897.96,IN,2026-09-10 03:01:37,ONLINE
CRD0000424,CARD0008,P00293,5812,1197.94,IN,2026-07-10 11:41:37,POS4964
CRD0000427,CARD0008,P00211,7832,1612.41,IN,2026-09-01 19:32:41,ONLINE
CRD0000433,CARD0009,P00188,5812,1088.56,IN,2026-07-16 07:57:33,POS1235
CRD0000439,CARD0009,P00186,4900,4912.03,IN,2026-09-02 09:16:09,ONLINE
CRD0000440,CARD0009,P00307,5311,2551.92,IN,2026-09-03 14:14:14,ONLINE
CRD0000449,CARD0009,P00346,5541,9280.6,IN,2026-08-16 22:58:36,ONLINE
CRD0000450,CARD0009,P00024,5411,4970.17,IN,2026-08-24 22:01:49,POS8204
CRD0000453,CARD0009,P00200,5411,6864.83,IN,2026-07-26 21:32:44,POS8783
CRD0000454,CARD0009,P00019,4814,2514.68,IN,2026-07-02 07:06:11,ONLINE
CRD0000462,CARD0009,P00307,5311,4197.25,IN,2026-07-07 09:52:24,POS6673
CRD0000465,CARD0009,P00019,4814,933.21,IN,2026-08-14 09:42:58,POS1239
CRD0000473,CARD0009,P00346,5541,6163.47,IN,2026-08-31 18:17:31,ONLINE
CRD0000480,CARD0010,P00284,6012,8439.44,IN,2026-07-30 14:38:37,ONLINE
CRD0000482,CARD0010,P00305,5812,665.95,IN,2026-07-22 11:29:28,POS9608
CRD0000484,CARD0010,P00091,5541,3977.84,IN,2026-07-27 17:10:16,ONLINE
CRD0000487,CARD0010,P00307,5311,5192.05,IN,2026-08-18 19:48:07,ONLINE
CRD0000490,CARD0010,P00091,5541,4647.97,IN,2026-08-31 10:16:26,ONLINE
CRD0000494,CARD0010,P00153,5411,2417.4,IN,2026-07-14 20:22:43,ONLINE
CRD0000509,CARD0010,P00153,5411,1904.47,IN,2026-08-30 08:28:46,POS3770
CRD0000512,CARD0010,P00069,5311,15119.51,IN,2026-07-24 10:38:45,POS8964
CRD0000516,CARD0010,P00225,5411,1515.48,IN,2026-07-05 23:02:32,POS4157
CRD0000524,CARD0010,P00307,5311,2602.78,IN,2026-07-03 16:33:42,POS4832
CRD0000531,CARD0010,P00091,5541,8921.35,IN,2026-07-09 12:45:48,POS1090
CRD0000533,CARD0010,P00307,5311,7930.66,IN,2026-08-26 06:16:30,ONLINE
CRD0000534,CARD0010,P00359,5411,3449.26,IN,2026-08-04 11:11:08,ONLINE
CRD0000539,CARD0010,P00091,5541,3083.08,IN,2026-08-02 16:28:46,ONLINE
CRD0000546,CARD0010,P00280,6012,3020.56,IN,2026-08-13 15:54:13,POS1467
CRD0000550,CARD0011,P00051,6012,1803.52,IN,2026-09-11 14:13:54,POS8535
CRD0000551,CARD0011,P00107,4900,2507.58,IN,2026-07-06 18:40:46,ONLINE
CRD0000553,CARD0011,P00260,5311,3333.96,IN,2026-08-02 11:11:39,ONLINE
CRD0000556,CARD0011,P00377,5311,4369.54,IN,2026-08-05 11:10:47,POS7220
CRD0000560,CARD0011,P00107,4900,2348.09,IN,2026-09-11 22:50:57,POS4064
CRD0000563,CARD0011,P00323,4722,1989.59,IN,2026-08-20 09:47:50,ONLINE
CRD0000570,CARD0011,P00260,5311,15513.56,IN,2026-09-09 09:15:48,POS2906
CRD0000571,CARD0011,P00377,5311,3880.87,IN,2026-08-19 07:32:13,ONLINE
CRD0000572,CARD0011,P00043,5311,1632.28,IN,2026-08-05 21:51:31,ONLINE
CRD0000573,CARD0011,P00051,6012,1282.33,IN,2026-07-21 15:27:05,ONLINE
CRD0000575,CARD0011,P00107,4900,1645.23,IN,2026-09-01 08:55:56,ONLINE
CRD0000579,CARD0011,P00287,4900,2827.32,IN,2026-08-13 21:19:23,POS5196
CRD0000580,CARD0011,P00132,4900,1986.12,IN,2026-09-05 10:04:13,ONLINE
CRD0000581,CARD0011,P00132,4900,1945.94,IN,2026-08-04 11:41:17,POS8266
CRD0000583,CARD0011,P00323,4722,4613.93,IN,2026-07-15 19:37:45,POS8212
CRD0000587,CARD0011,P00132,4900,1208.52,IN,2026-08-18 19:45:25,ONLINE
CRD0000588,CARD0011,P00154,7832,424.88,IN,2026-07-07 16:45:46,ONLINE
CRD0000592,CARD0011,P00154,7832,964.31,IN,2026-07-29 10:39:52,ONLINE
CRD0000594,CARD0011,P00287,4900,4381.88,IN,2026-08-20 08:47:51,POS5647
CRD0000597,CARD0011,P00154,7832,1621.98,IN,2026-08-10 19:39:35,POS8154
CRD0000598,CARD0011,P00107,4900,3611.82,IN,2026-08-01 07:36:23,ONLINE
CRD0000600,CARD0011,P00051,6012,1628.69,IN,2026-09-12 18:51:43,POS5351
CRD0000604,CARD0011,P00080,5812,1009.78,IN,2026-07-21 11:45:31,POS1502
CRD0000608,CARD0011,P00260,5311,10813.56,IN,2026-08-24 21:47:37,ONLINE
CRD0000622,CARD0012,P00089,4722,4790.93,IN,2026-07-08 10:36:29,POS2143
CRD0000634,CARD0012,P00125,5812,1016.64,IN,2026-09-13 22:03:28,POS5004
CRD0000635,CARD0012,P00225,5411,1785.61,IN,2026-08-25 11:38:06,ONLINE
CRD0000636,CARD0012,P00253,4814,781.95,IN,2026-07-22 07:38:21,ONLINE
CRD0000639,CARD0012,P00253,4814,2697.58,IN,2026-08-01 20:48:20,POS3421
CRD0000641,CARD0012,P00003,4814,2329.86,IN,2026-07-13 20:53:51,ONLINE
CRD0000643,CARD0012,P00089,4722,6766.45,IN,2026-07-28 14:39:14,POS9924
CRD0000653,CARD0012,P00266,5541,2797.48,IN,2026-09-05 10:18:17,ONLINE
CRD0000654,CARD0012,P00265,5411,4181.82,IN,2026-08-02 16:35:03,ONLINE
CRD0000661,CARD0013,P00393,5411,1311.49,IN,2026-09-08 14:39:03,POS8440
CRD0000664,CARD0013,P00350,6012,1795.29,IN,2026-08-14 15:16:15,ONLINE
CRD0000667,CARD0013,P00049,5411,975.01,IN,2026-09-01 09:50:30,ONLINE
CRD0000673,CARD0013,P00393,5411,558.18,IN,2026-09-03 20:24:40,POS8569
CRD0000676,CARD0013,P00119,5812,1180.35,IN,2026-07-17 13:10:00,ONLINE
CRD0000678,CARD0013,P00035,7832,1416.32,IN,2026-07-22 18:58:29,POS4991
CRD0000688,CARD0013,P00175,5311,16850.2,IN,2026-07-17 08:13:56,ONLINE
CRD0000689,CARD0013,P00350,6012,5120.77,IN,2026-09-11 18:47:51,ONLINE
CRD0000695,CARD0013,P00029,5411,726.66,IN,2026-08-18 04:33:40,ONLINE
CRD0000697,CARD0013,P00175,5311,4018.15,IN,2026-07-27 19:45:29,POS3361
CRD0000698,CARD0013,P00022,6012,971.86,IN,2026-07-21 19:19:20,POS5916
CRD0000706,CARD0013,P00048,5812,871.24,IN,2026-07-16 19:07:39,POS8437
CRD0000715,CARD0013,P00393,5411,287.02,IN,2026-09-02 22:40:22,POS9958
CRD0000723,CARD0014,P00085,4900,3299.68,IN,2026-09-10 06:18:38,POS5766
CRD0000731,CARD0014,P00004,5411,1909.72,IN,2026-07-19 09:11:15,POS2244
CRD0000733,CARD0014,P00238,5812,87.87,IN,2026-07-11 19:33:05,ONLINE
CRD0000737,CARD0014,P00391,5541,1446.8,IN,2026-08-01 10:30:47,POS2691
CRD0000741,CARD0014,P00030,8011,4773.57,IN,2026-09-02 13:44:39,POS2924
CRD0000742,CARD0014,P00004,5411,1668.21,IN,2026-09-06 09:33:33,POS5888
CRD0000746,CARD0014,P00004,5411,964.8,IN,2026-08-21 11:31:04,POS9689
CRD0000751,CARD0014,P00362,5411,3330.5,IN,2026-07-02 19:44:04,ONLINE
CRD0000753,CARD0014,P00019,4814,1510.65,IN,2026-08-10 14:03:34,POS6724
CRD0000757,CARD0014,P00362,5411,1196.92,IN,2026-07-28 16:08:59,POS4156
CRD0000761,CARD0014,P00004,5411,1221.41,IN,2026-07-27 17:54:31,POS8217
CRD0000762,CARD0014,P00142,6012,1525.78,IN,2026-07-17 20:57:23,ONLINE
CRD0000766,CARD0014,P00030,8011,1706.37,IN,2026-07-07 19:35:31,POS5038
CRD0000768,CARD0014,P00142,6012,2284.79,IN,2026-08-13 11:20:22,POS2970
CRD0000773,CARD0014,P00391,5541,2861.12,IN,2026-07-11 10:33:07,ONLINE
CRD0000776,CARD0014,P00214,6012,3167.52,IN,2026-08-09 13:01:01,POS4736
CRD0000777,CARD0014,P00368,4814,975.27,IN,2026-08-28 13:22:49,ONLINE
CRD0000778,CARD0014,P00391,5541,1672.63,IN,2026-07-04 13:56:34,ONLINE
CRD0000783,CARD0014,P00362,5411,739.05,IN,2026-09-04 16:47:32,POS7451
CRD0000792,CARD0014,P00214,6012,3700.93,IN,2026-08-01 10:49:09,ONLINE
CRD0000795,CARD0014,P00085,4900,1964.38,IN,2026-09-06 13:28:15,ONLINE
CRD0000799,CARD0015,P00399,4814,679.53,IN,2026-07-01 12:35:17,ONLINE
CRD0000804,CARD0015,P00239,5411,1615.21,IN,2026-08-09 07:21:11,ONLINE
CRD0000807,CARD0015,P00097,5541,5153.67,IN,2026-09-08 18:13:31,POS1941
CRD0000815,CARD0015,P00399,4814,1389.12,IN,2026-08-11 07:25:23,POS7075
CRD0000821,CARD0015,P00150,4900,1747.97,IN,2026-07-02 16:45:52,POS6741
CRD0000824,CARD0015,P00058,4814,790.83,IN,2026-08-09 09:56:15,ONLINE
CRD0000825,CARD0015,P00150,4900,2512.65,IN,2026-08-08 11:55:43,ONLINE
CRD0000828,CARD0015,P00058,4814,530.56,IN,2026-09-06 23:48:31,POS8943
CRD0000831,CARD0015,P00011,6012,1316.89,IN,2026-08-10 13:45:53,ONLINE
CRD0000835,CARD0015,P00150,4900,2977.84,IN,2026-09-01 12:48:02,ONLINE
CRD0000841,CARD0016,P00262,5812,858.64,IN,2026-07-30 17:37:09,ONLINE
CRD0000845,CARD0016,P00240,6012,611.73,IN,2026-07-23 00:42:08,POS5150
CRD0000848,CARD0016,P00279,5812,373.24,IN,2026-08-22 11:37:44,POS1498
CRD0000851,CARD0016,P00147,8011,1792.66,IN,2026-07-29 12:29:59,POS5038
CRD0000854,CARD0016,P00205,6012,635.6,IN,2026-07-28 17:38:19,POS3183
CRD0000857,CARD0016,P00083,5311,2589.81,IN,2026-08-21 09:19:33,ONLINE
CRD0000859,CARD0016,P00240,6012,280.14,IN,2026-07-29 20:01:15,ONLINE
CRD0000868,CARD0016,P00205,6012,344.29,IN,2026-08-06 20:24:50,ONLINE
CRD0000873,CARD0016,P00123,5812,1242.48,IN,2026-07-03 15:20:27,ONLINE
CRD0000879,CARD0016,P00161,5812,986.79,IN,2026-08-09 14:58:57,ONLINE
CRD0000881,CARD0016,P00262,5812,304.3,IN,2026-07-18 11:11:32,POS8045
CRD0000885,CARD0016,P00399,4814,533.16,IN,2026-08-18 10:11:17,POS6567
CRD0000886,CARD0016,P00205,6012,1822.69,IN,2026-08-18 12:43:35,POS3155
CRD0000891,CARD0016,P00161,5812,409.76,IN,2026-08-06 21:13:36,ONLINE
CRD0000892,CARD0016,P00161,5812,1319.83,IN,2026-08-15 11:48:49,ONLINE
CRD0000896,CARD0017,P00307,5311,7460.52,IN,2026-07-11 08:13:18,ONLINE
CRD0000902,CARD0017,P00356,4814,1522.35,IN,2026-09-11 19:02:42,ONLINE
CRD0000905,CARD0017,P00252,5411,1180.5,IN,2026-07-26 18:45:49,POS1126
CRD0000912,CARD0017,P00026,6012,2220.36,IN,2026-08-15 10:57:57,POS1299
CRD0000917,CARD0017,P00356,4814,1182.1,IN,2026-09-09 18:28:02,ONLINE
CRD0000923,CARD0017,P00307,5311,2471.05,IN,2026-07-12 12:22:12,ONLINE
CRD0000937,CARD0017,P00217,5812,473.2,IN,2026-07-14 22:43:32,POS8292
CRD0000940,CARD0017,P00171,5411,3889.62,IN,2026-08-25 18:23:48,ONLINE
CRD0000941,CARD0017,P00024,5411,608.07,IN,2026-08-25 22:59:50,ONLINE
CRD0000948,CARD0017,P00378,5411,2870.3,IN,2026-08-31 20:57:18,ONLINE
CRD0000949,CARD0017,P00128,5541,1783.2,IN,2026-07-18 09:33:19,POS4539
CRD0000958,CARD0017,P00024,5411,1757.14,IN,2026-09-13 13:30:01,POS2474
CRD0000962,CARD0017,P00024,5411,1870.22,IN,2026-07-31 22:42:42,ONLINE
CRD0000966,CARD0017,P00311,5411,3072.61,IN,2026-09-08 15:02:38,POS7463
CRD0000968,CARD0017,P00356,4814,794.89,IN,2026-09-10 22:21:29,POS2020
CRD0000971,CARD0017,P00024,5411,2121.32,IN,2026-07-15 16:59:41,POS6105
CRD0000973,CARD0017,P00157,6513,12324.63,IN,2026-07-03 20:06:34,ONLINE
CRD0000974,CARD0017,P00128,5541,4871.56,IN,2026-07-09 17:02:44,ONLINE
CRD0000993,CARD0018,P00373,6012,1196.88,IN,2026-09-09 20:18:26,POS3962
CRD0000994,CARD0018,P00067,8011,998.61,IN,2026-08-14 06:57:30,POS1047
CRD0000998,CARD0018,P00296,5812,347.55,IN,2026-08-06 17:41:28,POS2387
CRD0001001,CARD0018,P00373,6012,394.55,IN,2026-08-06 12:03:39,POS9084
CRD0001004,CARD0018,P00127,6012,1140.12,IN,2026-07-14 14:07:44,ONLINE
CRD0001008,CARD0018,P00043,5311,2508.6,IN,2026-08-19 10:48:40,POS7248
CRD0001013,CARD0018,P00217,5812,327.1,IN,2026-08-25 20:43:48,POS9160
CRD0001016,CARD0018,P00127,6012,828.13,IN,2026-09-11 13:27:35,ONLINE
CRD0001031,CARD0018,P00296,5812,914.59,IN,2026-08-19 13:05:29,POS6940
CRD0001034,CARD0018,P00182,4722,2092.78,IN,2026-08-03 05:55:17,POS3859
CRD0001038,CARD0018,P00285,4900,3758.23,IN,2026-08-19 08:55:12,ONLINE
CRD0001039,CARD0018,P00285,4900,1438.54,IN,2026-08-17 18:42:54,ONLINE
CRD0001040,CARD0018,P00333,5812,645.18,IN,2026-08-18 10:00:54,POS7300
CRD0001043,CARD0018,P00373,6012,2007.83,IN,2026-07-05 20:57:31,ONLINE
CRD0001044,CARD0018,P00182,4722,2641.42,IN,2026-07-26 12:25:07,POS7406
CRD0001046,CARD0018,P00217,5812,715.56,IN,2026-07-23 17:54:12,ONLINE
CRD0001049,CARD0018,P00129,5311,2652.91,IN,2026-07-30 23:34:26,POS7023
CRD0001053,CARD0019,P00347,7832,1651.05,IN,2026-07-21 02:56:23,POS1858
CRD0001062,CARD0019,P00225,5411,1547.75,IN,2026-07-20 15:10:18,ONLINE
CRD0001063,CARD0019,P00145,5411,925.51,IN,2026-09-12 20:45:56,ONLINE
CRD0001064,CARD0019,P00372,4814,468.31,IN,2026-07-04 13:38:18,POS5108
CRD0001069,CARD0019,P00278,5541,500.97,IN,2026-08-08 10:38:31,POS7600
CRD0001071,CARD0019,P00020,7832,481.09,IN,2026-07-30 11:53:35,POS3219
CRD0001072,CARD0019,P00225,5411,484.78,IN,2026-07-28 02:19:43,POS4265
CRD0001073,CARD0019,P00278,5541,1573.24,IN,2026-08-06 19:59:29,POS4129
CRD0001075,CARD0019,P00126,4722,3840.6,IN,2026-08-12 17:07:11,POS5852
CRD0001079,CARD0019,P00200,5411,695.92,IN,2026-08-15 06:12:33,POS6860
CRD0001087,CARD0019,P00372,4814,676.9,IN,2026-09-06 15:37:26,ONLINE
CRD0001092,CARD0019,P00353,5311,905.98,IN,2026-09-05 07:39:08,POS2740
CRD0001099,CARD0019,P00225,5411,463.61,IN,2026-07-04 14:33:35,POS1867
CRD0001111,CARD0020,P00336,5812,233.44,IN,2026-09-12 23:32:36,POS9776
CRD0001115,CARD0020,P00279,5812,539.94,IN,2026-08-15 19:28:50,ONLINE
CRD0001119,CARD0020,P00102,4722,4119.57,IN,2026-08-27 07:05:37,POS6884
CRD0001129,CARD0020,P00022,6012,578.88,IN,2026-09-03 16:08:47,POS2662
CRD0001132,CARD0020,P00188,5812,208.42,IN,2026-07-08 06:47:32,ONLINE
CRD0001133,CARD0020,P00276,7832,408.17,IN,2026-07-06 13:48:03,ONLINE
CRD0001138,CARD0020,P00129,5311,1479.16,IN,2026-09-01 20:21:09,ONLINE
CRD0001150,CARD0021,P00082,5411,476.09,IN,2026-07-16 11:37:11,ONLINE
CRD0001151,CARD0021,P00085,4900,2030.13,IN,2026-09-04 13:23:40,POS1740
CRD0001152,CARD0021,P00302,7832,398.1,IN,2026-07-03 18:36:37,ONLINE
CRD0001166,CARD0021,P00082,5411,1546.29,IN,2026-08-08 12:19:56,POS9065
CRD0001169,CARD0021,P00316,5311,1574.35,IN,2026-09-01 13:41:35,ONLINE
CRD0001175,CARD0021,P00100,8011,1110.26,IN,2026-09-01 17:40:41,ONLINE
CRD0001177,CARD0021,P00311,5411,1115.0,IN,2026-08-11 20:58:13,ONLINE
CRD0001180,CARD0021,P00311,5411,910.58,IN,2026-07-17 01:32:16,POS9161
CRD0001182,CARD0021,P00397,5311,3126.96,IN,2026-07-23 10:06:23,ONLINE
CRD0001186,CARD0021,P00278,5541,1528.29,IN,2026-07-21 11:05:29,POS6534
CRD0001207,CARD0022,P00146,5411,876.57,IN,2026-07-18 13:08:12,ONLINE
CRD0001209,CARD0022,P00305,5812,1865.47,IN,2026-08-10 08:59:12,POS8982
CRD0001212,CARD0022,P00279,5812,416.88,IN,2026-09-04 09:36:29,POS3167
CRD0001216,CARD0022,P00187,4722,7860.68,IN,2026-09-04 08:14:27,ONLINE
CRD0001217,CARD0022,P00305,5812,1696.55,IN,2026-08-27 11:04:55,ONLINE
CRD0001218,CARD0022,P00398,5541,3562.9,IN,2026-09-11 20:24:35,ONLINE
CRD0001231,CARD0022,P00146,5411,1889.47,IN,2026-08-12 22:50:41,POS5234
CRD0001234,CARD0022,P00088,5812,727.76,IN,2026-07-29 17:29:18,POS8778
CRD0001236,CARD0022,P00330,5812,623.17,IN,2026-07-05 09:52:27,ONLINE
CRD0001237,CARD0022,P00315,4900,536.38,IN,2026-08-21 20:51:28,POS5010
CRD0001247,CARD0022,P00205,6012,796.68,IN,2026-07-04 17:54:41,ONLINE
CRD0001253,CARD0023,P00268,5541,4044.99,IN,2026-07-01 08:13:25,POS8646
CRD0001263,CARD0023,P00175,5311,3241.75,IN,2026-09-08 09:59:55,POS4462
CRD0001268,CARD0023,P00220,8011,1683.57,IN,2026-09-03 06:35:06,POS7968
CRD0001269,CARD0023,P00264,5812,903.51,IN,2026-09-07 10:50:08,POS7442
CRD0001276,CARD0023,P00397,5311,6755.8,IN,2026-09-12 10:42:44,POS5014
CRD0001282,CARD0023,P00081,5411,1507.09,IN,2026-07-17 08:49:58,ONLINE
CRD0001283,CARD0023,P00378,5411,1161.93,IN,2026-07-28 17:06:05,POS3574
CRD0001289,CARD0024,P00160,4722,7995.55,IN,2026-08-11 17:50:40,POS8898
CRD0001311,CARD0025,P00017,5411,4227.16,IN,2026-07-21 12:48:15,ONLINE
CRD0001314,CARD0025,P00219,5411,7390.74,IN,2026-07-31 09:05:16,POS7640
CRD0001319,CARD0025,P00376,5812,1953.19,IN,2026-08-17 10:03:59,POS4892
CRD0001322,CARD0025,P00376,5812,1181.15,IN,2026-07-15 15:00:02,POS6100
CRD0001329,CARD0025,P00376,5812,1365.61,IN,2026-08-02 21:44:11,ONLINE
CRD0001340,CARD0025,P00276,7832,2796.21,IN,2026-07-13 14:10:42,ONLINE
CRD0001343,CARD0025,P00171,5411,2980.95,IN,2026-09-11 06:21:00,POS1836
CRD0001345,CARD0025,P00256,4900,5950.17,IN,2026-08-22 16:31:22,ONLINE
CRD0001347,CARD0025,P00256,4900,19197.18,IN,2026-08-15 16:04:44,POS7198
CRD0001362,CARD0026,P00171,5411,934.59,IN,2026-07-01 12:49:33,ONLINE
CRD0001367,CARD0026,P00125,5812,473.49,IN,2026-08-25 07:01:44,ONLINE
CRD0001372,CARD0026,P00303,6012,2656.95,IN,2026-07-22 08:55:03,POS3301
CRD0001376,CARD0026,P00149,5311,2792.43,IN,2026-08-16 11:00:26,ONLINE
CRD0001382,CARD0026,P00011,6012,1412.16,IN,2026-08-06 11:37:30,ONLINE
CRD0001386,CARD0026,P00094,6012,1196.38,IN,2026-08-20 14:29:00,ONLINE
CRD0001394,CARD0027,P00313,5541,2017.92,IN,2026-07-06 19:26:46,POS4071
CRD0001395,CARD0027,P00337,6513,30418.24,IN,2026-08-12 21:27:27,ONLINE
CRD0001399,CARD0027,P00337,6513,4254.93,IN,2026-08-07 11:37:12,POS2490
CRD0001401,CARD0027,P00375,5812,1095.04,IN,2026-09-09 11:32:55,POS4601
CRD0001402,CARD0027,P00156,6012,1022.9,IN,2026-07-31 15:44:55,POS6257
CRD0001405,CARD0027,P00375,5812,1156.48,IN,2026-09-08 19:11:42,ONLINE
CRD0001409,CARD0027,P00375,5812,765.36,IN,2026-07-05 20:38:35,ONLINE
CRD0001411,CARD0027,P00296,5812,624.86,IN,2026-07-22 15:07:51,POS4203
CRD0001416,CARD0027,P00157,6513,6348.35,IN,2026-07-23 12:31:16,ONLINE
CRD0001418,CARD0027,P00313,5541,2169.67,IN,2026-07-28 14:55:58,POS9917
CRD0001423,CARD0027,P00156,6012,1529.04,IN,2026-07-14 15:58:35,ONLINE
CRD0001426,CARD0027,P00107,4900,2957.93,IN,2026-07-28 21:02:13,POS4178
CRD0001435,CARD0027,P00375,5812,728.08,IN,2026-08-06 15:11:04,POS8977
CRD0001436,CARD0027,P00313,5541,1406.22,IN,2026-08-11 17:47:44,POS6994
CRD0001438,CARD0027,P00149,5311,7415.62,IN,2026-09-11 22:36:32,POS8465
CRD0001451,CARD0027,P00107,4900,7918.07,IN,2026-08-02 15:03:07,POS4117
CRD0001453,CARD0027,P00370,5812,655.57,IN,2026-08-17 18:46:00,ONLINE
CRD0001458,CARD0027,P00047,6012,5395.17,IN,2026-09-02 20:56:35,ONLINE
CRD0001461,CARD0027,P00313,5541,1121.24,IN,2026-09-02 18:58:41,POS8414
CRD0001475,CARD0028,P00015,4722,4444.55,IN,2026-08-17 08:43:52,ONLINE
CRD0001478,CARD0028,P00015,4722,10396.44,IN,2026-08-05 17:54:21,ONLINE
CRD0001480,CARD0028,P00101,5311,2809.9,IN,2026-08-20 14:10:53,POS1426
CRD0001483,CARD0028,P00291,5812,599.33,IN,2026-07-29 09:23:14,POS8969
CRD0001495,CARD0028,P00101,5311,3556.8,IN,2026-07-26 18:34:48,ONLINE
CRD0001501,CARD0028,P00156,6012,4323.39,IN,2026-08-30 11:27:30,POS8130
CRD0001505,CARD0028,P00291,5812,621.17,IN,2026-07-01 09:58:01,ONLINE
CRD0001506,CARD0028,P00001,6012,2029.03,IN,2026-08-26 17:49:34,ONLINE
CRD0001510,CARD0029,P00323,4722,1342.18,IN,2026-07-12 18:35:28,ONLINE
CRD0001511,CARD0029,P00342,5311,1677.51,IN,2026-08-19 18:46:14,POS3798
CRD0001516,CARD0029,P00228,5541,755.36,IN,2026-09-08 19:03:52,ONLINE
CRD0001518,CARD0029,P00069,5311,1420.6,IN,2026-07-12 12:37:44,ONLINE
CRD0001521,CARD0029,P00178,8011,936.54,IN,2026-07-25 17:21:42,ONLINE
CRD0001523,CARD0029,P00114,4814,283.89,IN,2026-07-17 19:51:28,POS9588
CRD0001524,CARD0029,P00197,6012,173.68,IN,2026-08-09 13:07:02,POS4476
CRD0001525,CARD0029,P00342,5311,2761.04,IN,2026-07-14 17:28:52,ONLINE
CRD0001527,CARD0029,P00245,5311,1456.26,IN,2026-07-09 19:35:15,POS6393
CRD0001528,CARD0029,P00226,5541,369.07,IN,2026-09-05 15:19:38,ONLINE
CRD0001532,CARD0029,P00323,4722,1952.56,IN,2026-08-28 17:15:06,ONLINE
CRD0001540,CARD0029,P00337,6513,8219.67,IN,2026-07-10 15:28:36,ONLINE
CRD0001541,CARD0029,P00228,5541,321.65,IN,2026-08-12 15:59:36,ONLINE
CRD0001542,CARD0029,P00323,4722,2179.26,IN,2026-08-27 11:20:59,ONLINE
CRD0001546,CARD0029,P00226,5541,1117.23,IN,2026-07-12 16:58:43,ONLINE
CRD0001547,CARD0029,P00034,5812,364.86,IN,2026-09-02 06:45:28,ONLINE
CRD0001550,CARD0029,P00254,6012,3251.02,IN,2026-09-13 19:36:31,POS5278
CRD0001555,CARD0029,P00178,8011,1125.9,IN,2026-09-10 09:21:47,ONLINE
CRD0001557,CARD0029,P00150,4900,1524.0,IN,2026-07-26 23:57:33,ONLINE
CRD0001562,CARD0029,P00323,4722,1972.8,IN,2026-08-05 10:01:05,ONLINE
CRD0001565,CARD0029,P00003,4814,894.86,IN,2026-09-04 17:38:02,ONLINE
CRD0001566,CARD0029,P00323,4722,3346.49,IN,2026-09-08 06:49:05,ONLINE
CRD0001568,CARD0029,P00226,5541,310.14,IN,2026-08-28 18:33:59,ONLINE
CRD0001585,CARD0029,P00178,8011,323.36,IN,2026-09-12 09:21:02,ONLINE
CRD0001588,CARD0029,P00114,4814,316.68,IN,2026-08-10 20:55:34,POS1877
CRD0001591,CARD0029,P00226,5541,805.44,IN,2026-08-18 18:05:32,ONLINE
CRD0001592,CARD0029,P00323,4722,934.98,IN,2026-09-03 19:16:24,ONLINE
CRD0001601,CARD0030,P00272,5812,3859.93,IN,2026-09-04 12:11:44,POS5478
CRD0001602,CARD0030,P00331,7832,4995.99,IN,2026-08-13 16:23:12,POS7932
CRD0001606,CARD0030,P00292,5541,8226.63,IN,2026-07-16 19:10:27,POS6862
CRD0001607,CARD0030,P00102,4722,9292.86,IN,2026-09-10 17:52:20,POS8011
CRD0001616,CARD0030,P00223,5812,1833.93,IN,2026-07-20 20:37:05,ONLINE
CRD0001619,CARD0030,P00331,7832,3634.9,IN,2026-08-29 10:30:14,ONLINE
CRD0001621,CARD0030,P00102,4722,4432.58,IN,2026-07-06 19:25:33,ONLINE
CRD0001627,CARD0030,P00139,5311,7768.84,IN,2026-07-13 14:20:10,POS9580
CRD0001628,CARD0030,P00139,5311,8645.85,IN,2026-09-05 08:52:07,ONLINE
CRD0001634,CARD0030,P00090,5812,2124.09,IN,2026-07-13 12:08:56,POS1271
CRD0001635,CARD0030,P00399,4814,1156.33,IN,2026-09-04 18:58:26,POS2295
CRD0001638,CARD0030,P00102,4722,4800.14,IN,2026-09-13 09:48:39,ONLINE
CRD0001644,CARD0030,P00102,4722,3650.29,IN,2026-09-04 12:36:13,ONLINE
CRD0001647,CARD0030,P00331,7832,3127.02,IN,2026-07-30 19:54:25,ONLINE
CRD0001659,CARD0031,P00274,6012,533.67,IN,2026-08-09 15:52:15,POS1750
CRD0001668,CARD0031,P00274,6012,2143.31,IN,2026-08-14 17:42:02,POS2243
CRD0001672,CARD0031,P00098,6012,1518.97,IN,2026-08-12 18:44:27,ONLINE
CRD0001673,CARD0031,P00312,5411,2285.35,IN,2026-09-08 09:12:02,ONLINE
CRD0001677,CARD0031,P00098,6012,695.36,IN,2026-07-07 06:44:38,ONLINE
CRD0001683,CARD0031,P00148,5311,3982.85,IN,2026-09-12 18:51:35,ONLINE
CRD0001685,CARD0031,P00173,4814,254.17,IN,2026-07-03 15:24:26,ONLINE
CRD0001690,CARD0031,P00123,5812,395.17,IN,2026-09-04 19:32:05,ONLINE
CRD0001691,CARD0031,P00312,5411,626.41,IN,2026-08-11 02:24:26,POS7389
CRD0001697,CARD0031,P00283,5311,1545.29,IN,2026-07-02 13:10:28,ONLINE
CRD0001698,CARD0031,P00123,5812,580.29,IN,2026-07-04 17:07:08,POS5710
CRD0001709,CARD0031,P00062,6012,714.01,IN,2026-08-09 10:15:19,POS5272
CRD0001719,CARD0032,P00278,5541,827.63,IN,2026-07-04 15:59:03,POS9434
CRD0001724,CARD0032,P00341,5812,584.09,IN,2026-09-08 13:50:06,POS8612
CRD0001726,CARD0032,P00385,6012,997.08,IN,2026-08-31 21:46:40,POS7726
CRD0001727,CARD0032,P00385,6012,1795.57,IN,2026-07-17 15:42:19,ONLINE
CRD0001728,CARD0032,P00198,5411,2669.24,IN,2026-07-04 18:07:59,ONLINE
CRD0001729,CARD0032,P00182,4722,3901.29,IN,2026-07-31 18:32:15,ONLINE
CRD0001743,CARD0032,P00378,5411,1217.43,IN,2026-08-02 10:16:49,POS7130
CRD0001744,CARD0032,P00198,5411,504.0,IN,2026-07-06 11:15:51,POS6180
CRD0001746,CARD0032,P00182,4722,7291.95,IN,2026-08-23 10:03:58,POS1668
CRD0001750,CARD0032,P00163,5411,341.26,IN,2026-08-08 11:04:13,POS9331
CRD0001758,CARD0032,P00278,5541,1203.74,IN,2026-07-21 16:58:51,ONLINE
CRD0001762,CARD0032,P00114,4814,215.65,IN,2026-07-12 21:18:20,ONLINE
CRD0001767,CARD0032,P00088,5812,736.13,IN,2026-07-30 13:20:28,POS2268
CRD0001768,CARD0032,P00341,5812,486.92,IN,2026-07-14 10:23:36,ONLINE
CRD0001776,CARD0033,P00338,5311,1757.18,IN,2026-07-15 17:56:40,ONLINE
CRD0001778,CARD0033,P00070,7832,1102.36,IN,2026-09-03 21:25:55,POS6092
CRD0001779,CARD0033,P00338,5311,2295.45,IN,2026-07-26 14:04:13,ONLINE
CRD0001780,CARD0033,P00338,5311,4026.28,IN,2026-08-05 01:38:57,POS4328
CRD0001781,CARD0033,P00338,5311,10797.59,IN,2026-09-06 11:30:52,POS6731
CRD0001783,CARD0033,P00250,4814,1528.51,IN,2026-07-07 16:41:25,ONLINE
CRD0001784,CARD0033,P00097,5541,5565.6,IN,2026-08-01 10:34:57,ONLINE
CRD0001787,CARD0033,P00256,4900,4699.72,IN,2026-07-09 16:29:05,ONLINE
CRD0001794,CARD0033,P00062,6012,2924.73,IN,2026-08-04 19:40:18,ONLINE
CRD0001806,CARD0034,P00382,5812,512.91,IN,2026-07-26 08:41:57,POS6070
CRD0001807,CARD0034,P00269,4900,741.34,IN,2026-08-12 20:00:23,ONLINE
CRD0001810,CARD0034,P00013,5311,5168.14,IN,2026-07-01 16:02:57,POS6747
CRD0001813,CARD0034,P00269,4900,5582.74,IN,2026-09-02 19:18:13,ONLINE
CRD0001822,CARD0034,P00317,5812,619.79,IN,2026-09-09 09:55:04,POS7061
CRD0001827,CARD0034,P00013,5311,1777.03,IN,2026-07-21 13:00:54,ONLINE
CRD0001829,CARD0034,P00026,6012,2363.3,IN,2026-09-11 20:31:27,ONLINE
CRD0001830,CARD0034,P00317,5812,227.53,IN,2026-08-25 13:43:14,ONLINE
CRD0001838,CARD0034,P00117,5411,591.31,IN,2026-08-05 17:00:02,POS5240
CRD0001841,CARD0034,P00317,5812,225.77,IN,2026-08-18 17:40:23,ONLINE
CRD0001844,CARD0034,P00273,5411,2219.82,IN,2026-07-12 17:57:34,POS1457
CRD0001853,CARD0034,P00015,4722,23466.32,IN,2026-08-24 23:00:51,POS7899
CRD0001858,CARD0034,P00376,5812,2483.78,IN,2026-08-21 16:59:52,ONLINE
CRD0001861,CARD0034,P00273,5411,2124.19,IN,2026-07-02 21:42:17,ONLINE
CRD0001868,CARD0035,P00259,6513,8185.75,IN,2026-09-12 08:33:15,POS3943
CRD0001869,CARD0035,P00144,7832,623.56,IN,2026-09-11 17:36:15,POS5827
CRD0001873,CARD0035,P00384,6513,2070.49,IN,2026-07-27 14:11:34,POS9375
CRD0001881,CARD0035,P00144,7832,1135.65,IN,2026-08-08 21:24:26,ONLINE
CRD0001882,CARD0035,P00248,4900,893.65,IN,2026-07-02 08:23:21,ONLINE
CRD0001886,CARD0036,P00087,5812,299.79,IN,2026-08-10 17:50:09,POS5635
CRD0001911,CARD0036,P00227,4814,323.47,IN,2026-08-19 13:16:42,POS9369
CRD0001915,CARD0036,P00383,5812,209.41,IN,2026-08-18 15:32:36,POS7313
CRD0001921,CARD0036,P00227,4814,546.57,IN,2026-07-04 12:22:19,POS1435
CRD0001923,CARD0036,P00058,4814,215.11,IN,2026-08-05 12:35:30,ONLINE
CRD0001936,CARD0037,P00239,5411,6219.64,IN,2026-08-25 15:52:38,POS1563
CRD0001948,CARD0037,P00028,5411,6259.27,IN,2026-08-08 06:09:56,POS1481
CRD0001957,CARD0037,P00105,5541,3476.04,IN,2026-07-13 18:52:26,POS7733
CRD0001964,CARD0037,P00043,5311,6299.26,IN,2026-07-22 13:43:59,ONLINE
CRD0001965,CARD0037,P00270,4722,3010.63,IN,2026-07-25 08:17:35,ONLINE
CRD0001966,CARD0037,P00239,5411,1910.5,IN,2026-08-14 10:18:26,ONLINE
CRD0001968,CARD0037,P00270,4722,6816.33,IN,2026-08-23 10:15:23,ONLINE
CRD0001969,CARD0037,P00283,5311,26231.65,IN,2026-08-25 06:49:14,ONLINE
CRD0001971,CARD0037,P00283,5311,5681.62,IN,2026-08-21 14:49:36,ONLINE
CRD0001977,CARD0037,P00283,5311,7908.35,IN,2026-09-08 22:10:57,POS4314
CRD0001983,CARD0037,P00344,5411,2538.96,IN,2026-08-11 20:19:41,POS9262
CRD0001989,CARD0037,P00344,5411,2069.47,IN,2026-09-09 11:17:42,ONLINE
CRD0001990,CARD0037,P00043,5311,23616.3,IN,2026-08-18 08:48:56,POS3307
CRD0001993,CARD0037,P00239,5411,3728.91,IN,2026-08-31 14:46:33,POS9151
CRD0001997,CARD0037,P00344,5411,1418.99,IN,2026-07-04 11:47:11,POS8181
CRD0002000,CARD0037,P00270,4722,9772.19,IN,2026-08-29 22:15:58,ONLINE
CRD0002001,CARD0037,P00283,5311,13347.92,IN,2026-07-06 17:57:35,POS8962
CRD0002007,CARD0037,P00270,4722,5389.19,IN,2026-07-07 15:59:10,ONLINE
CRD0002008,CARD0037,P00158,5311,13157.65,IN,2026-07-10 14:54:31,ONLINE
CRD0002015,CARD0037,P00344,5411,8473.61,IN,2026-08-20 09:20:18,POS5593
CRD0002023,CARD0038,P00214,6012,1720.41,IN,2026-07-10 14:23:07,ONLINE
CRD0002027,CARD0038,P00359,5411,1232.54,IN,2026-08-13 17:00:35,ONLINE
CRD0002028,CARD0038,P00073,6012,1380.4,IN,2026-08-17 14:44:35,POS9845
CRD0002033,CARD0038,P00191,6513,5659.34,IN,2026-08-19 13:13:03,ONLINE
CRD0002036,CARD0038,P00017,5411,1547.19,IN,2026-09-09 21:32:23,ONLINE
CRD0002039,CARD0038,P00104,5541,3113.11,IN,2026-07-17 11:59:25,ONLINE
CRD0002042,CARD0038,P00191,6513,3195.46,IN,2026-08-20 02:17:50,POS5605
CRD0002046,CARD0038,P00073,6012,1068.73,IN,2026-08-09 08:34:10,ONLINE
CRD0002048,CARD0038,P00017,5411,1676.7,IN,2026-08-27 13:58:10,POS6795
CRD0002052,CARD0038,P00011,6012,2346.46,IN,2026-09-07 23:03:32,ONLINE
CRD0002055,CARD0038,P00073,6012,611.34,IN,2026-09-13 11:36:58,ONLINE
CRD0002061,CARD0038,P00191,6513,6437.4,IN,2026-07-25 13:32:02,POS9664
CRD0002063,CARD0038,P00191,6513,3871.26,IN,2026-09-13 20:04:30,ONLINE
CRD0002066,CARD0038,P00399,4814,732.91,IN,2026-07-06 14:25:15,ONLINE
CRD0002067,CARD0038,P00076,5411,866.6,IN,2026-09-11 02:21:46,POS6294
CRD0002073,CARD0039,P00338,5311,893.03,IN,2026-09-09 11:21:45,POS9147
CRD0002077,CARD0039,P00074,4722,2589.62,IN,2026-09-07 13:41:55,POS3556
CRD0002081,CARD0039,P00036,5411,355.51,IN,2026-08-17 14:34:58,POS5191
CRD0002082,CARD0039,P00184,5812,242.21,IN,2026-08-20 19:18:16,ONLINE
CRD0002095,CARD0039,P00362,5411,898.63,IN,2026-08-02 23:02:57,POS8090
CRD0002096,CARD0039,P00007,5812,684.57,IN,2026-07-04 08:29:49,POS2451
CRD0002097,CARD0039,P00196,5812,581.44,IN,2026-07-29 10:40:32,POS6623
CRD0002099,CARD0039,P00184,5812,657.73,IN,2026-09-07 15:56:33,ONLINE
CRD0002100,CARD0039,P00123,5812,342.59,IN,2026-09-04 00:00:10,POS4594
CRD0002114,CARD0040,P00016,5411,2707.86,IN,2026-07-22 15:10:09,POS2383
CRD0002117,CARD0040,P00020,7832,2489.24,IN,2026-08-28 19:21:40,ONLINE
CRD0002126,CARD0040,P00308,5812,2743.62,IN,2026-08-18 19:23:05,POS4774
CRD0002127,CARD0040,P00114,4814,1026.41,IN,2026-08-29 18:07:43,POS2353
CRD0002132,CARD0040,P00374,6513,18511.12,IN,2026-07-13 13:12:42,POS9625
CRD0002140,CARD0040,P00308,5812,515.94,IN,2026-08-17 05:48:48,ONLINE
CRD0002143,CARD0040,P00020,7832,3504.14,IN,2026-08-10 20:43:22,ONLINE
CRD0002144,CARD0040,P00271,5541,10382.76,IN,2026-09-04 17:14:32,ONLINE
CRD0002145,CARD0040,P00395,5311,2664.57,IN,2026-08-14 12:02:17,POS3532
CRD0002148,CARD0040,P00015,4722,3499.07,IN,2026-08-25 19:07:09,POS6546
CRD0002152,CARD0041,P00032,5812,3285.7,IN,2026-08-02 14:58:37,ONLINE
CRD0002153,CARD0041,P00183,7832,4805.37,IN,2026-08-22 21:08:01,POS6537
CRD0002161,CARD0041,P00096,7832,755.52,IN,2026-08-17 17:33:21,POS9314
CRD0002164,CARD0041,P00262,5812,738.12,IN,2026-08-15 18:57:20,POS3036
CRD0002174,CARD0041,P00032,5812,735.25,IN,2026-07-04 09:51:13,POS2201
CRD0002178,CARD0041,P00086,4900,3197.41,IN,2026-08-29 22:23:45,POS3996
CRD0002190,CARD0041,P00032,5812,580.85,IN,2026-09-12 11:24:52,ONLINE
CRD0002193,CARD0041,P00187,4722,6889.94,IN,2026-07-13 14:24:37,POS6952
CRD0002195,CARD0041,P00262,5812,2811.64,IN,2026-08-03 10:17:19,ONLINE
CRD0002196,CARD0041,P00142,6012,3516.66,IN,2026-08-19 07:26:40,POS8683
CRD0002197,CARD0041,P00262,5812,1449.36,IN,2026-08-16 21:40:46,POS8362
CRD0002199,CARD0041,P00365,6012,5344.39,IN,2026-08-11 17:52:04,POS2111
CRD0002201,CARD0041,P00032,5812,832.16,IN,2026-08-25 07:33:47,ONLINE
CRD0002211,CARD0042,P00120,5411,278.95,IN,2026-08-23 18:44:51,ONLINE
CRD0002215,CARD0042,P00279,5812,404.87,IN,2026-08-26 07:20:30,ONLINE
CRD0002217,CARD0042,P00029,5411,2623.71,IN,2026-09-05 11:45:59,POS9122
CRD0002218,CARD0042,P00248,4900,1090.93,IN,2026-08-15 19:25:52,ONLINE
CRD0002219,CARD0042,P00248,4900,2293.24,IN,2026-08-09 15:01:14,POS3387
CRD0002223,CARD0042,P00029,5411,1142.78,IN,2026-08-28 22:31:30,ONLINE
CRD0002227,CARD0042,P00142,6012,514.4,IN,2026-08-17 14:11:40,ONLINE
CRD0002237,CARD0042,P00338,5311,3273.88,IN,2026-08-22 14:22:01,POS3443
CRD0002239,CARD0042,P00029,5411,448.52,IN,2026-07-16 09:46:30,ONLINE
CRD0002251,CARD0042,P00157,6513,2713.18,IN,2026-08-24 03:38:49,POS3811
CRD0002254,CARD0042,P00244,5541,1020.74,IN,2026-07-28 07:10:03,ONLINE
CRD0002268,CARD0043,P00276,7832,257.54,IN,2026-07-31 19:48:53,POS2737
CRD0002278,CARD0043,P00101,5311,1362.95,IN,2026-08-05 21:11:56,ONLINE
CRD0002284,CARD0043,P00061,5411,315.44,IN,2026-07-16 08:43:59,POS3060
CRD0002286,CARD0043,P00361,5411,359.59,IN,2026-07-21 18:28:16,POS4557
CRD0002288,CARD0043,P00368,4814,178.62,IN,2026-08-31 14:05:40,POS2894
CRD0002294,CARD0043,P00056,5812,198.07,IN,2026-08-15 15:45:46,POS9603
CRD0002302,CARD0043,P00056,5812,276.21,IN,2026-08-10 17:14:48,POS6088
CRD0002304,CARD0043,P00368,4814,251.12,IN,2026-07-24 20:45:39,ONLINE
CRD0002305,CARD0043,P00163,5411,617.28,IN,2026-08-16 20:15:26,ONLINE
CRD0002306,CARD0043,P00049,5411,668.24,IN,2026-07-06 18:14:33,POS1190
CRD0002310,CARD0043,P00140,5411,1161.59,IN,2026-07-18 12:29:21,POS4604
CRD0002312,CARD0043,P00302,7832,653.82,IN,2026-09-13 18:54:55,POS2506
CRD0002313,CARD0043,P00155,7832,114.94,IN,2026-07-11 19:44:00,ONLINE
CRD0002319,CARD0044,P00032,5812,425.23,IN,2026-08-13 14:13:47,ONLINE
CRD0002328,CARD0044,P00353,5311,1097.5,IN,2026-07-28 18:08:31,ONLINE
CRD0002331,CARD0044,P00031,6012,2847.9,IN,2026-08-11 13:04:28,ONLINE
CRD0002332,CARD0044,P00336,5812,304.4,IN,2026-09-05 22:39:36,POS1387
CRD0002337,CARD0044,P00078,7832,349.49,IN,2026-09-10 13:40:00,ONLINE
CRD0002338,CARD0044,P00193,5311,1535.08,IN,2026-07-08 19:59:38,ONLINE
CRD0002344,CARD0044,P00194,4814,191.57,IN,2026-07-01 19:41:06,ONLINE
CRD0002345,CARD0044,P00228,5541,2336.9,IN,2026-08-02 15:48:43,ONLINE
CRD0002346,CARD0044,P00115,5411,430.41,IN,2026-07-26 12:59:54,POS2041
CRD0002349,CARD0044,P00320,4900,1748.11,IN,2026-08-07 20:02:54,ONLINE
CRD0002355,CARD0044,P00320,4900,1474.43,IN,2026-09-10 11:12:06,POS3339
CRD0002358,CARD0044,P00335,6513,3847.81,IN,2026-07-22 20:55:38,ONLINE
CRD0002365,CARD0044,P00032,5812,311.12,IN,2026-09-03 19:27:39,ONLINE
CRD0002374,CARD0045,P00067,8011,1451.97,IN,2026-09-05 09:39:06,ONLINE
CRD0002380,CARD0045,P00121,5812,201.12,IN,2026-07-22 19:53:20,POS3322
CRD0002382,CARD0045,P00018,5812,1558.16,IN,2026-07-09 15:37:15,POS7576
CRD0002390,CARD0045,P00023,4722,9777.92,IN,2026-07-03 19:39:59,POS7031
CRD0002394,CARD0045,P00086,4900,8427.86,IN,2026-07-07 14:42:13,ONLINE
CRD0002396,CARD0045,P00206,5541,3001.17,IN,2026-07-13 18:02:17,ONLINE
CRD0002416,CARD0046,P00053,5411,1753.84,IN,2026-09-13 07:41:10,ONLINE
CRD0002417,CARD0046,P00362,5411,6115.68,IN,2026-07-04 14:43:46,ONLINE
CRD0002418,CARD0046,P00164,6513,8188.84,IN,2026-08-11 17:56:08,POS1773
CRD0002419,CARD0046,P00290,5812,2709.37,IN,2026-08-23 17:44:20,POS7436
CRD0002421,CARD0046,P00164,6513,20216.9,IN,2026-07-16 01:39:52,POS4727
CRD0002424,CARD0046,P00350,6012,3227.6,IN,2026-09-07 11:56:48,ONLINE
CRD0002425,CARD0046,P00362,5411,3383.37,IN,2026-07-10 17:30:15,ONLINE
CRD0002426,CARD0046,P00053,5411,2583.84,IN,2026-08-31 21:00:55,ONLINE
CRD0002432,CARD0046,P00239,5411,1377.18,IN,2026-08-07 12:39:41,POS4282
CRD0002439,CARD0046,P00179,5812,804.63,IN,2026-07-10 19:45:12,ONLINE
CRD0002443,CARD0046,P00115,5411,856.82,IN,2026-07-27 11:17:55,POS4835
CRD0002444,CARD0046,P00290,5812,1110.53,IN,2026-08-09 21:22:08,ONLINE
CRD0002447,CARD0046,P00368,4814,2382.28,IN,2026-07-20 09:28:59,ONLINE
CRD0002448,CARD0046,P00115,5411,5559.77,IN,2026-07-30 08:18:39,ONLINE
CRD0002449,CARD0046,P00350,6012,10412.58,IN,2026-07-24 18:05:51,ONLINE
CRD0002451,CARD0046,P00368,4814,1011.86,IN,2026-09-01 20:14:56,POS5410
CRD0002454,CARD0046,P00115,5411,876.48,IN,2026-07-21 14:07:16,ONLINE
CRD0002459,CARD0046,P00276,7832,1953.1,IN,2026-07-10 17:52:28,POS3015
CRD0002465,CARD0046,P00179,5812,3650.14,IN,2026-07-28 06:26:30,POS1885
CRD0002479,CARD0047,P00115,5411,1782.62,IN,2026-07-03 13:57:29,ONLINE
CRD0002480,CARD0047,P00115,5411,886.37,IN,2026-08-08 07:43:28,POS8769
CRD0002483,CARD0047,P00166,5411,1174.74,IN,2026-07-25 13:00:57,POS4339
CRD0002489,CARD0047,P00250,4814,218.47,IN,2026-08-10 09:34:03,POS2334
CRD0002490,CARD0047,P00282,5411,2024.22,IN,2026-09-10 18:25:48,ONLINE
CRD0002500,CARD0047,P00358,6513,6486.06,IN,2026-07-29 11:57:37,POS4684
CRD0002501,CARD0047,P00057,5812,538.61,IN,2026-09-01 20:02:46,ONLINE
CRD0002502,CARD0047,P00266,5541,2421.89,IN,2026-09-09 19:24:50,ONLINE
CRD0002503,CARD0047,P00167,5812,1728.94,IN,2026-08-03 17:37:39,ONLINE
CRD0002504,CARD0047,P00101,5311,2723.53,IN,2026-07-31 10:23:01,POS3043
CRD0002508,CARD0047,P00127,6012,5129.85,IN,2026-08-13 09:21:59,POS6037
CRD0002510,CARD0047,P00127,6012,1919.79,IN,2026-09-09 13:50:32,POS9421
CRD0002511,CARD0047,P00115,5411,1523.28,IN,2026-08-22 21:13:31,ONLINE
CRD0002513,CARD0047,P00274,6012,1967.41,IN,2026-08-26 15:39:47,POS8622
CRD0002518,CARD0047,P00101,5311,1189.67,IN,2026-07-22 16:55:40,ONLINE
CRD0002532,CARD0047,P00115,5411,1989.27,IN,2026-09-04 18:24:14,POS6053
CRD0002533,CARD0047,P00042,5311,861.71,IN,2026-08-02 20:04:20,POS8989
CRD0002534,CARD0047,P00057,5812,1199.88,IN,2026-07-13 00:27:27,POS5960
CRD0002535,CARD0047,P00127,6012,968.52,IN,2026-08-20 11:38:45,POS7948
CRD0002545,CARD0047,P00171,5411,1952.67,IN,2026-08-29 08:50:42,ONLINE
CRD0002554,CARD0047,P00282,5411,526.84,IN,2026-08-16 23:26:58,ONLINE
CRD0002555,CARD0047,P00115,5411,350.91,IN,2026-07-13 07:50:17,ONLINE
CRD0002561,CARD0048,P00017,5411,1157.65,IN,2026-08-18 15:38:27,POS6567
CRD0002563,CARD0048,P00083,5311,4282.0,IN,2026-08-20 11:18:15,ONLINE
CRD0002573,CARD0048,P00156,6012,822.67,IN,2026-09-12 19:20:29,ONLINE
CRD0002590,CARD0048,P00035,7832,519.87,IN,2026-09-12 10:23:40,POS4825
CRD0002594,CARD0048,P00196,5812,491.35,IN,2026-08-19 13:12:18,POS3618
CRD0002598,CARD0048,P00083,5311,1126.12,IN,2026-07-12 07:34:09,ONLINE
CRD0002603,CARD0048,P00253,4814,1147.59,IN,2026-08-11 12:20:48,POS9378
CRD0002604,CARD0048,P00060,7832,574.79,IN,2026-08-03 14:25:43,POS3451
CRD0002609,CARD0048,P00196,5812,1124.06,IN,2026-08-14 16:40:23,ONLINE
CRD0002612,CARD0048,P00152,4900,2402.29,IN,2026-07-04 14:04:13,ONLINE
CRD0002616,CARD0048,P00161,5812,1545.69,IN,2026-08-07 17:09:02,POS2997
CRD0002617,CARD0048,P00083,5311,5666.96,IN,2026-08-20 11:18:19,ONLINE
CRD0002618,CARD0048,P00143,5411,913.39,IN,2026-08-27 20:22:05,ONLINE
CRD0002624,CARD0048,P00035,7832,593.99,IN,2026-08-31 18:52:31,ONLINE
CRD0002625,CARD0048,P00035,7832,588.04,IN,2026-07-31 21:27:27,POS2175
CRD0002635,CARD0049,P00159,5541,9716.91,IN,2026-07-07 17:20:45,POS8350
CRD0002636,CARD0049,P00180,4900,5659.32,IN,2026-07-15 12:39:20,ONLINE
CRD0002637,CARD0049,P00368,4814,379.07,IN,2026-07-16 06:30:53,POS7012
CRD0002646,CARD0049,P00242,4900,4248.03,IN,2026-07-25 11:38:22,POS9348
CRD0002647,CARD0049,P00159,5541,2820.55,IN,2026-08-19 08:26:39,ONLINE
CRD0002649,CARD0049,P00235,4722,8772.92,IN,2026-08-18 18:52:09,POS5013
CRD0002651,CARD0049,P00159,5541,1879.65,IN,2026-07-05 16:33:20,POS2819
CRD0002652,CARD0049,P00395,5311,2698.17,IN,2026-08-26 21:49:55,POS8802
CRD0002657,CARD0049,P00157,6513,4722.56,IN,2026-09-10 11:38:58,POS3651
CRD0002660,CARD0049,P00368,4814,1421.28,IN,2026-07-04 14:00:14,ONLINE
CRD0002663,CARD0049,P00282,5411,1086.41,IN,2026-09-01 20:22:55,POS1707
CRD0002667,CARD0049,P00389,5812,850.24,IN,2026-09-09 21:15:37,ONLINE
CRD0002669,CARD0049,P00180,4900,3376.34,IN,2026-07-16 20:23:44,ONLINE
CRD0002670,CARD0049,P00058,4814,1128.32,IN,2026-09-02 21:19:33,POS4602
CRD0002671,CARD0049,P00067,8011,3861.2,IN,2026-08-24 20:00:53,POS1604
CRD0002676,CARD0049,P00354,7832,497.32,IN,2026-08-17 09:38:24,ONLINE
CRD0002682,CARD0050,P00132,4900,664.66,IN,2026-09-10 13:55:33,POS4338
CRD0002684,CARD0050,P00220,8011,1030.11,IN,2026-07-30 11:56:31,POS2424
CRD0002688,CARD0050,P00023,4722,333.35,IN,2026-08-10 20:43:34,POS1331
CRD0002689,CARD0050,P00208,6012,895.21,IN,2026-07-04 17:20:55,POS4622
CRD0002691,CARD0050,P00371,5411,445.3,IN,2026-07-28 11:32:21,ONLINE
CRD0002695,CARD0050,P00048,5812,230.83,IN,2026-07-13 15:04:04,ONLINE
CRD0002696,CARD0050,P00371,5411,484.85,IN,2026-08-19 14:26:06,ONLINE
CRD0002698,CARD0050,P00023,4722,5543.71,IN,2026-09-13 09:52:34,ONLINE
CRD0002699,CARD0050,P00343,4900,941.44,IN,2026-07-07 21:09:47,ONLINE
CRD0002704,CARD0050,P00208,6012,830.08,IN,2026-08-04 18:43:59,POS1093
CRD0002711,CARD0050,P00136,5812,495.08,IN,2026-08-25 12:33:52,POS4424
CRD0002712,CARD0050,P00208,6012,525.86,IN,2026-08-11 22:48:20,ONLINE
CRD0002713,CARD0050,P00354,7832,224.32,IN,2026-08-11 18:35:42,ONLINE
CRD0002715,CARD0050,P00144,7832,248.56,IN,2026-07-22 13:35:39,POS9381
CRD0002720,CARD0050,P00038,5411,202.71,IN,2026-09-01 18:24:40,POS6248
CRD0002729,CARD0050,P00136,5812,188.01,IN,2026-08-26 15:29:02,ONLINE
CRD0002733,CARD0050,P00048,5812,378.73,IN,2026-08-03 13:06:15,ONLINE
CRD0002740,CARD0051,P00088,5812,323.3,IN,2026-07-20 18:08:08,ONLINE
CRD0002742,CARD0051,P00009,6012,3543.61,IN,2026-09-10 20:17:20,ONLINE
CRD0002745,CARD0051,P00279,5812,715.38,IN,2026-08-08 12:23:10,ONLINE
CRD0002746,CARD0051,P00392,5812,1336.61,IN,2026-07-19 20:07:01,POS3121
CRD0002760,CARD0051,P00157,6513,10599.49,IN,2026-07-07 15:57:42,ONLINE
CRD0002768,CARD0052,P00132,4900,4108.25,IN,2026-08-15 14:07:54,POS8634
CRD0002771,CARD0052,P00386,6012,1980.35,IN,2026-08-16 17:22:25,POS1672
CRD0002772,CARD0052,P00282,5411,1070.37,IN,2026-07-01 18:52:59,POS1622
CRD0002775,CARD0052,P00251,5411,487.17,IN,2026-07-03 17:55:48,POS8525
CRD0002782,CARD0052,P00301,5812,718.48,IN,2026-07-18 16:11:56,ONLINE
CRD0002787,CARD0052,P00132,4900,1676.89,IN,2026-07-27 17:47:06,ONLINE
CRD0002791,CARD0052,P00202,5541,1423.32,IN,2026-09-08 10:47:45,POS7391
CRD0002793,CARD0052,P00202,5541,797.94,IN,2026-08-02 14:51:56,ONLINE
CRD0002800,CARD0052,P00118,4722,1025.07,IN,2026-07-11 15:04:20,ONLINE
CRD0002808,CARD0052,P00230,5812,875.06,IN,2026-08-08 13:57:33,ONLINE
CRD0002809,CARD0052,P00118,4722,8161.88,IN,2026-07-28 12:05:13,POS1473
CRD0002811,CARD0052,P00132,4900,1805.35,IN,2026-09-03 12:40:05,POS4841
CRD0002819,CARD0052,P00071,5411,929.23,IN,2026-07-02 07:23:08,POS6335
CRD0002827,CARD0052,P00202,5541,992.12,IN,2026-08-07 20:41:22,POS8298
CRD0002834,CARD0053,P00007,5812,2407.62,IN,2026-07-20 15:27:08,ONLINE
CRD0002837,CARD0053,P00352,4814,769.38,IN,2026-07-31 19:21:02,ONLINE
CRD0002838,CARD0053,P00235,4722,5587.82,IN,2026-07-06 13:53:31,POS1865
CRD0002843,CARD0053,P00132,4900,2171.84,IN,2026-09-10 12:31:21,POS3485
CRD0002848,CARD0053,P00287,4900,2812.82,IN,2026-07-13 07:57:20,ONLINE
CRD0002850,CARD0053,P00051,6012,593.02,IN,2026-08-06 22:53:18,ONLINE
CRD0002855,CARD0053,P00191,6513,10465.57,IN,2026-07-28 13:19:45,POS8875
CRD0002857,CARD0053,P00007,5812,794.32,IN,2026-08-27 12:06:30,POS3750
CRD0002860,CARD0053,P00343,4900,1343.58,IN,2026-08-21 07:56:59,ONLINE
CRD0002873,CARD0053,P00235,4722,2710.19,IN,2026-08-15 19:58:48,ONLINE
CRD0002876,CARD0053,P00277,6012,5979.09,IN,2026-08-24 13:01:17,POS5012
CRD0002879,CARD0053,P00277,6012,1895.03,IN,2026-07-11 22:02:15,POS5709
CRD0002884,CARD0053,P00381,5411,836.33,IN,2026-08-07 13:47:06,ONLINE
CRD0002889,CARD0053,P00191,6513,8546.19,IN,2026-08-14 21:52:18,ONLINE
CRD0002894,CARD0053,P00191,6513,24218.65,IN,2026-07-02 16:08:43,ONLINE
CRD0002899,CARD0053,P00343,4900,2494.43,IN,2026-09-06 12:44:38,ONLINE
CRD0002901,CARD0053,P00287,4900,2479.48,IN,2026-07-12 17:49:01,POS6842
CRD0002910,CARD0054,P00225,5411,1504.24,IN,2026-07-16 14:50:58,POS8412
CRD0002911,CARD0054,P00066,4722,10903.09,IN,2026-08-10 12:02:24,ONLINE
CRD0002913,CARD0054,P00368,4814,1032.94,IN,2026-07-07 22:28:40,ONLINE
CRD0002922,CARD0054,P00135,6012,1452.98,IN,2026-07-20 11:28:53,ONLINE
CRD0002926,CARD0054,P00164,6513,18735.1,IN,2026-09-10 18:28:04,POS3944
CRD0002928,CARD0054,P00068,5411,2483.86,IN,2026-07-22 14:03:13,POS5005
CRD0002929,CARD0054,P00337,6513,16968.52,IN,2026-09-09 12:15:30,POS7075
CRD0002930,CARD0054,P00128,5541,2221.15,IN,2026-08-20 11:11:50,ONLINE
CRD0002932,CARD0054,P00238,5812,289.25,IN,2026-07-12 11:39:04,POS2899
CRD0002933,CARD0054,P00337,6513,6090.67,IN,2026-07-10 09:55:57,POS5056
CRD0002934,CARD0054,P00068,5411,1667.95,IN,2026-08-12 10:17:37,POS8531
CRD0002936,CARD0054,P00068,5411,1881.13,IN,2026-07-21 20:38:22,ONLINE
CRD0002938,CARD0054,P00068,5411,2796.74,IN,2026-07-25 06:31:52,ONLINE
CRD0002943,CARD0054,P00164,6513,11248.27,IN,2026-07-19 00:19:53,ONLINE
CRD0002946,CARD0054,P00164,6513,6572.55,IN,2026-09-03 07:32:47,POS2978
CRD0002952,CARD0054,P00232,4722,4312.09,IN,2026-07-23 20:29:47,POS8182
CRD0002956,CARD0054,P00033,6513,15941.73,IN,2026-08-13 22:56:38,ONLINE
CRD0002958,CARD0054,P00225,5411,4575.05,IN,2026-09-03 14:27:45,POS7303
CRD0002959,CARD0054,P00384,6513,28694.28,IN,2026-07-24 18:13:28,ONLINE
CRD0002966,CARD0055,P00281,6513,5206.6,IN,2026-07-18 14:42:37,POS3981
CRD0002978,CARD0055,P00308,5812,1176.16,IN,2026-07-29 00:56:49,POS3006
CRD0002980,CARD0055,P00152,4900,5123.56,IN,2026-08-04 07:29:48,ONLINE
CRD0002983,CARD0055,P00155,7832,1778.91,IN,2026-07-18 00:13:37,POS3926
CRD0002987,CARD0055,P00300,6012,5813.6,IN,2026-07-29 09:55:14,ONLINE
CRD0002988,CARD0055,P00188,5812,301.28,IN,2026-08-22 12:29:35,ONLINE
CRD0002996,CARD0056,P00374,6513,9174.07,IN,2026-09-11 23:56:41,ONLINE
CRD0003004,CARD0056,P00062,6012,2605.75,IN,2026-07-21 19:53:22,ONLINE
CRD0003005,CARD0056,P00092,5411,5793.11,IN,2026-08-02 23:40:36,ONLINE
CRD0003008,CARD0056,P00300,6012,2487.53,IN,2026-07-22 08:47:01,ONLINE
CRD0003010,CARD0056,P00184,5812,458.39,IN,2026-07-26 14:58:13,POS9899
CRD0003015,CARD0056,P00374,6513,6526.77,IN,2026-07-08 10:58:41,POS5567
CRD0003016,CARD0056,P00175,5311,8571.54,IN,2026-07-05 13:22:17,POS7458
CRD0003017,CARD0056,P00175,5311,2535.06,IN,2026-08-21 14:10:39,POS6248
CRD0003018,CARD0056,P00215,4722,5326.46,IN,2026-08-13 12:03:32,ONLINE
CRD0003023,CARD0056,P00374,6513,10583.04,IN,2026-07-17 21:12:27,POS4172
CRD0003027,CARD0056,P00062,6012,1610.15,IN,2026-07-27 10:31:56,ONLINE
CRD0003031,CARD0056,P00062,6012,2092.33,IN,2026-08-25 17:14:21,POS2305
CRD0003032,CARD0056,P00150,4900,7051.27,IN,2026-07-14 11:38:28,ONLINE
CRD0003033,CARD0056,P00175,5311,3111.19,IN,2026-08-18 22:51:43,POS3802
CRD0003034,CARD0056,P00215,4722,6787.08,IN,2026-08-21 16:23:16,POS3199
CRD0003035,CARD0056,P00249,4814,941.75,IN,2026-08-30 13:20:46,ONLINE
CRD0003040,CARD0056,P00249,4814,710.77,IN,2026-07-11 17:50:01,POS8975
CRD0003043,CARD0056,P00374,6513,11086.72,IN,2026-08-06 20:10:46,ONLINE
CRD0003046,CARD0056,P00175,5311,4358.18,IN,2026-09-12 20:38:33,ONLINE
CRD0003053,CARD0057,P00004,5411,437.15,IN,2026-07-17 11:55:46,POS5009
CRD0003054,CARD0057,P00177,5812,108.84,IN,2026-08-15 18:18:44,POS5006
CRD0003059,CARD0057,P00388,5411,837.77,IN,2026-09-08 21:58:21,ONLINE
CRD0003068,CARD0057,P00322,6012,865.15,IN,2026-07-26 12:26:39,ONLINE
CRD0003072,CARD0057,P00322,6012,448.12,IN,2026-07-16 22:47:15,POS7941
CRD0003073,CARD0057,P00177,5812,325.64,IN,2026-07-18 12:24:54,POS3287
CRD0003075,CARD0057,P00039,5311,3480.98,IN,2026-07-24 20:40:46,ONLINE
CRD0003077,CARD0057,P00194,4814,565.33,IN,2026-08-21 13:02:56,ONLINE
CRD0003090,CARD0057,P00349,5812,413.38,IN,2026-07-07 22:18:35,POS4362
CRD0003104,CARD0057,P00177,5812,185.4,IN,2026-07-11 08:19:11,POS9749
CRD0003113,CARD0057,P00399,4814,404.93,IN,2026-07-02 20:17:41,POS2278
CRD0003114,CARD0057,P00314,7832,812.49,IN,2026-07-10 17:57:32,POS3016
CRD0003116,CARD0057,P00145,5411,263.31,IN,2026-07-07 10:02:44,ONLINE
CRD0003118,CARD0057,P00169,5411,711.56,IN,2026-08-31 16:31:38,ONLINE
CRD0003123,CARD0057,P00314,7832,250.37,IN,2026-08-09 12:47:39,ONLINE
CRD0003126,CARD0057,P00299,5411,504.81,IN,2026-08-16 11:49:33,ONLINE
CRD0003130,CARD0057,P00322,6012,681.3,IN,2026-08-06 13:07:57,ONLINE
CRD0003136,CARD0057,P00388,5411,1022.97,IN,2026-09-08 15:39:40,POS1501
CRD0003138,CARD0057,P00194,4814,499.97,IN,2026-09-11 06:33:04,ONLINE
CRD0003139,CARD0057,P00039,5311,2140.04,IN,2026-08-27 19:29:55,ONLINE
CRD0003141,CARD0057,P00004,5411,288.03,IN,2026-07-17 14:19:03,POS8700
CRD0003150,CARD0058,P00321,5812,832.56,IN,2026-07-23 22:05:50,POS1263
CRD0003151,CARD0058,P00041,4722,402.32,IN,2026-08-16 11:32:26,POS3265
CRD0003152,CARD0058,P00041,4722,3720.07,IN,2026-08-23 19:09:20,POS4043
CRD0003153,CARD0058,P00371,5411,741.53,IN,2026-08-30 20:20:31,ONLINE
CRD0003154,CARD0058,P00107,4900,2147.58,IN,2026-07-15 15:02:21,POS5267
CRD0003155,CARD0058,P00041,4722,5528.18,IN,2026-08-20 05:07:43,POS9171
CRD0003158,CARD0058,P00069,5311,4117.82,IN,2026-07-24 07:19:08,ONLINE
CRD0003159,CARD0058,P00069,5311,1209.37,IN,2026-08-04 21:48:20,POS5386
CRD0003160,CARD0058,P00321,5812,273.84,IN,2026-08-27 18:50:19,POS5458
CRD0003162,CARD0058,P00371,5411,622.34,IN,2026-08-11 13:23:37,ONLINE
CRD0003168,CARD0058,P00321,5812,281.92,IN,2026-07-31 08:10:54,ONLINE
CRD0003169,CARD0058,P00211,7832,375.89,IN,2026-07-31 18:22:54,POS3309
CRD0003175,CARD0058,P00084,7832,1155.93,IN,2026-08-13 12:23:29,POS8567
CRD0003189,CARD0058,P00371,5411,844.97,IN,2026-07-15 10:58:43,POS5010
CRD0003193,CARD0059,P00089,4722,8756.75,IN,2026-08-20 13:10:54,POS2457
CRD0003196,CARD0059,P00080,5812,452.44,IN,2026-07-20 17:33:56,POS6335
CRD0003198,CARD0059,P00179,5812,255.3,IN,2026-08-14 19:29:27,POS1017
CRD0003204,CARD0059,P00138,5411,2712.42,IN,2026-09-10 19:59:01,POS3219
CRD0003209,CARD0059,P00080,5812,1381.77,IN,2026-07-16 20:15:19,POS8893
CRD0003212,CARD0059,P00179,5812,2334.83,IN,2026-09-01 11:30:35,POS2521
CRD0003217,CARD0059,P00225,5411,2115.32,IN,2026-09-12 11:00:59,POS7188
CRD0003221,CARD0059,P00080,5812,200.55,IN,2026-08-21 21:24:08,POS1845
CRD0003224,CARD0059,P00369,5411,2898.18,IN,2026-07-22 21:32:24,POS6063
CRD0003226,CARD0059,P00326,5812,278.58,IN,2026-08-15 17:45:38,ONLINE
CRD0003231,CARD0059,P00208,6012,2299.86,IN,2026-07-05 18:25:13,POS9189
CRD0003232,CARD0059,P00400,8011,867.26,IN,2026-08-27 10:53:10,POS3524
CRD0003234,CARD0059,P00297,8011,2448.88,IN,2026-07-21 10:19:26,POS2301
CRD0003247,CARD0060,P00378,5411,1653.0,IN,2026-07-12 16:18:14,ONLINE
CRD0003249,CARD0060,P00362,5411,2568.62,IN,2026-09-13 20:47:06,POS2317
CRD0003252,CARD0060,P00191,6513,7070.23,IN,2026-07-13 18:18:44,POS2640
CRD0003262,CARD0060,P00329,8011,4865.89,IN,2026-08-01 16:04:24,POS9816
CRD0003266,CARD0060,P00104,5541,4434.8,IN,2026-07-04 14:48:25,ONLINE
CRD0003271,CARD0060,P00220,8011,3509.88,IN,2026-08-16 10:29:56,POS6284
CRD0003283,CARD0061,P00352,4814,502.1,IN,2026-07-04 17:03:09,POS6868
CRD0003298,CARD0061,P00282,5411,1053.69,IN,2026-07-16 13:51:21,ONLINE
CRD0003299,CARD0061,P00378,5411,2335.8,IN,2026-07-20 11:51:58,POS7496
CRD0003301,CARD0061,P00368,4814,792.93,IN,2026-07-22 08:03:45,ONLINE
CRD0003302,CARD0061,P00078,7832,923.77,IN,2026-07-16 09:13:05,POS9796
CRD0003303,CARD0061,P00352,4814,270.37,IN,2026-07-25 13:51:58,POS7427
CRD0003306,CARD0061,P00375,5812,287.25,IN,2026-07-04 15:31:54,POS2696
CRD0003307,CARD0061,P00378,5411,1126.32,IN,2026-07-03 20:15:18,ONLINE
CRD0003308,CARD0061,P00352,4814,529.87,IN,2026-07-29 12:14:38,ONLINE
CRD0003310,CARD0061,P00362,5411,912.91,IN,2026-09-10 15:50:36,POS2488
CRD0003318,CARD0062,P00320,4900,2817.68,IN,2026-08-22 10:50:59,POS3937
CRD0003319,CARD0062,P00376,5812,1146.38,IN,2026-09-01 19:23:34,ONLINE
CRD0003320,CARD0062,P00355,4814,836.93,IN,2026-08-03 09:58:57,ONLINE
CRD0003324,CARD0062,P00320,4900,4302.75,IN,2026-07-28 09:22:37,ONLINE
CRD0003327,CARD0062,P00320,4900,5971.25,IN,2026-08-09 16:32:53,POS2889
CRD0003328,CARD0062,P00027,5311,3235.5,IN,2026-07-04 14:32:56,ONLINE
CRD0003332,CARD0062,P00103,5311,8345.48,IN,2026-07-06 22:12:04,ONLINE
CRD0003353,CARD0063,P00253,4814,451.75,IN,2026-07-01 15:14:42,POS8059
CRD0003354,CARD0063,P00391,5541,2723.12,IN,2026-09-10 20:59:50,POS2321
CRD0003357,CARD0063,P00231,4814,942.32,IN,2026-08-11 09:52:10,ONLINE
CRD0003367,CARD0063,P00238,5812,841.72,IN,2026-07-02 19:27:01,POS7595
CRD0003372,CARD0063,P00231,4814,659.97,IN,2026-09-04 16:52:18,ONLINE
CRD0003374,CARD0063,P00083,5311,2918.83,IN,2026-09-06 11:12:08,ONLINE
CRD0003376,CARD0063,P00231,4814,541.35,IN,2026-08-27 17:49:40,ONLINE
CRD0003377,CARD0063,P00083,5311,4344.71,IN,2026-07-30 10:02:39,ONLINE
CRD0003382,CARD0063,P00391,5541,4924.44,IN,2026-07-08 19:13:27,ONLINE
CRD0003391,CARD0063,P00083,5311,2199.08,IN,2026-08-08 14:39:07,POS2567
CRD0003395,CARD0063,P00296,5812,1220.53,IN,2026-08-24 18:09:33,ONLINE
CRD0003405,CARD0063,P00386,6012,1446.42,IN,2026-08-18 13:26:17,POS8594
CRD0003412,CARD0063,P00366,5812,777.75,IN,2026-07-30 07:33:16,POS3423
CRD0003415,CARD0063,P00133,4900,1345.39,IN,2026-08-16 11:28:25,ONLINE
CRD0003418,CARD0063,P00238,5812,295.72,IN,2026-07-16 12:06:13,ONLINE
CRD0003422,CARD0063,P00133,4900,14389.79,IN,2026-07-07 11:59:16,ONLINE
CRD0003424,CARD0063,P00238,5812,373.91,IN,2026-08-17 01:49:37,POS1458
CRD0003435,CARD0064,P00382,5812,912.01,IN,2026-07-11 22:25:53,POS4474
CRD0003437,CARD0064,P00138,5411,670.02,IN,2026-08-23 18:12:38,ONLINE
CRD0003440,CARD0064,P00344,5411,902.0,IN,2026-08-12 12:32:21,ONLINE
CRD0003445,CARD0064,P00124,4814,973.62,IN,2026-07-08 17:55:54,POS8459
CRD0003446,CARD0064,P00086,4900,2992.71,IN,2026-09-08 23:46:29,ONLINE
CRD0003449,CARD0064,P00086,4900,1879.69,IN,2026-07-18 16:39:15,ONLINE
CRD0003450,CARD0064,P00086,4900,3044.82,IN,2026-08-04 08:09:32,ONLINE
CRD0003453,CARD0064,P00344,5411,853.52,IN,2026-08-05 07:52:18,POS1834
CRD0003455,CARD0064,P00124,4814,705.93,IN,2026-08-05 07:37:59,ONLINE
CRD0003457,CARD0064,P00302,7832,916.35,IN,2026-07-09 17:28:05,ONLINE
CRD0003458,CARD0064,P00344,5411,551.59,IN,2026-07-25 09:10:07,POS5460
CRD0003459,CARD0064,P00369,5411,1060.98,IN,2026-08-18 10:01:34,POS1214
CRD0003461,CARD0064,P00096,7832,1147.23,IN,2026-08-25 14:03:56,ONLINE
CRD0003468,CARD0064,P00096,7832,1768.48,IN,2026-07-17 10:07:29,POS1619
CRD0003469,CARD0064,P00096,7832,1493.37,IN,2026-07-04 17:15:19,ONLINE
CRD0003474,CARD0065,P00217,5812,146.59,IN,2026-09-06 08:46:58,POS3786
CRD0003475,CARD0065,P00215,4722,1170.76,IN,2026-07-04 09:04:32,POS9640
CRD0003477,CARD0065,P00156,6012,737.2,IN,2026-09-11 15:54:40,ONLINE
CRD0003479,CARD0065,P00384,6513,1675.52,IN,2026-07-14 23:44:31,ONLINE
CRD0003480,CARD0065,P00355,4814,485.47,IN,2026-08-04 13:41:09,ONLINE
CRD0003482,CARD0065,P00393,5411,3128.74,IN,2026-08-05 00:44:51,ONLINE
CRD0003485,CARD0065,P00384,6513,1562.0,IN,2026-09-11 09:12:44,ONLINE
CRD0003489,CARD0065,P00385,6012,638.24,IN,2026-07-01 01:27:03,ONLINE
CRD0003502,CARD0065,P00333,5812,94.42,IN,2026-07-31 18:05:06,POS6544
CRD0003504,CARD0065,P00384,6513,5459.53,IN,2026-07-07 13:59:00,ONLINE
CRD0003507,CARD0065,P00126,4722,3358.81,IN,2026-07-04 15:23:00,ONLINE
CRD0003509,CARD0065,P00080,5812,538.57,IN,2026-09-12 06:17:21,ONLINE
CRD0003511,CARD0065,P00080,5812,460.33,IN,2026-08-03 16:02:36,POS2227
CRD0003513,CARD0065,P00156,6012,1470.64,IN,2026-07-16 18:19:04,POS1299
CRD0003520,CARD0065,P00217,5812,198.27,IN,2026-07-06 18:33:47,POS9221
CRD0003522,CARD0065,P00141,4900,293.77,IN,2026-07-12 21:06:39,POS9088
CRD0003527,CARD0065,P00282,5411,554.06,IN,2026-07-14 20:36:55,POS5968
CRD0003530,CARD0065,P00003,4814,141.22,IN,2026-08-24 10:33:25,ONLINE
CRD0003531,CARD0065,P00282,5411,445.79,IN,2026-08-28 15:28:56,POS9710
CRD0003534,CARD0065,P00156,6012,906.31,IN,2026-08-21 15:15:30,ONLINE
CRD0003535,CARD0065,P00217,5812,355.39,IN,2026-08-11 19:11:09,POS1534
CRD0003537,CARD0065,P00282,5411,911.12,IN,2026-09-10 15:48:00,ONLINE
CRD0003538,CARD0065,P00263,5311,1845.21,IN,2026-08-27 22:03:00,POS9282
CRD0003545,CARD0066,P00155,7832,468.1,IN,2026-08-31 21:29:59,ONLINE
CRD0003546,CARD0066,P00202,5541,1034.64,IN,2026-07-15 00:44:32,POS1861
CRD0003547,CARD0066,P00293,5812,412.19,IN,2026-07-30 12:40:08,ONLINE
CRD0003550,CARD0066,P00320,4900,1214.76,IN,2026-09-11 14:20:43,POS7119
CRD0003558,CARD0066,P00204,4900,2202.46,IN,2026-07-26 09:47:49,POS3999
CRD0003559,CARD0066,P00333,5812,973.7,IN,2026-09-10 22:30:56,ONLINE
CRD0003563,CARD0066,P00352,4814,1093.21,IN,2026-07-02 07:54:03,ONLINE
CRD0003565,CARD0066,P00204,4900,1832.16,IN,2026-09-07 09:28:48,ONLINE
CRD0003569,CARD0066,P00301,5812,1546.32,IN,2026-08-17 15:54:59,POS7555
CRD0003573,CARD0066,P00293,5812,1691.96,IN,2026-07-30 10:02:15,POS5281
CRD0003575,CARD0066,P00101,5311,3722.49,IN,2026-07-11 08:32:24,ONLINE
CRD0003588,CARD0066,P00212,5411,1481.72,IN,2026-07-02 18:14:10,ONLINE
CRD0003591,CARD0066,P00301,5812,345.38,IN,2026-07-25 00:07:11,POS9335
CRD0003602,CARD0067,P00388,5411,1798.9,IN,2026-07-02 22:19:23,ONLINE
CRD0003605,CARD0067,P00369,5411,2486.29,IN,2026-08-08 08:46:18,ONLINE
CRD0003612,CARD0067,P00244,5541,10548.35,IN,2026-07-31 11:19:56,ONLINE
CRD0003615,CARD0067,P00019,4814,748.97,IN,2026-08-09 17:04:24,POS5488
CRD0003616,CARD0067,P00263,5311,2673.13,IN,2026-07-09 12:04:47,POS7190
CRD0003617,CARD0067,P00075,5812,2888.06,IN,2026-07-09 10:19:16,ONLINE
CRD0003618,CARD0067,P00338,5311,9594.86,IN,2026-08-26 12:06:38,POS1555
CRD0003619,CARD0067,P00263,5311,10927.4,IN,2026-09-03 13:34:38,ONLINE
CRD0003621,CARD0067,P00336,5812,426.94,IN,2026-08-15 19:40:00,POS7363
CRD0003622,CARD0067,P00336,5812,454.6,IN,2026-07-27 03:12:05,ONLINE
CRD0003624,CARD0067,P00077,5812,650.24,IN,2026-08-20 09:55:12,ONLINE
CRD0003627,CARD0067,P00338,5311,2014.81,IN,2026-08-15 09:38:23,ONLINE
CRD0003637,CARD0067,P00141,4900,4030.1,IN,2026-07-17 16:17:27,ONLINE
CRD0003638,CARD0067,P00345,4722,13615.43,IN,2026-07-10 20:54:21,POS8860
CRD0003643,CARD0067,P00336,5812,2204.83,IN,2026-08-31 14:43:56,POS8638
CRD0003646,CARD0067,P00251,5411,5693.87,IN,2026-07-24 17:14:45,ONLINE
CRD0003648,CARD0067,P00338,5311,4569.95,IN,2026-07-28 16:26:36,POS4767
CRD0003650,CARD0067,P00263,5311,6463.59,IN,2026-08-06 21:53:54,ONLINE
CRD0003654,CARD0067,P00316,5311,6282.1,IN,2026-07-16 14:09:00,ONLINE
CRD0003657,CARD0067,P00078,7832,1570.43,IN,2026-08-24 12:59:43,POS4801
CRD0003659,CARD0067,P00336,5812,394.75,IN,2026-08-04 14:31:38,POS4677
CRD0003660,CARD0067,P00046,6012,8202.74,IN,2026-07-06 07:52:34,ONLINE
CRD0003662,CARD0067,P00388,5411,3809.29,IN,2026-07-21 21:36:58,POS9076
CRD0003663,CARD0067,P00046,6012,2483.4,IN,2026-07-06 18:01:31,ONLINE
CRD0003666,CARD0067,P00074,4722,47094.37,IN,2026-07-13 20:36:22,POS2605
CRD0003670,CARD0067,P00261,6012,7478.18,IN,2026-08-19 13:35:35,POS4243
CRD0003674,CARD0068,P00333,5812,734.23,IN,2026-08-28 15:25:58,POS9930
CRD0003678,CARD0068,P00333,5812,555.38,IN,2026-08-02 13:20:33,POS2630
CRD0003681,CARD0068,P00336,5812,625.75,IN,2026-08-23 19:26:24,POS8447
CRD0003685,CARD0068,P00235,4722,2427.09,IN,2026-08-27 11:36:33,ONLINE
CRD0003689,CARD0068,P00384,6513,2885.02,IN,2026-08-09 13:32:31,POS8897
CRD0003693,CARD0068,P00120,5411,418.83,IN,2026-08-01 15:12:09,POS1166
CRD0003696,CARD0068,P00333,5812,416.57,IN,2026-07-03 12:56:42,ONLINE
CRD0003698,CARD0068,P00310,5411,1376.76,IN,2026-08-16 11:16:31,ONLINE
CRD0003699,CARD0068,P00277,6012,1526.96,IN,2026-08-11 17:51:38,ONLINE
CRD0003703,CARD0068,P00120,5411,816.87,IN,2026-07-30 15:40:43,ONLINE
CRD0003708,CARD0068,P00384,6513,2603.99,IN,2026-08-27 16:15:55,ONLINE
CRD0003716,CARD0068,P00384,6513,3137.39,IN,2026-07-04 09:13:53,ONLINE
CRD0003718,CARD0068,P00384,6513,4806.73,IN,2026-09-10 14:48:15,POS8275
CRD0003734,CARD0069,P00066,4722,10697.11,IN,2026-07-11 17:56:55,POS3483
CRD0003735,CARD0069,P00303,6012,2171.24,IN,2026-07-31 10:13:21,POS6988
CRD0003738,CARD0069,P00290,5812,601.77,IN,2026-07-05 11:58:28,ONLINE
CRD0003743,CARD0069,P00332,5311,1436.77,IN,2026-08-31 18:40:02,ONLINE
CRD0003745,CARD0069,P00092,5411,1609.63,IN,2026-07-24 05:09:37,ONLINE
CRD0003746,CARD0069,P00092,5411,1383.34,IN,2026-09-01 21:05:28,ONLINE
CRD0003748,CARD0069,P00092,5411,1701.99,IN,2026-08-02 15:40:46,ONLINE
CRD0003749,CARD0069,P00025,5311,12501.23,IN,2026-08-31 12:10:22,POS9913
CRD0003754,CARD0069,P00094,6012,2186.18,IN,2026-07-12 17:42:24,POS6378
CRD0003759,CARD0069,P00230,5812,2440.68,IN,2026-09-08 16:24:16,ONLINE
CRD0003761,CARD0069,P00025,5311,8303.79,IN,2026-07-10 10:24:53,POS8218
CRD0003764,CARD0069,P00326,5812,844.81,IN,2026-08-24 17:20:37,ONLINE
CRD0003769,CARD0070,P00174,5812,4168.53,IN,2026-08-29 10:18:47,POS8966
CRD0003773,CARD0070,P00378,5411,3597.98,IN,2026-07-05 03:31:57,POS9178
CRD0003774,CARD0070,P00009,6012,2815.14,IN,2026-07-17 10:55:25,POS3263
CRD0003777,CARD0070,P00263,5311,2626.59,IN,2026-08-28 15:19:03,ONLINE
CRD0003778,CARD0070,P00009,6012,1841.99,IN,2026-08-31 20:03:46,ONLINE
CRD0003780,CARD0070,P00396,5411,3229.93,IN,2026-07-24 15:30:44,POS3339
CRD0003783,CARD0070,P00263,5311,9824.9,IN,2026-07-16 19:40:33,ONLINE
CRD0003784,CARD0070,P00276,7832,1571.41,IN,2026-08-19 19:51:48,ONLINE
CRD0003790,CARD0070,P00009,6012,2848.82,IN,2026-07-06 18:42:30,ONLINE
CRD0003798,CARD0070,P00162,5411,1816.06,IN,2026-09-06 09:13:18,POS4591
CRD0003802,CARD0070,P00009,6012,1515.58,IN,2026-08-11 20:49:34,ONLINE
CRD0003811,CARD0070,P00263,5311,3398.67,IN,2026-08-17 14:34:03,POS2202
CRD0003813,CARD0070,P00317,5812,638.79,IN,2026-07-01 13:58:37,ONLINE
CRD0003815,CARD0070,P00162,5411,12692.5,IN,2026-07-01 14:50:33,POS6711
CRD0003829,CARD0070,P00378,5411,5964.16,IN,2026-07-27 09:18:40,POS2197
CRD0003833,CARD0070,P00276,7832,760.67,IN,2026-09-04 18:01:48,POS2331
CRD0003836,CARD0070,P00009,6012,3850.22,IN,2026-08-22 18:07:04,POS4890
CRD0003846,CARD0070,P00054,6012,5375.61,IN,2026-09-13 12:39:53,POS4742
CRD0003847,CARD0070,P00062,6012,1149.97,IN,2026-08-23 22:44:39,POS5674
CRD0003856,CARD0071,P00265,5411,1375.2,IN,2026-08-01 10:36:32,ONLINE
CRD0003858,CARD0071,P00226,5541,1060.8,IN,2026-09-13 13:27:30,ONLINE
CRD0003860,CARD0071,P00298,4814,238.3,IN,2026-08-02 17:43:16,ONLINE
CRD0003862,CARD0071,P00127,6012,1222.02,IN,2026-07-06 12:13:19,POS2741
CRD0003863,CARD0071,P00226,5541,1152.06,IN,2026-09-05 11:38:48,POS6137
CRD0003865,CARD0071,P00044,5411,613.4,IN,2026-09-07 13:13:54,ONLINE
CRD0003869,CARD0071,P00226,5541,1297.83,IN,2026-08-03 07:09:47,ONLINE
CRD0003871,CARD0071,P00400,8011,2416.64,IN,2026-08-09 15:21:09,POS1274
CRD0003880,CARD0071,P00355,4814,502.4,IN,2026-08-08 14:34:11,POS1963
CRD0003881,CARD0071,P00355,4814,540.93,IN,2026-07-03 18:26:36,ONLINE
CRD0003882,CARD0071,P00149,5311,4707.53,IN,2026-09-10 11:55:56,ONLINE
CRD0003883,CARD0071,P00149,5311,971.38,IN,2026-08-14 11:29:44,POS6238
CRD0003884,CARD0071,P00226,5541,1241.94,IN,2026-09-07 21:58:36,ONLINE
CRD0003887,CARD0071,P00024,5411,896.87,IN,2026-09-03 14:29:46,POS9743
CRD0003893,CARD0071,P00265,5411,702.07,IN,2026-07-06 15:34:43,ONLINE
CRD0003902,CARD0072,P00321,5812,260.45,IN,2026-09-01 10:33:16,POS3863
CRD0003906,CARD0072,P00376,5812,288.76,IN,2026-07-28 20:59:16,ONLINE
CRD0003907,CARD0072,P00156,6012,642.39,IN,2026-07-07 13:55:46,POS1250
CRD0003912,CARD0072,P00156,6012,600.37,IN,2026-09-08 07:48:41,POS5513
CRD0003915,CARD0072,P00292,5541,1501.09,IN,2026-09-01 16:10:23,ONLINE
CRD0003918,CARD0072,P00273,5411,626.81,IN,2026-08-24 12:52:48,POS3794
CRD0003919,CARD0072,P00055,5311,1306.55,IN,2026-07-06 19:09:12,ONLINE
CRD0003922,CARD0072,P00292,5541,448.04,IN,2026-08-18 10:32:04,POS2931
CRD0003924,CARD0072,P00206,5541,559.94,IN,2026-09-08 20:56:22,POS3000
CRD0003929,CARD0072,P00015,4722,1777.02,IN,2026-08-12 10:09:51,POS6742
CRD0003937,CARD0072,P00244,5541,503.73,IN,2026-08-30 18:33:35,ONLINE
CRD0003938,CARD0072,P00313,5541,385.97,IN,2026-09-05 17:53:11,ONLINE
CRD0003946,CARD0072,P00292,5541,964.99,IN,2026-08-06 21:41:16,POS1626
CRD0003948,CARD0072,P00236,5411,55.17,IN,2026-07-12 22:18:35,ONLINE
CRD0003949,CARD0072,P00015,4722,2092.96,IN,2026-07-15 19:37:22,POS3830
CRD0003950,CARD0072,P00058,4814,335.24,IN,2026-07-05 18:57:33,ONLINE
CRD0003956,CARD0073,P00018,5812,571.22,IN,2026-09-03 12:09:40,POS3609
CRD0003957,CARD0073,P00122,8011,275.75,IN,2026-08-25 15:52:44,ONLINE
CRD0003959,CARD0073,P00144,7832,1951.57,IN,2026-07-21 20:33:08,POS3016
CRD0003960,CARD0073,P00328,5311,6580.04,IN,2026-07-01 20:24:58,ONLINE
CRD0003976,CARD0073,P00144,7832,205.52,IN,2026-07-01 19:51:52,POS2569
CRD0003978,CARD0073,P00328,5311,2335.34,IN,2026-08-16 18:32:19,ONLINE
CRD0003988,CARD0073,P00062,6012,1372.12,IN,2026-08-12 17:12:07,ONLINE
CRD0003992,CARD0073,P00167,5812,510.82,IN,2026-07-13 21:03:02,POS3881
CRD0003997,CARD0073,P00328,5311,1461.37,IN,2026-08-13 12:16:22,POS5586
CRD0003998,CARD0073,P00371,5411,927.87,IN,2026-08-16 13:40:28,ONLINE
CRD0004001,CARD0073,P00374,6513,17081.22,IN,2026-07-22 15:02:52,POS1600
CRD0004008,CARD0073,P00288,5812,257.29,IN,2026-09-10 21:20:12,POS5834
CRD0004033,CARD0074,P00383,5812,828.47,IN,2026-07-24 18:21:08,POS1448
CRD0004041,CARD0074,P00169,5411,1921.86,IN,2026-07-11 09:15:01,ONLINE
CRD0004047,CARD0074,P00006,5411,6090.4,IN,2026-09-09 13:00:58,ONLINE
CRD0004050,CARD0074,P00148,5311,6658.88,IN,2026-08-30 14:19:17,ONLINE
CRD0004057,CARD0074,P00263,5311,7095.8,IN,2026-07-29 10:56:44,POS9184
CRD0004069,CARD0075,P00058,4814,209.21,IN,2026-08-23 13:21:54,ONLINE
CRD0004073,CARD0075,P00154,7832,442.48,IN,2026-09-11 21:55:26,POS9565
CRD0004078,CARD0075,P00366,5812,543.72,IN,2026-07-31 21:59:55,POS5532
CRD0004083,CARD0075,P00154,7832,480.07,IN,2026-08-10 20:39:49,ONLINE
CRD0004085,CARD0075,P00160,4722,2580.95,IN,2026-07-26 14:39:25,ONLINE
CRD0004090,CARD0075,P00366,5812,398.49,IN,2026-08-12 14:17:07,POS7917
CRD0004092,CARD0075,P00160,4722,1736.87,IN,2026-09-06 20:29:00,ONLINE
CRD0004097,CARD0075,P00227,4814,311.94,IN,2026-07-15 15:11:37,POS6301
CRD0004099,CARD0075,P00382,5812,303.44,IN,2026-09-11 07:08:52,ONLINE
CRD0004102,CARD0075,P00164,6513,5024.9,IN,2026-08-15 10:50:00,POS3945
CRD0004105,CARD0075,P00251,5411,890.54,IN,2026-07-23 10:14:30,ONLINE
CRD0004109,CARD0075,P00366,5812,336.19,IN,2026-07-13 19:37:49,POS7230
CRD0004121,CARD0075,P00155,7832,844.72,IN,2026-08-25 10:30:23,ONLINE
CRD0004126,CARD0075,P00251,5411,1695.06,IN,2026-07-11 18:00:05,POS1393
CRD0004134,CARD0076,P00311,5411,206.92,IN,2026-07-24 19:06:52,ONLINE
CRD0004138,CARD0076,P00325,4722,4772.72,IN,2026-08-04 02:47:53,ONLINE
CRD0004142,CARD0076,P00373,6012,730.31,IN,2026-08-27 08:31:29,ONLINE
CRD0004144,CARD0076,P00397,5311,2843.26,IN,2026-08-25 23:29:17,ONLINE
CRD0004161,CARD0077,P00357,6012,7902.29,IN,2026-07-07 09:45:10,POS6597
CRD0004164,CARD0077,P00040,5411,8060.62,IN,2026-07-31 15:32:37,ONLINE
CRD0004165,CARD0077,P00357,6012,12760.99,IN,2026-07-24 11:02:04,POS6895
CRD0004167,CARD0077,P00251,5411,3122.51,IN,2026-09-09 13:51:51,POS6357
CRD0004174,CARD0077,P00040,5411,2969.22,IN,2026-07-02 23:28:45,ONLINE
CRD0004180,CARD0077,P00120,5411,699.64,IN,2026-08-07 17:00:27,POS6371
CRD0004185,CARD0077,P00357,6012,8676.83,IN,2026-08-22 13:52:32,POS8093
CRD0004186,CARD0077,P00040,5411,21358.73,IN,2026-07-12 10:21:39,ONLINE
CRD0004188,CARD0077,P00329,8011,3589.36,IN,2026-09-09 17:25:25,ONLINE
CRD0004203,CARD0077,P00165,5812,9458.14,IN,2026-07-18 14:25:57,POS5928
CRD0004207,CARD0077,P00147,8011,11962.04,IN,2026-07-13 20:47:16,POS5585
CRD0004211,CARD0077,P00038,5411,6170.25,IN,2026-07-18 18:55:52,ONLINE
CRD0004212,CARD0077,P00329,8011,6699.92,IN,2026-09-10 20:35:01,POS3879
CRD0004213,CARD0077,P00165,5812,992.99,IN,2026-07-25 13:36:19,POS4974
CRD0004216,CARD0077,P00329,8011,8684.87,IN,2026-08-04 13:49:11,POS1114
CRD0004219,CARD0077,P00141,4900,2953.4,IN,2026-07-03 08:25:21,ONLINE
CRD0004221,CARD0077,P00120,5411,4907.4,IN,2026-08-08 15:52:51,POS9438
CRD0004226,CARD0077,P00147,8011,6462.77,IN,2026-08-06 18:49:45,POS5463
CRD0004227,CARD0077,P00040,5411,8690.27,IN,2026-08-17 18:15:09,POS4695
CRD0004240,CARD0077,P00386,6012,5774.77,IN,2026-07-14 18:54:07,POS8533
CRD0004243,CARD0077,P00240,6012,3777.59,IN,2026-07-23 07:20:01,ONLINE
CRD0004245,CARD0077,P00386,6012,2858.54,IN,2026-08-30 09:06:57,ONLINE
CRD0004252,CARD0078,P00384,6513,3364.05,IN,2026-08-19 21:26:07,POS9339
CRD0004259,CARD0078,P00302,7832,1173.55,IN,2026-08-11 13:11:42,ONLINE
CRD0004260,CARD0078,P00012,5541,2821.76,IN,2026-07-26 11:45:42,ONLINE
CRD0004262,CARD0078,P00026,6012,1789.78,IN,2026-08-17 17:25:05,POS9549
CRD0004264,CARD0078,P00012,5541,1652.91,IN,2026-08-21 07:05:46,ONLINE
CRD0004265,CARD0078,P00120,5411,1539.71,IN,2026-09-09 15:22:02,POS2385
CRD0004268,CARD0078,P00012,5541,7744.43,IN,2026-08-10 17:09:05,ONLINE
CRD0004271,CARD0078,P00169,5411,1364.97,IN,2026-09-04 11:35:43,ONLINE
CRD0004275,CARD0078,P00120,5411,550.08,IN,2026-08-31 17:20:43,POS7859
CRD0004278,CARD0078,P00015,4722,3975.37,IN,2026-07-22 14:40:35,POS5204
CRD0004279,CARD0078,P00302,7832,1457.62,IN,2026-07-19 11:56:10,POS5405
CRD0004283,CARD0078,P00384,6513,6178.04,IN,2026-08-08 18:00:27,ONLINE
CRD0004286,CARD0078,P00363,5541,1360.04,IN,2026-07-04 10:50:02,ONLINE
CRD0004292,CARD0078,P00015,4722,3437.84,IN,2026-09-07 16:26:01,ONLINE
CRD0004297,CARD0078,P00291,5812,1427.16,IN,2026-08-13 16:15:09,ONLINE
CRD0004313,CARD0079,P00069,5311,9549.72,IN,2026-07-29 05:47:29,ONLINE
CRD0004320,CARD0079,P00381,5411,3421.34,IN,2026-08-31 11:24:55,ONLINE
CRD0004321,CARD0079,P00032,5812,2624.96,IN,2026-07-20 21:54:32,ONLINE
CRD0004325,CARD0079,P00069,5311,6212.17,IN,2026-07-11 13:39:35,ONLINE
CRD0004334,CARD0079,P00381,5411,2372.63,IN,2026-08-15 10:52:49,ONLINE
CRD0004339,CARD0079,P00118,4722,9576.65,IN,2026-08-08 12:22:28,POS6954
CRD0004346,CARD0079,P00076,5411,4265.47,IN,2026-07-30 14:43:24,ONLINE
CRD0004357,CARD0080,P00131,5411,657.08,IN,2026-09-11 14:40:20,POS4046
CRD0004358,CARD0080,P00219,5411,1040.53,IN,2026-07-30 08:47:02,POS6302
CRD0004362,CARD0080,P00222,5812,724.95,IN,2026-09-13 10:04:03,ONLINE
CRD0004364,CARD0080,P00219,5411,792.43,IN,2026-09-13 11:17:52,POS3085
CRD0004368,CARD0080,P00141,4900,5196.35,IN,2026-08-20 16:50:47,POS3096
CRD0004369,CARD0080,P00222,5812,741.98,IN,2026-07-15 12:00:48,ONLINE
CRD0004370,CARD0080,P00331,7832,568.62,IN,2026-07-24 20:10:34,POS2302
CRD0004372,CARD0080,P00141,4900,6398.16,IN,2026-08-13 19:15:51,POS4631
CRD0004374,CARD0080,P00219,5411,2576.74,IN,2026-08-12 19:55:11,ONLINE
CRD0004378,CARD0080,P00204,4900,3728.81,IN,2026-09-12 19:27:44,POS6152
CRD0004381,CARD0080,P00331,7832,719.13,IN,2026-07-02 14:18:58,ONLINE
CRD0004382,CARD0080,P00331,7832,771.12,IN,2026-08-01 16:50:47,POS8500
CRD0004389,CARD0080,P00141,4900,5027.4,IN,2026-08-06 18:10:31,ONLINE
CRD0004392,CARD0080,P00092,5411,3484.95,IN,2026-07-31 09:40:08,POS9203
CRD0004397,CARD0080,P00331,7832,969.98,IN,2026-08-19 14:08:58,ONLINE
CRD0004398,CARD0080,P00331,7832,1498.94,IN,2026-07-27 09:53:58,ONLINE
CRD0004400,CARD0080,P00269,4900,5401.92,IN,2026-07-24 20:38:32,POS5801
CRD0004407,CARD0081,P00291,5812,259.22,IN,2026-09-01 15:47:23,ONLINE
CRD0004408,CARD0081,P00290,5812,1592.82,IN,2026-08-26 09:51:40,ONLINE
CRD0004409,CARD0081,P00206,5541,988.68,IN,2026-08-03 10:31:56,POS8184
CRD0004415,CARD0081,P00045,5311,2342.32,IN,2026-07-31 04:41:47,POS3562
CRD0004420,CARD0081,P00290,5812,1086.32,IN,2026-08-26 16:13:59,POS6138
CRD0004423,CARD0081,P00254,6012,1625.12,IN,2026-08-18 18:33:41,ONLINE
CRD0004437,CARD0081,P00316,5311,2974.39,IN,2026-07-29 22:29:58,ONLINE
CRD0004439,CARD0081,P00047,6012,1359.88,IN,2026-08-08 16:01:38,POS3681
CRD0004440,CARD0081,P00208,6012,1587.4,IN,2026-08-06 17:10:33,ONLINE
CRD0004441,CARD0081,P00333,5812,947.94,IN,2026-07-16 19:05:45,ONLINE
CRD0004445,CARD0081,P00208,6012,2605.0,IN,2026-09-10 13:40:38,POS2672
CRD0004450,CARD0081,P00316,5311,3403.71,IN,2026-08-03 22:56:33,POS4609
CRD0004461,CARD0082,P00134,5541,2476.08,IN,2026-07-29 11:10:28,POS7661
CRD0004475,CARD0082,P00122,8011,2589.23,IN,2026-08-31 08:50:43,ONLINE
CRD0004477,CARD0082,P00134,5541,2111.21,IN,2026-08-29 13:32:58,ONLINE
CRD0004484,CARD0082,P00146,5411,1292.21,IN,2026-08-01 21:52:16,ONLINE
CRD0004485,CARD0082,P00218,5812,1096.16,IN,2026-07-27 13:03:11,ONLINE
CRD0004489,CARD0082,P00352,4814,1230.37,IN,2026-09-01 14:18:24,POS3813
CRD0004490,CARD0082,P00342,5311,3885.3,IN,2026-07-21 18:00:39,POS5970
CRD0004494,CARD0082,P00048,5812,262.52,IN,2026-07-05 14:41:06,ONLINE
CRD0004496,CARD0082,P00301,5812,1253.66,IN,2026-07-20 20:17:25,POS9988
CRD0004497,CARD0082,P00048,5812,264.54,IN,2026-08-29 20:45:36,ONLINE
CRD0004502,CARD0082,P00352,4814,1043.69,IN,2026-08-24 04:55:03,POS6417
CRD0004508,CARD0082,P00386,6012,2389.16,IN,2026-08-02 08:13:47,POS2224
CRD0004509,CARD0082,P00048,5812,1510.86,IN,2026-08-22 21:41:13,ONLINE
CRD0004517,CARD0083,P00199,5812,663.91,IN,2026-07-06 07:23:08,ONLINE
CRD0004518,CARD0083,P00199,5812,2457.64,IN,2026-07-09 21:50:25,ONLINE
CRD0004524,CARD0083,P00087,5812,274.49,IN,2026-08-15 09:14:52,POS4204
CRD0004525,CARD0083,P00169,5411,1312.92,IN,2026-09-08 18:12:17,ONLINE
CRD0004526,CARD0083,P00168,5411,584.32,IN,2026-07-14 16:37:58,POS8516
CRD0004527,CARD0083,P00003,4814,808.69,IN,2026-08-27 12:44:41,ONLINE
CRD0004531,CARD0083,P00284,6012,833.34,IN,2026-07-23 09:53:19,POS1825
CRD0004546,CARD0083,P00190,4814,723.71,IN,2026-07-13 09:19:22,ONLINE
CRD0004552,CARD0083,P00199,5812,1332.88,IN,2026-07-10 15:41:52,POS2514
CRD0004553,CARD0083,P00201,4722,3980.79,IN,2026-07-17 09:58:09,ONLINE
CRD0004554,CARD0083,P00155,7832,2084.87,IN,2026-08-27 14:54:44,POS8487
CRD0004555,CARD0083,P00351,4814,439.3,IN,2026-07-01 20:59:52,POS2036
CRD0004557,CARD0083,P00155,7832,1472.84,IN,2026-07-03 19:56:38,ONLINE
CRD0004558,CARD0083,P00284,6012,1471.78,IN,2026-08-05 05:08:50,POS1551
CRD0004560,CARD0083,P00260,5311,2969.71,IN,2026-07-28 07:56:20,POS4996
CRD0004562,CARD0083,P00076,5411,716.1,IN,2026-07-05 22:12:12,ONLINE
CRD0004571,CARD0083,P00284,6012,795.32,IN,2026-07-09 17:25:34,ONLINE
CRD0004573,CARD0083,P00163,5411,896.97,IN,2026-07-10 18:29:30,ONLINE
CRD0004578,CARD0083,P00168,5411,1398.35,IN,2026-07-28 14:44:52,ONLINE
CRD0004580,CARD0083,P00168,5411,2110.86,IN,2026-07-29 07:34:55,ONLINE
CRD0004584,CARD0083,P00168,5411,2619.35,IN,2026-07-06 22:02:02,POS8438
CRD0004585,CARD0083,P00266,5541,1788.5,IN,2026-08-16 07:57:57,POS3112
CRD0004586,CARD0083,P00284,6012,4463.05,IN,2026-08-31 19:48:16,POS9534
CRD0004590,CARD0084,P00032,5812,2955.4,IN,2026-09-11 17:18:43,POS6462
CRD0004595,CARD0084,P00046,6012,5387.51,IN,2026-07-12 15:34:39,POS1742
CRD0004609,CARD0084,P00231,4814,4687.74,IN,2026-08-15 08:33:03,ONLINE
CRD0004613,CARD0084,P00224,5812,2543.07,IN,2026-07-31 16:57:10,POS3151
CRD0004614,CARD0084,P00089,4722,8519.62,IN,2026-08-28 19:41:34,ONLINE
CRD0004615,CARD0084,P00266,5541,3507.92,IN,2026-07-05 13:00:04,ONLINE
CRD0004616,CARD0084,P00224,5812,2827.26,IN,2026-07-09 10:12:44,POS8259
CRD0004619,CARD0084,P00224,5812,3480.1,IN,2026-07-18 23:18:35,POS9039
CRD0004629,CARD0085,P00346,5541,2496.24,IN,2026-07-23 18:44:43,ONLINE
CRD0004631,CARD0085,P00199,5812,580.84,IN,2026-09-11 18:58:50,ONLINE
CRD0004632,CARD0085,P00312,5411,2258.71,IN,2026-07-20 11:14:57,ONLINE
CRD0004644,CARD0085,P00359,5411,7078.87,IN,2026-09-06 19:18:18,POS8541
CRD0004646,CARD0085,P00068,5411,2681.06,IN,2026-07-30 18:23:42,POS1421
CRD0004658,CARD0085,P00199,5812,891.37,IN,2026-07-31 14:04:20,POS6911
CRD0004662,CARD0085,P00235,4722,25071.64,IN,2026-08-07 10:30:19,ONLINE
CRD0004663,CARD0085,P00235,4722,5825.3,IN,2026-07-12 11:32:43,POS6230
CRD0004668,CARD0085,P00244,5541,1431.97,IN,2026-07-19 09:41:10,ONLINE
CRD0004670,CARD0085,P00312,5411,2687.46,IN,2026-07-28 13:40:20,POS8879
CRD0004671,CARD0085,P00235,4722,5716.4,IN,2026-09-01 21:15:18,POS3615
CRD0004681,CARD0086,P00383,5812,83.89,IN,2026-09-07 09:32:46,ONLINE
CRD0004682,CARD0086,P00142,6012,618.62,IN,2026-08-15 21:51:09,ONLINE
CRD0004684,CARD0086,P00163,5411,866.38,IN,2026-07-14 17:40:29,POS8281
CRD0004687,CARD0086,P00036,5411,837.41,IN,2026-08-05 19:54:41,ONLINE
CRD0004691,CARD0086,P00197,6012,2957.69,IN,2026-07-13 13:22:13,ONLINE
CRD0004692,CARD0086,P00396,5411,780.09,IN,2026-07-15 19:36:10,POS3936
CRD0004696,CARD0086,P00056,5812,869.52,IN,2026-08-31 20:28:10,POS1389
CRD0004698,CARD0086,P00056,5812,535.53,IN,2026-07-21 20:08:21,POS7370
CRD0004699,CARD0086,P00117,5411,499.64,IN,2026-09-04 20:22:16,POS3900
CRD0004700,CARD0086,P00056,5812,985.2,IN,2026-09-01 12:19:37,ONLINE
CRD0004708,CARD0086,P00215,4722,1596.88,IN,2026-07-30 12:40:34,ONLINE
CRD0004710,CARD0086,P00056,5812,258.65,IN,2026-08-26 09:46:54,ONLINE
CRD0004711,CARD0086,P00248,4900,895.75,IN,2026-07-22 12:20:33,POS4679
CRD0004712,CARD0086,P00252,5411,337.53,IN,2026-08-07 19:08:12,POS2205
CRD0004720,CARD0086,P00142,6012,1102.06,IN,2026-08-18 21:21:28,POS7507
CRD0004721,CARD0086,P00252,5411,652.05,IN,2026-07-29 09:24:50,ONLINE
CRD0004725,CARD0086,P00056,5812,129.73,IN,2026-08-31 08:56:23,POS3700
CRD0004728,CARD0086,P00142,6012,1230.99,IN,2026-07-14 16:58:07,ONLINE
CRD0004737,CARD0087,P00257,6012,1273.06,IN,2026-07-17 15:24:04,ONLINE
CRD0004738,CARD0087,P00381,5411,2241.25,IN,2026-09-11 11:15:32,ONLINE
CRD0004739,CARD0087,P00258,5812,542.53,IN,2026-09-10 15:33:32,POS9494
CRD0004741,CARD0087,P00004,5411,2632.7,IN,2026-08-06 22:44:52,POS3957
CRD0004743,CARD0087,P00258,5812,614.81,IN,2026-07-28 17:15:19,POS1311
CRD0004746,CARD0087,P00059,6012,4667.21,IN,2026-09-09 17:22:55,POS9146
CRD0004753,CARD0087,P00317,5812,216.84,IN,2026-08-06 07:54:17,ONLINE
CRD0004755,CARD0087,P00123,5812,952.13,IN,2026-08-06 13:49:58,POS6109
CRD0004758,CARD0087,P00123,5812,788.57,IN,2026-08-26 14:03:08,ONLINE
CRD0004759,CARD0087,P00059,6012,2712.89,IN,2026-08-14 14:32:08,POS6285
CRD0004765,CARD0087,P00115,5411,851.33,IN,2026-07-20 12:23:38,ONLINE
CRD0004770,CARD0087,P00317,5812,1444.27,IN,2026-09-04 13:59:47,POS3913
CRD0004772,CARD0087,P00220,8011,495.75,IN,2026-07-21 14:19:31,POS1359
CRD0004776,CARD0087,P00258,5812,744.1,IN,2026-09-06 18:22:09,ONLINE
CRD0004781,CARD0087,P00123,5812,1786.32,IN,2026-08-14 10:54:38,ONLINE
CRD0004793,CARD0087,P00123,5812,410.49,IN,2026-09-04 08:46:10,POS3466
CRD0004799,CARD0087,P00207,5411,1799.53,IN,2026-09-05 14:04:02,ONLINE
CRD0004803,CARD0088,P00319,6012,1748.42,IN,2026-07-25 09:24:36,POS1095
CRD0004806,CARD0088,P00319,6012,4310.45,IN,2026-08-24 18:07:24,POS7135
CRD0004809,CARD0088,P00167,5812,731.56,IN,2026-08-04 21:05:00,ONLINE
CRD0004813,CARD0088,P00164,6513,9629.79,IN,2026-07-05 20:21:04,ONLINE
CRD0004820,CARD0088,P00310,5411,4117.92,IN,2026-09-09 17:06:00,ONLINE
CRD0004822,CARD0088,P00257,6012,4140.67,IN,2026-08-22 14:01:14,ONLINE
CRD0004830,CARD0088,P00323,4722,3360.26,IN,2026-07-22 20:33:25,ONLINE
CRD0004831,CARD0088,P00112,5411,3484.2,IN,2026-09-02 09:59:16,POS5522
CRD0004833,CARD0088,P00112,5411,2604.95,IN,2026-08-26 12:26:37,POS5850
CRD0004834,CARD0088,P00112,5411,2361.04,IN,2026-07-02 12:53:12,POS2523
CRD0004838,CARD0088,P00112,5411,2850.82,IN,2026-09-05 10:06:13,ONLINE
CRD0004841,CARD0088,P00167,5812,3769.71,IN,2026-08-15 08:13:45,POS5239
CRD0004843,CARD0088,P00112,5411,1497.17,IN,2026-07-04 11:15:51,ONLINE
CRD0004846,CARD0088,P00319,6012,3285.35,IN,2026-07-15 16:00:54,ONLINE
CRD0004857,CARD0088,P00310,5411,5015.92,IN,2026-08-25 17:52:49,POS7782
CRD0004868,CARD0089,P00304,5541,4031.72,IN,2026-07-17 18:01:46,ONLINE
CRD0004873,CARD0089,P00270,4722,7671.08,IN,2026-08-18 20:05:12,POS8359
CRD0004878,CARD0089,P00317,5812,1115.13,IN,2026-07-29 23:34:57,ONLINE
CRD0004881,CARD0089,P00304,5541,3454.96,IN,2026-09-03 07:23:24,ONLINE
CRD0004882,CARD0089,P00255,5311,5505.73,IN,2026-08-31 09:18:01,POS2235
CRD0004886,CARD0089,P00356,4814,915.75,IN,2026-07-12 14:13:45,POS3841
CRD0004888,CARD0089,P00304,5541,2586.33,IN,2026-08-10 18:55:46,ONLINE
CRD0004889,CARD0089,P00246,5411,1434.59,IN,2026-08-16 08:25:07,POS3790
CRD0004891,CARD0089,P00044,5411,2506.81,IN,2026-09-03 21:07:54,ONLINE
CRD0004901,CARD0089,P00304,5541,6661.28,IN,2026-09-03 12:57:37,ONLINE
CRD0004903,CARD0089,P00051,6012,2806.96,IN,2026-07-03 08:07:07,ONLINE
CRD0004911,CARD0089,P00118,4722,37051.14,IN,2026-07-08 11:45:35,POS4304
CRD0004914,CARD0089,P00317,5812,1430.09,IN,2026-09-04 14:23:54,ONLINE
CRD0004923,CARD0090,P00279,5812,469.11,IN,2026-08-13 08:32:26,POS7287
CRD0004927,CARD0090,P00031,6012,2634.47,IN,2026-08-04 06:30:51,POS3493
CRD0004930,CARD0090,P00214,6012,2303.66,IN,2026-08-12 11:14:09,ONLINE
CRD0004933,CARD0090,P00260,5311,5810.49,IN,2026-09-12 22:00:31,ONLINE
CRD0004935,CARD0090,P00260,5311,3132.3,IN,2026-07-08 20:44:43,ONLINE
CRD0004936,CARD0090,P00031,6012,1585.59,IN,2026-08-21 12:17:58,ONLINE
CRD0004938,CARD0090,P00279,5812,428.01,IN,2026-07-30 17:37:49,POS4954
CRD0004944,CARD0090,P00219,5411,870.68,IN,2026-08-26 11:08:22,ONLINE
CRD0004951,CARD0090,P00118,4722,9864.3,IN,2026-07-13 08:15:42,POS8414
CRD0004954,CARD0090,P00191,6513,4944.12,IN,2026-07-06 13:36:45,POS6365
CRD0004961,CARD0090,P00014,6012,1667.36,IN,2026-08-30 18:09:01,ONLINE
CRD0004972,CARD0091,P00320,4900,2549.11,IN,2026-09-01 16:34:57,ONLINE
CRD0004978,CARD0091,P00353,5311,6114.37,IN,2026-08-22 07:21:39,POS6952
CRD0004981,CARD0091,P00178,8011,3585.62,IN,2026-07-19 21:55:39,POS4182
CRD0004988,CARD0091,P00081,5411,2310.38,IN,2026-09-08 20:41:00,ONLINE
CRD0004997,CARD0092,P00329,8011,1670.46,IN,2026-07-31 13:43:46,ONLINE
CRD0004999,CARD0092,P00151,6513,14728.4,IN,2026-08-17 22:15:25,POS7084
CRD0005000,CARD0092,P00220,8011,3183.48,IN,2026-08-03 11:40:26,POS2944
CRD0005001,CARD0092,P00328,5311,49113.93,IN,2026-09-07 20:45:36,ONLINE
CRD0005006,CARD0092,P00329,8011,5095.06,IN,2026-08-20 19:08:28,ONLINE
CRD0005007,CARD0092,P00328,5311,13189.41,IN,2026-07-18 21:18:16,ONLINE
CRD0005009,CARD0092,P00110,7832,1624.98,IN,2026-07-21 16:29:22,ONLINE
CRD0005010,CARD0092,P00393,5411,2574.34,IN,2026-08-08 14:53:09,ONLINE
CRD0005012,CARD0092,P00069,5311,2794.6,IN,2026-08-22 20:44:57,POS2605
CRD0005014,CARD0092,P00184,5812,1265.05,IN,2026-08-04 15:39:50,ONLINE
CRD0005016,CARD0092,P00110,7832,1466.27,IN,2026-08-09 12:48:08,POS2316
CRD0005022,CARD0092,P00220,8011,3867.4,IN,2026-07-24 20:31:40,POS4213
CRD0005029,CARD0092,P00304,5541,5163.13,IN,2026-07-23 15:07:53,ONLINE
CRD0005032,CARD0092,P00314,7832,1233.29,IN,2026-08-13 16:06:00,ONLINE
CRD0005038,CARD0093,P00005,4814,5966.7,IN,2026-08-11 10:37:26,POS1904
CRD0005039,CARD0093,P00251,5411,2475.28,IN,2026-08-16 06:23:21,POS4314
CRD0005044,CARD0093,P00385,6012,39476.88,IN,2026-09-09 12:28:25,POS3496
CRD0005048,CARD0093,P00159,5541,1973.73,IN,2026-08-15 11:26:10,ONLINE
CRD0005052,CARD0093,P00002,6012,3360.86,IN,2026-08-25 10:33:52,ONLINE
CRD0005058,CARD0093,P00365,6012,42847.25,IN,2026-08-25 13:59:25,POS4952
CRD0005062,CARD0093,P00241,5411,5782.19,IN,2026-08-19 19:39:25,ONLINE
CRD0005064,CARD0093,P00211,7832,2269.22,IN,2026-08-07 18:40:55,POS6201
CRD0005069,CARD0093,P00081,5411,5556.19,IN,2026-07-15 18:48:13,POS3437
CRD0005070,CARD0093,P00285,4900,28391.42,IN,2026-07-03 21:16:05,ONLINE
CRD0005071,CARD0093,P00211,7832,5242.32,IN,2026-07-24 21:52:44,POS1010
CRD0005075,CARD0093,P00159,5541,7099.6,IN,2026-08-16 22:44:20,ONLINE
CRD0005077,CARD0093,P00365,6012,7844.52,IN,2026-07-27 07:01:07,POS4078
CRD0005095,CARD0094,P00268,5541,1175.39,IN,2026-07-21 19:42:35,POS6861
CRD0005099,CARD0094,P00099,5411,926.88,IN,2026-08-15 23:19:15,ONLINE
CRD0005101,CARD0094,P00115,5411,888.48,IN,2026-08-04 20:01:09,POS1059
CRD0005102,CARD0094,P00060,7832,1114.98,IN,2026-08-06 17:19:02,ONLINE
CRD0005107,CARD0094,P00048,5812,194.19,IN,2026-07-26 13:54:20,ONLINE
CRD0005108,CARD0094,P00227,4814,2110.88,IN,2026-08-30 19:27:07,POS6951
CRD0005120,CARD0094,P00158,5311,3117.23,IN,2026-08-18 16:52:07,POS7085
CRD0005121,CARD0094,P00240,6012,1256.37,IN,2026-07-27 17:27:01,POS8496
CRD0005144,CARD0095,P00011,6012,3312.02,IN,2026-07-02 13:05:48,POS3369
CRD0005145,CARD0095,P00216,7832,492.23,IN,2026-07-13 08:39:51,POS5260
CRD0005147,CARD0095,P00134,5541,731.16,IN,2026-07-25 16:58:31,POS5937
CRD0005149,CARD0095,P00048,5812,504.59,IN,2026-07-01 16:44:06,ONLINE
CRD0005153,CARD0095,P00220,8011,1890.26,IN,2026-07-11 14:25:21,POS3290
CRD0005158,CARD0095,P00220,8011,748.89,IN,2026-07-02 09:39:20,ONLINE
CRD0005161,CARD0095,P00221,5812,221.27,IN,2026-07-12 15:17:41,POS7753
CRD0005164,CARD0095,P00065,5541,952.55,IN,2026-08-28 14:22:30,ONLINE
CRD0005165,CARD0095,P00397,5311,2022.08,IN,2026-08-26 09:13:06,ONLINE
CRD0005168,CARD0095,P00011,6012,2108.34,IN,2026-07-26 12:40:04,POS5824
CRD0005170,CARD0095,P00092,5411,1737.81,IN,2026-09-08 21:01:47,ONLINE
CRD0005176,CARD0095,P00092,5411,1224.96,IN,2026-09-08 10:17:05,POS6365
CRD0005178,CARD0095,P00043,5311,2210.29,IN,2026-08-02 20:44:41,ONLINE
CRD0005192,CARD0095,P00220,8011,853.21,IN,2026-08-19 20:22:37,POS7891
CRD0005197,CARD0095,P00043,5311,1181.18,IN,2026-07-12 11:02:40,ONLINE
CRD0005201,CARD0096,P00375,5812,399.51,IN,2026-07-20 19:23:38,ONLINE
CRD0005205,CARD0096,P00239,5411,2694.27,IN,2026-08-14 20:45:27,POS4347
CRD0005210,CARD0096,P00239,5411,1663.94,IN,2026-07-21 18:12:46,ONLINE
CRD0005216,CARD0096,P00097,5541,830.1,IN,2026-09-05 10:02:08,ONLINE
CRD0005219,CARD0096,P00134,5541,1249.62,IN,2026-07-17 09:35:30,POS5712
CRD0005220,CARD0096,P00097,5541,2669.37,IN,2026-07-28 10:43:35,POS2721
CRD0005221,CARD0096,P00191,6513,6446.46,IN,2026-07-21 21:04:03,POS4013
CRD0005226,CARD0097,P00028,5411,1680.81,IN,2026-09-01 18:57:41,ONLINE
CRD0005230,CARD0097,P00057,5812,216.78,IN,2026-09-08 10:52:29,ONLINE
CRD0005231,CARD0097,P00057,5812,590.78,IN,2026-07-27 06:41:39,POS5066
CRD0005242,CARD0097,P00073,6012,2578.39,IN,2026-08-17 17:17:14,POS4047
CRD0005244,CARD0097,P00073,6012,1876.16,IN,2026-09-03 13:35:01,POS7743
CRD0005246,CARD0097,P00102,4722,2297.53,IN,2026-07-08 09:27:13,ONLINE
CRD0005250,CARD0097,P00057,5812,818.15,IN,2026-09-01 14:07:28,POS8831
CRD0005258,CARD0097,P00102,4722,1549.67,IN,2026-07-16 18:48:12,ONLINE
CRD0005259,CARD0097,P00126,4722,2346.47,IN,2026-07-02 18:09:54,POS8570
CRD0005267,CARD0098,P00101,5311,1841.36,IN,2026-09-13 15:33:00,POS8584
CRD0005270,CARD0098,P00228,5541,3057.69,IN,2026-09-07 08:23:48,ONLINE
CRD0005275,CARD0098,P00132,4900,1636.71,IN,2026-07-26 18:14:00,POS9358
CRD0005276,CARD0098,P00141,4900,683.9,IN,2026-09-04 19:38:28,POS4288
CRD0005278,CARD0098,P00240,6012,2025.51,IN,2026-07-06 02:54:27,POS9015
CRD0005280,CARD0098,P00101,5311,1738.23,IN,2026-07-13 18:38:16,ONLINE
CRD0005284,CARD0098,P00298,4814,510.56,IN,2026-08-10 09:40:49,POS4305
CRD0005289,CARD0099,P00079,5541,2262.99,IN,2026-08-27 15:05:53,ONLINE
CRD0005293,CARD0099,P00342,5311,866.65,IN,2026-08-14 20:01:59,ONLINE
CRD0005298,CARD0099,P00069,5311,536.5,IN,2026-07-23 21:03:56,POS9155
CRD0005304,CARD0099,P00184,5812,135.01,IN,2026-08-30 12:12:48,ONLINE
CRD0005308,CARD0099,P00376,5812,484.94,IN,2026-07-16 01:50:46,ONLINE
CRD0005310,CARD0099,P00325,4722,3474.17,IN,2026-07-14 14:32:09,ONLINE
CRD0005315,CARD0099,P00171,5411,519.57,IN,2026-07-30 18:37:10,POS9662
CRD0005326,CARD0099,P00342,5311,692.52,IN,2026-07-25 14:55:29,ONLINE
CRD0005327,CARD0099,P00220,8011,532.57,IN,2026-07-08 19:25:00,ONLINE
CRD0005330,CARD0099,P00096,7832,1036.52,IN,2026-07-29 18:56:37,ONLINE
CRD0005336,CARD0099,P00069,5311,815.37,IN,2026-07-16 07:11:31,ONLINE
CRD0005337,CARD0099,P00166,5411,626.4,IN,2026-08-16 08:57:24,ONLINE
CRD0005349,CARD0099,P00220,8011,799.15,IN,2026-09-03 14:28:55,POS2727
CRD0005354,CARD0100,P00199,5812,422.97,IN,2026-08-06 13:31:17,POS8366
CRD0005355,CARD0100,P00238,5812,1019.62,IN,2026-07-31 19:48:05,POS8668
CRD0005358,CARD0100,P00209,5411,2085.85,IN,2026-07-26 08:06:57,ONLINE
CRD0005360,CARD0100,P00209,5411,1036.32,IN,2026-07-12 21:06:34,POS7938
CRD0005361,CARD0100,P00254,6012,6062.02,IN,2026-07-13 13:07:59,ONLINE
CRD0005363,CARD0100,P00209,5411,3356.09,IN,2026-07-01 07:43:54,ONLINE
CRD0005365,CARD0100,P00175,5311,3406.08,IN,2026-07-03 20:21:05,ONLINE
CRD0005373,CARD0100,P00010,5812,1399.9,IN,2026-08-08 09:08:14,POS6697
CRD0005375,CARD0100,P00300,6012,6566.8,IN,2026-08-11 16:05:16,POS5190
CRD0005376,CARD0100,P00199,5812,518.78,IN,2026-09-06 20:57:24,ONLINE
CRD0005378,CARD0100,P00010,5812,660.54,IN,2026-08-02 22:10:16,POS4914
CRD0005379,CARD0100,P00199,5812,271.76,IN,2026-07-21 17:11:17,POS6920
CRD0005381,CARD0100,P00174,5812,1381.96,IN,2026-08-06 12:55:40,POS3961
CRD0005390,CARD0101,P00194,4814,3374.05,IN,2026-08-17 19:00:51,ONLINE
CRD0005391,CARD0101,P00182,4722,17516.46,IN,2026-09-11 19:19:02,POS6046
CRD0005392,CARD0101,P00056,5812,2074.67,IN,2026-07-20 13:10:58,POS7938
CRD0005397,CARD0101,P00355,4814,2509.78,IN,2026-09-09 16:17:16,ONLINE
CRD0005399,CARD0101,P00236,5411,5480.23,IN,2026-07-26 09:42:25,POS2207
CRD0005409,CARD0101,P00094,6012,1308.39,IN,2026-08-10 22:45:44,POS2430
CRD0005415,CARD0101,P00143,5411,1348.04,IN,2026-08-02 10:46:50,POS8994
CRD0005416,CARD0101,P00191,6513,17185.36,IN,2026-08-24 15:01:21,ONLINE
CRD0005417,CARD0101,P00318,6513,5604.92,IN,2026-07-23 15:54:27,POS2945
CRD0005418,CARD0101,P00194,4814,1938.33,IN,2026-08-17 14:27:21,POS4272
CRD0005420,CARD0101,P00191,6513,33137.32,IN,2026-08-07 17:06:15,ONLINE
CRD0005423,CARD0101,P00145,5411,7750.75,IN,2026-08-28 19:10:19,POS4081
CRD0005427,CARD0102,P00215,4722,3419.18,IN,2026-07-15 17:53:06,POS8953
CRD0005428,CARD0102,P00346,5541,1539.43,IN,2026-07-27 11:27:28,ONLINE
CRD0005431,CARD0102,P00377,5311,1385.44,IN,2026-08-31 13:08:25,ONLINE
CRD0005434,CARD0102,P00346,5541,3520.44,IN,2026-09-08 20:17:09,POS8708
CRD0005436,CARD0102,P00327,5541,3377.18,IN,2026-08-02 12:09:53,ONLINE
CRD0005438,CARD0102,P00259,6513,9662.51,IN,2026-09-01 07:45:26,POS6085
CRD0005442,CARD0102,P00385,6012,3149.36,IN,2026-09-04 14:52:53,POS6261
CRD0005443,CARD0102,P00347,7832,2066.1,IN,2026-07-15 19:04:51,ONLINE
CRD0005458,CARD0102,P00256,4900,2058.04,IN,2026-08-28 14:10:21,POS9856
CRD0005459,CARD0102,P00164,6513,2940.33,IN,2026-08-05 06:02:36,ONLINE
CRD0005463,CARD0102,P00164,6513,5662.97,IN,2026-09-05 11:46:43,ONLINE
CRD0005467,CARD0102,P00025,5311,6657.5,IN,2026-08-17 13:25:07,POS2112
CRD0005470,CARD0102,P00170,6012,2627.6,IN,2026-08-31 15:58:29,POS7010
CRD0005476,CARD0103,P00342,5311,8682.79,IN,2026-09-13 22:38:13,ONLINE
CRD0005478,CARD0103,P00087,5812,1950.18,IN,2026-07-29 17:43:00,POS5709
CRD0005484,CARD0103,P00307,5311,18709.59,IN,2026-08-26 20:21:34,POS6160
CRD0005492,CARD0103,P00003,4814,586.68,IN,2026-07-01 12:54:02,ONLINE
CRD0005505,CARD0103,P00103,5311,8166.48,IN,2026-07-12 08:23:35,ONLINE
CRD0005506,CARD0103,P00257,6012,5622.24,IN,2026-07-24 14:38:30,POS9735
CRD0005509,CARD0103,P00257,6012,6619.29,IN,2026-08-17 16:08:45,ONLINE
CRD0005517,CARD0104,P00285,4900,2813.95,IN,2026-08-03 09:25:25,ONLINE
CRD0005521,CARD0104,P00072,5812,395.29,IN,2026-07-20 12:18:20,POS4588
CRD0005526,CARD0104,P00072,5812,545.52,IN,2026-08-18 11:01:21,ONLINE
CRD0005528,CARD0104,P00256,4900,1877.72,IN,2026-09-07 16:17:04,POS1393
CRD0005531,CARD0104,P00034,5812,1129.89,IN,2026-08-30 19:56:59,POS9148
CRD0005532,CARD0104,P00072,5812,2518.11,IN,2026-07-09 18:30:23,POS9660
CRD0005545,CARD0104,P00275,5541,10535.48,IN,2026-07-06 17:53:27,ONLINE
CRD0005546,CARD0104,P00034,5812,896.86,IN,2026-08-06 08:24:50,POS7382
CRD0005550,CARD0104,P00285,4900,10702.22,IN,2026-09-11 09:30:23,POS2531
CRD0005552,CARD0104,P00256,4900,2303.42,IN,2026-07-16 18:55:10,POS7858
CRD0005558,CARD0104,P00275,5541,1036.58,IN,2026-08-21 17:49:06,POS8700
CRD0005563,CARD0104,P00256,4900,2223.94,IN,2026-07-23 13:11:23,POS6554
CRD0005569,CARD0104,P00052,5311,4963.48,IN,2026-07-09 13:11:44,POS5125
CRD0005575,CARD0105,P00143,5411,1785.74,IN,2026-09-02 18:20:07,POS6747
CRD0005583,CARD0105,P00192,5311,4272.11,IN,2026-09-06 10:30:15,ONLINE
CRD0005593,CARD0105,P00184,5812,2414.22,IN,2026-08-27 21:54:56,POS8993
CRD0005597,CARD0105,P00253,4814,2223.91,IN,2026-08-07 19:46:23,POS4170
CRD0005601,CARD0105,P00003,4814,663.9,IN,2026-09-04 09:02:42,POS9753
CRD0005606,CARD0105,P00234,6012,2271.87,IN,2026-07-13 11:09:00,ONLINE
CRD0005607,CARD0105,P00192,5311,1397.57,IN,2026-08-16 19:02:43,POS2962
CRD0005609,CARD0105,P00003,4814,890.4,IN,2026-07-12 02:06:39,POS5693
CRD0005614,CARD0105,P00366,5812,1280.44,IN,2026-08-24 15:59:51,ONLINE
CRD0005633,CARD0105,P00253,4814,707.45,IN,2026-07-19 16:06:48,POS7229
CRD0005636,CARD0105,P00033,6513,29068.36,IN,2026-08-14 13:58:05,POS4070
CRD0005638,CARD0105,P00253,4814,1103.82,IN,2026-09-11 10:59:14,POS4775
CRD0005646,CARD0106,P00148,5311,5714.49,IN,2026-07-18 07:58:23,ONLINE
CRD0005662,CARD0106,P00383,5812,717.87,IN,2026-08-08 20:58:00,ONLINE
CRD0005663,CARD0106,P00273,5411,1269.95,IN,2026-07-12 18:10:57,POS5431
CRD0005664,CARD0106,P00052,5311,5090.64,IN,2026-09-03 08:22:00,ONLINE
CRD0005665,CARD0106,P00100,8011,2083.05,IN,2026-08-01 16:16:17,ONLINE
CRD0005667,CARD0106,P00058,4814,619.27,IN,2026-09-08 12:49:20,POS9546
CRD0005671,CARD0106,P00208,6012,6983.49,IN,2026-08-04 01:43:36,POS2840
CRD0005682,CARD0106,P00273,5411,2490.24,IN,2026-09-13 18:50:18,ONLINE
CRD0005683,CARD0106,P00273,5411,1151.56,IN,2026-08-02 14:05:26,ONLINE
CRD0005684,CARD0106,P00127,6012,1901.16,IN,2026-07-01 05:12:32,ONLINE
CRD0005685,CARD0106,P00075,5812,1093.98,IN,2026-09-12 12:13:38,ONLINE
CRD0005696,CARD0106,P00052,5311,3489.18,IN,2026-08-29 10:34:46,ONLINE
CRD0005700,CARD0106,P00100,8011,15718.89,IN,2026-08-14 06:37:06,ONLINE
CRD0005702,CARD0106,P00182,4722,10761.72,IN,2026-08-30 22:50:33,ONLINE
CRD0005703,CARD0106,P00127,6012,1993.38,IN,2026-09-07 09:07:01,ONLINE
CRD0005705,CARD0106,P00075,5812,904.86,IN,2026-08-17 11:59:32,POS2641
CRD0005708,CARD0106,P00105,5541,10991.97,IN,2026-08-27 15:45:12,POS1681
CRD0005712,CARD0106,P00052,5311,2037.52,IN,2026-07-20 11:59:30,ONLINE
CRD0005716,CARD0106,P00052,5311,1843.24,IN,2026-08-28 12:59:45,POS4361
CRD0005719,CARD0106,P00100,8011,1984.27,IN,2026-09-05 19:32:34,ONLINE
CRD0005722,CARD0106,P00301,5812,2110.48,IN,2026-07-04 23:59:04,POS5179
CRD0005725,CARD0106,P00151,6513,7185.36,IN,2026-07-01 09:52:45,POS9983
CRD0005726,CARD0106,P00273,5411,1011.41,IN,2026-07-05 08:55:11,ONLINE
CRD0005730,CARD0106,P00383,5812,1068.47,IN,2026-07-07 18:26:57,POS5853
CRD0005736,CARD0107,P00337,6513,8930.26,IN,2026-07-11 10:24:35,ONLINE
CRD0005739,CARD0107,P00047,6012,2043.08,IN,2026-08-09 00:20:22,POS6308
CRD0005740,CARD0107,P00195,6012,3984.42,IN,2026-08-31 06:35:45,ONLINE
CRD0005747,CARD0107,P00060,7832,2837.5,IN,2026-07-03 09:06:37,ONLINE
CRD0005749,CARD0107,P00337,6513,10550.6,IN,2026-07-03 18:25:22,POS4077
CRD0005751,CARD0107,P00261,6012,2622.14,IN,2026-07-02 14:56:00,ONLINE
CRD0005755,CARD0107,P00337,6513,5738.1,IN,2026-07-18 12:48:58,ONLINE
CRD0005756,CARD0107,P00225,5411,1516.0,IN,2026-08-03 18:22:14,ONLINE
CRD0005760,CARD0107,P00261,6012,2309.25,IN,2026-08-21 10:37:08,ONLINE
CRD0005766,CARD0107,P00047,6012,3367.21,IN,2026-07-27 20:54:32,POS9317
CRD0005769,CARD0107,P00074,4722,7926.41,IN,2026-07-19 15:38:06,POS9861
CRD0005777,CARD0107,P00060,7832,7674.04,IN,2026-07-14 19:00:12,ONLINE
CRD0005779,CARD0107,P00261,6012,698.26,IN,2026-09-12 11:18:05,ONLINE
CRD0005786,CARD0108,P00027,5311,3229.92,IN,2026-08-23 14:04:28,ONLINE
CRD0005789,CARD0108,P00237,7832,890.52,IN,2026-08-05 19:32:22,POS4281
CRD0005790,CARD0108,P00237,7832,2164.07,IN,2026-07-23 09:44:02,ONLINE
CRD0005795,CARD0108,P00027,5311,2933.34,IN,2026-07-21 10:58:13,ONLINE
CRD0005796,CARD0108,P00354,7832,1585.82,IN,2026-08-12 14:21:46,POS2027
CRD0005801,CARD0108,P00027,5311,3494.17,IN,2026-08-08 16:16:32,POS1709
CRD0005802,CARD0108,P00097,5541,1999.1,IN,2026-08-25 18:15:46,ONLINE
CRD0005813,CARD0108,P00097,5541,1398.16,IN,2026-09-11 17:42:19,POS1869
CRD0005815,CARD0108,P00195,6012,9967.19,IN,2026-09-13 21:10:08,POS2219
CRD0005816,CARD0108,P00195,6012,1735.83,IN,2026-07-10 21:02:03,POS1781
CRD0005818,CARD0108,P00377,5311,8193.59,IN,2026-09-01 23:10:23,ONLINE
CRD0005825,CARD0109,P00304,5541,7060.71,IN,2026-08-05 18:32:32,POS5660
CRD0005827,CARD0109,P00248,4900,7401.59,IN,2026-07-14 19:20:35,ONLINE
CRD0005838,CARD0109,P00275,5541,3154.69,IN,2026-08-22 11:57:06,POS8432
CRD0005841,CARD0109,P00275,5541,6123.04,IN,2026-08-21 08:39:01,ONLINE
CRD0005843,CARD0109,P00248,4900,3979.02,IN,2026-07-25 07:32:40,ONLINE
CRD0005846,CARD0109,P00152,4900,6645.74,IN,2026-08-10 09:03:07,POS9817
CRD0005852,CARD0109,P00075,5812,1209.19,IN,2026-09-03 19:17:10,POS6634
CRD0005853,CARD0109,P00264,5812,2692.53,IN,2026-07-23 08:31:42,POS5286
CRD0005855,CARD0109,P00248,4900,6152.73,IN,2026-07-24 15:47:21,POS5856
CRD0005863,CARD0109,P00275,5541,3078.77,IN,2026-08-17 20:12:59,POS5055
CRD0005867,CARD0109,P00243,6012,2589.48,IN,2026-07-20 15:42:20,POS2897
CRD0005868,CARD0109,P00264,5812,1078.95,IN,2026-08-05 12:25:25,POS9458
CRD0005871,CARD0109,P00320,4900,7611.53,IN,2026-08-13 11:47:36,POS2369
CRD0005873,CARD0109,P00306,4814,1241.11,IN,2026-07-01 08:29:18,POS7025
CRD0005874,CARD0109,P00320,4900,12403.48,IN,2026-08-17 16:02:39,POS6052
CRD0005879,CARD0109,P00306,4814,3273.94,IN,2026-08-31 06:32:13,POS7013
CRD0005880,CARD0109,P00304,5541,3132.15,IN,2026-08-16 14:07:51,ONLINE
CRD0005897,CARD0110,P00308,5812,956.51,IN,2026-08-27 10:49:35,ONLINE
CRD0005901,CARD0110,P00225,5411,1925.63,IN,2026-08-08 19:45:53,ONLINE
CRD0005902,CARD0110,P00199,5812,717.65,IN,2026-09-11 19:06:34,ONLINE
CRD0005905,CARD0110,P00077,5812,564.39,IN,2026-08-27 20:50:19,POS3107
CRD0005913,CARD0110,P00268,5541,1511.33,IN,2026-07-11 10:57:03,POS9599
CRD0005914,CARD0110,P00043,5311,6061.87,IN,2026-09-06 12:04:32,POS8679
CRD0005917,CARD0110,P00130,5411,671.15,IN,2026-09-04 14:53:27,POS6331
CRD0005925,CARD0110,P00323,4722,2000.06,IN,2026-08-18 16:12:16,ONLINE
CRD0005928,CARD0110,P00077,5812,522.48,IN,2026-09-04 15:35:50,ONLINE
CRD0005939,CARD0110,P00268,5541,1616.84,IN,2026-07-21 18:57:49,POS8734
CRD0005941,CARD0110,P00130,5411,3238.0,IN,2026-08-14 01:03:17,POS3829
CRD0005948,CARD0111,P00215,4722,9000.57,IN,2026-08-15 21:26:57,ONLINE
CRD0005954,CARD0111,P00276,7832,1521.13,IN,2026-08-27 15:36:08,POS9803
CRD0005960,CARD0111,P00195,6012,2815.09,IN,2026-08-19 17:14:25,ONLINE
CRD0005961,CARD0111,P00190,4814,1268.56,IN,2026-08-28 07:56:20,POS6789
CRD0005964,CARD0111,P00233,5411,1430.85,IN,2026-07-27 11:56:00,ONLINE
CRD0005965,CARD0111,P00190,4814,1115.21,IN,2026-08-01 17:03:35,POS9767
CRD0005967,CARD0111,P00233,5411,2411.47,IN,2026-07-26 20:50:56,ONLINE
CRD0005969,CARD0111,P00233,5411,2807.78,IN,2026-08-26 20:32:17,ONLINE
CRD0005970,CARD0111,P00168,5411,2151.6,IN,2026-08-27 21:41:13,POS8886
CRD0005975,CARD0111,P00396,5411,1513.94,IN,2026-08-16 18:57:31,ONLINE
CRD0005979,CARD0111,P00195,6012,3537.37,IN,2026-07-12 08:00:02,ONLINE
CRD0005982,CARD0111,P00190,4814,1036.21,IN,2026-07-13 01:50:54,POS7490
CRD0005990,CARD0111,P00195,6012,5528.27,IN,2026-07-29 12:24:53,POS7049
CRD0006006,CARD0111,P00168,5411,2618.09,IN,2026-09-02 14:34:54,POS2891
CRD0006016,CARD0111,P00190,4814,994.8,IN,2026-07-19 07:57:43,ONLINE
CRD0006017,CARD0111,P00215,4722,6999.39,IN,2026-07-19 19:28:49,ONLINE
CRD0006018,CARD0111,P00083,5311,2632.24,IN,2026-09-03 13:19:09,POS4521
CRD0006023,CARD0111,P00083,5311,3017.77,IN,2026-07-13 13:39:05,ONLINE
CRD0006025,CARD0111,P00215,4722,11675.62,IN,2026-07-24 20:54:26,POS7405
CRD0006026,CARD0111,P00056,5812,891.89,IN,2026-07-29 12:09:08,ONLINE
CRD0006029,CARD0111,P00190,4814,890.76,IN,2026-07-09 19:12:05,POS6380
CRD0006030,CARD0111,P00276,7832,1280.75,IN,2026-07-07 15:46:30,POS2928
CRD0006052,CARD0111,P00396,5411,1391.98,IN,2026-09-03 12:28:05,POS5799
CRD0006053,CARD0111,P00253,4814,1125.77,IN,2026-09-01 20:37:29,ONLINE
CRD0006065,CARD0112,P00078,7832,2391.0,IN,2026-08-11 18:53:17,POS6184
CRD0006068,CARD0112,P00365,6012,7201.21,IN,2026-08-22 13:32:51,POS7067
CRD0006072,CARD0112,P00117,5411,3158.62,IN,2026-08-19 08:35:45,ONLINE
CRD0006077,CARD0112,P00087,5812,248.37,IN,2026-08-07 10:57:29,ONLINE
CRD0006080,CARD0112,P00234,6012,2256.53,IN,2026-08-17 20:58:54,ONLINE
CRD0006084,CARD0112,P00011,6012,1511.69,IN,2026-07-30 12:45:54,POS6085
CRD0006085,CARD0112,P00387,4722,7607.55,IN,2026-08-05 21:23:02,ONLINE
CRD0006086,CARD0112,P00036,5411,1872.91,IN,2026-07-01 10:12:08,ONLINE
CRD0006088,CARD0112,P00002,6012,967.05,IN,2026-09-05 10:21:12,ONLINE
CRD0006089,CARD0112,P00234,6012,3578.16,IN,2026-08-25 14:12:28,POS6582
CRD0006090,CARD0112,P00036,5411,1413.55,IN,2026-08-30 11:00:14,ONLINE
CRD0006093,CARD0112,P00011,6012,4641.81,IN,2026-08-11 13:58:35,ONLINE
CRD0006096,CARD0112,P00371,5411,1740.87,IN,2026-07-10 18:28:13,POS8507
CRD0006104,CARD0113,P00392,5812,361.79,IN,2026-07-22 09:58:08,ONLINE
CRD0006106,CARD0113,P00345,4722,3458.13,IN,2026-07-16 22:22:35,POS4773
CRD0006111,CARD0113,P00044,5411,685.12,IN,2026-08-12 16:14:06,ONLINE
CRD0006119,CARD0113,P00268,5541,2160.15,IN,2026-07-05 15:31:33,POS6425
CRD0006129,CARD0113,P00173,4814,233.04,IN,2026-09-10 11:25:01,POS8853
CRD0006131,CARD0113,P00364,5411,780.9,IN,2026-08-07 12:14:24,POS1043
CRD0006133,CARD0113,P00364,5411,3383.49,IN,2026-09-07 00:57:27,POS8502
CRD0006134,CARD0113,P00294,5311,6502.0,IN,2026-07-21 20:26:19,ONLINE
CRD0006138,CARD0113,P00173,4814,370.28,IN,2026-07-04 09:38:45,POS6275
CRD0006139,CARD0113,P00210,4900,3707.4,IN,2026-07-03 08:48:32,ONLINE
CRD0006140,CARD0113,P00268,5541,328.62,IN,2026-08-16 12:29:38,ONLINE
CRD0006144,CARD0113,P00173,4814,392.48,IN,2026-08-16 09:19:07,POS9040
CRD0006154,CARD0114,P00379,4814,348.93,IN,2026-07-07 12:30:10,POS9088
CRD0006156,CARD0114,P00132,4900,4327.73,IN,2026-07-23 19:32:50,ONLINE
CRD0006158,CARD0114,P00311,5411,4347.92,IN,2026-07-21 11:43:58,ONLINE
CRD0006173,CARD0114,P00151,6513,12359.86,IN,2026-07-20 11:26:57,ONLINE
CRD0006180,CARD0114,P00004,5411,1269.87,IN,2026-08-26 12:53:42,ONLINE
CRD0006184,CARD0114,P00211,7832,790.89,IN,2026-08-12 08:52:28,ONLINE
CRD0006192,CARD0114,P00016,5411,1654.99,IN,2026-07-30 16:19:07,ONLINE
CRD0006194,CARD0114,P00292,5541,4107.13,IN,2026-07-03 18:33:19,ONLINE
CRD0006197,CARD0114,P00161,5812,1054.59,IN,2026-07-19 10:34:20,ONLINE
CRD0006198,CARD0114,P00396,5411,2392.81,IN,2026-08-16 18:26:50,ONLINE
CRD0006203,CARD0114,P00393,5411,3674.35,IN,2026-07-09 07:13:58,ONLINE
CRD0006204,CARD0114,P00296,5812,1075.63,IN,2026-07-07 23:28:21,POS3809
CRD0006206,CARD0114,P00004,5411,705.18,IN,2026-07-16 21:09:05,ONLINE
CRD0006214,CARD0115,P00306,4814,10643.08,IN,2026-07-13 14:58:05,ONLINE
CRD0006218,CARD0115,P00306,4814,4166.9,IN,2026-07-05 18:07:16,POS9088
CRD0006229,CARD0115,P00356,4814,2174.59,IN,2026-08-26 16:17:27,ONLINE
CRD0006233,CARD0115,P00306,4814,1515.8,IN,2026-07-15 14:27:15,POS5727
CRD0006236,CARD0115,P00306,4814,2028.77,IN,2026-08-31 16:55:24,POS9626
CRD0006238,CARD0115,P00312,5411,1543.5,IN,2026-08-24 08:48:35,ONLINE
CRD0006254,CARD0115,P00316,5311,15936.08,IN,2026-07-31 14:21:16,ONLINE
CRD0006257,CARD0115,P00215,4722,34710.97,IN,2026-08-03 15:36:17,ONLINE
CRD0006259,CARD0115,P00215,4722,15557.05,IN,2026-08-26 14:23:19,POS9537
CRD0006264,CARD0115,P00215,4722,24919.92,IN,2026-07-16 20:46:02,ONLINE
CRD0006266,CARD0115,P00287,4900,31426.14,IN,2026-07-24 14:44:01,POS6973
CRD0006274,CARD0115,P00312,5411,12490.37,IN,2026-07-07 07:28:55,ONLINE
CRD0006275,CARD0115,P00179,5812,3412.27,IN,2026-07-13 20:21:37,ONLINE
CRD0006280,CARD0115,P00077,5812,552.0,IN,2026-07-09 13:17:00,ONLINE
CRD0006281,CARD0115,P00312,5411,5216.8,IN,2026-09-01 11:45:51,ONLINE
CRD0006283,CARD0115,P00316,5311,11305.48,IN,2026-08-31 13:49:56,POS4602
CRD0006289,CARD0116,P00061,5411,822.48,IN,2026-07-06 15:05:45,POS6617
CRD0006290,CARD0116,P00061,5411,1526.21,IN,2026-07-29 14:15:05,POS2021
CRD0006292,CARD0116,P00006,5411,1362.6,IN,2026-08-26 13:20:48,ONLINE
CRD0006293,CARD0116,P00006,5411,1495.78,IN,2026-08-16 14:07:57,POS1464
CRD0006295,CARD0116,P00041,4722,8005.91,IN,2026-07-16 08:17:48,POS5921
CRD0006302,CARD0116,P00234,6012,1589.09,IN,2026-09-12 06:38:48,ONLINE
CRD0006303,CARD0116,P00041,4722,5017.58,IN,2026-08-22 17:01:34,POS6690
CRD0006304,CARD0116,P00001,6012,658.78,IN,2026-09-13 18:24:43,POS7395
CRD0006314,CARD0116,P00234,6012,2978.82,IN,2026-07-17 21:52:52,ONLINE
CRD0006321,CARD0117,P00027,5311,1761.6,IN,2026-07-10 15:47:09,ONLINE
CRD0006326,CARD0117,P00033,6513,7476.57,IN,2026-07-06 17:11:16,ONLINE
CRD0006330,CARD0117,P00298,4814,537.25,IN,2026-07-31 16:45:43,POS8030
CRD0006331,CARD0117,P00218,5812,2566.84,IN,2026-07-04 07:01:12,ONLINE
CRD0006336,CARD0117,P00267,5812,400.12,IN,2026-08-03 11:09:53,ONLINE
CRD0006337,CARD0117,P00195,6012,2119.41,IN,2026-07-25 12:58:52,ONLINE
CRD0006338,CARD0117,P00368,4814,423.8,IN,2026-08-30 19:55:39,ONLINE
CRD0006339,CARD0117,P00027,5311,4033.81,IN,2026-08-31 17:16:15,POS5544
CRD0006344,CARD0117,P00298,4814,254.38,IN,2026-08-06 09:02:31,POS5260
CRD0006349,CARD0117,P00195,6012,3979.25,IN,2026-09-08 08:14:47,ONLINE
CRD0006359,CARD0117,P00298,4814,1404.14,IN,2026-07-20 22:22:38,POS4386
CRD0006365,CARD0118,P00053,5411,3659.99,IN,2026-08-31 20:35:03,POS5382
CRD0006369,CARD0118,P00380,5411,4094.89,IN,2026-07-17 10:02:33,POS1477
CRD0006372,CARD0118,P00054,6012,6827.79,IN,2026-07-09 22:44:22,POS5167
CRD0006395,CARD0118,P00189,5812,2549.45,IN,2026-07-22 12:35:07,ONLINE
CRD0006401,CARD0118,P00246,5411,3892.62,IN,2026-08-13 15:29:42,POS4835
CRD0006407,CARD0118,P00016,5411,1779.9,IN,2026-09-06 10:46:44,ONLINE
CRD0006414,CARD0118,P00189,5812,1315.13,IN,2026-07-30 09:49:36,POS4361
CRD0006417,CARD0118,P00287,4900,2490.19,IN,2026-08-16 23:32:22,POS2072
CRD0006419,CARD0118,P00264,5812,878.95,IN,2026-08-07 17:30:10,ONLINE
CRD0006420,CARD0118,P00053,5411,1822.84,IN,2026-07-19 22:57:47,ONLINE
CRD0006427,CARD0118,P00398,5541,4206.93,IN,2026-08-18 10:11:04,POS7584
CRD0006440,CARD0119,P00229,5411,2437.23,IN,2026-08-10 21:15:43,POS3229
CRD0006441,CARD0119,P00120,5411,2988.73,IN,2026-08-09 17:25:32,POS7335
CRD0006442,CARD0119,P00188,5812,1902.54,IN,2026-09-10 09:30:01,ONLINE
CRD0006445,CARD0119,P00233,5411,1948.25,IN,2026-08-21 12:53:07,ONLINE
CRD0006460,CARD0119,P00188,5812,1204.42,IN,2026-08-01 10:21:11,ONLINE
CRD0006465,CARD0119,P00148,5311,7947.5,IN,2026-08-20 16:13:30,ONLINE
CRD0006466,CARD0119,P00189,5812,565.37,IN,2026-08-21 14:19:32,ONLINE
CRD0006468,CARD0119,P00146,5411,5337.83,IN,2026-07-07 18:31:04,ONLINE
CRD0006469,CARD0119,P00233,5411,2002.96,IN,2026-08-08 09:54:38,ONLINE
CRD0006471,CARD0119,P00132,4900,6526.33,IN,2026-08-22 20:07:07,POS3935
CRD0006472,CARD0119,P00189,5812,2214.0,IN,2026-08-27 18:47:35,ONLINE
CRD0006473,CARD0119,P00239,5411,5765.96,IN,2026-07-06 20:21:32,POS8573
CRD0006474,CARD0119,P00292,5541,6940.99,IN,2026-08-28 14:49:51,ONLINE
CRD0006478,CARD0119,P00148,5311,6412.18,IN,2026-08-14 19:17:23,ONLINE
CRD0006482,CARD0119,P00055,5311,3284.93,IN,2026-08-05 11:12:10,POS4915
CRD0006483,CARD0119,P00120,5411,4036.7,IN,2026-08-16 07:11:53,POS1770
CRD0006485,CARD0119,P00188,5812,1523.28,IN,2026-08-21 19:59:50,POS9812
CRD0006486,CARD0119,P00120,5411,3970.6,IN,2026-08-08 18:24:53,POS1652
CRD0006490,CARD0119,P00148,5311,8177.01,IN,2026-08-22 14:33:14,POS7304
CRD0006494,CARD0119,P00232,4722,19332.93,IN,2026-08-16 21:27:46,ONLINE
CRD0006503,CARD0119,P00292,5541,2282.75,IN,2026-08-07 21:04:50,POS5532
CRD0006506,CARD0119,P00188,5812,2327.35,IN,2026-08-26 14:34:04,ONLINE
CRD0006508,CARD0119,P00055,5311,7136.5,IN,2026-07-20 17:38:32,POS6902
CRD0006520,CARD0120,P00010,5812,1435.84,IN,2026-08-19 12:13:49,ONLINE
CRD0006524,CARD0120,P00369,5411,2183.33,IN,2026-08-11 16:37:41,POS1679
CRD0006527,CARD0120,P00330,5812,2029.49,IN,2026-07-30 16:01:37,POS9408
CRD0006531,CARD0120,P00361,5411,10177.75,IN,2026-08-10 13:44:21,ONLINE
CRD0006532,CARD0120,P00311,5411,990.71,IN,2026-07-16 11:57:02,POS1887
CRD0006537,CARD0120,P00104,5541,5042.68,IN,2026-08-10 22:08:04,ONLINE
CRD0006553,CARD0120,P00398,5541,1605.57,IN,2026-07-24 23:32:17,ONLINE
CRD0006562,CARD0121,P00023,4722,2112.27,IN,2026-08-19 19:54:14,ONLINE
CRD0006564,CARD0121,P00036,5411,1060.79,IN,2026-08-22 17:33:54,ONLINE
CRD0006567,CARD0121,P00085,4900,1071.62,IN,2026-09-07 12:16:07,ONLINE
CRD0006569,CARD0121,P00315,4900,1480.28,IN,2026-08-15 21:08:23,ONLINE
CRD0006572,CARD0121,P00338,5311,1167.45,IN,2026-08-18 21:02:52,POS1982
CRD0006576,CARD0121,P00085,4900,508.13,IN,2026-08-03 18:55:08,ONLINE
CRD0006577,CARD0121,P00036,5411,518.71,IN,2026-07-20 12:55:45,POS5933
CRD0006580,CARD0121,P00289,5812,537.74,IN,2026-07-27 18:23:53,ONLINE
CRD0006586,CARD0121,P00153,5411,340.62,IN,2026-07-16 10:00:30,POS2880
CRD0006590,CARD0121,P00289,5812,690.17,IN,2026-08-01 09:34:20,ONLINE
CRD0006593,CARD0121,P00153,5411,408.62,IN,2026-08-08 13:08:46,ONLINE
CRD0006594,CARD0121,P00304,5541,1244.71,IN,2026-08-18 17:21:17,POS1421
CRD0006596,CARD0121,P00160,4722,2764.3,IN,2026-09-01 13:08:08,POS6755
CRD0006601,CARD0121,P00153,5411,429.32,IN,2026-08-17 21:27:21,POS3817
CRD0006603,CARD0121,P00153,5411,586.97,IN,2026-08-10 09:58:35,POS6955
CRD0006604,CARD0121,P00305,5812,164.62,IN,2026-09-09 14:08:25,ONLINE
CRD0006605,CARD0121,P00085,4900,753.9,IN,2026-08-05 16:38:49,ONLINE
CRD0006608,CARD0121,P00278,5541,2138.01,IN,2026-08-09 08:18:55,POS5859
CRD0006609,CARD0121,P00160,4722,1831.16,IN,2026-08-13 08:30:43,ONLINE
CRD0006611,CARD0121,P00338,5311,1284.86,IN,2026-09-07 00:06:29,ONLINE
CRD0006612,CARD0121,P00036,5411,343.26,IN,2026-08-11 10:20:40,POS6099
CRD0006620,CARD0121,P00281,6513,1123.09,IN,2026-08-12 18:47:27,ONLINE
CRD0006624,CARD0121,P00305,5812,261.64,IN,2026-08-29 16:59:21,POS6820
CRD0006634,CARD0122,P00220,8011,1945.72,IN,2026-07-17 15:04:00,POS3580
CRD0006638,CARD0122,P00026,6012,2994.49,IN,2026-07-31 19:06:26,ONLINE
CRD0006646,CARD0122,P00007,5812,668.17,IN,2026-09-03 13:20:35,POS4731
CRD0006665,CARD0122,P00026,6012,2326.72,IN,2026-07-10 14:19:55,POS6220
CRD0006667,CARD0122,P00340,4900,7772.57,IN,2026-08-09 13:30:12,ONLINE
CRD0006668,CARD0122,P00372,4814,597.94,IN,2026-08-05 20:27:36,POS9714
CRD0006675,CARD0123,P00140,5411,378.63,IN,2026-08-23 17:26:43,ONLINE
CRD0006681,CARD0123,P00131,5411,389.33,IN,2026-08-14 09:41:08,ONLINE
CRD0006685,CARD0123,P00274,6012,195.92,IN,2026-08-20 10:51:16,ONLINE
CRD0006686,CARD0123,P00239,5411,589.54,IN,2026-07-20 18:49:34,ONLINE
CRD0006688,CARD0123,P00043,5311,530.32,IN,2026-09-07 21:04:04,POS1947
CRD0006689,CARD0123,P00237,7832,636.62,IN,2026-09-03 09:43:31,ONLINE
CRD0006692,CARD0123,P00354,7832,274.57,IN,2026-07-29 20:07:55,ONLINE
CRD0006693,CARD0123,P00239,5411,626.43,IN,2026-08-10 18:50:09,ONLINE
CRD0006696,CARD0123,P00058,4814,558.78,IN,2026-07-30 11:34:03,ONLINE
CRD0006700,CARD0123,P00054,6012,1036.63,IN,2026-07-08 09:46:51,POS9701
CRD0006701,CARD0123,P00274,6012,995.11,IN,2026-09-01 10:56:49,POS7463
CRD0006702,CARD0123,P00140,5411,951.08,IN,2026-07-26 21:32:35,POS7083
CRD0006705,CARD0123,P00131,5411,712.01,IN,2026-08-09 09:01:50,POS4903
CRD0006708,CARD0123,P00140,5411,509.09,IN,2026-07-12 15:56:51,ONLINE
CRD0006714,CARD0123,P00109,8011,290.93,IN,2026-08-11 12:34:37,POS9089
CRD0006715,CARD0123,P00237,7832,408.31,IN,2026-08-22 09:28:11,POS5952
CRD0006723,CARD0123,P00131,5411,396.74,IN,2026-08-06 13:53:17,POS8362
CRD0006728,CARD0123,P00131,5411,747.72,IN,2026-09-04 17:59:15,POS9652
CRD0006732,CARD0123,P00349,5812,192.41,IN,2026-08-22 08:43:16,POS3393
CRD0006736,CARD0123,P00031,6012,308.73,IN,2026-07-07 04:24:29,ONLINE
CRD0006738,CARD0123,P00131,5411,330.05,IN,2026-07-23 13:39:31,POS9064
CRD0006741,CARD0123,P00058,4814,179.33,IN,2026-08-08 21:54:21,ONLINE
CRD0006743,CARD0123,P00140,5411,651.84,IN,2026-09-02 12:30:31,POS6812
CRD0006744,CARD0123,P00008,4722,823.32,IN,2026-09-03 19:12:35,POS1886
CRD0006756,CARD0124,P00005,4814,908.54,IN,2026-07-23 19:06:07,ONLINE
CRD0006758,CARD0124,P00351,4814,1022.18,IN,2026-07-16 15:32:37,POS1800
CRD0006760,CARD0124,P00118,4722,5777.56,IN,2026-08-01 22:36:12,POS7141
CRD0006761,CARD0124,P00216,7832,2568.71,IN,2026-09-04 22:25:44,POS4974
CRD0006763,CARD0124,P00346,5541,4507.72,IN,2026-08-24 08:36:20,ONLINE
CRD0006764,CARD0124,P00239,5411,1204.09,IN,2026-07-13 15:46:59,ONLINE
CRD0006765,CARD0124,P00382,5812,705.33,IN,2026-09-08 10:00:06,ONLINE
CRD0006768,CARD0124,P00386,6012,4755.32,IN,2026-08-03 13:48:10,ONLINE
CRD0006777,CARD0124,P00073,6012,3272.17,IN,2026-07-30 10:10:48,POS9079
CRD0006789,CARD0125,P00161,5812,550.59,IN,2026-07-27 17:56:40,POS7369
CRD0006795,CARD0125,P00161,5812,632.54,IN,2026-07-29 09:24:47,POS9750
CRD0006798,CARD0125,P00187,4722,2262.7,IN,2026-08-18 10:01:34,ONLINE
CRD0006801,CARD0125,P00204,4900,1094.42,IN,2026-09-05 11:56:31,POS1058
CRD0006807,CARD0125,P00105,5541,1696.63,IN,2026-07-24 20:06:14,POS7995
CRD0006810,CARD0125,P00397,5311,4882.79,IN,2026-08-22 14:42:03,ONLINE
CRD0006811,CARD0125,P00397,5311,2940.51,IN,2026-08-23 14:22:02,ONLINE
CRD0006824,CARD0125,P00187,4722,5794.29,IN,2026-09-06 11:11:45,POS8185
CRD0006825,CARD0125,P00259,6513,3986.12,IN,2026-08-30 16:13:07,ONLINE
CRD0006827,CARD0125,P00198,5411,802.54,IN,2026-09-06 18:00:11,POS1464
CRD0006832,CARD0125,P00157,6513,3982.93,IN,2026-07-03 00:36:02,POS5117
CRD0006833,CARD0125,P00157,6513,7713.82,IN,2026-08-31 17:18:02,ONLINE
CRD0006843,CARD0126,P00068,5411,771.21,IN,2026-09-09 01:54:12,POS8108
CRD0006846,CARD0126,P00019,4814,462.91,IN,2026-07-20 20:47:28,ONLINE
CRD0006847,CARD0126,P00271,5541,3534.53,IN,2026-08-21 02:04:45,ONLINE
CRD0006851,CARD0126,P00136,5812,1704.06,IN,2026-08-03 16:42:02,ONLINE
CRD0006855,CARD0126,P00195,6012,4927.02,IN,2026-08-30 11:21:15,ONLINE
CRD0006857,CARD0126,P00068,5411,2279.89,IN,2026-08-16 06:56:35,POS7156
CRD0006858,CARD0126,P00238,5812,687.31,IN,2026-08-09 09:23:38,POS5686
CRD0006868,CARD0127,P00281,6513,6660.11,IN,2026-07-21 01:30:42,ONLINE
CRD0006869,CARD0127,P00116,6012,968.95,IN,2026-08-15 17:00:27,POS9837
CRD0006870,CARD0127,P00209,5411,1476.58,IN,2026-07-22 10:34:46,POS8548
CRD0006871,CARD0127,P00087,5812,748.38,IN,2026-07-26 18:28:45,POS3878
CRD0006872,CARD0127,P00209,5411,955.87,IN,2026-09-08 21:41:06,ONLINE
CRD0006874,CARD0127,P00281,6513,5337.0,IN,2026-09-10 10:21:09,POS9035
CRD0006879,CARD0127,P00100,8011,1266.31,IN,2026-08-27 18:18:17,POS4457
CRD0006882,CARD0127,P00273,5411,482.98,IN,2026-08-07 15:43:52,POS1143
CRD0006884,CARD0127,P00107,4900,1637.09,IN,2026-08-28 23:44:39,POS5621
CRD0006885,CARD0127,P00033,6513,8503.32,IN,2026-08-22 07:58:59,POS5442
CRD0006886,CARD0127,P00281,6513,8508.01,IN,2026-09-03 22:21:07,ONLINE
CRD0006890,CARD0127,P00281,6513,2791.26,IN,2026-08-21 10:12:27,POS1060
CRD0006891,CARD0127,P00015,4722,2590.02,IN,2026-08-04 21:31:38,POS6425
CRD0006892,CARD0127,P00131,5411,1151.99,IN,2026-07-15 17:50:31,ONLINE
CRD0006893,CARD0127,P00015,4722,2193.23,IN,2026-07-14 08:46:19,ONLINE
CRD0006901,CARD0127,P00400,8011,1911.39,IN,2026-08-12 18:03:33,ONLINE
CRD0006908,CARD0127,P00310,5411,709.15,IN,2026-07-29 16:08:24,POS2408
CRD0006922,CARD0128,P00355,4814,286.84,IN,2026-08-03 16:23:21,ONLINE
CRD0006926,CARD0128,P00134,5541,597.53,IN,2026-09-07 16:39:31,ONLINE
CRD0006929,CARD0128,P00178,8011,1319.87,IN,2026-08-08 18:09:35,POS8213
CRD0006935,CARD0128,P00074,4722,4904.46,IN,2026-08-01 10:19:40,ONLINE
CRD0006942,CARD0128,P00165,5812,172.71,IN,2026-09-11 08:14:31,POS5157
CRD0006943,CARD0128,P00379,4814,129.55,IN,2026-08-23 19:46:36,ONLINE
CRD0006945,CARD0128,P00379,4814,215.47,IN,2026-07-13 22:59:01,ONLINE
CRD0006949,CARD0128,P00355,4814,200.6,IN,2026-08-13 09:37:41,POS1061
CRD0006953,CARD0128,P00059,6012,2356.45,IN,2026-07-30 17:03:34,POS8282
CRD0006963,CARD0129,P00171,5411,1758.5,IN,2026-09-13 09:39:44,ONLINE
CRD0006965,CARD0129,P00171,5411,3513.45,IN,2026-08-14 09:09:02,ONLINE
CRD0006969,CARD0129,P00310,5411,697.88,IN,2026-07-14 08:27:00,ONLINE
CRD0006971,CARD0129,P00310,5411,1324.03,IN,2026-07-16 19:55:27,POS3419
CRD0006973,CARD0129,P00310,5411,1574.73,IN,2026-08-13 05:02:55,ONLINE
CRD0006976,CARD0129,P00222,5812,489.94,IN,2026-09-11 12:55:03,ONLINE
CRD0006977,CARD0129,P00171,5411,2631.5,IN,2026-08-03 18:31:12,POS4947
CRD0006979,CARD0129,P00215,4722,10548.15,IN,2026-08-26 15:04:08,POS3796
CRD0006989,CARD0129,P00259,6513,8350.94,IN,2026-08-14 12:02:57,ONLINE
CRD0006990,CARD0129,P00106,5411,4026.16,IN,2026-07-05 17:40:48,POS1036
CRD0006991,CARD0129,P00041,4722,3162.03,IN,2026-07-07 18:46:34,ONLINE
CRD0006992,CARD0129,P00109,8011,1763.51,IN,2026-08-13 18:37:22,POS3963
CRD0006993,CARD0129,P00160,4722,2815.74,IN,2026-08-25 17:12:31,ONLINE
CRD0006994,CARD0129,P00105,5541,4074.98,IN,2026-09-06 20:52:49,POS5841
CRD0006995,CARD0129,P00160,4722,5443.34,IN,2026-08-22 16:14:14,ONLINE
CRD0007000,CARD0129,P00244,5541,1512.52,IN,2026-07-17 11:40:55,POS5495
CRD0007001,CARD0129,P00069,5311,1568.77,IN,2026-07-17 08:43:18,POS4529
CRD0007004,CARD0129,P00215,4722,1883.94,IN,2026-07-11 09:12:54,POS3937
CRD0007005,CARD0129,P00215,4722,4251.65,IN,2026-07-24 13:21:16,POS2489
CRD0007009,CARD0130,P00288,5812,1024.13,IN,2026-07-12 19:31:49,ONLINE
CRD0007011,CARD0130,P00322,6012,2547.01,IN,2026-07-13 18:19:02,ONLINE
CRD0007015,CARD0130,P00346,5541,1064.62,IN,2026-07-16 13:15:59,ONLINE
CRD0007019,CARD0130,P00174,5812,1060.81,IN,2026-08-25 21:42:02,POS8319
CRD0007024,CARD0130,P00186,4900,5873.14,IN,2026-08-17 19:43:07,ONLINE
CRD0007028,CARD0130,P00186,4900,5400.45,IN,2026-07-23 20:53:19,POS5089
CRD0007036,CARD0130,P00100,8011,978.06,IN,2026-08-30 19:20:26,ONLINE
CRD0007045,CARD0130,P00385,6012,451.86,IN,2026-07-29 15:35:41,POS7663
CRD0007048,CARD0130,P00100,8011,1035.74,IN,2026-07-20 16:00:21,ONLINE
CRD0007052,CARD0130,P00361,5411,1133.89,IN,2026-07-09 20:36:12,POS7241
CRD0007053,CARD0130,P00385,6012,952.78,IN,2026-09-13 19:40:04,POS8296
CRD0007054,CARD0130,P00174,5812,718.14,IN,2026-07-06 02:08:44,POS8607
CRD0007055,CARD0130,P00288,5812,483.23,IN,2026-09-06 09:38:33,ONLINE
CRD0007061,CARD0131,P00184,5812,522.3,IN,2026-09-10 18:14:05,ONLINE
CRD0007065,CARD0131,P00341,5812,316.08,IN,2026-08-19 15:04:55,ONLINE
CRD0007068,CARD0131,P00184,5812,392.76,IN,2026-07-08 13:33:51,ONLINE
CRD0007072,CARD0131,P00025,5311,3305.35,IN,2026-08-11 18:14:11,POS7688
CRD0007083,CARD0131,P00008,4722,1741.07,IN,2026-07-23 18:02:54,ONLINE
CRD0007086,CARD0131,P00008,4722,2176.85,IN,2026-08-28 21:55:15,POS1579
CRD0007087,CARD0131,P00008,4722,4437.96,IN,2026-08-08 18:26:55,POS1403
CRD0007090,CARD0131,P00008,4722,7514.45,IN,2026-08-19 16:07:15,ONLINE
CRD0007097,CARD0131,P00121,5812,1184.84,IN,2026-08-20 16:36:12,POS6938
CRD0007098,CARD0131,P00341,5812,1663.32,IN,2026-07-29 14:42:38,ONLINE
CRD0007100,CARD0131,P00236,5411,3348.54,IN,2026-08-06 12:29:45,ONLINE
CRD0007101,CARD0131,P00236,5411,1642.3,IN,2026-09-11 15:27:50,ONLINE
CRD0007105,CARD0131,P00008,4722,1947.58,IN,2026-08-13 20:05:48,ONLINE
CRD0007113,CARD0132,P00354,7832,1383.79,IN,2026-09-11 08:32:13,POS8476
CRD0007124,CARD0132,P00121,5812,426.05,IN,2026-07-01 11:13:28,POS9893
CRD0007131,CARD0132,P00354,7832,1545.94,IN,2026-07-02 12:24:23,POS4337
CRD0007132,CARD0132,P00092,5411,1491.38,IN,2026-07-05 08:55:58,ONLINE
CRD0007139,CARD0132,P00177,5812,890.62,IN,2026-08-23 13:40:18,ONLINE
CRD0007142,CARD0132,P00063,5812,657.37,IN,2026-07-09 17:58:37,POS8399
CRD0007143,CARD0132,P00354,7832,516.77,IN,2026-08-14 08:25:20,ONLINE
CRD0007146,CARD0132,P00152,4900,8492.11,IN,2026-07-11 19:05:45,POS1079
CRD0007147,CARD0132,P00003,4814,852.01,IN,2026-08-26 11:22:12,POS4120
CRD0007151,CARD0132,P00152,4900,1476.36,IN,2026-08-18 19:17:01,ONLINE
CRD0007155,CARD0132,P00283,5311,4032.24,IN,2026-07-09 12:32:09,ONLINE
CRD0007162,CARD0132,P00152,4900,7494.69,IN,2026-07-28 16:13:30,POS7832
CRD0007168,CARD0132,P00240,6012,1854.57,IN,2026-09-11 16:19:30,ONLINE
CRD0007176,CARD0132,P00174,5812,801.38,IN,2026-07-23 20:40:46,ONLINE
CRD0007178,CARD0132,P00174,5812,767.41,IN,2026-08-08 14:40:12,ONLINE
CRD0007179,CARD0132,P00063,5812,260.77,IN,2026-08-21 16:13:31,POS8956
CRD0007185,CARD0132,P00201,4722,8371.14,IN,2026-08-23 21:06:56,ONLINE
CRD0007187,CARD0132,P00295,8011,1259.83,IN,2026-07-10 19:22:51,POS2201
CRD0007189,CARD0132,P00177,5812,437.87,IN,2026-09-13 17:49:41,POS3545
CRD0007190,CARD0132,P00152,4900,1402.03,IN,2026-08-16 16:18:47,ONLINE
CRD0007191,CARD0132,P00152,4900,2546.28,IN,2026-09-09 19:36:33,POS8277
CRD0007202,CARD0133,P00391,5541,5485.33,IN,2026-07-08 08:00:41,ONLINE
CRD0007206,CARD0133,P00108,5311,30730.69,IN,2026-09-01 19:21:07,ONLINE
CRD0007211,CARD0133,P00250,4814,3597.8,IN,2026-08-24 19:51:06,ONLINE
CRD0007213,CARD0133,P00282,5411,7906.66,IN,2026-08-07 19:41:35,ONLINE
CRD0007217,CARD0133,P00017,5411,2255.48,IN,2026-07-18 09:14:09,ONLINE
CRD0007223,CARD0133,P00108,5311,33237.91,IN,2026-08-27 08:41:41,ONLINE
CRD0007235,CARD0133,P00338,5311,8444.62,IN,2026-07-05 19:55:01,POS2970
CRD0007239,CARD0133,P00272,5812,3346.85,IN,2026-07-17 15:27:48,ONLINE
CRD0007240,CARD0133,P00282,5411,7657.65,IN,2026-08-27 11:27:08,POS5552
CRD0007253,CARD0133,P00282,5411,4662.88,IN,2026-08-05 13:03:37,ONLINE
CRD0007259,CARD0134,P00023,4722,4206.87,IN,2026-08-11 01:45:59,POS9391
CRD0007267,CARD0134,P00119,5812,1022.06,IN,2026-08-02 01:06:36,ONLINE
CRD0007269,CARD0134,P00119,5812,1647.91,IN,2026-08-10 11:58:38,ONLINE
CRD0007278,CARD0134,P00209,5411,1568.39,IN,2026-07-16 16:30:02,POS1738
CRD0007295,CARD0135,P00113,6513,10429.83,IN,2026-08-31 16:32:51,ONLINE
CRD0007298,CARD0135,P00251,5411,1617.48,IN,2026-07-11 10:56:39,POS2012
CRD0007302,CARD0135,P00240,6012,2417.7,IN,2026-08-06 10:15:17,POS1159
CRD0007305,CARD0135,P00164,6513,9680.17,IN,2026-09-04 21:18:55,ONLINE
CRD0007311,CARD0135,P00201,4722,12564.59,IN,2026-07-13 12:15:49,POS6353
CRD0007315,CARD0135,P00258,5812,1756.84,IN,2026-07-04 21:33:42,POS8425
CRD0007320,CARD0135,P00371,5411,1411.32,IN,2026-08-11 11:49:52,POS5244
CRD0007326,CARD0135,P00251,5411,1127.04,IN,2026-09-03 14:35:52,ONLINE
CRD0007329,CARD0135,P00388,5411,1037.2,IN,2026-07-16 09:45:38,ONLINE
CRD0007331,CARD0135,P00251,5411,2776.92,IN,2026-09-02 12:08:47,POS1878
CRD0007333,CARD0135,P00326,5812,1759.91,IN,2026-07-07 16:53:43,POS6720
CRD0007337,CARD0136,P00047,6012,2693.88,IN,2026-07-23 19:19:25,ONLINE
CRD0007342,CARD0136,P00048,5812,809.98,IN,2026-09-06 23:13:43,POS4898
CRD0007343,CARD0136,P00056,5812,959.1,IN,2026-07-24 08:51:01,POS2039
CRD0007345,CARD0136,P00332,5311,3691.41,IN,2026-07-15 20:48:53,POS5675
CRD0007356,CARD0136,P00169,5411,4436.58,IN,2026-07-21 17:59:13,POS1981
CRD0007358,CARD0136,P00369,5411,635.02,IN,2026-07-09 10:44:45,ONLINE
CRD0007361,CARD0136,P00307,5311,4649.71,IN,2026-09-03 09:53:51,ONLINE
CRD0007362,CARD0136,P00056,5812,180.13,IN,2026-07-12 15:08:22,POS7772
CRD0007364,CARD0136,P00044,5411,1565.54,IN,2026-07-03 18:15:49,ONLINE
CRD0007365,CARD0136,P00369,5411,1512.26,IN,2026-09-03 13:12:37,POS6373
CRD0007370,CARD0136,P00186,4900,10113.18,IN,2026-07-06 18:12:54,ONLINE
CRD0007379,CARD0136,P00016,5411,987.96,IN,2026-08-30 20:57:39,ONLINE
CRD0007383,CARD0136,P00369,5411,715.89,IN,2026-07-24 14:41:04,POS6665
CRD0007384,CARD0136,P00117,5411,1448.16,IN,2026-08-04 13:22:25,POS6161
CRD0007387,CARD0136,P00044,5411,2052.04,IN,2026-08-28 13:43:35,ONLINE
CRD0007388,CARD0136,P00325,4722,5583.92,IN,2026-08-28 09:31:58,POS5034
CRD0007394,CARD0137,P00343,4900,5694.19,IN,2026-07-03 20:23:55,POS5754
CRD0007397,CARD0137,P00400,8011,16230.34,IN,2026-07-08 21:05:51,ONLINE
CRD0007400,CARD0137,P00047,6012,6870.18,IN,2026-08-25 10:32:06,ONLINE
CRD0007401,CARD0137,P00047,6012,901.44,IN,2026-08-23 21:46:28,ONLINE
CRD0007402,CARD0137,P00013,5311,4887.79,IN,2026-09-01 13:01:54,POS4400
CRD0007404,CARD0137,P00342,5311,5018.56,IN,2026-07-08 12:08:53,POS6205
CRD0007406,CARD0137,P00277,6012,24868.03,IN,2026-09-06 08:07:41,ONLINE
CRD0007410,CARD0137,P00151,6513,13110.37,IN,2026-08-24 03:39:08,ONLINE
CRD0007411,CARD0137,P00262,5812,2849.2,IN,2026-09-04 14:32:58,POS2926
CRD0007414,CARD0137,P00343,4900,8605.74,IN,2026-09-07 08:35:06,ONLINE
CRD0007421,CARD0137,P00400,8011,2706.17,IN,2026-07-29 08:02:39,POS4908
CRD0007424,CARD0137,P00276,7832,2697.9,IN,2026-08-22 02:55:49,POS7853
CRD0007433,CARD0137,P00320,4900,6777.98,IN,2026-09-10 08:18:45,ONLINE
CRD0007435,CARD0137,P00276,7832,1733.68,IN,2026-09-09 23:48:03,ONLINE
CRD0007436,CARD0137,P00262,5812,1402.53,IN,2026-08-03 18:21:53,ONLINE
CRD0007446,CARD0138,P00324,5311,9747.44,IN,2026-07-12 16:37:23,POS9356
CRD0007450,CARD0138,P00121,5812,1031.58,IN,2026-08-01 13:56:05,ONLINE
CRD0007459,CARD0138,P00121,5812,415.76,IN,2026-08-10 20:28:50,ONLINE
CRD0007468,CARD0138,P00206,5541,1430.45,IN,2026-08-16 16:20:05,POS8301
CRD0007482,CARD0138,P00324,5311,5277.82,IN,2026-08-13 08:21:03,ONLINE
CRD0007493,CARD0139,P00159,5541,740.15,IN,2026-07-01 18:54:49,ONLINE
CRD0007494,CARD0139,P00032,5812,265.12,IN,2026-07-12 17:28:34,POS6531
CRD0007496,CARD0139,P00364,5411,343.7,IN,2026-07-16 19:01:09,ONLINE
CRD0007500,CARD0139,P00247,6012,579.99,IN,2026-08-31 09:14:55,POS3766
CRD0007501,CARD0139,P00184,5812,227.79,IN,2026-07-18 08:13:28,ONLINE
CRD0007515,CARD0139,P00356,4814,324.11,IN,2026-07-29 21:21:02,POS4368
CRD0007517,CARD0139,P00159,5541,1124.5,IN,2026-08-16 08:34:19,POS8452
CRD0007519,CARD0139,P00133,4900,1495.17,IN,2026-08-03 11:43:39,POS8483
CRD0007528,CARD0139,P00107,4900,1539.89,IN,2026-07-21 11:52:25,POS4941
CRD0007529,CARD0139,P00364,5411,770.51,IN,2026-07-30 09:56:09,POS6048
CRD0007531,CARD0139,P00050,5311,1386.97,IN,2026-07-13 18:04:19,POS4978
CRD0007537,CARD0139,P00184,5812,464.62,IN,2026-08-20 13:27:59,POS7993
CRD0007543,CARD0139,P00128,5541,1116.42,IN,2026-07-06 20:32:26,ONLINE
CRD0007547,CARD0140,P00055,5311,4570.46,IN,2026-07-18 06:42:46,ONLINE
CRD0007549,CARD0140,P00055,5311,1752.62,IN,2026-07-24 14:17:11,ONLINE
CRD0007554,CARD0140,P00026,6012,5925.49,IN,2026-08-18 11:30:19,ONLINE
CRD0007558,CARD0140,P00144,7832,325.06,IN,2026-07-30 23:49:36,ONLINE
CRD0007560,CARD0140,P00028,5411,1131.9,IN,2026-08-22 20:20:15,ONLINE
CRD0007561,CARD0140,P00279,5812,1501.97,IN,2026-08-05 14:43:17,POS2008
CRD0007565,CARD0140,P00241,5411,540.78,IN,2026-07-24 09:02:10,POS6579
CRD0007567,CARD0140,P00031,6012,1319.94,IN,2026-07-03 23:01:15,POS4807
CRD0007582,CARD0140,P00162,5411,3060.4,IN,2026-07-09 08:16:49,ONLINE
CRD0007592,CARD0140,P00395,5311,3877.89,IN,2026-07-15 02:35:00,ONLINE
CRD0007596,CARD0140,P00395,5311,5726.83,IN,2026-07-11 16:51:39,ONLINE
CRD0007599,CARD0140,P00279,5812,434.31,IN,2026-07-29 11:02:25,POS6224
CRD0007603,CARD0140,P00252,5411,1443.61,IN,2026-09-07 17:39:46,ONLINE
CRD0007605,CARD0140,P00055,5311,4568.3,IN,2026-07-14 18:46:25,ONLINE
CRD0007609,CARD0140,P00136,5812,1139.7,IN,2026-08-08 16:37:59,POS1247
CRD0007617,CARD0140,P00279,5812,395.96,IN,2026-07-09 12:20:10,ONLINE
CRD0007619,CARD0140,P00279,5812,780.72,IN,2026-08-14 09:50:37,ONLINE
CRD0007644,CARD0141,P00331,7832,1830.38,IN,2026-08-06 17:22:38,POS3745
CRD0007673,CARD0141,P00337,6513,13887.54,IN,2026-08-24 20:46:16,ONLINE
CRD0007685,CARD0142,P00238,5812,366.75,IN,2026-07-11 14:56:29,POS3435
CRD0007690,CARD0142,P00077,5812,664.56,IN,2026-08-12 19:59:39,ONLINE
CRD0007695,CARD0142,P00235,4722,1199.56,IN,2026-07-13 16:29:46,ONLINE
CRD0007696,CARD0142,P00146,5411,977.73,IN,2026-08-14 22:48:43,ONLINE
CRD0007698,CARD0142,P00143,5411,641.06,IN,2026-08-02 21:36:36,POS3024
CRD0007699,CARD0142,P00238,5812,663.31,IN,2026-08-30 10:18:29,POS9342
CRD0007706,CARD0143,P00296,5812,187.84,IN,2026-09-09 19:14:56,POS7637
CRD0007709,CARD0143,P00369,5411,3324.86,IN,2026-07-11 07:56:45,ONLINE
CRD0007725,CARD0143,P00296,5812,696.42,IN,2026-07-03 07:14:53,ONLINE
CRD0007731,CARD0143,P00132,4900,3280.89,IN,2026-07-18 13:59:03,POS8007
CRD0007738,CARD0143,P00370,5812,1126.26,IN,2026-08-04 01:30:00,POS9575
CRD0007743,CARD0143,P00317,5812,352.56,IN,2026-07-09 11:41:48,POS1059
CRD0007748,CARD0143,P00317,5812,408.2,IN,2026-09-10 21:25:54,POS8537
CRD0007749,CARD0143,P00153,5411,1602.88,IN,2026-08-25 16:03:04,POS1641
CRD0007756,CARD0144,P00014,6012,1110.1,IN,2026-07-16 21:23:24,ONLINE
CRD0007757,CARD0144,P00263,5311,2008.92,IN,2026-07-02 11:23:09,ONLINE
CRD0007768,CARD0144,P00217,5812,610.1,IN,2026-07-10 16:00:18,POS6621
CRD0007769,CARD0144,P00162,5411,1747.03,IN,2026-08-25 08:31:34,ONLINE
CRD0007773,CARD0144,P00263,5311,8381.56,IN,2026-09-10 09:10:02,ONLINE
CRD0007778,CARD0144,P00292,5541,1046.1,IN,2026-08-30 11:11:47,ONLINE
CRD0007782,CARD0144,P00011,6012,2660.42,IN,2026-08-29 11:45:04,POS3389
CRD0007783,CARD0144,P00035,7832,631.56,IN,2026-08-22 08:28:55,POS4968
CRD0007784,CARD0144,P00207,5411,1507.03,IN,2026-08-06 16:58:20,ONLINE
CRD0007786,CARD0144,P00014,6012,2060.44,IN,2026-08-22 19:06:46,POS5517
CRD0007788,CARD0144,P00292,5541,1511.16,IN,2026-08-08 14:27:15,POS4979
CRD0007793,CARD0144,P00154,7832,940.64,IN,2026-08-06 14:38:51,POS9484
CRD0007799,CARD0145,P00149,5311,8987.59,IN,2026-07-25 14:42:46,POS8811
CRD0007810,CARD0145,P00381,5411,7316.09,IN,2026-09-13 13:00:31,ONLINE
CRD0007817,CARD0145,P00149,5311,23755.48,IN,2026-08-28 14:20:48,ONLINE
CRD0007819,CARD0145,P00192,5311,9714.85,IN,2026-08-09 14:51:33,ONLINE
CRD0007820,CARD0145,P00381,5411,2129.09,IN,2026-07-18 16:37:22,POS5331
CRD0007826,CARD0145,P00106,5411,2780.64,IN,2026-07-17 16:48:55,POS2415
CRD0007834,CARD0145,P00102,4722,23036.68,IN,2026-07-05 15:05:45,ONLINE
CRD0007835,CARD0145,P00102,4722,5563.67,IN,2026-09-07 21:07:05,ONLINE
CRD0007838,CARD0145,P00026,6012,4499.56,IN,2026-08-21 18:33:36,ONLINE
CRD0007843,CARD0146,P00197,6012,3692.03,IN,2026-08-04 14:44:05,POS3149
CRD0007847,CARD0146,P00314,7832,690.73,IN,2026-08-26 09:18:04,ONLINE
CRD0007850,CARD0146,P00291,5812,929.14,IN,2026-09-11 18:42:05,ONLINE
CRD0007854,CARD0146,P00026,6012,1750.48,IN,2026-07-12 08:41:30,ONLINE
CRD0007855,CARD0146,P00291,5812,835.37,IN,2026-07-25 09:44:33,POS3044
CRD0007856,CARD0146,P00197,6012,3008.52,IN,2026-08-16 12:05:22,POS9728
CRD0007858,CARD0146,P00005,4814,641.17,IN,2026-07-21 09:14:53,POS7781
CRD0007859,CARD0146,P00197,6012,2195.6,IN,2026-07-23 15:15:48,POS8223
CRD0007867,CARD0146,P00144,7832,2884.86,IN,2026-07-27 12:38:21,POS9248
CRD0007870,CARD0146,P00144,7832,1082.43,IN,2026-08-23 00:54:30,POS2604
CRD0007874,CARD0146,P00144,7832,336.14,IN,2026-09-03 17:47:47,POS1320
CRD0007875,CARD0146,P00189,5812,920.92,IN,2026-08-24 17:19:39,POS9458
CRD0007882,CARD0147,P00341,5812,302.76,IN,2026-08-03 12:03:14,POS8271
CRD0007883,CARD0147,P00188,5812,407.18,IN,2026-08-29 12:40:23,POS5900
CRD0007884,CARD0147,P00278,5541,4921.14,IN,2026-07-21 18:21:12,POS6089
CRD0007886,CARD0147,P00290,5812,695.05,IN,2026-07-13 11:56:13,ONLINE
CRD0007906,CARD0147,P00103,5311,1887.96,IN,2026-08-26 12:07:27,POS4298
CRD0007908,CARD0147,P00396,5411,4634.43,IN,2026-09-09 17:11:29,POS8064
CRD0007923,CARD0147,P00138,5411,1796.09,IN,2026-07-24 21:38:01,POS2552
CRD0007928,CARD0147,P00103,5311,1811.65,IN,2026-08-31 01:08:49,POS5269
CRD0007929,CARD0147,P00103,5311,1782.75,IN,2026-07-12 16:12:25,POS9178
CRD0007930,CARD0147,P00235,4722,13494.77,IN,2026-08-20 15:38:38,ONLINE
CRD0007934,CARD0148,P00352,4814,3367.17,IN,2026-08-11 22:10:22,ONLINE
CRD0007938,CARD0148,P00275,5541,6149.35,IN,2026-08-29 22:08:53,ONLINE
CRD0007940,CARD0148,P00197,6012,7672.07,IN,2026-09-13 10:14:19,ONLINE
CRD0007941,CARD0148,P00165,5812,1668.22,IN,2026-07-01 18:17:37,ONLINE
CRD0007942,CARD0148,P00275,5541,7136.04,IN,2026-09-13 10:03:32,POS8667
CRD0007945,CARD0148,P00162,5411,2614.11,IN,2026-07-02 13:27:20,ONLINE
CRD0007947,CARD0148,P00014,6012,2389.13,IN,2026-07-23 17:42:42,POS1543
CRD0007955,CARD0148,P00014,6012,1816.68,IN,2026-08-18 14:04:16,POS8111
CRD0007956,CARD0148,P00250,4814,1543.53,IN,2026-07-08 19:32:28,POS2413
CRD0007957,CARD0148,P00165,5812,2583.84,IN,2026-08-12 09:57:00,POS6000
CRD0007963,CARD0148,P00275,5541,8631.11,IN,2026-07-21 12:07:57,ONLINE
CRD0007966,CARD0148,P00323,4722,3544.25,IN,2026-07-04 11:44:31,ONLINE
CRD0007967,CARD0148,P00197,6012,2289.15,IN,2026-09-08 18:06:25,POS6281
CRD0007971,CARD0148,P00011,6012,4274.6,IN,2026-08-27 10:40:00,ONLINE
CRD0007972,CARD0148,P00275,5541,6705.22,IN,2026-09-10 20:02:26,ONLINE
CRD0007982,CARD0149,P00087,5812,451.82,IN,2026-07-13 20:38:22,POS5509
CRD0007984,CARD0149,P00146,5411,1578.4,IN,2026-08-29 12:21:42,ONLINE
CRD0007988,CARD0149,P00087,5812,980.75,IN,2026-07-21 17:17:47,ONLINE
CRD0007990,CARD0149,P00146,5411,999.21,IN,2026-08-08 21:42:09,ONLINE
CRD0007992,CARD0149,P00094,6012,5129.1,IN,2026-09-03 09:46:17,ONLINE
CRD0008000,CARD0149,P00182,4722,5384.32,IN,2026-08-25 03:59:53,ONLINE
CRD0008012,CARD0150,P00091,5541,869.97,IN,2026-08-01 08:48:16,ONLINE
CRD0008015,CARD0150,P00162,5411,1676.05,IN,2026-08-02 10:23:38,POS5135
CRD0008017,CARD0150,P00347,7832,2192.67,IN,2026-07-06 19:56:36,ONLINE
CRD0008018,CARD0150,P00347,7832,588.94,IN,2026-07-20 05:23:10,ONLINE
CRD0008021,CARD0150,P00160,4722,5871.0,IN,2026-07-31 13:59:38,POS3850
CRD0008022,CARD0150,P00043,5311,2848.78,IN,2026-07-22 10:10:41,ONLINE
CRD0008034,CARD0150,P00019,4814,990.38,IN,2026-07-26 11:40:23,POS4956
CRD0008035,CARD0150,P00019,4814,395.22,IN,2026-09-13 22:18:57,POS8884
CRD0008046,CARD0151,P00149,5311,1344.94,IN,2026-08-14 14:28:00,POS5104
CRD0008050,CARD0151,P00119,5812,925.34,IN,2026-08-28 17:34:12,ONLINE
CRD0008051,CARD0151,P00110,7832,521.92,IN,2026-07-06 12:37:11,POS6580
CRD0008055,CARD0151,P00269,4900,935.0,IN,2026-08-03 13:46:51,ONLINE
CRD0008056,CARD0151,P00022,6012,3060.4,IN,2026-08-15 20:03:32,POS4627
CRD0008060,CARD0151,P00110,7832,1520.0,IN,2026-08-11 21:36:00,ONLINE
CRD0008061,CARD0151,P00070,7832,256.15,IN,2026-09-10 01:46:58,POS4499
CRD0008062,CARD0151,P00283,5311,967.19,IN,2026-08-04 10:57:24,POS5348
CRD0008067,CARD0151,P00065,5541,1483.81,IN,2026-07-13 17:32:15,POS7930
CRD0008070,CARD0151,P00062,6012,1368.88,IN,2026-08-31 09:19:58,ONLINE
CRD0008075,CARD0151,P00283,5311,4579.25,IN,2026-09-12 19:38:47,POS5948
CRD0008082,CARD0151,P00251,5411,482.47,IN,2026-09-05 13:47:15,ONLINE
CRD0008084,CARD0151,P00010,5812,639.44,IN,2026-07-04 02:35:30,POS9300
CRD0008086,CARD0151,P00223,5812,108.4,IN,2026-09-03 13:26:47,POS1860
CRD0008099,CARD0152,P00301,5812,107.39,IN,2026-07-22 17:57:27,POS2799
CRD0008100,CARD0152,P00040,5411,204.72,IN,2026-07-06 16:03:22,POS2776
CRD0008105,CARD0152,P00218,5812,75.75,IN,2026-09-05 08:39:09,ONLINE
CRD0008109,CARD0152,P00052,5311,655.18,IN,2026-07-27 14:59:30,ONLINE
CRD0008115,CARD0152,P00300,6012,168.55,IN,2026-08-14 21:12:41,POS9370
CRD0008116,CARD0152,P00293,5812,96.85,IN,2026-07-25 22:20:03,ONLINE
CRD0008121,CARD0152,P00245,5311,358.87,IN,2026-07-22 09:54:12,POS9498
CRD0008122,CARD0152,P00165,5812,433.45,IN,2026-09-02 05:44:25,POS4826
CRD0008126,CARD0152,P00052,5311,560.7,IN,2026-08-22 15:00:09,POS6731
CRD0008135,CARD0152,P00293,5812,167.18,IN,2026-07-09 13:12:56,ONLINE
CRD0008136,CARD0152,P00040,5411,252.03,IN,2026-07-16 22:33:12,POS6557
CRD0008148,CARD0152,P00191,6513,5435.35,IN,2026-07-20 09:34:35,POS7902
CRD0008155,CARD0152,P00015,4722,728.96,IN,2026-07-01 09:24:26,ONLINE
CRD0008156,CARD0152,P00052,5311,242.51,IN,2026-07-31 23:10:12,POS1694
CRD0008161,CARD0152,P00242,4900,1338.29,IN,2026-08-29 20:25:59,ONLINE
CRD0008167,CARD0153,P00087,5812,395.41,IN,2026-07-03 17:22:47,POS9843
CRD0008168,CARD0153,P00204,4900,3516.87,IN,2026-08-10 10:31:30,ONLINE
CRD0008170,CARD0153,P00226,5541,1933.38,IN,2026-07-18 12:50:03,ONLINE
CRD0008172,CARD0153,P00327,5541,3780.94,IN,2026-07-26 10:21:04,POS6451
CRD0008178,CARD0153,P00158,5311,5338.47,IN,2026-08-17 11:56:53,POS9986
CRD0008181,CARD0153,P00283,5311,5559.65,IN,2026-08-21 12:40:31,POS1530
CRD0008183,CARD0153,P00059,6012,1300.46,IN,2026-07-04 10:00:26,ONLINE
CRD0008190,CARD0153,P00204,4900,3891.82,IN,2026-08-02 09:29:07,ONLINE
CRD0008194,CARD0153,P00250,4814,1195.27,IN,2026-07-25 16:53:55,POS3660
CRD0008198,CARD0153,P00102,4722,9919.34,IN,2026-08-01 07:13:41,ONLINE
CRD0008206,CARD0153,P00204,4900,1391.47,IN,2026-07-28 18:48:10,POS2919
CRD0008211,CARD0154,P00106,5411,2275.17,IN,2026-07-17 19:03:55,ONLINE
CRD0008212,CARD0154,P00099,5411,1122.44,IN,2026-08-13 11:15:58,ONLINE
CRD0008213,CARD0154,P00113,6513,3830.52,IN,2026-08-06 17:34:05,ONLINE
CRD0008220,CARD0154,P00139,5311,4247.88,IN,2026-08-14 23:33:07,POS6321
CRD0008223,CARD0154,P00369,5411,7203.37,IN,2026-09-01 20:12:41,ONLINE
CRD0008228,CARD0154,P00145,5411,3110.47,IN,2026-07-29 20:38:48,POS4116
CRD0008235,CARD0154,P00011,6012,776.54,IN,2026-08-08 12:24:17,POS9401
CRD0008236,CARD0154,P00099,5411,1468.7,IN,2026-07-24 03:01:50,POS6282
CRD0008237,CARD0154,P00102,4722,4205.31,IN,2026-07-08 10:59:45,POS1868
CRD0008242,CARD0154,P00012,5541,1622.91,IN,2026-07-13 10:42:47,ONLINE
CRD0008247,CARD0154,P00383,5812,520.33,IN,2026-07-07 19:02:13,POS4054
CRD0008248,CARD0154,P00099,5411,1307.63,IN,2026-09-13 14:30:19,POS8992
CRD0008249,CARD0154,P00293,5812,1587.01,IN,2026-09-07 18:21:21,POS2405
CRD0008250,CARD0154,P00166,5411,774.16,IN,2026-07-14 12:16:56,ONLINE
CRD0008257,CARD0155,P00065,5541,3388.52,IN,2026-09-11 14:00:25,ONLINE
CRD0008260,CARD0155,P00386,6012,1851.38,IN,2026-08-02 10:49:03,ONLINE
CRD0008263,CARD0155,P00003,4814,639.51,IN,2026-07-26 10:12:16,POS3644
CRD0008276,CARD0155,P00288,5812,1507.59,IN,2026-07-12 16:42:05,ONLINE
CRD0008278,CARD0155,P00381,5411,2230.51,IN,2026-07-06 19:32:58,ONLINE
CRD0008279,CARD0155,P00065,5541,3725.34,IN,2026-09-06 10:21:46,ONLINE
CRD0008283,CARD0155,P00288,5812,1029.17,IN,2026-08-28 08:13:49,POS8123
CRD0008287,CARD0155,P00065,5541,4263.85,IN,2026-07-04 15:24:00,POS4590
CRD0008294,CARD0156,P00369,5411,3315.74,IN,2026-07-30 18:21:55,POS6126
CRD0008295,CARD0156,P00155,7832,1108.21,IN,2026-08-30 12:19:28,ONLINE
CRD0008298,CARD0156,P00308,5812,1055.11,IN,2026-07-26 13:51:54,POS2488
CRD0008303,CARD0156,P00304,5541,3743.09,IN,2026-09-03 10:38:53,ONLINE
CRD0008311,CARD0156,P00310,5411,3852.31,IN,2026-07-06 13:30:28,ONLINE
CRD0008313,CARD0156,P00155,7832,1501.18,IN,2026-08-12 15:56:58,ONLINE
CRD0008327,CARD0157,P00265,5411,957.01,IN,2026-08-04 19:13:36,ONLINE
CRD0008328,CARD0157,P00117,5411,1463.18,IN,2026-07-22 12:50:02,ONLINE
CRD0008329,CARD0157,P00224,5812,4316.34,IN,2026-07-18 18:52:41,ONLINE
CRD0008334,CARD0157,P00259,6513,14214.09,IN,2026-08-30 20:02:45,ONLINE
CRD0008335,CARD0157,P00356,4814,1117.39,IN,2026-09-09 20:36:01,POS1114
CRD0008337,CARD0157,P00117,5411,2368.29,IN,2026-08-07 10:11:47,POS9475
CRD0008338,CARD0157,P00196,5812,1103.55,IN,2026-09-04 09:54:06,ONLINE
CRD0008344,CARD0157,P00259,6513,35362.61,IN,2026-07-02 15:02:01,ONLINE
CRD0008351,CARD0157,P00224,5812,2756.84,IN,2026-08-30 19:59:57,ONLINE
CRD0008353,CARD0157,P00224,5812,1896.82,IN,2026-08-26 16:56:26,ONLINE
CRD0008356,CARD0157,P00305,5812,2120.46,IN,2026-07-20 17:59:18,POS7337
CRD0008363,CARD0157,P00012,5541,7975.62,IN,2026-08-18 21:09:45,POS6331
CRD0008367,CARD0157,P00224,5812,506.1,IN,2026-08-14 20:59:01,ONLINE
CRD0008374,CARD0158,P00263,5311,1373.28,IN,2026-08-24 11:47:38,ONLINE
CRD0008383,CARD0158,P00236,5411,481.51,IN,2026-07-28 21:20:45,ONLINE
CRD0008384,CARD0158,P00280,6012,360.35,IN,2026-07-08 13:58:43,ONLINE
CRD0008387,CARD0158,P00129,5311,1448.33,IN,2026-09-06 10:03:59,POS2441
CRD0008391,CARD0158,P00095,5812,90.76,IN,2026-08-24 06:01:22,ONLINE
CRD0008392,CARD0158,P00231,4814,144.19,IN,2026-07-10 19:27:09,POS7070
CRD0008395,CARD0158,P00129,5311,1707.61,IN,2026-07-09 01:52:14,POS6739
CRD0008396,CARD0158,P00005,4814,325.42,IN,2026-08-30 07:24:09,ONLINE
CRD0008401,CARD0158,P00357,6012,3110.86,IN,2026-09-13 20:26:09,POS2883
CRD0008405,CARD0158,P00136,5812,334.68,IN,2026-08-23 18:04:38,ONLINE
CRD0008406,CARD0158,P00331,7832,157.28,IN,2026-07-11 18:16:33,ONLINE
CRD0008407,CARD0158,P00280,6012,3370.65,IN,2026-08-17 14:51:42,POS5634
CRD0008408,CARD0158,P00037,6012,2691.28,IN,2026-07-04 11:06:44,POS2174
CRD0008418,CARD0159,P00399,4814,1189.36,IN,2026-08-26 07:53:23,POS6238
CRD0008420,CARD0159,P00285,4900,2909.29,IN,2026-08-05 14:39:17,ONLINE
CRD0008422,CARD0159,P00069,5311,5565.72,IN,2026-07-30 10:37:53,ONLINE
CRD0008427,CARD0159,P00060,7832,721.62,IN,2026-07-04 17:39:00,ONLINE
CRD0008428,CARD0159,P00069,5311,1335.76,IN,2026-09-04 20:28:48,POS7128
CRD0008435,CARD0159,P00155,7832,326.02,IN,2026-08-30 09:33:07,ONLINE
CRD0008438,CARD0159,P00277,6012,835.51,IN,2026-07-17 07:38:47,POS1616
CRD0008439,CARD0159,P00155,7832,360.48,IN,2026-07-19 08:09:38,ONLINE
CRD0008441,CARD0159,P00399,4814,370.72,IN,2026-08-28 00:14:35,ONLINE
CRD0008444,CARD0159,P00087,5812,737.46,IN,2026-07-22 16:09:47,ONLINE
CRD0008447,CARD0159,P00060,7832,626.37,IN,2026-07-22 10:53:13,POS8516
CRD0008449,CARD0159,P00060,7832,656.41,IN,2026-07-19 12:32:02,POS9270
CRD0008454,CARD0159,P00277,6012,1242.98,IN,2026-08-28 17:55:21,ONLINE
CRD0008459,CARD0159,P00335,6513,2726.49,IN,2026-07-17 19:59:04,ONLINE
CRD0008468,CARD0159,P00087,5812,715.97,IN,2026-07-19 20:27:48,POS2119
CRD0008480,CARD0160,P00277,6012,1713.57,IN,2026-08-16 13:19:08,POS5624
CRD0008483,CARD0160,P00277,6012,3498.49,IN,2026-09-05 18:04:14,POS8033
CRD0008488,CARD0160,P00162,5411,1512.17,IN,2026-08-06 13:00:45,POS4377
CRD0008492,CARD0160,P00237,7832,404.77,IN,2026-08-20 11:31:17,ONLINE
CRD0008504,CARD0161,P00041,4722,67368.96,IN,2026-07-22 20:41:01,POS3456
CRD0008511,CARD0161,P00041,4722,36085.12,IN,2026-09-03 16:52:14,POS4998
CRD0008513,CARD0161,P00238,5812,1886.86,IN,2026-09-12 23:57:15,ONLINE
CRD0008533,CARD0161,P00075,5812,2225.24,IN,2026-07-29 18:29:15,POS4348
CRD0008537,CARD0161,P00180,4900,9286.61,IN,2026-07-13 10:49:27,POS9592
CRD0008539,CARD0161,P00238,5812,1237.63,IN,2026-07-02 17:16:03,POS3461
CRD0008541,CARD0161,P00032,5812,6442.31,IN,2026-08-17 07:02:18,ONLINE
CRD0008542,CARD0161,P00014,6012,12699.27,IN,2026-08-18 15:22:53,ONLINE
CRD0008543,CARD0161,P00222,5812,3228.95,IN,2026-07-29 12:32:26,ONLINE
CRD0008547,CARD0161,P00382,5812,2147.52,IN,2026-08-29 13:19:20,POS7894
CRD0008550,CARD0161,P00222,5812,4413.99,IN,2026-08-02 16:38:57,POS5855
CRD0008552,CARD0161,P00028,5411,2145.21,IN,2026-08-16 15:56:52,POS7324
CRD0008560,CARD0162,P00117,5411,1461.67,IN,2026-08-07 10:00:46,POS2812
CRD0008562,CARD0162,P00367,5411,8238.36,IN,2026-08-21 10:06:29,POS9271
CRD0008565,CARD0162,P00314,7832,1109.65,IN,2026-07-14 15:24:01,POS8878
CRD0008567,CARD0162,P00052,5311,4609.62,IN,2026-07-13 12:02:02,ONLINE
CRD0008570,CARD0162,P00108,5311,10507.96,IN,2026-09-07 18:30:02,POS3538
CRD0008574,CARD0162,P00285,4900,4825.4,IN,2026-08-14 23:15:14,POS3824
CRD0008581,CARD0162,P00306,4814,876.7,IN,2026-09-07 20:10:31,ONLINE
CRD0008587,CARD0162,P00117,5411,3137.47,IN,2026-08-15 05:22:23,ONLINE
CRD0008596,CARD0162,P00098,6012,5664.63,IN,2026-07-14 13:03:28,ONLINE
CRD0008601,CARD0163,P00098,6012,3204.25,IN,2026-07-29 18:22:01,POS7649
CRD0008603,CARD0163,P00266,5541,6791.04,IN,2026-09-11 20:00:36,ONLINE
CRD0008607,CARD0163,P00300,6012,2413.18,IN,2026-08-03 19:21:17,POS9511
CRD0008621,CARD0163,P00362,5411,4334.73,IN,2026-07-22 12:17:09,POS5466
CRD0008624,CARD0163,P00223,5812,1903.26,IN,2026-09-09 19:00:51,ONLINE
CRD0008629,CARD0163,P00090,5812,1738.12,IN,2026-07-02 18:04:07,POS1842
CRD0008646,CARD0163,P00149,5311,16788.03,IN,2026-08-17 07:49:53,ONLINE
CRD0008647,CARD0163,P00253,4814,2956.03,IN,2026-08-14 10:41:03,POS3213
CRD0008648,CARD0163,P00266,5541,2867.65,IN,2026-07-14 22:48:26,POS5721
CRD0008649,CARD0163,P00253,4814,282.47,IN,2026-08-25 17:26:35,ONLINE
CRD0008651,CARD0163,P00253,4814,3358.84,IN,2026-07-30 21:13:09,ONLINE
CRD0008652,CARD0163,P00223,5812,881.97,IN,2026-07-31 20:11:52,POS1547
CRD0008654,CARD0163,P00362,5411,1441.9,IN,2026-07-16 12:32:49,ONLINE
CRD0008655,CARD0163,P00090,5812,3199.67,IN,2026-08-08 18:43:05,ONLINE
CRD0008665,CARD0163,P00363,5541,4158.8,IN,2026-08-07 19:21:20,POS8576
CRD0008671,CARD0164,P00387,4722,4494.65,IN,2026-08-03 17:46:16,ONLINE
CRD0008676,CARD0164,P00387,4722,7074.72,IN,2026-07-14 17:21:15,ONLINE
CRD0008681,CARD0164,P00270,4722,2731.87,IN,2026-09-04 22:27:48,ONLINE
CRD0008684,CARD0164,P00290,5812,558.36,IN,2026-07-30 12:04:24,POS1826
CRD0008685,CARD0164,P00054,6012,1478.98,IN,2026-07-30 16:52:51,ONLINE
CRD0008709,CARD0164,P00054,6012,1482.95,IN,2026-08-16 08:57:30,POS4016
CRD0008713,CARD0164,P00235,4722,3763.52,IN,2026-08-27 15:51:49,POS4236
CRD0008718,CARD0165,P00168,5411,880.91,IN,2026-08-14 15:51:39,POS5576
CRD0008721,CARD0165,P00329,8011,3278.12,IN,2026-08-26 18:36:19,POS5960
CRD0008723,CARD0165,P00260,5311,3395.17,IN,2026-08-25 20:40:38,POS9576
CRD0008725,CARD0165,P00329,8011,1313.06,IN,2026-07-28 19:46:56,POS1202
CRD0008726,CARD0165,P00329,8011,2229.32,IN,2026-07-23 17:54:53,ONLINE
CRD0008734,CARD0165,P00148,5311,1218.66,IN,2026-07-27 08:54:49,ONLINE
CRD0008744,CARD0165,P00010,5812,214.1,IN,2026-07-21 17:11:17,POS4558
CRD0008745,CARD0165,P00241,5411,346.61,IN,2026-09-11 14:30:03,POS2874
CRD0008747,CARD0165,P00399,4814,458.47,IN,2026-08-25 20:53:46,ONLINE
CRD0008748,CARD0165,P00168,5411,2710.98,IN,2026-07-11 09:17:59,POS1508
CRD0008750,CARD0165,P00399,4814,954.74,IN,2026-08-11 17:46:16,POS4238
CRD0008754,CARD0165,P00322,6012,1592.55,IN,2026-08-19 17:50:01,ONLINE
CRD0008768,CARD0166,P00227,4814,5821.97,IN,2026-08-24 22:13:50,ONLINE
CRD0008769,CARD0166,P00247,6012,2732.85,IN,2026-08-18 19:58:03,POS6389
CRD0008774,CARD0166,P00121,5812,416.66,IN,2026-08-24 17:27:29,POS2319
CRD0008778,CARD0166,P00095,5812,643.11,IN,2026-08-18 14:37:56,ONLINE
CRD0008781,CARD0166,P00007,5812,515.93,IN,2026-08-10 10:14:12,POS2536
CRD0008794,CARD0166,P00389,5812,1909.39,IN,2026-09-10 12:06:31,POS7258
CRD0008796,CARD0166,P00121,5812,859.59,IN,2026-08-16 14:59:08,ONLINE
CRD0008798,CARD0166,P00001,6012,3392.01,IN,2026-08-22 12:36:07,POS2167
CRD0008799,CARD0166,P00121,5812,1448.22,IN,2026-07-09 20:17:23,ONLINE
CRD0008800,CARD0166,P00227,4814,4906.0,IN,2026-08-02 16:30:39,ONLINE
CRD0008803,CARD0166,P00389,5812,1512.44,IN,2026-09-11 11:34:30,POS4087
CRD0008804,CARD0166,P00389,5812,231.15,IN,2026-08-02 10:39:56,POS1331
CRD0008810,CARD0166,P00294,5311,6939.26,IN,2026-09-01 20:23:09,POS4533
CRD0008811,CARD0166,P00247,6012,6251.3,IN,2026-07-27 11:59:15,ONLINE
CRD0008816,CARD0166,P00105,5541,2622.6,IN,2026-07-27 19:01:14,ONLINE
CRD0008823,CARD0166,P00158,5311,4147.55,IN,2026-07-02 21:51:56,POS3404
CRD0008827,CARD0166,P00227,4814,679.45,IN,2026-08-30 13:08:03,POS9131
CRD0008830,CARD0166,P00100,8011,2260.41,IN,2026-08-20 13:04:04,POS5698
CRD0008834,CARD0166,P00006,5411,3225.39,IN,2026-08-04 19:04:28,ONLINE
CRD0008842,CARD0167,P00240,6012,2028.49,IN,2026-08-31 17:04:27,ONLINE
CRD0008843,CARD0167,P00028,5411,616.15,IN,2026-07-13 11:41:22,POS6036
CRD0008848,CARD0167,P00182,4722,3007.68,IN,2026-08-23 21:00:43,POS4991
CRD0008852,CARD0167,P00240,6012,1403.44,IN,2026-09-02 16:31:45,POS1054
CRD0008857,CARD0167,P00028,5411,529.42,IN,2026-07-27 18:50:59,ONLINE
CRD0008861,CARD0167,P00313,5541,1386.15,IN,2026-08-03 23:17:16,ONLINE
CRD0008865,CARD0167,P00144,7832,261.4,IN,2026-08-10 18:04:21,ONLINE
CRD0008867,CARD0167,P00119,5812,434.24,IN,2026-07-01 14:36:25,ONLINE
CRD0008870,CARD0167,P00112,5411,196.49,IN,2026-07-19 21:44:16,ONLINE
CRD0008875,CARD0167,P00028,5411,569.64,IN,2026-07-18 14:31:06,POS1945
CRD0008878,CARD0167,P00240,6012,900.03,IN,2026-08-03 06:44:04,ONLINE
CRD0008880,CARD0167,P00112,5411,1108.77,IN,2026-09-01 09:22:21,POS4384
CRD0008884,CARD0167,P00118,4722,1501.07,IN,2026-08-07 12:24:33,ONLINE
CRD0008892,CARD0168,P00275,5541,3444.2,IN,2026-08-08 15:40:39,ONLINE
CRD0008895,CARD0168,P00082,5411,693.62,IN,2026-08-24 10:05:38,ONLINE
CRD0008897,CARD0168,P00305,5812,487.91,IN,2026-07-10 08:40:44,ONLINE
CRD0008901,CARD0168,P00016,5411,3964.81,IN,2026-09-01 14:22:15,ONLINE
CRD0008906,CARD0168,P00353,5311,3425.31,IN,2026-08-19 07:13:12,POS6537
CRD0008907,CARD0168,P00258,5812,466.69,IN,2026-07-03 18:28:56,POS5269
CRD0008910,CARD0168,P00034,5812,455.79,IN,2026-07-29 14:01:34,ONLINE
CRD0008911,CARD0168,P00353,5311,10055.29,IN,2026-07-09 12:01:17,POS8277
CRD0008912,CARD0168,P00390,4900,2053.7,IN,2026-07-14 18:26:49,ONLINE
CRD0008919,CARD0168,P00082,5411,649.13,IN,2026-07-16 17:56:20,POS9847
CRD0008920,CARD0168,P00301,5812,593.15,IN,2026-07-16 19:53:12,ONLINE
CRD0008922,CARD0168,P00305,5812,643.78,IN,2026-08-05 14:45:22,POS6931
CRD0008943,CARD0169,P00068,5411,1211.62,IN,2026-07-31 12:16:31,POS4343
CRD0008948,CARD0169,P00051,6012,1011.49,IN,2026-08-20 09:19:37,ONLINE
CRD0008949,CARD0169,P00166,5411,933.23,IN,2026-09-11 16:06:08,POS7486
CRD0008953,CARD0169,P00166,5411,986.21,IN,2026-09-13 09:32:44,ONLINE
CRD0008968,CARD0169,P00372,4814,666.79,IN,2026-08-24 10:31:52,ONLINE
CRD0008969,CARD0169,P00196,5812,429.38,IN,2026-07-16 12:30:49,POS7831
CRD0008971,CARD0169,P00051,6012,4182.14,IN,2026-08-08 09:24:04,ONLINE
CRD0008973,CARD0169,P00372,4814,1060.39,IN,2026-09-07 09:54:16,ONLINE
CRD0008975,CARD0169,P00196,5812,568.02,IN,2026-09-10 22:16:49,POS4367
CRD0008981,CARD0169,P00188,5812,899.25,IN,2026-08-21 14:41:30,POS9602
CRD0008990,CARD0169,P00079,5541,1584.53,IN,2026-09-01 17:56:27,ONLINE
CRD0008994,CARD0169,P00051,6012,1822.2,IN,2026-07-05 10:17:57,ONLINE
CRD0009002,CARD0169,P00051,6012,5880.28,IN,2026-09-02 08:25:24,POS2277
CRD0009013,CARD0169,P00142,6012,2404.38,IN,2026-07-27 08:27:38,POS4002
CRD0009014,CARD0169,P00142,6012,2685.69,IN,2026-07-17 20:04:09,POS3594
CRD0009025,CARD0170,P00296,5812,2887.15,IN,2026-08-01 07:07:45,ONLINE
CRD0009028,CARD0170,P00082,5411,906.6,IN,2026-08-26 11:47:11,POS8775
CRD0009039,CARD0170,P00219,5411,3449.83,IN,2026-07-28 09:21:11,POS9705
CRD0009043,CARD0170,P00070,7832,827.48,IN,2026-09-08 19:27:30,ONLINE
CRD0009047,CARD0170,P00070,7832,5234.89,IN,2026-08-14 10:21:34,POS6098
CRD0009048,CARD0170,P00296,5812,834.8,IN,2026-07-15 22:04:29,ONLINE
CRD0009053,CARD0170,P00296,5812,1168.13,IN,2026-09-05 16:51:50,ONLINE
CRD0009056,CARD0170,P00084,7832,5549.43,IN,2026-08-26 14:48:14,ONLINE
CRD0009059,CARD0170,P00183,7832,937.74,IN,2026-07-23 11:29:45,ONLINE
CRD0009064,CARD0170,P00279,5812,2855.61,IN,2026-07-22 15:25:58,ONLINE
CRD0009066,CARD0170,P00219,5411,4118.61,IN,2026-08-30 16:29:54,POS3878
CRD0009070,CARD0170,P00050,5311,13773.65,IN,2026-07-02 18:12:14,ONLINE
CRD0009072,CARD0170,P00084,7832,1989.69,IN,2026-07-24 07:08:42,POS9181
CRD0009077,CARD0170,P00100,8011,6626.28,IN,2026-09-08 13:25:29,ONLINE
CRD0009081,CARD0170,P00006,5411,3141.45,IN,2026-09-11 17:23:37,POS3757
CRD0009088,CARD0170,P00394,4814,1552.03,IN,2026-07-29 18:57:34,POS8031
CRD0009111,CARD0171,P00306,4814,1104.82,IN,2026-08-07 09:08:17,POS5224
CRD0009118,CARD0171,P00243,6012,2020.03,IN,2026-09-12 12:01:52,POS9417
CRD0009121,CARD0171,P00168,5411,739.54,IN,2026-07-23 09:05:20,ONLINE
CRD0009138,CARD0172,P00319,6012,188.02,IN,2026-07-07 09:42:13,POS4048
CRD0009148,CARD0172,P00177,5812,164.4,IN,2026-07-03 16:45:39,ONLINE
CRD0009151,CARD0172,P00307,5311,1025.48,IN,2026-07-22 08:59:41,POS9227
CRD0009158,CARD0172,P00307,5311,1392.08,IN,2026-08-12 11:04:10,ONLINE
CRD0009160,CARD0172,P00339,7832,233.68,IN,2026-09-06 12:03:09,ONLINE
CRD0009161,CARD0172,P00256,4900,1981.48,IN,2026-07-10 17:35:28,POS6525
CRD0009163,CARD0172,P00236,5411,439.85,IN,2026-08-25 20:55:24,ONLINE
CRD0009166,CARD0172,P00222,5812,226.94,IN,2026-07-19 14:31:29,ONLINE
CRD0009167,CARD0172,P00256,4900,1080.38,IN,2026-08-20 08:50:09,POS3199
CRD0009184,CARD0173,P00055,5311,4364.37,IN,2026-07-14 17:29:23,ONLINE
CRD0009193,CARD0173,P00275,5541,9886.09,IN,2026-09-07 10:27:53,ONLINE
CRD0009205,CARD0173,P00093,5812,2144.37,IN,2026-08-28 18:25:37,POS4755
CRD0009211,CARD0173,P00098,6012,994.79,IN,2026-09-10 08:11:00,POS8074
CRD0009212,CARD0173,P00145,5411,1288.25,IN,2026-08-18 09:18:10,ONLINE
CRD0009218,CARD0174,P00357,6012,1260.76,IN,2026-09-03 11:20:21,POS4086
CRD0009223,CARD0174,P00219,5411,451.48,IN,2026-08-10 13:07:17,ONLINE
CRD0009232,CARD0174,P00225,5411,499.75,IN,2026-08-16 03:18:23,POS4568
CRD0009235,CARD0174,P00069,5311,1809.57,IN,2026-07-10 11:33:03,ONLINE
CRD0009239,CARD0174,P00168,5411,636.74,IN,2026-09-13 12:27:03,POS4270
CRD0009245,CARD0174,P00072,5812,293.13,IN,2026-09-05 22:46:17,ONLINE
CRD0009246,CARD0174,P00204,4900,1151.26,IN,2026-09-10 08:00:39,ONLINE
CRD0009248,CARD0174,P00071,5411,590.18,IN,2026-07-18 19:02:08,ONLINE
CRD0009250,CARD0174,P00204,4900,430.83,IN,2026-07-16 10:00:55,ONLINE
CRD0009251,CARD0174,P00296,5812,635.75,IN,2026-08-31 17:32:42,POS6901
CRD0009254,CARD0174,P00380,5411,1229.4,IN,2026-08-07 18:22:07,ONLINE
CRD0009258,CARD0174,P00380,5411,695.83,IN,2026-09-03 05:39:40,POS5642
CRD0009262,CARD0174,P00144,7832,250.63,IN,2026-08-21 07:00:26,ONLINE
CRD0009273,CARD0174,P00225,5411,835.53,IN,2026-07-12 22:05:13,ONLINE
CRD0009275,CARD0174,P00108,5311,3759.65,IN,2026-09-06 17:17:14,ONLINE
CRD0009277,CARD0174,P00296,5812,713.2,IN,2026-07-23 10:01:01,ONLINE
CRD0009283,CARD0174,P00072,5812,290.16,IN,2026-09-02 19:23:49,ONLINE
CRD0009290,CARD0174,P00225,5411,585.03,IN,2026-07-04 17:46:05,POS3488
CRD0009304,CARD0175,P00100,8011,1194.9,IN,2026-07-29 18:52:03,ONLINE
CRD0009311,CARD0175,P00131,5411,1113.69,IN,2026-07-26 16:01:01,POS4668
CRD0009314,CARD0175,P00131,5411,2277.25,IN,2026-07-05 08:08:49,ONLINE
CRD0009318,CARD0175,P00069,5311,1723.78,IN,2026-08-03 01:10:01,POS4887
CRD0009323,CARD0175,P00148,5311,18308.85,IN,2026-09-03 23:16:55,ONLINE
CRD0009326,CARD0175,P00148,5311,3101.85,IN,2026-07-02 13:52:06,ONLINE
CRD0009334,CARD0175,P00137,7832,1346.81,IN,2026-08-27 20:00:57,POS9130
CRD0009342,CARD0175,P00148,5311,4519.98,IN,2026-07-31 10:40:19,POS5415
CRD0009343,CARD0175,P00040,5411,1204.54,IN,2026-09-05 10:03:02,POS4017
CRD0009344,CARD0175,P00137,7832,429.47,IN,2026-08-18 16:34:00,POS3674
CRD0009347,CARD0175,P00100,8011,2064.45,IN,2026-08-29 14:23:51,ONLINE
CRD0009350,CARD0175,P00081,5411,1360.75,IN,2026-09-11 09:56:24,POS8063
CRD0009351,CARD0175,P00081,5411,1343.08,IN,2026-08-11 13:06:38,POS3071
CRD0009358,CARD0176,P00390,4900,5679.75,IN,2026-08-27 08:59:48,POS5160
CRD0009359,CARD0176,P00044,5411,1911.33,IN,2026-07-07 21:45:47,ONLINE
CRD0009362,CARD0176,P00252,5411,715.3,IN,2026-08-09 10:47:21,POS7290
CRD0009367,CARD0176,P00085,4900,4221.95,IN,2026-07-02 18:42:43,POS6250
CRD0009370,CARD0176,P00044,5411,1347.21,IN,2026-07-22 02:25:37,ONLINE
CRD0009376,CARD0176,P00044,5411,1015.14,IN,2026-08-17 02:10:46,ONLINE
CRD0009379,CARD0176,P00136,5812,547.91,IN,2026-08-30 09:25:09,ONLINE
CRD0009383,CARD0176,P00381,5411,3894.61,IN,2026-07-07 19:46:31,ONLINE
CRD0009387,CARD0176,P00021,4900,1600.66,IN,2026-09-07 19:41:39,ONLINE
CRD0009392,CARD0176,P00081,5411,1372.34,IN,2026-08-11 13:11:49,ONLINE
CRD0009395,CARD0176,P00153,5411,583.56,IN,2026-07-11 10:33:50,POS2758
CRD0009398,CARD0176,P00136,5812,877.89,IN,2026-08-05 16:40:32,POS5906
CRD0009399,CARD0176,P00381,5411,1229.02,IN,2026-07-10 10:14:13,ONLINE
CRD0009407,CARD0176,P00392,5812,545.88,IN,2026-07-25 12:44:38,ONLINE
CRD0009424,CARD0176,P00109,8011,1859.23,IN,2026-08-12 09:28:44,POS3942
CRD0009430,CARD0176,P00136,5812,989.66,IN,2026-08-23 00:13:52,POS7318
CRD0009431,CARD0176,P00063,5812,481.46,IN,2026-09-09 15:54:07,ONLINE
CRD0009436,CARD0176,P00081,5411,1767.56,IN,2026-07-30 07:46:48,POS8217
CRD0009445,CARD0177,P00219,5411,1289.79,IN,2026-08-10 19:41:51,POS3093
CRD0009447,CARD0177,P00008,4722,7502.89,IN,2026-08-16 11:09:40,POS3852
CRD0009448,CARD0177,P00287,4900,10985.31,IN,2026-08-22 18:04:38,ONLINE
CRD0009453,CARD0177,P00388,5411,745.82,IN,2026-08-26 09:56:26,POS3074
CRD0009457,CARD0177,P00145,5411,550.85,IN,2026-09-02 10:48:41,ONLINE
CRD0009463,CARD0177,P00361,5411,695.28,IN,2026-07-15 20:23:11,ONLINE
CRD0009470,CARD0177,P00033,6513,6241.12,IN,2026-09-09 11:40:55,ONLINE
CRD0009471,CARD0177,P00008,4722,7458.65,IN,2026-07-02 19:26:27,POS5744
CRD0009472,CARD0177,P00033,6513,15043.9,IN,2026-09-11 19:39:43,ONLINE
CRD0009474,CARD0177,P00356,4814,654.65,IN,2026-07-21 09:39:43,ONLINE
CRD0009480,CARD0178,P00294,5311,3078.97,IN,2026-09-05 20:55:37,ONLINE
CRD0009482,CARD0178,P00236,5411,2088.77,IN,2026-08-07 01:26:07,ONLINE
CRD0009483,CARD0178,P00204,4900,9041.38,IN,2026-07-26 18:07:33,ONLINE
CRD0009484,CARD0178,P00100,8011,1976.25,IN,2026-08-24 14:01:23,ONLINE
CRD0009498,CARD0178,P00054,6012,3059.8,IN,2026-08-31 16:47:34,POS3434
CRD0009500,CARD0178,P00079,5541,2543.38,IN,2026-07-04 18:00:25,POS9420
CRD0009507,CARD0178,P00255,5311,4809.81,IN,2026-08-14 13:33:56,ONLINE
CRD0009513,CARD0178,P00294,5311,6728.88,IN,2026-08-19 22:18:10,ONLINE
CRD0009517,CARD0178,P00294,5311,7510.86,IN,2026-07-03 16:59:34,POS8170
CRD0009518,CARD0178,P00033,6513,9904.63,IN,2026-07-14 14:24:49,ONLINE
CRD0009526,CARD0178,P00278,5541,6973.38,IN,2026-09-06 09:33:57,ONLINE
CRD0009528,CARD0178,P00204,4900,4617.76,IN,2026-07-23 13:03:39,ONLINE
CRD0009544,CARD0179,P00085,4900,1409.5,IN,2026-09-07 19:36:15,ONLINE
CRD0009547,CARD0179,P00054,6012,431.6,IN,2026-09-12 18:02:14,ONLINE
CRD0009551,CARD0179,P00308,5812,503.94,IN,2026-07-17 18:00:57,POS8214
CRD0009555,CARD0179,P00178,8011,2306.92,IN,2026-09-07 03:39:13,POS1000
CRD0009556,CARD0179,P00043,5311,2728.85,IN,2026-08-12 06:25:08,POS6768
CRD0009557,CARD0179,P00045,5311,2174.74,IN,2026-08-07 11:48:03,ONLINE
CRD0009558,CARD0179,P00241,5411,603.67,IN,2026-07-03 06:20:56,POS6768
CRD0009559,CARD0179,P00124,4814,708.37,IN,2026-09-04 11:53:48,ONLINE
CRD0009561,CARD0179,P00277,6012,744.47,IN,2026-09-11 16:04:50,POS2621
CRD0009568,CARD0179,P00304,5541,1887.25,IN,2026-07-09 19:33:06,POS6384
CRD0009572,CARD0179,P00165,5812,554.5,IN,2026-08-12 19:47:24,POS6511
CRD0009573,CARD0179,P00241,5411,1202.41,IN,2026-08-11 17:44:03,ONLINE
CRD0009582,CARD0180,P00177,5812,468.79,IN,2026-07-09 16:26:42,POS3417
CRD0009583,CARD0180,P00095,5812,2794.78,IN,2026-08-06 12:44:50,ONLINE
CRD0009589,CARD0180,P00284,6012,1428.57,IN,2026-08-20 20:34:37,POS6229
CRD0009591,CARD0180,P00160,4722,2478.78,IN,2026-08-28 14:25:02,ONLINE
CRD0009592,CARD0180,P00064,5311,1619.29,IN,2026-08-21 13:21:51,POS6547
CRD0009596,CARD0180,P00101,5311,6488.62,IN,2026-09-06 11:37:58,ONLINE
CRD0009598,CARD0180,P00284,6012,4017.16,IN,2026-08-14 10:27:42,POS5516
CRD0009600,CARD0180,P00054,6012,908.65,IN,2026-08-12 16:28:06,ONLINE
CRD0009603,CARD0180,P00103,5311,1858.49,IN,2026-08-27 14:02:15,POS2826
CRD0009606,CARD0180,P00398,5541,720.4,IN,2026-07-13 13:42:17,POS9114
CRD0009607,CARD0180,P00054,6012,617.3,IN,2026-08-15 15:03:16,POS3840
CRD0009608,CARD0180,P00035,7832,755.38,IN,2026-08-21 17:24:23,ONLINE
CRD0009612,CARD0180,P00101,5311,680.44,IN,2026-08-01 13:23:49,ONLINE
CRD0009617,CARD0181,P00204,4900,4062.11,IN,2026-07-03 17:48:19,ONLINE
CRD0009619,CARD0181,P00248,4900,2108.52,IN,2026-08-09 10:13:49,POS2516
CRD0009622,CARD0181,P00248,4900,3368.0,IN,2026-07-28 16:14:59,POS2046
CRD0009625,CARD0181,P00013,5311,4268.13,IN,2026-07-07 00:24:19,ONLINE
CRD0009626,CARD0181,P00325,4722,6160.0,IN,2026-07-09 17:28:00,ONLINE
CRD0009628,CARD0181,P00332,5311,4312.09,IN,2026-07-19 13:49:18,ONLINE
CRD0009631,CARD0181,P00332,5311,9526.44,IN,2026-09-10 11:15:13,ONLINE
CRD0009632,CARD0181,P00148,5311,4546.66,IN,2026-07-24 09:58:48,ONLINE
CRD0009635,CARD0181,P00383,5812,1159.48,IN,2026-07-13 19:33:58,POS3737
CRD0009637,CARD0181,P00360,5541,4655.26,IN,2026-07-06 20:39:52,POS7101
CRD0009638,CARD0181,P00248,4900,6402.73,IN,2026-07-03 02:14:44,ONLINE
CRD0009640,CARD0181,P00035,7832,1165.48,IN,2026-07-09 09:59:41,POS6257
CRD0009651,CARD0181,P00127,6012,2366.85,IN,2026-07-27 13:42:24,POS9290
CRD0009652,CARD0181,P00013,5311,4063.59,IN,2026-08-30 08:21:26,ONLINE
CRD0009653,CARD0181,P00325,4722,23839.85,IN,2026-07-24 15:28:09,POS9591
CRD0009662,CARD0182,P00249,4814,704.57,IN,2026-07-16 12:19:14,ONLINE
CRD0009664,CARD0182,P00033,6513,4897.71,IN,2026-08-19 20:02:57,ONLINE
CRD0009667,CARD0182,P00332,5311,1950.27,IN,2026-08-16 09:34:36,POS6326
CRD0009668,CARD0182,P00119,5812,277.55,IN,2026-08-09 10:47:37,ONLINE
CRD0009674,CARD0182,P00086,4900,1504.96,IN,2026-08-24 17:25:52,ONLINE
CRD0009676,CARD0182,P00035,7832,576.48,IN,2026-07-01 13:25:13,ONLINE
CRD0009679,CARD0182,P00212,5411,1168.15,IN,2026-07-06 13:20:54,ONLINE
CRD0009684,CARD0182,P00119,5812,523.07,IN,2026-07-02 15:12:52,POS7989
CRD0009687,CARD0182,P00365,6012,947.57,IN,2026-07-30 20:06:31,POS9204
CRD0009690,CARD0182,P00212,5411,3174.94,IN,2026-07-10 19:08:29,ONLINE
CRD0009691,CARD0182,P00033,6513,11747.84,IN,2026-07-03 19:32:56,ONLINE
CRD0009700,CARD0182,P00212,5411,902.35,IN,2026-07-20 15:28:35,ONLINE
CRD0009714,CARD0182,P00379,4814,156.22,IN,2026-08-03 19:44:58,POS2756
CRD0009717,CARD0182,P00033,6513,11027.1,IN,2026-08-04 19:41:38,ONLINE
CRD0009727,CARD0182,P00119,5812,1161.3,IN,2026-07-18 00:49:23,POS2101
CRD0009734,CARD0182,P00282,5411,2705.05,IN,2026-09-07 18:00:45,ONLINE
CRD0009735,CARD0182,P00212,5411,1672.32,IN,2026-07-07 20:37:32,POS9439
CRD0009744,CARD0182,P00395,5311,1286.2,IN,2026-09-04 18:54:52,ONLINE
CRD0009745,CARD0182,P00142,6012,742.03,IN,2026-08-06 11:50:58,POS1599
CRD0009749,CARD0182,P00148,5311,2804.95,IN,2026-07-21 18:36:33,ONLINE
CRD0009754,CARD0182,P00379,4814,888.57,IN,2026-08-22 19:10:19,ONLINE
CRD0009755,CARD0182,P00033,6513,4252.21,IN,2026-08-12 12:16:44,POS6591
CRD0009756,CARD0182,P00107,4900,2141.58,IN,2026-08-16 00:33:16,ONLINE
CRD0009760,CARD0183,P00236,5411,1133.28,IN,2026-07-28 02:52:33,POS1789
CRD0009761,CARD0183,P00280,6012,1291.2,IN,2026-07-15 06:40:08,POS2230
CRD0009774,CARD0183,P00117,5411,720.66,IN,2026-09-05 17:29:31,ONLINE
CRD0009776,CARD0183,P00054,6012,2244.67,IN,2026-07-23 00:26:11,ONLINE
CRD0009778,CARD0183,P00280,6012,298.73,IN,2026-07-09 14:59:54,ONLINE
CRD0009783,CARD0183,P00016,5411,650.58,IN,2026-08-09 18:04:23,ONLINE
CRD0009785,CARD0183,P00198,5411,1202.04,IN,2026-07-01 15:40:24,ONLINE
CRD0009786,CARD0183,P00016,5411,1063.8,IN,2026-07-23 20:55:55,ONLINE
CRD0009795,CARD0183,P00236,5411,327.22,IN,2026-08-09 07:06:44,POS9325
CRD0009798,CARD0183,P00271,5541,1149.51,IN,2026-08-01 19:50:52,POS5592
CRD0009802,CARD0183,P00016,5411,461.16,IN,2026-07-04 08:39:51,POS9263
CRD0009810,CARD0183,P00117,5411,1367.19,IN,2026-08-01 15:59:46,POS2674
CRD0009817,CARD0183,P00109,8011,1146.72,IN,2026-09-13 18:38:55,ONLINE
CRD0009822,CARD0183,P00117,5411,267.89,IN,2026-07-21 17:07:19,POS9462
CRD0009827,CARD0183,P00348,6012,697.02,IN,2026-07-12 14:50:20,ONLINE
CRD0009834,CARD0184,P00009,6012,815.88,IN,2026-08-26 07:28:32,POS3560
CRD0009837,CARD0184,P00208,6012,957.22,IN,2026-08-28 20:25:54,POS4476
CRD0009845,CARD0184,P00254,6012,2940.24,IN,2026-07-25 17:35:25,POS6348
CRD0009848,CARD0184,P00270,4722,3367.83,IN,2026-07-14 10:35:32,ONLINE
CRD0009851,CARD0184,P00027,5311,2250.16,IN,2026-08-06 12:59:22,ONLINE
CRD0009854,CARD0184,P00254,6012,2270.35,IN,2026-08-14 09:28:55,ONLINE
CRD0009856,CARD0184,P00254,6012,4829.6,IN,2026-07-31 18:21:09,ONLINE
CRD0009859,CARD0184,P00144,7832,2039.84,IN,2026-08-17 20:37:48,POS9129
CRD0009864,CARD0184,P00254,6012,881.68,IN,2026-08-01 18:47:01,ONLINE
CRD0009865,CARD0184,P00194,4814,4455.01,IN,2026-08-17 11:50:08,POS2671
CRD0009868,CARD0184,P00113,6513,18124.32,IN,2026-08-18 09:22:05,ONLINE
CRD0009871,CARD0184,P00027,5311,2307.33,IN,2026-08-29 19:13:01,ONLINE
CRD0009875,CARD0184,P00278,5541,2395.86,IN,2026-08-13 19:06:47,POS9957
CRD0009876,CARD0184,P00208,6012,2121.52,IN,2026-09-09 10:20:03,ONLINE
CRD0009882,CARD0184,P00068,5411,1281.72,IN,2026-08-20 10:29:33,POS9934
CRD0009885,CARD0184,P00144,7832,598.97,IN,2026-08-30 16:10:57,ONLINE
CRD0009889,CARD0184,P00109,8011,8746.5,IN,2026-07-13 17:08:27,POS3642
CRD0009894,CARD0185,P00264,5812,628.31,IN,2026-07-12 13:23:06,POS7857
CRD0009901,CARD0185,P00148,5311,3182.83,IN,2026-07-03 20:48:02,ONLINE
CRD0009902,CARD0185,P00005,4814,810.03,IN,2026-09-04 19:15:31,POS8062
CRD0009903,CARD0185,P00322,6012,1687.51,IN,2026-07-20 13:09:56,POS5112
CRD0009909,CARD0185,P00318,6513,8060.86,IN,2026-08-10 21:30:27,POS6721
CRD0009917,CARD0185,P00010,5812,275.63,IN,2026-07-16 20:27:18,POS2063
CRD0009924,CARD0185,P00127,6012,1370.62,IN,2026-07-19 15:02:51,POS1369
CRD0009931,CARD0185,P00048,5812,2967.31,IN,2026-08-27 15:33:32,ONLINE
CRD0009933,CARD0185,P00264,5812,1314.3,IN,2026-09-11 22:26:35,POS2016
CRD0009938,CARD0186,P00091,5541,1172.23,IN,2026-07-06 11:27:11,ONLINE
CRD0009939,CARD0186,P00091,5541,2310.15,IN,2026-07-25 19:19:44,POS3370
CRD0009942,CARD0186,P00054,6012,1203.13,IN,2026-07-01 09:21:22,POS9678
CRD0009959,CARD0186,P00091,5541,1630.3,IN,2026-08-19 08:47:13,ONLINE
CRD0009963,CARD0186,P00157,6513,3942.78,IN,2026-07-08 15:33:25,POS3251
CRD0009964,CARD0186,P00026,6012,1970.79,IN,2026-09-02 12:59:29,POS1226
CRD0009965,CARD0186,P00078,7832,1169.62,IN,2026-08-09 18:02:21,POS6427
CRD0009966,CARD0186,P00382,5812,387.34,IN,2026-08-17 17:52:10,POS9373
CRD0009969,CARD0186,P00011,6012,1446.17,IN,2026-08-07 08:29:23,ONLINE
CRD0009977,CARD0186,P00239,5411,1509.73,IN,2026-07-09 10:26:44,ONLINE
CRD0009983,CARD0186,P00168,5411,1298.87,IN,2026-08-26 23:22:37,POS8756
CRD0010000,CARD0187,P00183,7832,348.95,IN,2026-08-03 18:02:11,ONLINE
CRD0010005,CARD0187,P00042,5311,2535.96,IN,2026-09-01 12:05:47,POS4838
CRD0010011,CARD0187,P00054,6012,618.03,IN,2026-07-29 12:57:56,POS3497
CRD0010021,CARD0188,P00284,6012,4838.79,IN,2026-08-03 09:27:25,ONLINE
CRD0010026,CARD0188,P00375,5812,732.16,IN,2026-08-17 16:07:56,POS6743
CRD0010027,CARD0188,P00385,6012,1621.68,IN,2026-08-16 18:12:53,ONLINE
CRD0010033,CARD0188,P00040,5411,2291.61,IN,2026-08-23 09:50:32,POS1002
CRD0010038,CARD0188,P00226,5541,2696.73,IN,2026-08-24 15:54:30,POS1731
CRD0010040,CARD0188,P00203,5541,1705.85,IN,2026-07-02 20:12:41,ONLINE
CRD0010045,CARD0188,P00375,5812,305.52,IN,2026-09-09 17:14:26,POS3797
CRD0010046,CARD0188,P00226,5541,1274.0,IN,2026-09-12 00:31:05,POS1054
CRD0010047,CARD0188,P00203,5541,3773.22,IN,2026-07-15 21:12:51,POS5160
CRD0010050,CARD0188,P00226,5541,2675.55,IN,2026-09-11 15:02:41,POS7811
CRD0010052,CARD0188,P00063,5812,1889.26,IN,2026-07-08 15:13:14,POS8527
CRD0010054,CARD0188,P00176,6012,2388.08,IN,2026-09-07 19:17:59,POS8512
CRD0010062,CARD0189,P00029,5411,242.97,IN,2026-09-04 17:15:25,POS9022
CRD0010066,CARD0189,P00275,5541,392.32,IN,2026-08-17 21:21:27,POS8704
CRD0010077,CARD0189,P00005,4814,364.71,IN,2026-07-17 08:58:20,ONLINE
CRD0010081,CARD0189,P00056,5812,144.13,IN,2026-08-19 19:12:49,ONLINE
CRD0010091,CARD0189,P00057,5812,211.9,IN,2026-08-11 09:38:40,POS8098
CRD0010093,CARD0189,P00021,4900,831.65,IN,2026-08-09 15:07:51,ONLINE
CRD0010094,CARD0189,P00158,5311,493.09,IN,2026-07-11 19:51:18,ONLINE
CRD0010103,CARD0189,P00021,4900,2423.4,IN,2026-08-13 14:48:47,POS3167
CRD0010107,CARD0189,P00057,5812,235.84,IN,2026-07-11 15:04:05,POS4711
CRD0010108,CARD0189,P00248,4900,613.24,IN,2026-08-29 11:30:29,POS1326
CRD0010113,CARD0190,P00006,5411,2909.54,IN,2026-08-07 00:10:17,POS7508
CRD0010115,CARD0190,P00316,5311,2196.71,IN,2026-09-01 12:13:00,POS3913
CRD0010117,CARD0190,P00376,5812,1867.83,IN,2026-08-05 10:02:17,ONLINE
CRD0010129,CARD0190,P00392,5812,853.06,IN,2026-08-02 12:59:21,ONLINE
CRD0010130,CARD0190,P00006,5411,2639.94,IN,2026-07-12 14:00:42,POS1567
CRD0010132,CARD0190,P00368,4814,884.52,IN,2026-07-08 18:08:35,ONLINE
CRD0010134,CARD0190,P00376,5812,1334.97,IN,2026-07-08 09:28:41,ONLINE
CRD0010136,CARD0190,P00089,4722,736.98,IN,2026-09-09 16:30:18,ONLINE
CRD0010143,CARD0190,P00376,5812,654.41,IN,2026-08-05 16:06:09,POS2474
CRD0010147,CARD0190,P00006,5411,1019.25,IN,2026-08-12 16:55:10,ONLINE
CRD0010151,CARD0190,P00264,5812,1897.08,IN,2026-07-16 15:46:52,ONLINE
CRD0010153,CARD0190,P00264,5812,393.87,IN,2026-07-08 16:20:26,ONLINE
CRD0010160,CARD0190,P00178,8011,4526.86,IN,2026-08-09 08:36:54,ONLINE
CRD0010164,CARD0190,P00178,8011,3790.62,IN,2026-08-08 18:09:35,POS7129
CRD0010179,CARD0191,P00117,5411,754.06,IN,2026-07-16 10:13:00,ONLINE
CRD0010182,CARD0191,P00080,5812,242.05,IN,2026-07-30 12:26:04,ONLINE
CRD0010184,CARD0191,P00224,5812,520.91,IN,2026-08-24 18:10:03,POS6610
CRD0010191,CARD0191,P00224,5812,335.29,IN,2026-08-30 14:29:18,POS4043
CRD0010194,CARD0191,P00073,6012,766.3,IN,2026-07-11 08:27:52,ONLINE
CRD0010198,CARD0191,P00288,5812,446.27,IN,2026-08-09 11:45:17,ONLINE
CRD0010202,CARD0191,P00240,6012,767.42,IN,2026-07-22 17:06:25,POS6445
CRD0010204,CARD0191,P00249,4814,423.48,IN,2026-08-05 18:26:19,POS2072
CRD0010209,CARD0191,P00249,4814,999.6,IN,2026-08-26 20:14:17,ONLINE
CRD0010211,CARD0191,P00288,5812,497.97,IN,2026-08-22 18:26:24,ONLINE
CRD0010218,CARD0191,P00059,6012,912.67,IN,2026-09-13 10:38:26,POS4369
CRD0010220,CARD0191,P00322,6012,1145.77,IN,2026-09-08 18:11:19,ONLINE
CRD0010222,CARD0191,P00289,5812,709.4,IN,2026-07-13 16:00:48,POS9975
CRD0010223,CARD0191,P00073,6012,3286.18,IN,2026-08-03 11:35:28,POS3921
CRD0010224,CARD0191,P00073,6012,2640.51,IN,2026-07-16 16:34:25,POS3010
CRD0010229,CARD0191,P00284,6012,1600.97,IN,2026-07-04 09:35:31,ONLINE
CRD0010230,CARD0191,P00224,5812,608.08,IN,2026-09-05 21:34:37,ONLINE
CRD0010232,CARD0191,P00312,5411,663.25,IN,2026-09-13 10:10:09,ONLINE
CRD0010240,CARD0191,P00329,8011,888.97,IN,2026-07-21 19:11:11,POS4501
CRD0010244,CARD0191,P00093,5812,915.96,IN,2026-07-17 21:05:08,ONLINE
CRD0010245,CARD0191,P00117,5411,1130.23,IN,2026-09-13 13:23:44,ONLINE
CRD0010257,CARD0192,P00179,5812,215.75,IN,2026-09-13 18:53:31,POS6776
CRD0010261,CARD0192,P00317,5812,1133.0,IN,2026-07-26 23:26:04,POS2878
CRD0010263,CARD0192,P00317,5812,370.55,IN,2026-08-24 08:33:01,ONLINE
CRD0010264,CARD0192,P00334,5812,541.87,IN,2026-08-23 13:49:37,POS6025
CRD0010270,CARD0192,P00201,4722,2990.37,IN,2026-08-02 10:06:56,ONLINE
CRD0010271,CARD0192,P00201,4722,3940.15,IN,2026-08-23 17:30:56,POS9923
CRD0010274,CARD0192,P00351,4814,213.83,IN,2026-08-09 14:37:21,ONLINE
CRD0010277,CARD0192,P00009,6012,1199.93,IN,2026-08-03 10:16:57,POS8578
CRD0010280,CARD0192,P00179,5812,351.63,IN,2026-08-10 12:01:22,POS8061
CRD0010283,CARD0192,P00120,5411,886.35,IN,2026-07-04 17:04:30,POS5202
CRD0010287,CARD0192,P00077,5812,676.06,IN,2026-07-03 11:36:57,ONLINE
CRD0010291,CARD0192,P00334,5812,412.48,IN,2026-07-21 08:37:55,ONLINE
CRD0010293,CARD0192,P00269,4900,1740.78,IN,2026-08-21 12:14:39,ONLINE
CRD0010294,CARD0192,P00065,5541,1056.71,IN,2026-07-12 16:43:22,ONLINE
CRD0010295,CARD0192,P00351,4814,760.29,IN,2026-08-27 22:21:00,ONLINE
CRD0010298,CARD0192,P00120,5411,826.13,IN,2026-07-26 10:11:03,POS3770
CRD0010302,CARD0193,P00031,6012,713.62,IN,2026-07-27 20:56:50,POS5635
CRD0010308,CARD0193,P00297,8011,1575.87,IN,2026-07-26 09:06:37,POS8707
CRD0010309,CARD0193,P00297,8011,890.98,IN,2026-07-28 07:35:35,ONLINE
CRD0010315,CARD0193,P00031,6012,1771.48,IN,2026-08-27 21:10:10,POS4891
CRD0010317,CARD0193,P00298,4814,490.15,IN,2026-08-18 06:29:19,ONLINE
CRD0010326,CARD0193,P00031,6012,799.75,IN,2026-07-01 07:16:57,ONLINE
CRD0010327,CARD0193,P00331,7832,173.57,IN,2026-09-09 17:26:30,ONLINE
CRD0010328,CARD0193,P00161,5812,365.25,IN,2026-08-01 18:18:54,ONLINE
CRD0010330,CARD0193,P00331,7832,780.5,IN,2026-07-30 08:40:22,POS1280
CRD0010334,CARD0193,P00297,8011,1361.5,IN,2026-07-20 17:05:11,POS8910
CRD0010335,CARD0193,P00342,5311,872.64,IN,2026-07-23 17:17:14,ONLINE
CRD0010340,CARD0194,P00220,8011,5685.11,IN,2026-08-02 08:55:18,POS5572
CRD0010343,CARD0194,P00034,5812,315.48,IN,2026-08-23 09:54:05,POS6962
CRD0010347,CARD0194,P00218,5812,941.15,IN,2026-09-02 11:25:01,POS5625
CRD0010350,CARD0194,P00100,8011,3904.35,IN,2026-08-01 14:32:26,POS6283
CRD0010352,CARD0194,P00221,5812,344.9,IN,2026-07-14 08:04:41,ONLINE
CRD0010355,CARD0194,P00100,8011,1664.71,IN,2026-09-01 18:52:45,POS4263
CRD0010359,CARD0194,P00269,4900,1616.99,IN,2026-09-02 19:29:13,POS9077
CRD0010361,CARD0194,P00100,8011,921.57,IN,2026-08-16 15:05:55,ONLINE
CRD0010366,CARD0194,P00159,5541,1929.63,IN,2026-07-02 13:54:38,ONLINE
CRD0010370,CARD0194,P00378,5411,445.54,IN,2026-07-22 10:49:54,ONLINE
CRD0010377,CARD0194,P00236,5411,971.86,IN,2026-07-27 23:40:32,ONLINE
CRD0010378,CARD0194,P00063,5812,896.33,IN,2026-08-16 20:42:37,ONLINE
CRD0010382,CARD0195,P00343,4900,983.78,IN,2026-07-04 20:17:04,POS6880
CRD0010395,CARD0195,P00186,4900,2648.74,IN,2026-07-14 19:17:00,ONLINE
CRD0010408,CARD0195,P00355,4814,128.72,IN,2026-08-06 10:30:22,POS9932
CRD0010412,CARD0195,P00056,5812,261.0,IN,2026-08-22 12:14:17,POS7526
CRD0010413,CARD0195,P00039,5311,962.89,IN,2026-08-08 14:17:27,ONLINE
CRD0010416,CARD0195,P00186,4900,560.49,IN,2026-08-08 19:07:22,POS5551
CRD0010421,CARD0195,P00355,4814,215.11,IN,2026-08-30 16:22:06,POS5253
CRD0010428,CARD0195,P00048,5812,154.58,IN,2026-07-29 16:12:55,ONLINE
CRD0010435,CARD0195,P00004,5411,600.78,IN,2026-08-15 17:57:12,ONLINE
CRD0010443,CARD0195,P00198,5411,392.65,IN,2026-08-29 15:35:31,POS3184
CRD0010445,CARD0195,P00339,7832,592.62,IN,2026-07-17 18:03:50,POS2957
CRD0010457,CARD0196,P00332,5311,15858.09,IN,2026-08-25 10:45:56,POS7323
CRD0010458,CARD0196,P00140,5411,1212.72,IN,2026-08-09 12:00:53,POS5282
CRD0010459,CARD0196,P00026,6012,789.33,IN,2026-08-29 11:47:23,ONLINE
CRD0010460,CARD0196,P00061,5411,710.17,IN,2026-07-28 17:57:41,POS3449
CRD0010467,CARD0196,P00391,5541,2679.8,IN,2026-08-14 14:20:58,POS4768
CRD0010470,CARD0196,P00140,5411,517.46,IN,2026-08-22 21:25:52,POS1118
CRD0010471,CARD0196,P00168,5411,3763.1,IN,2026-08-28 02:30:06,ONLINE
CRD0010474,CARD0196,P00125,5812,939.01,IN,2026-07-28 07:33:25,POS6512
CRD0010475,CARD0196,P00028,5411,3262.57,IN,2026-07-31 18:23:51,POS2249
CRD0010477,CARD0196,P00097,5541,2176.22,IN,2026-07-06 17:58:05,ONLINE
CRD0010478,CARD0196,P00026,6012,5670.86,IN,2026-08-05 20:09:33,ONLINE
CRD0010489,CARD0196,P00028,5411,3545.16,IN,2026-08-14 18:06:45,POS5514
CRD0010490,CARD0196,P00359,5411,1904.34,IN,2026-08-17 21:12:03,ONLINE
CRD0010491,CARD0196,P00371,5411,3432.69,IN,2026-09-08 13:59:28,ONLINE
CRD0010492,CARD0196,P00061,5411,778.65,IN,2026-07-21 14:44:21,ONLINE
CRD0010493,CARD0196,P00186,4900,2016.92,IN,2026-08-30 21:17:31,ONLINE
CRD0010494,CARD0196,P00028,5411,2973.81,IN,2026-08-31 18:53:15,POS1147
CRD0010499,CARD0197,P00323,4722,16016.64,IN,2026-07-18 17:41:06,ONLINE
CRD0010508,CARD0197,P00296,5812,1483.49,IN,2026-08-02 09:07:41,ONLINE
CRD0010513,CARD0197,P00029,5411,1507.06,IN,2026-08-28 20:48:08,POS9128
CRD0010514,CARD0197,P00162,5411,917.99,IN,2026-08-08 11:21:47,POS1908
CRD0010520,CARD0197,P00311,5411,1199.32,IN,2026-07-30 17:07:16,POS9085
CRD0010524,CARD0197,P00200,5411,1892.07,IN,2026-08-02 21:35:42,ONLINE
CRD0010530,CARD0197,P00275,5541,1949.34,IN,2026-07-04 22:51:46,ONLINE
CRD0010533,CARD0197,P00311,5411,494.25,IN,2026-07-23 09:30:36,ONLINE
CRD0010538,CARD0197,P00323,4722,7932.62,IN,2026-08-17 08:08:57,ONLINE
CRD0010541,CARD0197,P00316,5311,2409.56,IN,2026-09-10 17:33:11,ONLINE
CRD0010550,CARD0197,P00296,5812,1005.24,IN,2026-08-11 21:43:27,ONLINE
CRD0010556,CARD0197,P00229,5411,948.52,IN,2026-09-07 16:00:08,POS4548
CRD0010560,CARD0197,P00075,5812,951.79,IN,2026-09-05 14:25:19,ONLINE
CRD0010568,CARD0197,P00323,4722,1543.02,IN,2026-08-10 17:08:15,POS4363
CRD0010569,CARD0197,P00296,5812,557.2,IN,2026-09-08 21:57:49,POS5553
CRD0010572,CARD0197,P00045,5311,3858.28,IN,2026-08-30 11:25:29,ONLINE
CRD0010573,CARD0197,P00029,5411,644.79,IN,2026-08-31 21:33:49,POS3082
CRD0010587,CARD0198,P00024,5411,2020.35,IN,2026-09-01 22:41:57,POS4703
CRD0010591,CARD0198,P00149,5311,4627.09,IN,2026-07-11 18:42:46,ONLINE
CRD0010594,CARD0198,P00335,6513,7550.68,IN,2026-07-14 07:02:46,ONLINE
CRD0010595,CARD0198,P00024,5411,3084.56,IN,2026-07-28 16:27:24,POS6342
CRD0010600,CARD0198,P00335,6513,19598.74,IN,2026-08-11 20:01:35,ONLINE
CRD0010608,CARD0198,P00335,6513,17600.41,IN,2026-07-25 20:21:48,ONLINE
CRD0010611,CARD0198,P00004,5411,4481.16,IN,2026-08-11 22:38:23,POS2353
CRD0010624,CARD0198,P00392,5812,1037.53,IN,2026-07-20 19:08:37,POS3394
CRD0010629,CARD0198,P00149,5311,19596.75,IN,2026-07-25 09:13:51,POS8246
CRD0010633,CARD0198,P00342,5311,10725.01,IN,2026-08-20 10:47:17,POS2899
CRD0010635,CARD0198,P00288,5812,1889.85,IN,2026-08-06 19:19:14,ONLINE
CRD0010638,CARD0198,P00288,5812,3982.95,IN,2026-07-19 10:08:41,ONLINE
CRD0010639,CARD0198,P00192,5311,5786.94,IN,2026-07-30 21:30:56,ONLINE
CRD0010647,CARD0198,P00020,7832,1053.66,IN,2026-07-24 14:51:21,POS1125
CRD0010655,CARD0199,P00002,6012,1440.74,IN,2026-07-24 09:56:59,ONLINE
CRD0010664,CARD0199,P00148,5311,6077.18,IN,2026-07-12 16:53:47,POS8028
CRD0010668,CARD0199,P00072,5812,680.04,IN,2026-09-10 17:05:31,ONLINE
CRD0010671,CARD0199,P00236,5411,2662.85,IN,2026-08-07 09:47:02,POS1442
CRD0010672,CARD0199,P00315,4900,3393.28,IN,2026-07-10 08:35:44,POS3523
CRD0010675,CARD0199,P00255,5311,2302.09,IN,2026-08-27 09:41:34,POS5582
CRD0010676,CARD0199,P00213,4900,3259.92,IN,2026-07-30 13:09:19,POS9457
CRD0010680,CARD0199,P00255,5311,3337.41,IN,2026-08-14 11:57:49,POS2849
CRD0010690,CARD0199,P00315,4900,4133.23,IN,2026-07-23 11:30:35,ONLINE
CRD0010692,CARD0199,P00236,5411,1937.64,IN,2026-07-25 07:42:09,ONLINE
CRD0010697,CARD0199,P00155,7832,3157.45,IN,2026-08-24 14:10:34,ONLINE
CRD0010709,CARD0200,P00294,5311,7077.94,IN,2026-09-05 12:12:11,ONLINE
CRD0010714,CARD0200,P00016,5411,1414.49,IN,2026-08-13 15:28:56,POS9081
CRD0010715,CARD0200,P00294,5311,2345.71,IN,2026-09-02 20:50:30,ONLINE
CRD0010722,CARD0200,P00294,5311,3128.07,IN,2026-08-14 17:03:06,ONLINE
CRD0010723,CARD0200,P00315,4900,4146.6,IN,2026-07-25 15:46:05,ONLINE
CRD0010724,CARD0200,P00097,5541,1904.63,IN,2026-07-10 16:41:25,POS4596
CRD0010725,CARD0200,P00266,5541,1711.2,IN,2026-08-31 19:29:32,ONLINE
CRD0010726,CARD0200,P00266,5541,1719.55,IN,2026-08-12 18:39:17,POS9932
CRD0010737,CARD0200,P00389,5812,911.28,IN,2026-07-19 18:41:14,ONLINE
CRD0010739,CARD0200,P00294,5311,1495.56,IN,2026-07-17 17:33:57,POS1542
CRD0010758,CARD0200,P00253,4814,1331.19,IN,2026-07-02 18:55:49,ONLINE
CRD0010759,CARD0200,P00097,5541,5249.22,IN,2026-07-28 20:12:42,POS8638
CRD0010783,CARD0201,P00295,8011,3275.54,IN,2026-08-14 08:35:30,ONLINE
CRD0010786,CARD0201,P00237,7832,596.65,IN,2026-08-20 13:43:04,POS1616
CRD0010788,CARD0201,P00343,4900,493.61,IN,2026-08-09 14:31:55,ONLINE
CRD0010789,CARD0201,P00022,6012,1968.35,IN,2026-07-06 19:38:42,ONLINE
CRD0010791,CARD0201,P00343,4900,606.55,IN,2026-07-12 16:40:32,POS7864
CRD0010795,CARD0201,P00295,8011,2157.31,IN,2026-07-10 21:21:42,ONLINE
CRD0010798,CARD0201,P00386,6012,2987.24,IN,2026-08-11 07:03:49,ONLINE
CRD0010801,CARD0201,P00237,7832,125.4,IN,2026-08-31 12:21:45,ONLINE
CRD0010803,CARD0201,P00198,5411,268.14,IN,2026-07-14 20:42:25,ONLINE
CRD0010808,CARD0201,P00173,4814,119.3,IN,2026-09-11 12:05:29,POS8324
CRD0010812,CARD0201,P00266,5541,683.63,IN,2026-09-12 18:13:34,POS1294
CRD0010813,CARD0201,P00343,4900,3394.57,IN,2026-08-25 20:47:28,ONLINE
CRD0010817,CARD0201,P00237,7832,1183.49,IN,2026-08-16 16:27:36,ONLINE
CRD0010823,CARD0201,P00022,6012,1718.51,IN,2026-09-02 18:45:15,POS7989
CRD0010825,CARD0201,P00343,4900,1151.36,IN,2026-08-10 10:50:27,POS9148
CRD0010828,CARD0201,P00062,6012,1963.05,IN,2026-07-23 23:31:20,ONLINE
CRD0010832,CARD0201,P00297,8011,1646.79,IN,2026-08-29 19:47:10,POS2741
CRD0010837,CARD0202,P00160,4722,1518.49,IN,2026-07-04 19:20:27,POS9993
CRD0010838,CARD0202,P00257,6012,568.9,IN,2026-07-11 00:35:54,POS1235
CRD0010840,CARD0202,P00162,5411,544.21,IN,2026-08-21 14:48:48,POS4562
CRD0010841,CARD0202,P00257,6012,366.95,IN,2026-08-07 13:28:56,POS9148
CRD0010847,CARD0202,P00099,5411,265.09,IN,2026-07-22 13:39:31,POS6021
CRD0010851,CARD0202,P00160,4722,2093.88,IN,2026-08-19 19:42:18,POS3312
CRD0010852,CARD0202,P00381,5411,438.1,IN,2026-07-03 13:50:54,ONLINE
CRD0010854,CARD0202,P00348,6012,1264.68,IN,2026-08-29 07:27:47,ONLINE
CRD0010856,CARD0202,P00275,5541,374.3,IN,2026-07-19 13:27:17,POS5740
CRD0010866,CARD0202,P00378,5411,592.88,IN,2026-07-27 08:49:37,POS3213
CRD0010868,CARD0202,P00150,4900,336.94,IN,2026-08-26 15:32:27,POS5739
CRD0010876,CARD0202,P00034,5812,434.14,IN,2026-08-08 15:02:01,ONLINE
CRD0010877,CARD0202,P00160,4722,795.08,IN,2026-08-25 14:15:03,POS7672
CRD0010879,CARD0202,P00378,5411,157.12,IN,2026-07-04 16:55:47,POS9559
CRD0010882,CARD0202,P00150,4900,1088.74,IN,2026-08-04 05:03:34,POS1339
CRD0010890,CARD0202,P00363,5541,382.65,IN,2026-07-02 18:16:10,ONLINE
CRD0010891,CARD0202,P00257,6012,312.66,IN,2026-08-07 04:32:30,POS4532
CRD0010895,CARD0202,P00141,4900,1411.82,IN,2026-07-01 12:56:16,ONLINE
CRD0010901,CARD0202,P00160,4722,3584.39,IN,2026-07-01 12:14:21,ONLINE
CRD0010905,CARD0202,P00275,5541,691.04,IN,2026-09-07 18:58:07,POS4480
CRD0010912,CARD0202,P00160,4722,725.86,IN,2026-07-14 18:03:47,POS7596
CRD0010932,CARD0203,P00161,5812,646.94,IN,2026-08-24 19:02:01,ONLINE
CRD0010939,CARD0203,P00330,5812,927.77,IN,2026-09-02 19:54:25,POS5354
CRD0010941,CARD0203,P00322,6012,10119.61,IN,2026-07-12 19:07:43,ONLINE
CRD0010943,CARD0203,P00042,5311,2643.14,IN,2026-07-19 22:33:15,POS9822
CRD0010951,CARD0203,P00273,5411,2338.45,IN,2026-08-31 15:22:26,POS3456
CRD0010955,CARD0203,P00072,5812,674.75,IN,2026-08-02 05:39:34,ONLINE
CRD0010956,CARD0203,P00126,4722,3769.54,IN,2026-08-15 17:03:12,ONLINE
CRD0010959,CARD0203,P00072,5812,784.55,IN,2026-07-10 10:09:16,ONLINE
CRD0010960,CARD0203,P00322,6012,4232.01,IN,2026-09-02 18:42:58,ONLINE
CRD0010962,CARD0203,P00072,5812,981.41,IN,2026-07-15 12:59:07,ONLINE
CRD0010963,CARD0203,P00207,5411,1598.01,IN,2026-07-03 19:47:21,POS7506
CRD0010965,CARD0203,P00097,5541,4955.07,IN,2026-07-14 08:25:54,POS5271
CRD0010969,CARD0203,P00047,6012,1796.03,IN,2026-08-25 14:25:13,POS8126
CRD0010976,CARD0203,P00161,5812,348.38,IN,2026-07-13 23:05:43,ONLINE
CRD0010984,CARD0203,P00321,5812,359.36,IN,2026-07-10 08:09:10,ONLINE
CRD0010989,CARD0204,P00237,7832,1149.32,IN,2026-08-15 23:05:51,POS4769
CRD0010991,CARD0204,P00354,7832,1132.3,IN,2026-08-07 19:44:23,POS2867
CRD0010992,CARD0204,P00063,5812,534.5,IN,2026-09-03 14:20:13,POS9615
CRD0010995,CARD0204,P00329,8011,1789.07,IN,2026-09-06 07:14:55,POS7239
CRD0010996,CARD0204,P00253,4814,413.37,IN,2026-08-14 12:34:03,POS7393
CRD0010998,CARD0204,P00048,5812,800.43,IN,2026-08-20 20:26:08,ONLINE
CRD0011004,CARD0204,P00354,7832,1184.28,IN,2026-08-28 14:20:45,POS2863
CRD0011006,CARD0204,P00027,5311,6440.67,IN,2026-08-27 10:18:02,POS3556
CRD0011007,CARD0204,P00338,5311,3789.47,IN,2026-09-10 14:58:50,POS1961
CRD0011009,CARD0204,P00012,5541,2082.53,IN,2026-08-19 22:11:22,POS7799
CRD0011013,CARD0204,P00014,6012,2805.02,IN,2026-08-16 15:04:19,ONLINE
CRD0011016,CARD0204,P00382,5812,2762.92,IN,2026-09-03 09:03:03,ONLINE
CRD0011028,CARD0205,P00103,5311,905.2,IN,2026-08-27 20:10:43,ONLINE
CRD0011034,CARD0205,P00070,7832,226.83,IN,2026-08-26 13:25:23,ONLINE
CRD0011037,CARD0205,P00070,7832,431.99,IN,2026-07-06 07:17:43,ONLINE
CRD0011040,CARD0205,P00289,5812,1360.58,IN,2026-07-13 20:26:49,POS2818
CRD0011046,CARD0205,P00070,7832,1249.71,IN,2026-08-13 13:32:13,POS6249
CRD0011048,CARD0205,P00238,5812,234.75,IN,2026-08-27 15:13:38,ONLINE
CRD0011050,CARD0205,P00023,4722,3435.24,IN,2026-08-04 17:49:16,POS2584
CRD0011054,CARD0205,P00271,5541,1568.28,IN,2026-08-25 16:20:50,ONLINE
CRD0011055,CARD0205,P00103,5311,442.05,IN,2026-08-26 13:06:55,ONLINE
CRD0011059,CARD0205,P00023,4722,3229.12,IN,2026-07-12 09:20:07,ONLINE
CRD0011061,CARD0205,P00079,5541,484.81,IN,2026-07-14 09:13:40,ONLINE
CRD0011063,CARD0205,P00270,4722,1787.34,IN,2026-09-10 17:39:07,POS5674
CRD0011064,CARD0205,P00271,5541,384.83,IN,2026-08-29 20:29:04,POS8689
CRD0011068,CARD0205,P00347,7832,839.95,IN,2026-07-01 14:12:57,POS8826
CRD0011070,CARD0205,P00079,5541,1097.46,IN,2026-07-12 14:31:09,POS4867
CRD0011071,CARD0205,P00052,5311,761.43,IN,2026-07-22 10:22:50,ONLINE
CRD0011072,CARD0205,P00347,7832,208.38,IN,2026-07-21 20:54:18,ONLINE
CRD0011079,CARD0205,P00347,7832,406.92,IN,2026-09-13 13:08:46,POS8479
CRD0011084,CARD0205,P00289,5812,300.08,IN,2026-07-29 06:25:46,POS1402
CRD0011087,CARD0205,P00070,7832,849.09,IN,2026-09-01 12:53:08,ONLINE
CRD0011088,CARD0205,P00090,5812,108.31,IN,2026-08-04 21:55:40,ONLINE
CRD0011091,CARD0205,P00090,5812,82.4,IN,2026-08-19 20:12:29,ONLINE
CRD0011094,CARD0205,P00190,4814,182.97,IN,2026-07-01 10:12:41,ONLINE
CRD0011095,CARD0205,P00201,4722,880.98,IN,2026-07-02 08:29:55,ONLINE
CRD0011097,CARD0205,P00289,5812,408.2,IN,2026-07-02 18:39:15,POS5245
CRD0011101,CARD0206,P00312,5411,1089.88,IN,2026-09-10 18:16:23,ONLINE
CRD0011105,CARD0206,P00255,5311,1035.01,IN,2026-07-21 16:33:43,ONLINE
CRD0011109,CARD0206,P00003,4814,173.97,IN,2026-07-18 13:04:57,ONLINE
CRD0011110,CARD0206,P00003,4814,290.98,IN,2026-08-28 17:51:13,ONLINE
CRD0011114,CARD0206,P00011,6012,1234.42,IN,2026-08-06 19:16:40,ONLINE
CRD0011115,CARD0206,P00080,5812,1098.08,IN,2026-07-01 14:47:23,ONLINE
CRD0011118,CARD0206,P00080,5812,193.27,IN,2026-07-25 13:51:52,POS6067
CRD0011120,CARD0206,P00080,5812,483.32,IN,2026-08-04 18:37:41,POS1143
CRD0011126,CARD0206,P00022,6012,1211.47,IN,2026-09-12 14:10:15,POS2749
CRD0011132,CARD0206,P00312,5411,3473.34,IN,2026-07-03 23:28:18,POS8113
CRD0011135,CARD0206,P00011,6012,1263.6,IN,2026-07-09 17:26:54,POS2906
CRD0011137,CARD0206,P00022,6012,1091.91,IN,2026-08-10 18:31:35,POS5462
CRD0011146,CARD0207,P00019,4814,151.29,IN,2026-07-01 19:15:22,POS5032
CRD0011148,CARD0207,P00176,6012,2976.63,IN,2026-09-07 11:40:25,POS7187
CRD0011151,CARD0207,P00197,6012,1722.4,IN,2026-08-07 16:49:24,POS4063
CRD0011154,CARD0207,P00276,7832,313.67,IN,2026-07-30 11:41:03,POS7410
CRD0011158,CARD0207,P00182,4722,2528.46,IN,2026-07-01 20:38:59,POS6914
CRD0011161,CARD0207,P00197,6012,923.37,IN,2026-08-06 13:52:20,POS2193
CRD0011163,CARD0207,P00176,6012,1084.62,IN,2026-07-04 20:08:12,ONLINE
CRD0011169,CARD0207,P00184,5812,577.6,IN,2026-08-15 09:37:19,POS9304
CRD0011177,CARD0207,P00276,7832,1087.51,IN,2026-09-13 08:24:55,ONLINE
CRD0011179,CARD0207,P00167,5812,814.85,IN,2026-07-08 09:22:34,POS6389
CRD0011180,CARD0207,P00127,6012,270.23,IN,2026-09-05 12:32:48,POS2878
CRD0011181,CARD0207,P00019,4814,245.14,IN,2026-07-22 18:04:12,POS4328
CRD0011188,CARD0207,P00334,5812,170.31,IN,2026-08-03 23:18:15,ONLINE
CRD0011203,CARD0208,P00147,8011,1059.41,IN,2026-08-02 09:43:54,ONLINE
CRD0011208,CARD0208,P00384,6513,10998.08,IN,2026-07-12 20:34:14,POS1823
CRD0011209,CARD0208,P00030,8011,6049.4,IN,2026-08-24 17:28:33,POS3372
CRD0011211,CARD0208,P00390,4900,3322.06,IN,2026-08-08 20:12:01,POS6385
CRD0011212,CARD0208,P00186,4900,2712.63,IN,2026-09-03 09:17:41,ONLINE
CRD0011216,CARD0208,P00398,5541,1547.46,IN,2026-07-20 17:00:15,POS9607
CRD0011217,CARD0208,P00238,5812,2356.37,IN,2026-07-12 22:37:45,ONLINE
CRD0011224,CARD0208,P00203,5541,5797.38,IN,2026-08-20 15:35:21,POS8707
CRD0011232,CARD0208,P00322,6012,2336.01,IN,2026-07-19 20:33:45,ONLINE
CRD0011234,CARD0208,P00398,5541,3264.3,IN,2026-07-06 18:57:43,POS1924
CRD0011236,CARD0208,P00325,4722,4977.48,IN,2026-08-08 20:38:22,POS3551
CRD0011238,CARD0208,P00082,5411,1967.26,IN,2026-08-11 17:09:24,ONLINE
CRD0011239,CARD0208,P00336,5812,301.52,IN,2026-09-13 10:45:13,POS3260
CRD0011240,CARD0208,P00092,5411,1007.09,IN,2026-09-07 07:10:29,POS7443
CRD0011256,CARD0209,P00243,6012,914.87,IN,2026-09-08 06:22:22,ONLINE
CRD0011257,CARD0209,P00145,5411,790.51,IN,2026-07-18 15:38:29,POS7318
CRD0011259,CARD0209,P00101,5311,1605.8,IN,2026-08-20 17:26:32,ONLINE
CRD0011261,CARD0209,P00297,8011,585.34,IN,2026-08-20 21:35:25,ONLINE
CRD0011263,CARD0209,P00243,6012,526.01,IN,2026-08-24 16:38:25,POS8218
CRD0011269,CARD0209,P00278,5541,702.93,IN,2026-09-09 22:14:00,ONLINE
CRD0011271,CARD0209,P00015,4722,1101.29,IN,2026-08-02 14:05:28,POS4469
CRD0011272,CARD0209,P00152,4900,1130.47,IN,2026-09-11 22:15:54,ONLINE
CRD0011273,CARD0209,P00145,5411,989.14,IN,2026-09-13 22:27:59,ONLINE
CRD0011279,CARD0209,P00243,6012,3375.89,IN,2026-08-17 17:46:18,POS7515
CRD0011280,CARD0209,P00150,4900,1791.33,IN,2026-08-16 18:16:33,ONLINE
CRD0011284,CARD0209,P00297,8011,826.37,IN,2026-08-13 00:08:44,POS3185
CRD0011288,CARD0209,P00164,6513,9989.0,IN,2026-07-16 18:22:37,ONLINE
CRD0011291,CARD0209,P00145,5411,1128.84,IN,2026-07-30 14:50:53,POS2644
CRD0011296,CARD0209,P00164,6513,3218.16,IN,2026-07-08 10:54:59,ONLINE
CRD0011299,CARD0209,P00278,5541,297.66,IN,2026-07-27 15:56:05,POS2328
CRD0011305,CARD0209,P00101,5311,3587.34,IN,2026-08-07 17:41:15,POS9388
CRD0011306,CARD0209,P00149,5311,2658.14,IN,2026-07-20 14:15:17,ONLINE
CRD0011307,CARD0209,P00164,6513,3069.12,IN,2026-08-26 12:52:39,POS8628
CRD0011318,CARD0210,P00024,5411,679.92,IN,2026-07-22 23:25:11,ONLINE
CRD0011319,CARD0210,P00370,5812,382.94,IN,2026-07-25 21:48:49,POS4455
CRD0011324,CARD0210,P00203,5541,1428.99,IN,2026-07-24 18:20:16,ONLINE
CRD0011326,CARD0210,P00231,4814,325.88,IN,2026-07-17 08:33:24,POS1055
CRD0011327,CARD0210,P00198,5411,758.42,IN,2026-08-10 14:58:47,ONLINE
CRD0011334,CARD0210,P00370,5812,195.31,IN,2026-07-19 19:26:58,POS3322
CRD0011340,CARD0210,P00103,5311,908.42,IN,2026-07-25 13:20:52,ONLINE
CRD0011350,CARD0210,P00198,5411,916.36,IN,2026-08-03 10:26:34,ONLINE
CRD0011354,CARD0210,P00198,5411,2364.25,IN,2026-07-14 14:51:21,ONLINE
CRD0011356,CARD0210,P00079,5541,2265.85,IN,2026-08-04 11:41:26,ONLINE
CRD0011359,CARD0210,P00284,6012,279.18,IN,2026-09-11 06:25:19,ONLINE
CRD0011364,CARD0210,P00169,5411,214.98,IN,2026-07-25 13:17:51,ONLINE
CRD0011365,CARD0210,P00061,5411,302.62,IN,2026-07-06 14:14:22,POS6695
CRD0011371,CARD0211,P00283,5311,8201.37,IN,2026-08-07 12:06:48,ONLINE
CRD0011372,CARD0211,P00398,5541,1575.4,IN,2026-08-05 14:09:19,ONLINE
CRD0011376,CARD0211,P00278,5541,1837.78,IN,2026-07-21 19:18:29,POS2339
CRD0011383,CARD0211,P00228,5541,2680.39,IN,2026-07-17 17:55:54,ONLINE
CRD0011389,CARD0211,P00102,4722,4055.15,IN,2026-07-02 13:10:43,ONLINE
CRD0011392,CARD0211,P00283,5311,13773.44,IN,2026-07-09 10:00:24,ONLINE
CRD0011393,CARD0211,P00321,5812,2875.77,IN,2026-09-11 06:04:00,ONLINE
CRD0011401,CARD0211,P00081,5411,1153.55,IN,2026-08-12 18:37:36,ONLINE
CRD0011402,CARD0211,P00398,5541,2390.47,IN,2026-07-06 21:46:56,POS5028
CRD0011404,CARD0211,P00259,6513,21118.63,IN,2026-08-22 17:56:55,ONLINE
CRD0011405,CARD0211,P00330,5812,1067.62,IN,2026-08-07 09:32:53,ONLINE
CRD0011410,CARD0211,P00143,5411,2621.38,IN,2026-07-12 13:24:45,ONLINE
CRD0011415,CARD0211,P00102,4722,4989.73,IN,2026-08-06 08:40:03,ONLINE
CRD0011417,CARD0211,P00398,5541,1599.09,IN,2026-08-20 18:59:56,POS3041
CRD0011418,CARD0211,P00102,4722,2892.13,IN,2026-07-18 22:24:54,ONLINE
CRD0011422,CARD0211,P00142,6012,1533.42,IN,2026-09-06 11:16:33,ONLINE
CRD0011430,CARD0211,P00283,5311,2275.65,IN,2026-07-15 14:19:38,POS9034
CRD0011444,CARD0211,P00142,6012,3194.28,IN,2026-07-09 21:55:44,POS2368
CRD0011448,CARD0212,P00351,4814,3833.87,IN,2026-08-19 20:15:51,ONLINE
CRD0011455,CARD0212,P00089,4722,16785.24,IN,2026-07-18 08:20:07,POS5902
CRD0011458,CARD0212,P00140,5411,8913.51,IN,2026-07-30 09:44:29,ONLINE
CRD0011462,CARD0212,P00089,4722,8543.56,IN,2026-08-27 10:56:24,POS3396
CRD0011479,CARD0212,P00061,5411,6431.57,IN,2026-07-25 16:30:29,POS3093
CRD0011481,CARD0212,P00096,7832,3780.8,IN,2026-07-20 12:19:17,POS8107
CRD0011486,CARD0212,P00140,5411,4561.85,IN,2026-07-24 11:46:01,ONLINE
CRD0011490,CARD0212,P00366,5812,555.37,IN,2026-07-17 18:13:35,POS9349
CRD0011491,CARD0212,P00237,7832,2924.7,IN,2026-09-09 12:29:58,POS7359
CRD0011496,CARD0212,P00140,5411,1712.02,IN,2026-08-18 23:50:53,ONLINE
CRD0011503,CARD0212,P00053,5411,2164.52,IN,2026-07-04 07:50:12,ONLINE
CRD0011504,CARD0212,P00310,5411,2735.71,IN,2026-07-17 19:46:55,POS8675
CRD0011506,CARD0212,P00343,4900,12880.36,IN,2026-08-06 20:21:25,ONLINE
CRD0011517,CARD0213,P00132,4900,1265.92,IN,2026-07-03 09:20:24,ONLINE
CRD0011520,CARD0213,P00351,4814,802.27,IN,2026-08-03 06:22:09,ONLINE
CRD0011523,CARD0213,P00317,5812,1076.56,IN,2026-08-16 19:42:48,POS6063
CRD0011525,CARD0213,P00351,4814,520.76,IN,2026-07-21 13:49:41,ONLINE
CRD0011527,CARD0213,P00381,5411,2007.13,IN,2026-07-23 19:51:28,POS8067
CRD0011530,CARD0213,P00132,4900,2394.79,IN,2026-07-10 09:52:38,ONLINE
CRD0011533,CARD0213,P00213,4900,1344.93,IN,2026-08-29 13:27:03,ONLINE
CRD0011534,CARD0213,P00367,5411,2006.94,IN,2026-09-01 11:34:33,POS2089
CRD0011540,CARD0213,P00367,5411,1181.9,IN,2026-08-13 14:00:45,POS5301
CRD0011546,CARD0213,P00166,5411,1654.07,IN,2026-07-27 22:28:01,POS3706
CRD0011550,CARD0213,P00351,4814,582.85,IN,2026-08-18 18:57:48,POS8962
CRD0011560,CARD0213,P00381,5411,3448.58,IN,2026-07-01 15:48:28,ONLINE
CRD0011565,CARD0213,P00317,5812,477.66,IN,2026-07-21 01:17:20,POS4630
CRD0011566,CARD0213,P00325,4722,3867.23,IN,2026-08-27 23:08:49,POS9452
CRD0011568,CARD0213,P00166,5411,1628.68,IN,2026-08-02 18:31:20,ONLINE
CRD0011572,CARD0213,P00328,5311,1873.46,IN,2026-09-12 14:32:02,POS1353
CRD0011575,CARD0213,P00351,4814,566.96,IN,2026-08-24 20:08:48,POS7607
CRD0011576,CARD0213,P00381,5411,557.59,IN,2026-09-03 18:01:28,POS8949
CRD0011577,CARD0213,P00351,4814,372.79,IN,2026-08-30 12:21:40,POS3215
CRD0011582,CARD0214,P00127,6012,2308.33,IN,2026-07-19 09:06:38,ONLINE
CRD0011584,CARD0214,P00311,5411,1651.99,IN,2026-08-10 18:37:46,ONLINE
CRD0011590,CARD0214,P00110,7832,160.67,IN,2026-08-13 14:52:03,ONLINE
CRD0011597,CARD0214,P00044,5411,1821.85,IN,2026-07-13 00:27:47,POS6676
CRD0011598,CARD0214,P00127,6012,455.01,IN,2026-07-09 12:53:34,ONLINE
CRD0011602,CARD0214,P00201,4722,5843.34,IN,2026-08-13 19:35:33,ONLINE
CRD0011608,CARD0214,P00333,5812,1800.07,IN,2026-07-30 18:30:08,POS5217
CRD0011609,CARD0214,P00044,5411,1271.06,IN,2026-07-24 08:32:13,ONLINE
CRD0011614,CARD0214,P00333,5812,781.59,IN,2026-07-02 10:37:11,POS2651
CRD0011615,CARD0214,P00215,4722,5159.06,IN,2026-07-22 10:23:56,ONLINE
CRD0011620,CARD0214,P00342,5311,4088.21,IN,2026-08-30 14:59:26,POS5605
CRD0011626,CARD0214,P00127,6012,1974.41,IN,2026-07-02 07:33:28,ONLINE
CRD0011628,CARD0214,P00010,5812,778.97,IN,2026-08-30 22:54:27,POS9598
CRD0011633,CARD0214,P00393,5411,969.78,IN,2026-07-23 15:07:00,POS9513
CRD0011637,CARD0214,P00240,6012,1690.54,IN,2026-08-15 21:04:23,ONLINE
CRD0011643,CARD0214,P00333,5812,681.49,IN,2026-08-03 15:01:44,POS7518
CRD0011650,CARD0214,P00333,5812,510.0,IN,2026-09-02 10:11:46,POS3889
CRD0011651,CARD0214,P00215,4722,6081.69,IN,2026-08-04 16:37:17,ONLINE
CRD0011652,CARD0214,P00311,5411,1919.83,IN,2026-09-03 07:18:37,ONLINE
CRD0011654,CARD0214,P00044,5411,2456.17,IN,2026-08-21 18:05:06,ONLINE
CRD0011659,CARD0215,P00139,5311,9656.08,IN,2026-08-13 19:44:30,ONLINE
CRD0011666,CARD0215,P00353,5311,9917.47,IN,2026-07-29 16:40:12,ONLINE
CRD0011667,CARD0215,P00139,5311,2552.51,IN,2026-07-20 15:03:57,ONLINE
CRD0011676,CARD0215,P00082,5411,1941.23,IN,2026-07-02 15:20:15,ONLINE
CRD0011677,CARD0215,P00082,5411,4711.81,IN,2026-09-04 20:53:57,POS5508
CRD0011680,CARD0215,P00195,6012,3817.43,IN,2026-07-07 08:01:36,POS5343
CRD0011685,CARD0215,P00221,5812,663.64,IN,2026-07-02 20:28:58,POS2096
CRD0011690,CARD0215,P00353,5311,3121.95,IN,2026-09-13 13:28:55,POS4148
CRD0011696,CARD0215,P00395,5311,2129.03,IN,2026-07-11 12:34:57,POS2646
CRD0011704,CARD0215,P00310,5411,905.31,IN,2026-07-11 08:15:46,POS7508
CRD0011706,CARD0215,P00139,5311,5208.84,IN,2026-09-10 06:09:22,ONLINE
CRD0011717,CARD0216,P00243,6012,1112.88,IN,2026-08-23 00:48:10,ONLINE
CRD0011719,CARD0216,P00316,5311,585.55,IN,2026-08-31 08:25:00,ONLINE
CRD0011721,CARD0216,P00199,5812,218.55,IN,2026-08-17 18:36:22,POS6558
CRD0011722,CARD0216,P00200,5411,420.94,IN,2026-08-21 15:31:38,POS7602
CRD0011726,CARD0216,P00075,5812,287.35,IN,2026-09-06 21:13:13,POS9201
CRD0011730,CARD0216,P00399,4814,149.68,IN,2026-07-25 08:58:08,POS9806
CRD0011731,CARD0216,P00030,8011,2086.53,IN,2026-08-06 19:22:37,POS8078
CRD0011737,CARD0216,P00199,5812,99.49,IN,2026-07-15 17:28:52,ONLINE
CRD0011738,CARD0216,P00082,5411,507.55,IN,2026-08-25 00:16:17,ONLINE
CRD0011739,CARD0216,P00199,5812,319.98,IN,2026-08-13 15:27:08,ONLINE
CRD0011749,CARD0216,P00199,5812,216.17,IN,2026-09-09 16:04:12,POS7971
CRD0011751,CARD0216,P00199,5812,298.62,IN,2026-07-09 17:36:33,ONLINE
CRD0011759,CARD0217,P00122,8011,1723.11,IN,2026-09-08 17:59:33,ONLINE
CRD0011766,CARD0217,P00311,5411,400.77,IN,2026-08-30 14:36:04,POS5573
CRD0011767,CARD0217,P00232,4722,3228.65,IN,2026-07-22 17:51:21,POS8140
CRD0011769,CARD0217,P00277,6012,686.89,IN,2026-09-07 18:18:53,ONLINE
CRD0011772,CARD0217,P00311,5411,753.44,IN,2026-07-28 13:57:39,POS8182
CRD0011784,CARD0217,P00080,5812,81.05,IN,2026-07-30 19:06:55,ONLINE
CRD0011785,CARD0217,P00122,8011,946.33,IN,2026-07-17 13:16:08,ONLINE
CRD0011787,CARD0217,P00279,5812,1203.9,IN,2026-09-01 19:20:47,POS9350
CRD0011790,CARD0217,P00316,5311,484.06,IN,2026-08-01 13:15:04,ONLINE
CRD0011793,CARD0217,P00311,5411,1057.3,IN,2026-09-05 16:32:51,POS8841
CRD0011794,CARD0217,P00228,5541,739.78,IN,2026-08-03 16:42:49,POS5353
CRD0011804,CARD0218,P00326,5812,948.7,IN,2026-08-18 13:31:40,ONLINE
CRD0011811,CARD0218,P00229,5411,641.17,IN,2026-07-06 08:43:55,ONLINE
CRD0011815,CARD0218,P00326,5812,320.73,IN,2026-08-09 10:50:17,POS7872
CRD0011822,CARD0218,P00122,8011,4529.44,IN,2026-07-30 17:06:10,POS4691
CRD0011826,CARD0218,P00122,8011,5493.37,IN,2026-07-23 23:19:47,POS2116
CRD0011828,CARD0218,P00246,5411,615.74,IN,2026-08-03 17:02:41,POS3949
CRD0011830,CARD0218,P00093,5812,322.42,IN,2026-07-08 21:48:43,ONLINE
CRD0011833,CARD0218,P00077,5812,301.5,IN,2026-08-09 18:31:39,POS8156
CRD0011834,CARD0218,P00077,5812,1020.59,IN,2026-07-28 17:42:51,POS4865
CRD0011836,CARD0218,P00326,5812,1590.59,IN,2026-08-03 10:52:47,ONLINE
CRD0011837,CARD0218,P00173,4814,908.0,IN,2026-08-15 19:03:38,ONLINE
CRD0011846,CARD0218,P00131,5411,1599.98,IN,2026-09-01 20:14:43,ONLINE
CRD0011853,CARD0219,P00031,6012,3450.75,IN,2026-08-09 17:29:13,ONLINE
CRD0011855,CARD0219,P00031,6012,4835.18,IN,2026-07-18 21:23:38,ONLINE
CRD0011857,CARD0219,P00248,4900,11289.25,IN,2026-09-05 22:36:41,POS5585
CRD0011858,CARD0219,P00149,5311,15421.58,IN,2026-08-23 11:59:01,POS9465
CRD0011862,CARD0219,P00317,5812,1145.28,IN,2026-07-04 14:48:53,POS6905
CRD0011870,CARD0219,P00004,5411,5873.2,IN,2026-07-18 09:41:10,POS4655
CRD0011874,CARD0219,P00248,4900,8465.25,IN,2026-08-03 16:35:23,ONLINE
CRD0011892,CARD0220,P00280,6012,1601.18,IN,2026-07-21 18:01:53,POS6578
CRD0011897,CARD0220,P00280,6012,2887.63,IN,2026-07-29 11:42:03,ONLINE
CRD0011898,CARD0220,P00316,5311,1838.84,IN,2026-09-09 21:33:11,ONLINE
CRD0011907,CARD0221,P00222,5812,1558.67,IN,2026-07-30 08:50:53,POS9983
CRD0011909,CARD0221,P00086,4900,6755.77,IN,2026-08-13 10:51:49,ONLINE
CRD0011914,CARD0221,P00375,5812,2125.0,IN,2026-08-11 14:24:53,POS9739
CRD0011918,CARD0221,P00197,6012,4679.68,IN,2026-07-13 12:45:09,POS6992
CRD0011919,CARD0221,P00375,5812,1869.04,IN,2026-07-03 11:54:09,POS4688
CRD0011929,CARD0221,P00375,5812,836.92,IN,2026-09-10 12:08:37,ONLINE
CRD0011935,CARD0221,P00135,6012,3892.98,IN,2026-08-18 08:08:04,POS2432
CRD0011936,CARD0221,P00197,6012,4449.69,IN,2026-07-12 20:08:35,ONLINE
CRD0011940,CARD0221,P00320,4900,2746.3,IN,2026-07-29 14:12:09,ONLINE
CRD0011941,CARD0221,P00197,6012,5911.89,IN,2026-08-16 17:25:30,POS9040
CRD0011951,CARD0221,P00117,5411,1173.22,IN,2026-07-05 21:32:09,ONLINE
CRD0011952,CARD0221,P00133,4900,5590.49,IN,2026-09-11 13:15:25,POS1431
CRD0011959,CARD0221,P00133,4900,2666.98,IN,2026-09-04 09:27:56,POS7584
CRD0011968,CARD0222,P00188,5812,4586.3,IN,2026-08-01 12:42:31,ONLINE
CRD0011979,CARD0222,P00014,6012,1240.01,IN,2026-08-01 15:49:17,POS4686
CRD0011980,CARD0222,P00283,5311,6199.31,IN,2026-07-13 11:39:37,POS4657
CRD0011981,CARD0222,P00061,5411,1809.79,IN,2026-08-22 21:38:24,POS7182
CRD0011991,CARD0222,P00020,7832,1024.8,IN,2026-07-09 08:27:19,ONLINE
CRD0011994,CARD0222,P00014,6012,2043.79,IN,2026-08-16 14:29:07,ONLINE
CRD0011997,CARD0222,P00081,5411,1848.55,IN,2026-07-15 13:22:01,ONLINE
CRD0011999,CARD0222,P00285,4900,3847.88,IN,2026-07-30 21:02:49,ONLINE
CRD0012001,CARD0222,P00336,5812,831.93,IN,2026-08-20 12:48:38,ONLINE
CRD0012002,CARD0222,P00147,8011,2704.67,IN,2026-07-02 20:36:11,POS2376
CRD0012003,CARD0222,P00225,5411,3074.55,IN,2026-07-03 00:00:26,ONLINE
CRD0012005,CARD0222,P00147,8011,7038.57,IN,2026-09-07 13:04:23,POS1036
CRD0012020,CARD0222,P00014,6012,2802.46,IN,2026-07-28 21:58:39,POS9902
CRD0012024,CARD0222,P00224,5812,414.43,IN,2026-07-28 17:19:12,POS8262
CRD0012026,CARD0222,P00139,5311,4544.62,IN,2026-09-05 08:57:09,ONLINE
CRD0012028,CARD0222,P00189,5812,4813.07,IN,2026-08-15 13:01:53,POS7694
CRD0012032,CARD0223,P00018,5812,7634.52,IN,2026-07-21 22:45:36,ONLINE
CRD0012034,CARD0223,P00031,6012,13801.54,IN,2026-07-30 12:44:51,ONLINE
CRD0012040,CARD0223,P00140,5411,3463.11,IN,2026-08-20 20:44:36,POS3535
CRD0012047,CARD0223,P00201,4722,5982.15,IN,2026-08-19 12:13:55,ONLINE
CRD0012048,CARD0223,P00253,4814,2249.06,IN,2026-08-15 15:55:22,ONLINE
CRD0012051,CARD0223,P00375,5812,1666.21,IN,2026-08-26 07:24:55,ONLINE
CRD0012056,CARD0223,P00037,6012,4267.72,IN,2026-07-31 18:08:22,POS4292
CRD0012060,CARD0223,P00065,5541,8215.56,IN,2026-09-05 20:05:42,ONLINE
CRD0012062,CARD0223,P00009,6012,2358.81,IN,2026-09-05 20:12:26,ONLINE
CRD0012071,CARD0223,P00140,5411,8452.32,IN,2026-08-18 07:06:03,ONLINE
CRD0012074,CARD0223,P00338,5311,15314.51,IN,2026-07-14 10:00:55,ONLINE
CRD0012076,CARD0223,P00060,7832,1894.52,IN,2026-08-09 19:09:17,ONLINE
CRD0012087,CARD0223,P00166,5411,5703.94,IN,2026-07-23 16:15:41,ONLINE
CRD0012090,CARD0223,P00065,5541,6610.77,IN,2026-08-29 21:07:27,POS3371
CRD0012093,CARD0223,P00285,4900,11456.7,IN,2026-07-14 17:09:26,POS8453
CRD0012101,CARD0224,P00123,5812,503.23,IN,2026-07-23 21:10:42,POS2642
CRD0012102,CARD0224,P00025,5311,1214.85,IN,2026-08-01 09:16:01,POS7495
CRD0012103,CARD0224,P00025,5311,2861.27,IN,2026-07-18 12:06:10,POS4277
CRD0012104,CARD0224,P00233,5411,376.31,IN,2026-08-08 07:39:46,POS5465
CRD0012109,CARD0224,P00233,5411,1079.65,IN,2026-07-05 18:34:21,POS8487
CRD0012113,CARD0224,P00052,5311,5411.56,IN,2026-07-09 07:25:07,ONLINE
CRD0012126,CARD0224,P00233,5411,1387.01,IN,2026-07-03 19:12:59,ONLINE
CRD0012127,CARD0224,P00025,5311,1816.86,IN,2026-08-15 18:00:47,ONLINE
CRD0012137,CARD0224,P00025,5311,1189.69,IN,2026-09-05 09:40:00,POS5199
CRD0012141,CARD0224,P00197,6012,937.38,IN,2026-08-31 10:20:32,ONLINE
CRD0012143,CARD0224,P00393,5411,427.38,IN,2026-07-28 16:04:50,POS4532
CRD0012144,CARD0224,P00068,5411,3056.55,IN,2026-09-01 09:36:25,ONLINE
CRD0012150,CARD0224,P00393,5411,576.39,IN,2026-07-31 13:26:21,POS4273
CRD0012160,CARD0225,P00262,5812,721.62,IN,2026-07-26 13:52:41,ONLINE
CRD0012161,CARD0225,P00180,4900,18968.81,IN,2026-07-06 20:26:44,ONLINE
CRD0012166,CARD0225,P00248,4900,4983.15,IN,2026-08-01 11:34:10,ONLINE
CRD0012167,CARD0225,P00356,4814,599.65,IN,2026-07-21 16:42:00,ONLINE
CRD0012170,CARD0225,P00138,5411,2826.56,IN,2026-08-11 16:38:41,ONLINE
CRD0012174,CARD0225,P00257,6012,5016.16,IN,2026-08-20 12:14:28,ONLINE
CRD0012176,CARD0225,P00352,4814,776.39,IN,2026-09-13 17:25:17,ONLINE
CRD0012178,CARD0225,P00282,5411,1685.41,IN,2026-07-19 22:36:38,ONLINE
CRD0012179,CARD0225,P00248,4900,3838.79,IN,2026-08-27 11:25:42,POS4202
CRD0012180,CARD0225,P00392,5812,1757.5,IN,2026-09-04 12:13:43,POS4950
CRD0012182,CARD0225,P00356,4814,1908.63,IN,2026-07-02 15:44:11,ONLINE
CRD0012183,CARD0225,P00373,6012,1679.76,IN,2026-07-11 19:50:48,POS6294
CRD0012187,CARD0225,P00392,5812,2785.48,IN,2026-07-23 19:56:58,ONLINE
CRD0012194,CARD0225,P00210,4900,8646.16,IN,2026-07-16 12:32:02,POS9959
CRD0012196,CARD0225,P00210,4900,6989.55,IN,2026-09-13 19:16:54,ONLINE
CRD0012203,CARD0225,P00138,5411,1963.45,IN,2026-07-12 22:17:41,ONLINE
CRD0012207,CARD0225,P00372,4814,1264.98,IN,2026-09-02 11:51:55,POS3467
CRD0012213,CARD0225,P00136,5812,330.59,IN,2026-09-10 15:41:01,ONLINE
CRD0012216,CARD0225,P00372,4814,1508.45,IN,2026-09-02 05:37:36,ONLINE
CRD0012222,CARD0225,P00210,4900,3868.99,IN,2026-09-08 21:12:55,ONLINE
CRD0012227,CARD0225,P00356,4814,911.84,IN,2026-08-18 10:18:55,ONLINE
CRD0012228,CARD0225,P00074,4722,2373.1,IN,2026-07-12 00:29:21,POS3086
CRD0012234,CARD0225,P00257,6012,3248.15,IN,2026-08-15 10:11:57,POS1245
CRD0012236,CARD0225,P00210,4900,12842.95,IN,2026-07-26 12:33:53,POS8907
CRD0012241,CARD0225,P00211,7832,4018.88,IN,2026-08-02 16:05:07,POS6918
CRD0012243,CARD0225,P00210,4900,3570.15,IN,2026-08-22 13:21:27,POS4638
CRD0012246,CARD0225,P00372,4814,998.49,IN,2026-07-25 05:45:32,POS6389
CRD0012249,CARD0225,P00372,4814,539.4,IN,2026-07-16 07:59:29,ONLINE
CRD0012251,CARD0225,P00146,5411,4654.69,IN,2026-08-03 16:35:37,POS2205
CRD0012261,CARD0226,P00280,6012,3164.75,IN,2026-08-05 08:27:23,ONLINE
CRD0012263,CARD0226,P00382,5812,1723.28,IN,2026-08-22 18:37:56,POS1829
CRD0012267,CARD0226,P00280,6012,17581.23,IN,2026-08-06 10:01:36,ONLINE
CRD0012270,CARD0226,P00280,6012,5120.58,IN,2026-07-02 20:00:10,POS4860
CRD0012273,CARD0226,P00197,6012,3138.63,IN,2026-07-30 15:22:08,POS5357
CRD0012280,CARD0226,P00170,6012,5515.71,IN,2026-07-29 12:20:21,ONLINE
CRD0012287,CARD0226,P00197,6012,3054.28,IN,2026-07-17 12:29:46,POS9268
CRD0012288,CARD0226,P00113,6513,14087.23,IN,2026-08-05 16:33:37,ONLINE
CRD0012290,CARD0226,P00170,6012,15631.15,IN,2026-08-14 09:38:00,ONLINE
CRD0012291,CARD0226,P00197,6012,8913.6,IN,2026-08-26 10:28:00,ONLINE
CRD0012297,CARD0226,P00251,5411,5170.04,IN,2026-08-28 08:10:05,ONLINE
CRD0012299,CARD0226,P00130,5411,2888.4,IN,2026-07-19 18:47:47,ONLINE
CRD0012303,CARD0226,P00399,4814,3386.72,IN,2026-07-01 11:59:20,POS6042
CRD0012305,CARD0226,P00282,5411,3667.94,IN,2026-07-30 13:57:07,POS3270
CRD0012315,CARD0226,P00280,6012,7440.92,IN,2026-07-14 20:29:47,POS9609
CRD0012321,CARD0226,P00130,5411,5899.84,IN,2026-08-05 09:31:42,ONLINE
CRD0012332,CARD0227,P00152,4900,2208.18,IN,2026-07-09 16:00:38,POS2257
CRD0012343,CARD0227,P00194,4814,176.35,IN,2026-07-29 15:15:09,POS8173
CRD0012345,CARD0227,P00160,4722,1279.01,IN,2026-07-02 11:30:32,ONLINE
CRD0012353,CARD0227,P00384,6513,1928.2,IN,2026-07-08 09:18:40,POS9183
CRD0012354,CARD0227,P00194,4814,536.61,IN,2026-08-12 21:54:27,POS8018
CRD0012356,CARD0227,P00290,5812,119.04,IN,2026-07-15 16:14:09,ONLINE
CRD0012364,CARD0228,P00359,5411,2825.49,IN,2026-08-25 14:56:08,POS4944
CRD0012365,CARD0228,P00150,4900,4984.91,IN,2026-08-15 16:13:51,POS7355
CRD0012373,CARD0228,P00124,4814,1378.98,IN,2026-07-12 11:12:18,POS3105
CRD0012378,CARD0228,P00071,5411,2791.67,IN,2026-08-26 20:58:26,POS3082
CRD0012380,CARD0228,P00320,4900,3678.01,IN,2026-08-03 16:07:53,ONLINE
CRD0012389,CARD0228,P00320,4900,4316.95,IN,2026-08-26 18:34:42,ONLINE
CRD0012391,CARD0228,P00207,5411,5443.8,IN,2026-08-31 12:30:00,ONLINE
CRD0012392,CARD0228,P00093,5812,1563.79,IN,2026-07-06 18:03:49,ONLINE
CRD0012398,CARD0228,P00359,5411,2559.6,IN,2026-07-02 15:38:11,POS5946
CRD0012406,CARD0228,P00042,5311,16308.35,IN,2026-07-23 15:46:48,ONLINE
CRD0012407,CARD0228,P00124,4814,746.15,IN,2026-07-25 10:37:07,POS7723
CRD0012414,CARD0228,P00224,5812,3695.12,IN,2026-08-04 09:08:51,ONLINE
CRD0012415,CARD0228,P00220,8011,9948.28,IN,2026-08-21 16:03:37,ONLINE
CRD0012418,CARD0228,P00212,5411,2649.99,IN,2026-07-29 10:11:34,POS2796
CRD0012423,CARD0228,P00220,8011,7690.16,IN,2026-09-05 14:54:21,ONLINE
CRD0012430,CARD0228,P00359,5411,3772.99,IN,2026-09-08 21:36:46,ONLINE
CRD0012431,CARD0228,P00207,5411,3764.39,IN,2026-08-27 17:06:34,ONLINE
CRD0012439,CARD0228,P00042,5311,4108.36,IN,2026-08-18 10:32:02,POS3368
CRD0012442,CARD0228,P00150,4900,6164.25,IN,2026-07-08 16:01:06,POS3775
CRD0012448,CARD0228,P00253,4814,2654.61,IN,2026-07-28 20:11:22,ONLINE
CRD0012449,CARD0228,P00207,5411,1938.77,IN,2026-07-02 15:48:32,ONLINE
CRD0012461,CARD0229,P00052,5311,904.64,IN,2026-07-02 20:44:59,ONLINE
CRD0012464,CARD0229,P00262,5812,1834.91,IN,2026-08-21 11:00:26,ONLINE
CRD0012477,CARD0229,P00257,6012,684.34,IN,2026-08-11 12:18:48,POS3116
CRD0012479,CARD0229,P00019,4814,577.03,IN,2026-07-23 19:50:37,ONLINE
CRD0012487,CARD0229,P00053,5411,1853.86,IN,2026-07-11 20:52:04,POS4856
CRD0012489,CARD0229,P00380,5411,1152.34,IN,2026-08-16 11:18:16,ONLINE
CRD0012490,CARD0229,P00112,5411,2121.73,IN,2026-08-08 01:53:37,POS2699
CRD0012491,CARD0229,P00053,5411,510.65,IN,2026-08-07 19:39:17,ONLINE
CRD0012495,CARD0229,P00206,5541,615.95,IN,2026-07-03 17:11:29,POS8813
CRD0012507,CARD0230,P00015,4722,1697.08,IN,2026-09-06 13:04:28,POS3550
CRD0012509,CARD0230,P00346,5541,6171.44,IN,2026-07-15 10:05:07,POS8372
CRD0012513,CARD0230,P00389,5812,510.82,IN,2026-07-12 18:35:12,ONLINE
CRD0012516,CARD0230,P00120,5411,595.37,IN,2026-07-11 20:29:21,POS9975
CRD0012517,CARD0230,P00249,4814,211.7,IN,2026-08-23 18:29:12,POS9592
CRD0012529,CARD0230,P00299,5411,337.39,IN,2026-09-11 20:08:11,POS3418
CRD0012535,CARD0230,P00343,4900,3291.38,IN,2026-08-31 21:25:23,POS1668
CRD0012537,CARD0230,P00212,5411,7992.29,IN,2026-07-13 17:11:06,ONLINE
CRD0012539,CARD0230,P00346,5541,7681.56,IN,2026-09-11 11:52:56,ONLINE
CRD0012541,CARD0230,P00343,4900,6243.7,IN,2026-07-30 15:06:54,ONLINE
CRD0012542,CARD0230,P00389,5812,589.06,IN,2026-09-09 16:28:31,POS3001
CRD0012546,CARD0230,P00389,5812,751.34,IN,2026-08-16 12:16:32,POS9139
CRD0012550,CARD0230,P00389,5812,384.95,IN,2026-08-21 20:56:29,ONLINE
CRD0012556,CARD0230,P00389,5812,665.53,IN,2026-07-02 17:02:00,ONLINE
CRD0012557,CARD0230,P00212,5411,1864.57,IN,2026-08-30 18:35:34,POS6603
CRD0012568,CARD0231,P00344,5411,1872.3,IN,2026-08-31 09:18:32,ONLINE
CRD0012576,CARD0231,P00112,5411,2132.3,IN,2026-07-20 18:38:17,ONLINE
CRD0012590,CARD0231,P00316,5311,5079.76,IN,2026-08-22 04:27:46,POS6574
CRD0012592,CARD0231,P00377,5311,8697.49,IN,2026-09-10 19:43:58,POS4348
CRD0012593,CARD0231,P00316,5311,3509.59,IN,2026-07-17 10:48:51,ONLINE
CRD0012597,CARD0231,P00316,5311,1249.72,IN,2026-07-16 16:09:26,ONLINE
CRD0012598,CARD0231,P00114,4814,1901.39,IN,2026-07-31 08:44:11,POS1844
CRD0012599,CARD0231,P00316,5311,1496.78,IN,2026-07-30 12:45:26,POS1476
CRD0012600,CARD0231,P00377,5311,1375.75,IN,2026-07-31 13:56:23,ONLINE
CRD0012601,CARD0231,P00195,6012,1599.46,IN,2026-07-21 10:25:56,ONLINE
CRD0012602,CARD0231,P00114,4814,338.39,IN,2026-08-29 21:38:27,POS5915
CRD0012603,CARD0231,P00093,5812,352.37,IN,2026-08-11 10:10:31,ONLINE
CRD0012604,CARD0231,P00130,5411,502.31,IN,2026-08-08 15:31:22,POS1138
CRD0012605,CARD0231,P00130,5411,925.53,IN,2026-08-31 09:29:24,ONLINE
CRD0012609,CARD0231,P00344,5411,1669.9,IN,2026-08-19 19:08:16,ONLINE
CRD0012617,CARD0231,P00344,5411,997.89,IN,2026-09-04 10:24:24,ONLINE
CRD0012618,CARD0231,P00344,5411,866.38,IN,2026-08-16 11:07:13,ONLINE
CRD0012620,CARD0231,P00350,6012,281.97,IN,2026-07-22 20:15:35,POS7384
CRD0012631,CARD0231,P00344,5411,931.66,IN,2026-07-22 17:42:01,POS5199
CRD0012632,CARD0231,P00130,5411,581.36,IN,2026-08-08 15:13:00,POS1628
CRD0012653,CARD0232,P00214,6012,1092.99,IN,2026-07-28 07:11:43,ONLINE
CRD0012658,CARD0232,P00052,5311,1194.31,IN,2026-07-17 16:49:15,POS2807
CRD0012659,CARD0232,P00052,5311,1924.95,IN,2026-09-03 21:30:32,POS4232
CRD0012661,CARD0232,P00115,5411,1148.53,IN,2026-08-16 15:40:30,POS2960
CRD0012665,CARD0232,P00179,5812,247.3,IN,2026-07-07 18:50:08,POS1503
CRD0012667,CARD0232,P00125,5812,565.5,IN,2026-08-21 13:03:04,ONLINE
CRD0012668,CARD0232,P00179,5812,2395.93,IN,2026-08-19 20:23:00,ONLINE
CRD0012674,CARD0232,P00087,5812,501.03,IN,2026-07-12 21:34:14,ONLINE
CRD0012680,CARD0232,P00176,6012,1204.76,IN,2026-07-23 16:33:25,POS8907
CRD0012686,CARD0232,P00254,6012,3107.47,IN,2026-07-28 07:37:15,ONLINE
CRD0012690,CARD0232,P00030,8011,815.91,IN,2026-07-15 10:29:09,POS1424
CRD0012695,CARD0232,P00179,5812,600.73,IN,2026-08-31 22:11:19,POS2495
CRD0012696,CARD0232,P00297,8011,928.26,IN,2026-08-08 21:19:49,POS1755
CRD0012697,CARD0232,P00125,5812,236.53,IN,2026-08-15 12:12:56,ONLINE
CRD0012704,CARD0233,P00327,5541,1268.46,IN,2026-09-07 21:07:08,POS7888
CRD0012710,CARD0233,P00112,5411,389.63,IN,2026-09-06 13:45:32,POS1480
CRD0012711,CARD0233,P00152,4900,898.76,IN,2026-07-24 11:35:43,ONLINE
CRD0012716,CARD0233,P00262,5812,983.53,IN,2026-08-16 10:34:23,POS9178
CRD0012717,CARD0233,P00049,5411,2370.08,IN,2026-08-10 10:23:19,ONLINE
CRD0012718,CARD0233,P00350,6012,1357.83,IN,2026-08-15 16:02:31,POS6326
CRD0012733,CARD0233,P00350,6012,1438.78,IN,2026-08-14 07:37:29,POS7254
CRD0012740,CARD0233,P00262,5812,602.55,IN,2026-07-12 21:06:16,POS6053
CRD0012742,CARD0233,P00350,6012,956.22,IN,2026-07-23 19:37:32,POS1790
CRD0012745,CARD0233,P00262,5812,635.01,IN,2026-08-22 12:40:40,POS6571
CRD0012747,CARD0233,P00152,4900,3430.97,IN,2026-08-08 09:44:24,POS9920
CRD0012751,CARD0233,P00197,6012,1008.96,IN,2026-09-10 12:43:33,POS5107
CRD0012757,CARD0233,P00262,5812,396.54,IN,2026-08-19 22:08:19,ONLINE
CRD0012763,CARD0233,P00005,4814,750.78,IN,2026-07-11 14:05:29,POS8766
CRD0012768,CARD0233,P00152,4900,716.74,IN,2026-08-30 20:47:45,ONLINE
CRD0012771,CARD0233,P00373,6012,568.47,IN,2026-08-25 19:21:46,POS5788
CRD0012775,CARD0233,P00359,5411,1484.68,IN,2026-08-10 13:55:26,POS9940
CRD0012783,CARD0234,P00152,4900,1581.34,IN,2026-07-17 21:57:12,ONLINE
CRD0012785,CARD0234,P00327,5541,3917.73,IN,2026-07-22 14:55:15,POS1062
CRD0012786,CARD0234,P00374,6513,4838.25,IN,2026-09-05 11:34:44,POS4881
CRD0012787,CARD0234,P00354,7832,912.91,IN,2026-07-29 18:10:12,POS2591
CRD0012798,CARD0234,P00327,5541,1710.77,IN,2026-08-26 11:29:32,ONLINE
CRD0012802,CARD0234,P00152,4900,2377.56,IN,2026-08-31 09:53:17,POS9182
CRD0012809,CARD0234,P00152,4900,6192.33,IN,2026-08-18 18:37:08,POS9348
CRD0012811,CARD0234,P00019,4814,1497.25,IN,2026-07-08 17:27:37,POS3551
CRD0012818,CARD0234,P00152,4900,3631.01,IN,2026-07-20 14:20:46,POS7684
CRD0012823,CARD0234,P00152,4900,12534.93,IN,2026-07-03 16:23:19,POS2832
CRD0012825,CARD0234,P00019,4814,439.88,IN,2026-07-15 18:38:07,ONLINE
CRD0012837,CARD0234,P00374,6513,2930.42,IN,2026-07-21 11:12:37,ONLINE
CRD0012841,CARD0235,P00308,5812,3814.13,IN,2026-09-07 14:40:51,ONLINE
CRD0012849,CARD0235,P00081,5411,1881.24,IN,2026-09-13 23:48:49,ONLINE
CRD0012850,CARD0235,P00061,5411,7171.91,IN,2026-08-11 13:34:52,ONLINE
CRD0012851,CARD0235,P00061,5411,4634.25,IN,2026-09-07 18:11:20,POS6074
CRD0012854,CARD0235,P00073,6012,848.92,IN,2026-08-02 10:04:52,POS7055
CRD0012866,CARD0235,P00018,5812,472.53,IN,2026-07-14 11:49:42,ONLINE
CRD0012867,CARD0235,P00141,4900,1892.5,IN,2026-08-02 15:11:31,ONLINE
CRD0012868,CARD0235,P00253,4814,2194.91,IN,2026-09-05 18:34:18,POS3672
CRD0012870,CARD0235,P00116,6012,1614.87,IN,2026-08-10 11:21:40,POS8753
CRD0012877,CARD0235,P00018,5812,265.65,IN,2026-07-30 20:48:19,POS1216
CRD0012879,CARD0235,P00141,4900,6050.06,IN,2026-07-15 06:30:16,POS8432
CRD0012881,CARD0235,P00037,6012,3200.37,IN,2026-09-01 16:15:18,ONLINE
CRD0012882,CARD0235,P00141,4900,5767.66,IN,2026-08-01 09:33:15,ONLINE
CRD0012892,CARD0235,P00177,5812,4357.73,IN,2026-09-07 09:49:28,ONLINE
CRD0012897,CARD0235,P00353,5311,6315.88,IN,2026-08-01 16:22:05,POS6337
CRD0012898,CARD0235,P00141,4900,5500.94,IN,2026-07-25 08:53:49,ONLINE
CRD0012899,CARD0235,P00116,6012,2430.18,IN,2026-08-10 10:47:41,ONLINE
CRD0012901,CARD0235,P00018,5812,1364.34,IN,2026-08-18 16:32:02,ONLINE
CRD0012903,CARD0235,P00303,6012,2254.93,IN,2026-07-09 12:30:08,ONLINE
CRD0012906,CARD0235,P00353,5311,4602.71,IN,2026-09-10 13:10:13,ONLINE
CRD0012908,CARD0235,P00159,5541,2855.11,IN,2026-09-09 19:02:28,POS3128
CRD0012914,CARD0235,P00213,4900,2069.74,IN,2026-09-08 05:53:44,ONLINE
CRD0012915,CARD0235,P00152,4900,1319.3,IN,2026-07-23 10:47:56,ONLINE
CRD0012929,CARD0236,P00043,5311,8899.53,IN,2026-08-06 19:20:46,ONLINE
CRD0012930,CARD0236,P00213,4900,3999.39,IN,2026-08-30 06:00:40,POS2962
CRD0012934,CARD0236,P00335,6513,4143.54,IN,2026-07-26 12:17:22,ONLINE
CRD0012943,CARD0236,P00363,5541,6446.07,IN,2026-08-13 15:15:42,ONLINE
CRD0012945,CARD0236,P00213,4900,4550.25,IN,2026-09-06 17:07:45,ONLINE
CRD0012948,CARD0236,P00001,6012,955.42,IN,2026-07-21 09:35:24,POS9417
CRD0012951,CARD0236,P00339,7832,839.75,IN,2026-07-27 15:15:26,ONLINE
CRD0012952,CARD0236,P00148,5311,6399.81,IN,2026-08-10 14:57:21,ONLINE
CRD0012954,CARD0236,P00335,6513,9448.92,IN,2026-07-13 19:32:30,ONLINE
CRD0012955,CARD0236,P00202,5541,2065.17,IN,2026-08-17 14:14:30,ONLINE
CRD0012958,CARD0236,P00335,6513,5764.58,IN,2026-08-15 01:26:22,ONLINE
CRD0012961,CARD0236,P00094,6012,3065.36,IN,2026-09-08 20:36:21,POS4344
CRD0012964,CARD0236,P00001,6012,5982.12,IN,2026-07-12 02:42:38,ONLINE
CRD0012971,CARD0236,P00201,4722,6038.01,IN,2026-07-23 15:25:55,POS9892
CRD0012974,CARD0236,P00043,5311,4110.51,IN,2026-07-05 17:30:08,POS4012
CRD0012981,CARD0236,P00314,7832,384.79,IN,2026-07-20 13:37:05,ONLINE
CRD0012986,CARD0236,P00213,4900,2216.1,IN,2026-09-07 18:06:41,POS9188
CRD0013003,CARD0237,P00207,5411,930.93,IN,2026-07-17 09:43:56,ONLINE
CRD0013008,CARD0237,P00108,5311,6622.34,IN,2026-07-07 21:20:40,ONLINE
CRD0013019,CARD0237,P00190,4814,725.59,IN,2026-08-04 16:58:19,POS9933
CRD0013028,CARD0237,P00087,5812,1100.48,IN,2026-08-09 07:24:18,ONLINE
CRD0013049,CARD0238,P00389,5812,2290.37,IN,2026-08-02 14:21:43,ONLINE
CRD0013053,CARD0238,P00137,7832,999.45,IN,2026-08-15 14:51:33,POS7507
CRD0013056,CARD0238,P00088,5812,2283.62,IN,2026-09-09 13:44:56,POS7550
CRD0013060,CARD0238,P00214,6012,2277.17,IN,2026-08-23 18:07:14,POS5778
CRD0013066,CARD0238,P00137,7832,1297.99,IN,2026-07-17 23:53:09,POS5983
CRD0013069,CARD0238,P00046,6012,4255.57,IN,2026-08-14 16:47:17,POS9393
CRD0013071,CARD0238,P00380,5411,2749.2,IN,2026-07-10 02:53:27,ONLINE
CRD0013072,CARD0238,P00137,7832,3132.71,IN,2026-09-09 19:57:38,ONLINE
CRD0013074,CARD0238,P00271,5541,926.22,IN,2026-08-03 21:38:31,POS7886
CRD0013085,CARD0238,P00088,5812,402.33,IN,2026-07-19 17:37:45,POS2680
CRD0013087,CARD0238,P00138,5411,1830.48,IN,2026-07-11 08:04:51,POS1968
CRD0013091,CARD0239,P00129,5311,2774.03,IN,2026-08-14 19:22:08,ONLINE
CRD0013092,CARD0239,P00259,6513,1290.44,IN,2026-09-04 17:32:14,POS5479
CRD0013093,CARD0239,P00307,5311,1985.65,IN,2026-08-02 14:41:50,POS7154
CRD0013094,CARD0239,P00259,6513,4828.94,IN,2026-07-16 13:10:01,POS7270
CRD0013107,CARD0239,P00357,6012,869.69,IN,2026-08-14 15:09:05,POS8246
CRD0013109,CARD0239,P00020,7832,637.86,IN,2026-07-07 19:34:40,POS9219
CRD0013117,CARD0239,P00093,5812,212.05,IN,2026-08-10 10:02:40,POS9169
CRD0013120,CARD0239,P00391,5541,1753.85,IN,2026-08-22 15:38:58,ONLINE
CRD0013125,CARD0239,P00093,5812,286.87,IN,2026-07-23 14:44:34,POS5256
CRD0013128,CARD0239,P00307,5311,1445.69,IN,2026-07-13 20:30:55,POS5688
CRD0013135,CARD0239,P00309,5812,336.03,IN,2026-08-31 11:29:42,POS1868
CRD0013137,CARD0239,P00248,4900,2766.2,IN,2026-09-09 23:45:55,ONLINE
CRD0013153,CARD0240,P00297,8011,3238.73,IN,2026-07-11 15:42:42,ONLINE
CRD0013161,CARD0240,P00141,4900,3312.42,IN,2026-07-03 13:44:04,ONLINE
CRD0013164,CARD0240,P00343,4900,2574.76,IN,2026-09-07 20:14:16,POS4135
CRD0013169,CARD0240,P00002,6012,8857.79,IN,2026-08-01 03:20:10,ONLINE
CRD0013170,CARD0240,P00141,4900,19275.82,IN,2026-07-05 09:47:30,POS7371
CRD0013174,CARD0240,P00004,5411,704.35,IN,2026-08-30 23:13:21,POS6080
CRD0013175,CARD0240,P00004,5411,1516.74,IN,2026-08-24 16:21:59,POS8717
CRD0013181,CARD0240,P00343,4900,6506.0,IN,2026-07-01 21:31:24,ONLINE
CRD0013182,CARD0240,P00257,6012,1165.56,IN,2026-08-04 13:09:05,POS1031
CRD0013183,CARD0240,P00241,5411,1745.89,IN,2026-07-06 20:33:53,POS7820
CRD0013184,CARD0240,P00165,5812,860.86,IN,2026-08-26 08:46:13,POS3461
CRD0013193,CARD0241,P00101,5311,5391.71,IN,2026-07-13 01:06:58,POS3292
CRD0013194,CARD0241,P00281,6513,13121.13,IN,2026-09-02 21:17:57,ONLINE
CRD0013196,CARD0241,P00290,5812,2008.81,IN,2026-07-12 11:00:24,POS2669
CRD0013199,CARD0241,P00290,5812,813.04,IN,2026-09-01 08:35:03,ONLINE
CRD0013203,CARD0241,P00328,5311,22847.61,IN,2026-07-04 20:00:21,ONLINE
CRD0013213,CARD0241,P00281,6513,4936.73,IN,2026-09-13 18:43:27,POS4989
CRD0013216,CARD0241,P00282,5411,2214.7,IN,2026-08-20 09:38:47,POS9884
CRD0013222,CARD0241,P00180,4900,6696.11,IN,2026-07-23 10:39:55,ONLINE
CRD0013224,CARD0241,P00297,8011,3570.21,IN,2026-07-10 19:09:04,POS5178
CRD0013234,CARD0241,P00179,5812,1634.15,IN,2026-08-29 18:59:17,POS1451
CRD0013238,CARD0242,P00271,5541,7677.92,IN,2026-07-12 15:54:46,POS3407
CRD0013241,CARD0242,P00349,5812,2058.94,IN,2026-07-23 08:38:01,POS1549
CRD0013242,CARD0242,P00022,6012,6199.47,IN,2026-07-17 15:55:51,ONLINE
CRD0013246,CARD0242,P00349,5812,2509.68,IN,2026-07-19 19:00:03,POS2573
CRD0013248,CARD0242,P00280,6012,7528.79,IN,2026-07-07 12:24:11,POS2892
CRD0013260,CARD0242,P00109,8011,3981.23,IN,2026-08-21 11:14:19,POS7589
CRD0013263,CARD0242,P00029,5411,9616.32,IN,2026-07-14 20:58:40,POS2044
CRD0013265,CARD0242,P00029,5411,5481.42,IN,2026-08-29 20:01:53,POS9866
CRD0013266,CARD0242,P00213,4900,8625.72,IN,2026-07-03 17:02:23,ONLINE
CRD0013283,CARD0243,P00334,5812,1730.52,IN,2026-09-12 21:58:08,POS4723
CRD0013286,CARD0243,P00019,4814,189.48,IN,2026-08-09 11:47:27,ONLINE
CRD0013291,CARD0243,P00323,4722,3178.73,IN,2026-09-09 23:23:35,POS4136
CRD0013311,CARD0243,P00334,5812,423.95,IN,2026-08-16 13:03:11,ONLINE
CRD0013317,CARD0243,P00334,5812,709.72,IN,2026-07-11 21:45:29,POS3247
CRD0013325,CARD0244,P00310,5411,1716.36,IN,2026-07-15 10:47:08,POS7187
CRD0013332,CARD0244,P00246,5411,1246.18,IN,2026-08-06 12:36:29,POS3033
CRD0013333,CARD0244,P00098,6012,1869.77,IN,2026-07-29 02:03:36,POS7206
CRD0013334,CARD0244,P00350,6012,7588.34,IN,2026-09-09 08:58:18,POS5148
CRD0013337,CARD0244,P00264,5812,470.89,IN,2026-07-29 10:40:37,ONLINE
CRD0013340,CARD0244,P00367,5411,836.96,IN,2026-09-03 12:47:00,ONLINE
CRD0013348,CARD0244,P00039,5311,1656.3,IN,2026-08-04 21:20:47,POS9337
CRD0013349,CARD0244,P00180,4900,1910.5,IN,2026-08-25 21:38:46,ONLINE
CRD0013350,CARD0244,P00350,6012,2933.9,IN,2026-07-30 16:54:21,ONLINE
CRD0013357,CARD0244,P00250,4814,231.49,IN,2026-07-24 23:31:47,ONLINE
CRD0013359,CARD0244,P00039,5311,7004.63,IN,2026-07-24 19:46:15,POS4358
CRD0013360,CARD0244,P00230,5812,720.48,IN,2026-09-10 22:39:09,ONLINE
CRD0013362,CARD0244,P00230,5812,813.13,IN,2026-08-19 17:45:52,ONLINE
CRD0013370,CARD0244,P00098,6012,3895.95,IN,2026-08-17 12:29:49,ONLINE
CRD0013374,CARD0244,P00039,5311,2319.49,IN,2026-09-08 17:12:25,ONLINE
CRD0013380,CARD0244,P00310,5411,870.54,IN,2026-08-07 09:04:14,ONLINE
CRD0013383,CARD0244,P00365,6012,3230.59,IN,2026-09-02 14:27:55,ONLINE
CRD0013385,CARD0244,P00310,5411,3209.54,IN,2026-07-02 10:58:46,ONLINE
CRD0013386,CARD0244,P00180,4900,3586.91,IN,2026-07-12 20:21:54,POS8480
CRD0013389,CARD0244,P00310,5411,1517.91,IN,2026-07-09 17:44:39,POS2495
CRD0013393,CARD0244,P00150,4900,1773.89,IN,2026-07-13 16:46:59,POS4166
CRD0013396,CARD0244,P00199,5812,151.71,IN,2026-07-29 08:17:32,ONLINE
CRD0013406,CARD0245,P00091,5541,1385.12,IN,2026-08-16 09:11:57,POS4882
CRD0013412,CARD0245,P00195,6012,2830.81,IN,2026-08-14 10:36:24,ONLINE
CRD0013414,CARD0245,P00204,4900,5361.9,IN,2026-07-06 22:13:12,POS1529
CRD0013423,CARD0245,P00232,4722,6524.02,IN,2026-08-29 17:17:27,POS1820
CRD0013426,CARD0245,P00089,4722,3940.17,IN,2026-09-02 06:44:33,POS9356
CRD0013435,CARD0245,P00115,5411,1462.89,IN,2026-07-17 09:29:26,ONLINE
CRD0013436,CARD0245,P00278,5541,3147.12,IN,2026-07-22 16:17:22,ONLINE
CRD0013438,CARD0245,P00204,4900,3566.65,IN,2026-07-12 20:40:42,POS6012
CRD0013442,CARD0245,P00232,4722,5494.28,IN,2026-07-17 15:43:03,POS3970
CRD0013443,CARD0245,P00089,4722,10677.14,IN,2026-07-16 11:27:21,ONLINE
CRD0013449,CARD0245,P00341,5812,2056.06,IN,2026-09-02 09:58:36,ONLINE
CRD0013458,CARD0246,P00335,6513,32848.44,IN,2026-07-26 08:09:52,POS8708
CRD0013459,CARD0246,P00326,5812,561.82,IN,2026-08-09 00:06:09,ONLINE
CRD0013462,CARD0246,P00282,5411,2580.69,IN,2026-07-20 15:19:35,POS4542
CRD0013469,CARD0246,P00383,5812,1282.98,IN,2026-09-01 11:28:55,POS6788
CRD0013470,CARD0246,P00354,7832,1125.9,IN,2026-08-14 19:00:17,POS1094
CRD0013471,CARD0246,P00069,5311,4281.61,IN,2026-08-24 06:05:27,ONLINE
CRD0013472,CARD0246,P00386,6012,2586.51,IN,2026-09-01 18:04:48,ONLINE
CRD0013475,CARD0246,P00335,6513,11638.05,IN,2026-07-06 20:28:57,POS3217
CRD0013476,CARD0246,P00312,5411,2699.55,IN,2026-07-22 20:40:56,ONLINE
CRD0013487,CARD0246,P00106,5411,2668.45,IN,2026-08-14 18:23:23,ONLINE
CRD0013489,CARD0246,P00211,7832,500.91,IN,2026-09-06 13:40:03,ONLINE
CRD0013491,CARD0246,P00386,6012,3255.32,IN,2026-08-15 11:48:48,ONLINE
CRD0013492,CARD0246,P00386,6012,9162.09,IN,2026-07-08 15:27:40,POS9957
CRD0013507,CARD0247,P00050,5311,1424.99,IN,2026-09-01 09:04:26,ONLINE
CRD0013508,CARD0247,P00181,4722,961.88,IN,2026-09-07 12:25:03,POS2076
CRD0013512,CARD0247,P00172,5541,1622.29,IN,2026-07-23 09:53:27,POS6677
CRD0013513,CARD0247,P00024,5411,940.04,IN,2026-09-05 11:08:52,ONLINE
CRD0013514,CARD0247,P00288,5812,628.74,IN,2026-07-14 13:16:47,ONLINE
CRD0013516,CARD0247,P00326,5812,374.5,IN,2026-07-07 14:12:03,POS8171
CRD0013521,CARD0247,P00307,5311,2026.04,IN,2026-08-07 16:47:38,POS4241
CRD0013522,CARD0247,P00139,5311,2118.92,IN,2026-08-17 21:21:23,ONLINE
CRD0013525,CARD0247,P00216,7832,503.03,IN,2026-07-03 17:27:16,POS3525
CRD0013526,CARD0247,P00342,5311,1147.22,IN,2026-07-30 11:35:22,POS9417
CRD0013527,CARD0247,P00342,5311,8509.61,IN,2026-08-18 22:49:35,POS1667
CRD0013528,CARD0247,P00127,6012,1218.78,IN,2026-08-26 09:15:06,ONLINE
CRD0013537,CARD0247,P00342,5311,2748.21,IN,2026-07-27 07:52:12,POS2620
CRD0013539,CARD0247,P00065,5541,623.0,IN,2026-08-19 11:12:23,POS6511
CRD0013541,CARD0247,P00304,5541,808.16,IN,2026-08-07 11:42:16,ONLINE
CRD0013543,CARD0247,P00100,8011,1130.11,IN,2026-08-02 11:42:06,ONLINE
CRD0013546,CARD0247,P00335,6513,3511.69,IN,2026-08-13 19:34:55,ONLINE
CRD0013551,CARD0247,P00335,6513,4656.83,IN,2026-08-07 13:24:35,POS9107
CRD0013555,CARD0247,P00216,7832,293.66,IN,2026-07-18 20:30:31,POS2408
CRD0013568,CARD0247,P00050,5311,3262.2,IN,2026-09-08 19:22:11,POS1664
CRD0013569,CARD0247,P00326,5812,299.54,IN,2026-08-13 17:42:38,ONLINE
CRD0013572,CARD0247,P00335,6513,5451.82,IN,2026-08-03 22:01:23,POS1148
CRD0013576,CARD0247,P00326,5812,500.76,IN,2026-07-18 16:55:41,ONLINE
CRD0013578,CARD0247,P00050,5311,988.54,IN,2026-07-03 20:20:16,ONLINE
CRD0013579,CARD0247,P00139,5311,6979.13,IN,2026-08-20 11:00:28,ONLINE
CRD0013581,CARD0247,P00297,8011,2159.03,IN,2026-09-12 20:38:46,POS2850
CRD0013583,CARD0247,P00335,6513,16666.39,IN,2026-09-13 16:36:57,POS6462
CRD0013584,CARD0247,P00206,5541,1455.12,IN,2026-07-19 08:40:30,POS1452
CRD0013585,CARD0247,P00342,5311,2885.29,IN,2026-07-15 00:31:45,ONLINE
CRD0013597,CARD0248,P00204,4900,3716.08,IN,2026-07-10 22:24:55,POS3124
CRD0013601,CARD0248,P00241,5411,784.88,IN,2026-09-03 22:30:08,POS7160
CRD0013605,CARD0248,P00204,4900,3363.03,IN,2026-08-16 19:37:05,POS3936
CRD0013607,CARD0248,P00158,5311,4291.67,IN,2026-08-18 17:05:30,ONLINE
CRD0013612,CARD0248,P00141,4900,1939.8,IN,2026-07-17 19:24:37,POS4943
CRD0013616,CARD0248,P00241,5411,2753.37,IN,2026-08-06 19:01:05,POS9111
CRD0013618,CARD0248,P00240,6012,2693.7,IN,2026-08-21 20:46:01,POS7889
CRD0013644,CARD0249,P00144,7832,1273.4,IN,2026-08-20 13:01:51,POS4790
CRD0013645,CARD0249,P00032,5812,1715.75,IN,2026-09-01 13:57:06,ONLINE
CRD0013646,CARD0249,P00204,4900,6443.3,IN,2026-07-13 19:59:59,POS2810
CRD0013647,CARD0249,P00160,4722,2105.46,IN,2026-08-19 18:49:55,POS9839
CRD0013653,CARD0249,P00280,6012,2227.44,IN,2026-07-25 09:20:27,ONLINE
CRD0013654,CARD0249,P00204,4900,4435.65,IN,2026-08-11 16:52:38,POS8147
CRD0013656,CARD0249,P00032,5812,1838.11,IN,2026-08-23 16:03:39,POS8973
CRD0013657,CARD0249,P00098,6012,2602.79,IN,2026-08-01 14:20:43,POS8857
CRD0013658,CARD0249,P00138,5411,2155.59,IN,2026-07-16 11:46:04,POS7661
CRD0013660,CARD0249,P00280,6012,2747.38,IN,2026-08-18 12:44:19,POS7938
CRD0013664,CARD0249,P00115,5411,1646.88,IN,2026-08-27 16:44:35,POS1952
CRD0013669,CARD0249,P00138,5411,1212.32,IN,2026-07-22 11:27:05,POS4244
CRD0013670,CARD0249,P00336,5812,470.57,IN,2026-08-02 18:44:41,POS2512
CRD0013674,CARD0249,P00098,6012,1816.28,IN,2026-07-08 22:01:19,ONLINE
CRD0013676,CARD0249,P00224,5812,501.42,IN,2026-07-19 18:32:50,ONLINE
CRD0013678,CARD0249,P00224,5812,2921.05,IN,2026-09-01 18:43:48,ONLINE
CRD0013680,CARD0249,P00224,5812,3716.25,IN,2026-08-25 20:23:48,ONLINE
CRD0013683,CARD0249,P00336,5812,3105.34,IN,2026-08-21 19:26:22,ONLINE
CRD0013685,CARD0249,P00144,7832,2956.71,IN,2026-07-13 08:30:27,ONLINE
CRD0013686,CARD0249,P00144,7832,2977.34,IN,2026-07-13 18:36:35,ONLINE
CRD0013696,CARD0249,P00138,5411,4066.7,IN,2026-07-01 11:27:59,POS6285
CRD0013697,CARD0249,P00204,4900,3619.8,IN,2026-08-18 15:32:29,ONLINE
CRD0013700,CARD0249,P00032,5812,1194.75,IN,2026-07-21 14:34:26,ONLINE
CRD0013702,CARD0249,P00336,5812,632.86,IN,2026-07-12 19:23:01,POS2557
CRD0013703,CARD0249,P00138,5411,2315.67,IN,2026-08-26 10:48:44,ONLINE
CRD0013707,CARD0249,P00138,5411,5701.64,IN,2026-08-21 12:46:09,POS8956
CRD0013709,CARD0249,P00294,5311,5179.49,IN,2026-08-12 09:16:58,ONLINE
CRD0013721,CARD0249,P00138,5411,3340.33,IN,2026-07-30 14:32:02,ONLINE
CRD0013725,CARD0249,P00160,4722,4878.53,IN,2026-07-13 09:03:46,POS5105
CRD0013726,CARD0249,P00336,5812,747.55,IN,2026-09-09 15:58:13,POS5556
CRD0013733,CARD0250,P00304,5541,782.32,IN,2026-07-05 07:38:09,ONLINE
CRD0013735,CARD0250,P00093,5812,1092.0,IN,2026-07-06 15:52:38,POS3320
CRD0013737,CARD0250,P00093,5812,172.42,IN,2026-07-26 09:45:48,ONLINE
CRD0013739,CARD0250,P00093,5812,334.5,IN,2026-08-20 09:46:58,POS3182
CRD0013751,CARD0250,P00002,6012,786.63,IN,2026-07-10 10:11:55,POS1535
CRD0013757,CARD0250,P00093,5812,565.47,IN,2026-08-10 17:17:01,ONLINE
CRD0013758,CARD0250,P00355,4814,442.8,IN,2026-07-25 19:40:55,POS2823
CRD0013768,CARD0250,P00355,4814,279.18,IN,2026-09-08 14:34:50,ONLINE
CRD0013769,CARD0250,P00148,5311,2427.43,IN,2026-07-05 21:09:29,POS2924
CRD0013770,CARD0250,P00355,4814,387.4,IN,2026-08-19 21:25:42,ONLINE
CRD0013779,CARD0251,P00365,6012,2707.78,IN,2026-07-20 10:40:59,POS5430
CRD0013782,CARD0251,P00378,5411,383.65,IN,2026-08-07 19:53:02,POS4292
CRD0013783,CARD0251,P00391,5541,5099.58,IN,2026-09-11 14:35:43,ONLINE
CRD0013785,CARD0251,P00284,6012,3487.93,IN,2026-08-06 14:11:46,ONLINE
CRD0013789,CARD0251,P00391,5541,1812.47,IN,2026-09-13 09:37:26,POS5716
CRD0013793,CARD0251,P00391,5541,3244.07,IN,2026-08-19 17:47:59,ONLINE
CRD0013794,CARD0251,P00311,5411,1411.89,IN,2026-08-04 19:39:37,POS9677
CRD0013796,CARD0251,P00071,5411,1602.18,IN,2026-07-08 13:25:17,ONLINE
CRD0013799,CARD0251,P00375,5812,1720.91,IN,2026-08-26 14:29:04,ONLINE
CRD0013801,CARD0251,P00189,5812,666.54,IN,2026-08-27 22:14:00,POS8952
CRD0013810,CARD0251,P00123,5812,1199.21,IN,2026-08-15 12:33:32,POS1750
CRD0013811,CARD0251,P00016,5411,2804.72,IN,2026-07-17 21:04:44,POS5126
CRD0013819,CARD0251,P00107,4900,4344.01,IN,2026-08-03 17:37:06,ONLINE
CRD0013821,CARD0251,P00016,5411,806.07,IN,2026-08-23 21:52:53,POS6821
CRD0013824,CARD0251,P00123,5812,763.03,IN,2026-08-11 20:12:39,POS5318
CRD0013828,CARD0251,P00189,5812,371.18,IN,2026-08-16 11:38:18,ONLINE
CRD0013834,CARD0252,P00221,5812,430.05,IN,2026-08-11 20:53:41,POS8241
CRD0013835,CARD0252,P00196,5812,560.87,IN,2026-08-23 10:46:29,POS5154
CRD0013837,CARD0252,P00186,4900,2171.0,IN,2026-07-26 15:14:52,ONLINE
CRD0013843,CARD0252,P00104,5541,1019.34,IN,2026-08-09 15:25:04,ONLINE
CRD0013848,CARD0252,P00326,5812,414.26,IN,2026-08-01 06:32:08,POS7649
CRD0013851,CARD0252,P00224,5812,750.97,IN,2026-09-11 07:47:12,POS1465
CRD0013852,CARD0252,P00196,5812,469.24,IN,2026-08-09 17:41:50,ONLINE
CRD0013860,CARD0252,P00224,5812,879.15,IN,2026-08-25 18:50:52,POS1987
CRD0013861,CARD0252,P00326,5812,859.11,IN,2026-08-04 18:01:16,POS6664
CRD0013862,CARD0252,P00149,5311,2098.7,IN,2026-07-06 21:51:39,ONLINE
CRD0013871,CARD0252,P00104,5541,1088.25,IN,2026-08-19 18:41:30,ONLINE
CRD0013878,CARD0252,P00143,5411,949.51,IN,2026-08-03 14:38:33,POS4193
CRD0013884,CARD0253,P00337,6513,7220.48,IN,2026-07-01 17:57:29,POS2235
CRD0013888,CARD0253,P00051,6012,1903.29,IN,2026-07-02 21:41:57,ONLINE
CRD0013891,CARD0253,P00310,5411,4415.84,IN,2026-08-29 11:29:14,ONLINE
CRD0013897,CARD0253,P00214,6012,4598.05,IN,2026-07-13 20:59:23,ONLINE
CRD0013899,CARD0253,P00210,4900,8171.65,IN,2026-08-17 08:55:03,ONLINE
CRD0013900,CARD0253,P00077,5812,3611.66,IN,2026-08-13 13:18:40,POS4117
CRD0013908,CARD0253,P00077,5812,2189.53,IN,2026-07-18 10:12:42,ONLINE
CRD0013910,CARD0253,P00031,6012,15885.26,IN,2026-08-15 11:04:00,ONLINE
CRD0013915,CARD0253,P00212,5411,1056.8,IN,2026-08-08 18:19:56,ONLINE
CRD0013921,CARD0253,P00290,5812,851.06,IN,2026-08-28 10:17:28,ONLINE
CRD0013922,CARD0253,P00136,5812,996.1,IN,2026-09-06 06:46:06,POS6574
CRD0013925,CARD0253,P00212,5411,8430.15,IN,2026-09-01 10:54:58,POS8665
CRD0013937,CARD0254,P00215,4722,3376.44,IN,2026-07-28 17:04:18,POS7863
CRD0013940,CARD0254,P00227,4814,226.61,IN,2026-08-10 13:19:41,POS2555
CRD0013941,CARD0254,P00233,5411,770.9,IN,2026-08-28 03:23:34,POS3111
CRD0013943,CARD0254,P00354,7832,1096.48,IN,2026-08-11 12:34:04,ONLINE
CRD0013945,CARD0254,P00215,4722,2191.51,IN,2026-08-13 08:39:56,ONLINE
CRD0013946,CARD0254,P00115,5411,1339.72,IN,2026-08-12 10:18:44,POS6651
CRD0013948,CARD0254,P00044,5411,2079.05,IN,2026-09-13 13:15:12,POS8543
CRD0013949,CARD0254,P00097,5541,1100.97,IN,2026-07-06 08:47:01,ONLINE
CRD0013951,CARD0254,P00354,7832,923.39,IN,2026-08-11 21:03:04,ONLINE
CRD0013955,CARD0254,P00097,5541,782.54,IN,2026-08-21 09:40:24,ONLINE
CRD0013960,CARD0254,P00227,4814,95.46,IN,2026-08-05 14:28:40,POS9841
CRD0013963,CARD0254,P00288,5812,603.1,IN,2026-09-09 14:50:53,ONLINE
CRD0013965,CARD0254,P00044,5411,1034.25,IN,2026-09-13 15:49:26,ONLINE
CRD0013971,CARD0254,P00288,5812,1516.14,IN,2026-09-05 18:12:22,ONLINE
CRD0013973,CARD0254,P00295,8011,2682.84,IN,2026-09-13 21:28:29,ONLINE
CRD0013986,CARD0255,P00043,5311,1174.55,IN,2026-09-03 21:20:25,ONLINE
CRD0013987,CARD0255,P00009,6012,1419.87,IN,2026-07-26 10:57:17,ONLINE
CRD0013995,CARD0255,P00341,5812,704.87,IN,2026-08-12 18:26:02,POS4829
CRD0014012,CARD0255,P00043,5311,842.29,IN,2026-08-17 17:29:29,POS4270
CRD0014014,CARD0255,P00214,6012,3102.06,IN,2026-07-13 12:50:01,ONLINE
CRD0014015,CARD0255,P00122,8011,1368.51,IN,2026-08-11 06:19:50,ONLINE
CRD0014016,CARD0255,P00227,4814,127.73,IN,2026-08-04 09:33:42,ONLINE
CRD0014019,CARD0255,P00165,5812,264.94,IN,2026-07-16 16:46:26,POS1674
CRD0014020,CARD0255,P00009,6012,726.84,IN,2026-07-26 09:45:17,POS6516
CRD0014025,CARD0255,P00341,5812,507.23,IN,2026-09-08 19:20:00,ONLINE
CRD0014038,CARD0256,P00173,4814,406.8,IN,2026-07-24 18:55:41,POS2812
CRD0014042,CARD0256,P00232,4722,1605.9,IN,2026-07-18 11:04:05,POS3755
CRD0014053,CARD0256,P00077,5812,797.46,IN,2026-07-10 11:27:01,ONLINE
CRD0014054,CARD0256,P00158,5311,1868.98,IN,2026-07-21 15:20:18,POS9905
CRD0014055,CARD0256,P00022,6012,2904.3,IN,2026-09-12 22:29:41,POS7083
CRD0014058,CARD0256,P00332,5311,1841.37,IN,2026-07-03 16:02:55,ONLINE
CRD0014064,CARD0256,P00167,5812,290.2,IN,2026-08-31 16:11:34,ONLINE
CRD0014065,CARD0256,P00322,6012,407.74,IN,2026-07-16 21:24:42,POS5161
CRD0014068,CARD0256,P00359,5411,824.46,IN,2026-07-14 10:54:27,POS3934
CRD0014078,CARD0257,P00256,4900,1069.08,IN,2026-08-08 19:51:29,ONLINE
CRD0014079,CARD0257,P00194,4814,299.0,IN,2026-07-24 20:30:27,POS5571
CRD0014083,CARD0257,P00037,6012,990.0,IN,2026-08-04 18:26:16,ONLINE
CRD0014089,CARD0257,P00310,5411,1127.69,IN,2026-08-06 08:14:16,POS6390
CRD0014093,CARD0257,P00190,4814,135.61,IN,2026-07-04 16:53:53,ONLINE
CRD0014094,CARD0257,P00194,4814,515.65,IN,2026-08-06 22:52:54,ONLINE
CRD0014107,CARD0258,P00383,5812,262.29,IN,2026-08-04 19:52:27,POS2553
CRD0014108,CARD0258,P00383,5812,749.31,IN,2026-08-28 11:17:54,POS7316
CRD0014119,CARD0258,P00075,5812,200.14,IN,2026-07-04 19:53:56,POS6322
CRD0014134,CARD0258,P00075,5812,155.99,IN,2026-07-07 21:52:07,POS8579
CRD0014147,CARD0259,P00294,5311,1739.82,IN,2026-08-12 13:18:32,POS4705
CRD0014153,CARD0259,P00303,6012,3260.25,IN,2026-09-02 16:20:04,POS7974
CRD0014167,CARD0259,P00074,4722,4234.65,IN,2026-08-06 12:07:43,POS6671
CRD0014168,CARD0259,P00248,4900,4251.69,IN,2026-08-06 18:19:19,ONLINE
CRD0014171,CARD0259,P00120,5411,2149.72,IN,2026-07-05 18:06:59,POS3011
CRD0014173,CARD0259,P00197,6012,2111.33,IN,2026-07-23 11:16:26,POS7216
CRD0014182,CARD0259,P00057,5812,1692.43,IN,2026-08-22 10:56:08,POS4417
CRD0014188,CARD0259,P00002,6012,692.28,IN,2026-08-04 18:57:21,POS5313
CRD0014200,CARD0259,P00247,6012,1673.22,IN,2026-07-24 17:37:16,POS3883
CRD0014204,CARD0259,P00002,6012,673.06,IN,2026-07-05 11:48:06,ONLINE
CRD0014209,CARD0259,P00303,6012,2087.42,IN,2026-07-06 18:45:23,POS9204
CRD0014212,CARD0259,P00153,5411,563.19,IN,2026-08-13 10:46:41,POS5085
CRD0014213,CARD0259,P00303,6012,1857.88,IN,2026-07-18 10:08:53,ONLINE
CRD0014222,CARD0260,P00217,5812,575.52,IN,2026-08-21 09:52:50,ONLINE
CRD0014225,CARD0260,P00084,7832,163.73,IN,2026-07-03 09:23:55,ONLINE
CRD0014227,CARD0260,P00089,4722,2624.71,IN,2026-08-11 11:20:20,ONLINE
CRD0014232,CARD0260,P00119,5812,191.53,IN,2026-09-02 11:11:57,ONLINE
CRD0014234,CARD0260,P00389,5812,499.08,IN,2026-08-26 08:36:09,ONLINE
CRD0014243,CARD0260,P00001,6012,856.39,IN,2026-08-20 16:20:23,POS8045
CRD0014245,CARD0260,P00269,4900,2153.73,IN,2026-07-22 11:19:01,ONLINE
CRD0014248,CARD0260,P00375,5812,170.47,IN,2026-09-05 21:12:16,ONLINE
CRD0014249,CARD0260,P00279,5812,563.12,IN,2026-07-13 19:47:53,ONLINE
CRD0014255,CARD0260,P00389,5812,146.83,IN,2026-08-31 11:29:16,ONLINE
CRD0014257,CARD0260,P00120,5411,244.18,IN,2026-08-28 15:11:33,POS2923
CRD0014264,CARD0260,P00277,6012,3548.42,IN,2026-09-13 15:03:43,ONLINE
CRD0014271,CARD0261,P00078,7832,319.29,IN,2026-08-14 11:03:29,POS1554
CRD0014279,CARD0261,P00147,8011,1541.26,IN,2026-07-12 23:53:55,ONLINE
CRD0014282,CARD0261,P00331,7832,798.26,IN,2026-08-01 15:04:31,POS5967
CRD0014286,CARD0261,P00114,4814,471.81,IN,2026-08-30 15:52:37,ONLINE
CRD0014289,CARD0261,P00070,7832,472.74,IN,2026-08-12 11:43:15,POS9776
CRD0014291,CARD0261,P00078,7832,1598.12,IN,2026-08-04 10:57:25,POS1874
CRD0014292,CARD0261,P00261,6012,2811.74,IN,2026-07-18 20:42:36,POS3608
CRD0014300,CARD0261,P00078,7832,152.15,IN,2026-07-05 18:43:28,POS2296
CRD0014305,CARD0261,P00078,7832,1790.2,IN,2026-07-30 06:53:18,POS6144
CRD0014310,CARD0261,P00169,5411,883.22,IN,2026-07-18 08:18:05,ONLINE
CRD0014311,CARD0261,P00070,7832,712.72,IN,2026-09-05 19:01:40,ONLINE
CRD0014316,CARD0261,P00337,6513,3724.36,IN,2026-07-15 22:57:13,POS7756
CRD0014317,CARD0261,P00070,7832,312.93,IN,2026-08-04 00:50:30,ONLINE
CRD0014318,CARD0261,P00222,5812,256.57,IN,2026-08-31 16:35:27,POS5376
CRD0014326,CARD0261,P00070,7832,354.74,IN,2026-09-07 09:13:25,ONLINE
CRD0014327,CARD0261,P00337,6513,7349.4,IN,2026-07-17 01:29:28,ONLINE
CRD0014328,CARD0261,P00337,6513,10095.95,IN,2026-09-01 13:53:50,POS6863
CRD0014337,CARD0261,P00237,7832,1561.66,IN,2026-07-17 13:17:21,POS5029
CRD0014341,CARD0261,P00149,5311,3648.24,IN,2026-07-18 11:29:05,ONLINE
CRD0014348,CARD0261,P00222,5812,1159.04,IN,2026-07-07 20:21:31,ONLINE
CRD0014352,CARD0262,P00080,5812,799.98,IN,2026-09-11 16:04:24,POS3066
CRD0014357,CARD0262,P00338,5311,11776.5,IN,2026-07-29 05:02:41,POS1241
CRD0014360,CARD0262,P00338,5311,3480.26,IN,2026-08-22 10:09:40,POS1710
CRD0014361,CARD0262,P00038,5411,1520.47,IN,2026-08-09 19:04:04,POS7626
CRD0014362,CARD0262,P00103,5311,5219.61,IN,2026-07-17 08:22:19,POS8428
CRD0014364,CARD0262,P00338,5311,2188.04,IN,2026-07-03 13:49:00,POS4922
CRD0014365,CARD0262,P00126,4722,3671.3,IN,2026-09-13 12:43:41,POS4299
CRD0014367,CARD0262,P00275,5541,1683.67,IN,2026-09-07 21:08:54,ONLINE
CRD0014379,CARD0262,P00338,5311,3963.19,IN,2026-07-31 04:17:33,POS8564
CRD0014382,CARD0262,P00275,5541,1080.55,IN,2026-07-24 20:22:45,ONLINE
CRD0014395,CARD0262,P00200,5411,624.67,IN,2026-08-13 18:04:41,POS7813
CRD0014396,CARD0262,P00103,5311,1880.34,IN,2026-09-03 19:07:50,ONLINE
CRD0014397,CARD0262,P00197,6012,1550.11,IN,2026-08-21 14:12:45,POS9597
CRD0014399,CARD0262,P00080,5812,75.95,IN,2026-08-01 20:09:03,POS6833
CRD0014401,CARD0262,P00018,5812,607.36,IN,2026-07-01 08:52:12,POS8634
CRD0014409,CARD0263,P00078,7832,989.41,IN,2026-07-27 13:49:09,ONLINE
CRD0014411,CARD0263,P00027,5311,2462.82,IN,2026-08-08 20:31:17,ONLINE
CRD0014429,CARD0263,P00072,5812,510.55,IN,2026-07-30 15:06:29,POS8809
CRD0014433,CARD0263,P00360,5541,6267.32,IN,2026-07-30 10:53:23,ONLINE
CRD0014434,CARD0263,P00072,5812,735.53,IN,2026-07-09 17:10:32,ONLINE
CRD0014442,CARD0263,P00353,5311,2728.16,IN,2026-09-06 09:27:08,ONLINE
CRD0014443,CARD0263,P00176,6012,1467.4,IN,2026-07-10 22:54:53,ONLINE
CRD0014444,CARD0263,P00072,5812,422.08,IN,2026-08-20 08:40:39,POS6819
CRD0014445,CARD0263,P00027,5311,4164.77,IN,2026-08-26 19:17:26,POS5047
CRD0014447,CARD0263,P00176,6012,2441.17,IN,2026-07-08 17:46:27,POS4188
CRD0014454,CARD0263,P00027,5311,4424.56,IN,2026-09-04 12:11:03,ONLINE
CRD0014468,CARD0263,P00356,4814,314.47,IN,2026-07-11 11:08:24,ONLINE
CRD0014474,CARD0263,P00295,8011,4442.0,IN,2026-09-02 23:39:43,POS3399
CRD0014477,CARD0263,P00027,5311,9578.8,IN,2026-08-20 20:13:53,POS3155
CRD0014479,CARD0263,P00105,5541,2739.82,IN,2026-07-02 14:16:10,ONLINE
CRD0014480,CARD0263,P00017,5411,4238.22,IN,2026-08-07 13:40:22,ONLINE
CRD0014489,CARD0263,P00027,5311,1346.17,IN,2026-08-21 20:16:08,ONLINE
CRD0014490,CARD0263,P00176,6012,1616.4,IN,2026-07-14 19:51:34,POS1295
CRD0014499,CARD0264,P00263,5311,8938.57,IN,2026-08-03 11:31:35,ONLINE
CRD0014501,CARD0264,P00263,5311,5508.97,IN,2026-07-31 00:43:05,POS1484
CRD0014505,CARD0264,P00251,5411,1275.91,IN,2026-07-11 07:32:00,ONLINE
CRD0014522,CARD0264,P00389,5812,1200.35,IN,2026-08-05 11:46:24,ONLINE
CRD0014531,CARD0264,P00101,5311,15289.98,IN,2026-08-17 15:59:33,ONLINE
CRD0014539,CARD0264,P00251,5411,2333.44,IN,2026-08-17 13:38:31,POS2395
CRD0014546,CARD0265,P00144,7832,861.15,IN,2026-07-02 11:55:34,ONLINE
CRD0014547,CARD0265,P00360,5541,6446.03,IN,2026-07-16 16:27:46,ONLINE
CRD0014550,CARD0265,P00246,5411,3539.2,IN,2026-08-17 20:23:36,POS2947
CRD0014551,CARD0265,P00068,5411,4965.53,IN,2026-07-02 13:58:21,POS7068
CRD0014559,CARD0265,P00002,6012,2660.0,IN,2026-08-24 08:14:29,POS8793
CRD0014561,CARD0265,P00339,7832,1673.38,IN,2026-08-17 09:09:42,ONLINE
CRD0014564,CARD0265,P00311,5411,1766.09,IN,2026-07-19 13:37:21,ONLINE
CRD0014567,CARD0265,P00246,5411,3285.33,IN,2026-07-20 19:27:49,POS4574
CRD0014570,CARD0265,P00246,5411,1372.09,IN,2026-07-20 13:27:05,POS4716
CRD0014571,CARD0265,P00393,5411,9150.24,IN,2026-07-09 11:30:26,ONLINE
CRD0014577,CARD0265,P00194,4814,1603.32,IN,2026-08-31 12:17:03,POS5364
CRD0014597,CARD0265,P00068,5411,3206.02,IN,2026-09-01 16:24:21,POS9151
CRD0014601,CARD0265,P00093,5812,1830.41,IN,2026-08-24 22:35:30,POS5798
CRD0014610,CARD0265,P00071,5411,2360.69,IN,2026-09-13 16:56:44,ONLINE
CRD0014618,CARD0266,P00091,5541,3038.17,IN,2026-08-18 17:17:03,POS1941
CRD0014620,CARD0266,P00215,4722,11136.28,IN,2026-08-28 17:34:40,POS8768
CRD0014622,CARD0266,P00038,5411,765.87,IN,2026-09-11 02:52:31,POS3271
CRD0014623,CARD0266,P00352,4814,871.06,IN,2026-07-25 12:27:41,ONLINE
CRD0014626,CARD0266,P00194,4814,967.11,IN,2026-07-05 16:35:45,ONLINE
CRD0014628,CARD0266,P00194,4814,1040.33,IN,2026-07-23 15:00:12,POS4876
CRD0014631,CARD0266,P00365,6012,1171.31,IN,2026-08-22 12:14:24,POS2032
CRD0014633,CARD0266,P00161,5812,725.81,IN,2026-07-03 22:20:09,POS9279
CRD0014637,CARD0266,P00160,4722,5974.94,IN,2026-08-09 18:32:17,POS5758
CRD0014645,CARD0266,P00161,5812,848.0,IN,2026-07-12 14:41:57,POS9932
CRD0014651,CARD0266,P00064,5311,2474.93,IN,2026-08-04 14:04:23,ONLINE
CRD0014655,CARD0266,P00038,5411,627.81,IN,2026-08-18 18:41:25,ONLINE
CRD0014656,CARD0266,P00038,5411,1919.56,IN,2026-09-05 18:02:21,POS4258
CRD0014657,CARD0266,P00064,5311,2353.78,IN,2026-07-12 21:04:18,POS7433
CRD0014658,CARD0266,P00194,4814,1158.15,IN,2026-07-09 19:01:09,POS3833
CRD0014666,CARD0267,P00045,5311,1629.05,IN,2026-07-24 12:52:02,ONLINE
CRD0014669,CARD0267,P00261,6012,562.41,IN,2026-08-24 09:12:23,POS1459
CRD0014671,CARD0267,P00129,5311,1289.05,IN,2026-08-21 19:48:44,ONLINE
CRD0014675,CARD0267,P00184,5812,95.98,IN,2026-07-11 17:38:13,ONLINE
CRD0014676,CARD0267,P00120,5411,438.07,IN,2026-08-06 19:10:46,POS9036
CRD0014682,CARD0267,P00129,5311,1343.84,IN,2026-08-06 10:54:35,ONLINE
CRD0014684,CARD0267,P00129,5311,1562.23,IN,2026-07-14 10:49:17,POS8534
CRD0014687,CARD0267,P00172,5541,2255.17,IN,2026-07-01 08:03:22,POS5530
CRD0014691,CARD0267,P00188,5812,712.78,IN,2026-08-26 13:06:19,POS3265
CRD0014693,CARD0267,P00287,4900,1792.56,IN,2026-07-19 21:34:30,ONLINE
CRD0014696,CARD0267,P00382,5812,667.76,IN,2026-08-20 10:02:53,ONLINE
CRD0014704,CARD0267,P00353,5311,1905.03,IN,2026-08-16 17:52:03,ONLINE
CRD0014706,CARD0267,P00287,4900,3333.91,IN,2026-07-28 19:32:13,POS9317
CRD0014707,CARD0267,P00122,8011,578.03,IN,2026-08-22 00:53:19,POS1909
CRD0014711,CARD0267,P00045,5311,3515.11,IN,2026-08-29 07:36:08,POS6746
CRD0014712,CARD0267,P00353,5311,8910.15,IN,2026-08-01 22:28:01,ONLINE
CRD0014714,CARD0267,P00188,5812,989.58,IN,2026-07-15 14:08:53,ONLINE
CRD0014722,CARD0268,P00307,5311,3653.93,IN,2026-08-26 15:22:04,POS9772
CRD0014724,CARD0268,P00021,4900,1364.42,IN,2026-09-12 18:25:40,ONLINE
CRD0014727,CARD0268,P00137,7832,654.44,IN,2026-07-17 13:00:14,ONLINE
CRD0014732,CARD0268,P00137,7832,562.17,IN,2026-08-19 11:48:46,POS7011
CRD0014733,CARD0268,P00161,5812,880.59,IN,2026-08-31 07:47:03,ONLINE
CRD0014747,CARD0268,P00161,5812,758.65,IN,2026-07-09 10:50:58,POS5122
CRD0014748,CARD0268,P00103,5311,1291.95,IN,2026-09-01 19:46:18,ONLINE
CRD0014755,CARD0269,P00220,8011,1389.01,IN,2026-09-11 23:52:54,ONLINE
CRD0014762,CARD0269,P00369,5411,1506.42,IN,2026-09-01 17:38:43,POS2743
CRD0014764,CARD0269,P00079,5541,1093.21,IN,2026-08-17 11:59:21,ONLINE
CRD0014765,CARD0269,P00079,5541,3061.49,IN,2026-07-19 18:11:00,POS1803
CRD0014774,CARD0269,P00369,5411,625.69,IN,2026-08-11 17:00:10,POS5515
CRD0014775,CARD0269,P00269,4900,6991.23,IN,2026-08-16 14:17:49,POS7004
CRD0014779,CARD0269,P00220,8011,6498.46,IN,2026-09-08 10:34:56,ONLINE
CRD0014783,CARD0269,P00024,5411,746.15,IN,2026-08-07 20:00:28,POS3912
CRD0014784,CARD0269,P00211,7832,1163.56,IN,2026-07-20 15:13:12,ONLINE
CRD0014786,CARD0269,P00155,7832,5138.39,IN,2026-07-10 09:24:19,ONLINE
CRD0014789,CARD0269,P00217,5812,862.3,IN,2026-07-05 06:43:21,ONLINE
CRD0014794,CARD0269,P00086,4900,5444.59,IN,2026-09-13 20:24:07,POS5362
CRD0014802,CARD0270,P00091,5541,3266.39,IN,2026-08-09 13:48:10,POS5381
CRD0014805,CARD0270,P00206,5541,1830.91,IN,2026-08-17 13:01:00,ONLINE
CRD0014815,CARD0270,P00206,5541,3768.56,IN,2026-07-16 07:37:51,ONLINE
CRD0014826,CARD0270,P00332,5311,10020.18,IN,2026-07-31 08:07:43,POS3339
CRD0014837,CARD0270,P00287,4900,1363.1,IN,2026-09-08 15:16:08,ONLINE
CRD0014841,CARD0270,P00206,5541,2667.34,IN,2026-07-15 20:28:14,ONLINE
CRD0014845,CARD0271,P00328,5311,1123.31,IN,2026-08-13 07:25:59,ONLINE
CRD0014849,CARD0271,P00156,6012,592.54,IN,2026-07-09 05:18:45,POS2815
CRD0014852,CARD0271,P00145,5411,810.18,IN,2026-07-30 22:14:41,POS8822
CRD0014853,CARD0271,P00202,5541,2334.63,IN,2026-07-06 08:46:36,ONLINE
CRD0014855,CARD0271,P00328,5311,675.81,IN,2026-08-19 20:10:10,ONLINE
CRD0014862,CARD0271,P00385,6012,529.1,IN,2026-08-07 18:55:12,ONLINE
CRD0014863,CARD0271,P00262,5812,295.53,IN,2026-09-01 22:44:26,POS1489
CRD0014866,CARD0271,P00380,5411,316.97,IN,2026-07-05 19:14:14,POS7491
CRD0014872,CARD0271,P00202,5541,567.67,IN,2026-07-20 12:22:08,ONLINE
CRD0014876,CARD0271,P00224,5812,1093.53,IN,2026-09-04 14:48:57,ONLINE
CRD0014877,CARD0271,P00163,5411,723.6,IN,2026-08-08 08:47:48,POS9827
CRD0014883,CARD0271,P00160,4722,1253.8,IN,2026-09-07 14:42:42,ONLINE
CRD0014884,CARD0271,P00187,4722,692.31,IN,2026-07-01 15:46:04,POS8512
CRD0014886,CARD0271,P00156,6012,1218.44,IN,2026-07-06 18:26:18,POS8415
CRD0014888,CARD0271,P00328,5311,1881.73,IN,2026-07-24 11:06:07,POS1476
CRD0014889,CARD0271,P00224,5812,724.62,IN,2026-09-09 19:53:49,POS2646
CRD0014891,CARD0271,P00224,5812,463.0,IN,2026-07-06 18:32:06,ONLINE
CRD0014892,CARD0271,P00062,6012,868.89,IN,2026-08-27 13:12:23,POS7976
CRD0014895,CARD0271,P00168,5411,1127.27,IN,2026-07-25 12:43:41,POS7928
CRD0014898,CARD0271,P00314,7832,448.72,IN,2026-08-23 11:59:26,ONLINE
CRD0014903,CARD0271,P00181,4722,1834.35,IN,2026-09-07 09:31:09,ONLINE
CRD0014911,CARD0272,P00201,4722,5047.06,IN,2026-09-08 17:51:08,POS3329
CRD0014916,CARD0272,P00069,5311,3709.1,IN,2026-09-03 07:44:30,POS6169
CRD0014917,CARD0272,P00069,5311,6639.29,IN,2026-08-19 12:16:24,ONLINE
CRD0014919,CARD0272,P00172,5541,2139.96,IN,2026-08-19 20:52:51,POS9292
CRD0014920,CARD0272,P00394,4814,1047.65,IN,2026-09-13 14:24:01,ONLINE
CRD0014923,CARD0272,P00069,5311,3561.77,IN,2026-07-25 21:30:05,POS4152
CRD0014926,CARD0272,P00273,5411,1395.95,IN,2026-07-06 00:23:06,ONLINE
CRD0014927,CARD0272,P00172,5541,1257.3,IN,2026-07-03 18:39:32,POS8986
CRD0014928,CARD0272,P00186,4900,2185.82,IN,2026-07-26 07:38:24,POS4995
CRD0014934,CARD0272,P00058,4814,674.05,IN,2026-08-08 14:45:43,ONLINE
CRD0014944,CARD0272,P00186,4900,2416.53,IN,2026-07-04 17:32:26,POS8372
CRD0014950,CARD0272,P00273,5411,1332.82,IN,2026-08-24 15:51:35,ONLINE
CRD0014969,CARD0272,P00069,5311,1134.74,IN,2026-08-20 04:52:59,ONLINE
CRD0014977,CARD0273,P00168,5411,367.13,IN,2026-07-30 11:20:10,POS3937
CRD0014983,CARD0273,P00091,5541,419.21,IN,2026-07-29 14:57:46,ONLINE
CRD0014985,CARD0273,P00064,5311,2499.81,IN,2026-07-01 17:53:42,ONLINE
CRD0014987,CARD0273,P00317,5812,263.14,IN,2026-07-07 23:13:23,ONLINE
CRD0014989,CARD0273,P00010,5812,45.65,IN,2026-08-02 21:58:33,POS6371
CRD0014990,CARD0273,P00052,5311,1152.15,IN,2026-08-17 19:04:29,ONLINE
CRD0014991,CARD0273,P00317,5812,429.01,IN,2026-07-09 16:54:11,POS1556
CRD0014994,CARD0273,P00340,4900,1268.06,IN,2026-07-21 04:36:41,ONLINE
CRD0014999,CARD0273,P00091,5541,201.2,IN,2026-07-09 13:24:52,ONLINE
CRD0015001,CARD0273,P00386,6012,447.06,IN,2026-07-22 11:13:01,POS3307
CRD0015002,CARD0273,P00027,5311,432.73,IN,2026-08-24 11:39:52,POS3669
CRD0015006,CARD0273,P00181,4722,1229.35,IN,2026-08-13 11:13:07,ONLINE
CRD0015019,CARD0273,P00202,5541,580.69,IN,2026-08-03 19:27:42,ONLINE
CRD0015026,CARD0273,P00030,8011,376.93,IN,2026-08-29 19:38:52,POS4125
CRD0015027,CARD0273,P00261,6012,437.42,IN,2026-09-01 19:32:04,ONLINE
CRD0015030,CARD0273,P00227,4814,200.15,IN,2026-09-09 20:00:36,ONLINE
CRD0015036,CARD0273,P00338,5311,428.79,IN,2026-08-27 17:02:23,POS8904
CRD0015039,CARD0273,P00014,6012,828.0,IN,2026-08-15 19:43:40,ONLINE
CRD0015049,CARD0274,P00262,5812,535.02,IN,2026-07-01 22:30:45,ONLINE
CRD0015052,CARD0274,P00371,5411,729.98,IN,2026-08-17 15:53:42,POS9212
CRD0015060,CARD0274,P00262,5812,791.15,IN,2026-08-14 18:17:19,ONLINE
CRD0015061,CARD0274,P00310,5411,875.54,IN,2026-08-12 08:43:50,ONLINE
CRD0015063,CARD0274,P00310,5411,4339.87,IN,2026-09-13 21:51:06,ONLINE
CRD0015069,CARD0274,P00210,4900,2184.41,IN,2026-09-06 14:16:05,POS4753
CRD0015070,CARD0274,P00378,5411,1840.1,IN,2026-09-02 09:50:12,POS3336
CRD0015072,CARD0274,P00196,5812,797.97,IN,2026-07-04 11:42:45,POS5406
CRD0015076,CARD0274,P00391,5541,1365.72,IN,2026-09-03 17:12:48,ONLINE
CRD0015078,CARD0274,P00391,5541,1371.87,IN,2026-07-02 19:28:46,POS2672
CRD0015080,CARD0274,P00379,4814,600.85,IN,2026-07-04 22:10:13,POS9726
CRD0015083,CARD0274,P00047,6012,8396.74,IN,2026-07-30 17:45:23,POS8424
CRD0015085,CARD0274,P00148,5311,2808.78,IN,2026-07-03 10:28:04,ONLINE
CRD0015086,CARD0274,P00310,5411,2923.65,IN,2026-08-07 21:20:12,POS7698
CRD0015092,CARD0274,P00047,6012,1743.96,IN,2026-08-08 12:36:16,ONLINE
CRD0015099,CARD0274,P00148,5311,6687.26,IN,2026-08-25 17:39:29,ONLINE
CRD0015102,CARD0274,P00312,5411,2445.28,IN,2026-07-04 19:14:22,POS2105
CRD0015112,CARD0275,P00072,5812,2584.8,IN,2026-07-01 19:56:43,POS3927
CRD0015120,CARD0275,P00187,4722,4968.53,IN,2026-08-04 09:47:26,POS1318
CRD0015134,CARD0275,P00004,5411,2065.8,IN,2026-08-16 20:09:40,ONLINE
CRD0015145,CARD0275,P00363,5541,5275.27,IN,2026-07-01 12:15:59,ONLINE
CRD0015151,CARD0275,P00380,5411,2094.33,IN,2026-08-01 12:19:39,POS1813
CRD0015155,CARD0275,P00267,5812,880.79,IN,2026-07-02 15:23:57,POS5656
CRD0015157,CARD0275,P00104,5541,1281.61,IN,2026-07-04 08:57:04,POS5455
CRD0015161,CARD0275,P00004,5411,2071.84,IN,2026-09-01 11:24:21,POS6198
CRD0015171,CARD0276,P00246,5411,1617.79,IN,2026-08-23 16:11:50,ONLINE
CRD0015176,CARD0276,P00066,4722,1219.61,IN,2026-07-22 16:32:57,POS9085
CRD0015178,CARD0276,P00066,4722,5342.48,IN,2026-07-12 08:55:35,POS1903
CRD0015182,CARD0276,P00336,5812,1297.77,IN,2026-07-24 23:57:56,POS4913
CRD0015188,CARD0276,P00243,6012,396.79,IN,2026-07-01 17:06:46,ONLINE
CRD0015193,CARD0276,P00336,5812,901.73,IN,2026-07-30 19:10:56,POS7671
CRD0015196,CARD0276,P00126,4722,7350.8,IN,2026-07-06 18:43:56,ONLINE
CRD0015197,CARD0276,P00119,5812,705.78,IN,2026-09-07 11:38:42,ONLINE
CRD0015211,CARD0276,P00396,5411,986.49,IN,2026-09-05 18:03:55,ONLINE
CRD0015216,CARD0277,P00313,5541,5321.1,IN,2026-09-01 14:21:12,POS1003
CRD0015221,CARD0277,P00158,5311,5994.82,IN,2026-07-09 11:50:15,POS2987
CRD0015227,CARD0277,P00215,4722,9024.55,IN,2026-08-04 05:20:40,POS8727
CRD0015228,CARD0277,P00390,4900,14498.01,IN,2026-07-19 07:11:29,ONLINE
CRD0015231,CARD0277,P00323,4722,7925.04,IN,2026-07-01 11:38:41,POS8415
CRD0015235,CARD0277,P00117,5411,2826.23,IN,2026-08-08 20:53:31,POS8243
CRD0015240,CARD0277,P00275,5541,9836.49,IN,2026-07-27 07:54:11,POS2256
CRD0015247,CARD0277,P00223,5812,641.05,IN,2026-07-01 14:01:03,ONLINE
CRD0015248,CARD0277,P00223,5812,939.71,IN,2026-07-26 13:32:03,ONLINE
CRD0015250,CARD0277,P00330,5812,861.12,IN,2026-07-01 05:31:52,ONLINE
CRD0015258,CARD0277,P00215,4722,27587.85,IN,2026-08-30 15:00:20,POS8307
CRD0015260,CARD0277,P00227,4814,1189.12,IN,2026-07-15 09:12:39,POS4026
CRD0015268,CARD0277,P00235,4722,20387.64,IN,2026-07-15 23:47:18,POS1682
CRD0015273,CARD0278,P00264,5812,658.56,IN,2026-08-16 10:41:35,POS7706
CRD0015275,CARD0278,P00134,5541,7521.63,IN,2026-08-31 09:45:30,ONLINE
CRD0015278,CARD0278,P00108,5311,1775.74,IN,2026-08-29 14:03:26,POS2289
CRD0015279,CARD0278,P00175,5311,5087.33,IN,2026-08-22 15:42:27,ONLINE
CRD0015282,CARD0278,P00354,7832,638.03,IN,2026-08-05 19:22:32,ONLINE
CRD0015283,CARD0278,P00108,5311,6476.41,IN,2026-08-14 09:53:51,ONLINE
CRD0015288,CARD0278,P00208,6012,1843.79,IN,2026-09-07 18:35:09,POS5664
CRD0015289,CARD0278,P00242,4900,4513.49,IN,2026-07-09 11:29:27,ONLINE
CRD0015295,CARD0278,P00175,5311,2345.29,IN,2026-07-14 11:23:10,POS9030
CRD0015302,CARD0278,P00166,5411,608.49,IN,2026-09-03 15:00:18,POS7623
CRD0015303,CARD0278,P00242,4900,2703.98,IN,2026-07-16 16:04:29,ONLINE
CRD0015307,CARD0278,P00088,5812,1453.75,IN,2026-07-21 20:14:56,POS4779
CRD0015308,CARD0278,P00322,6012,3297.46,IN,2026-08-10 08:45:53,POS3489
CRD0015313,CARD0278,P00088,5812,433.37,IN,2026-08-15 17:28:56,ONLINE
CRD0015315,CARD0278,P00242,4900,1125.99,IN,2026-08-27 11:35:50,ONLINE
CRD0015324,CARD0278,P00242,4900,2999.37,IN,2026-09-01 22:57:30,ONLINE
CRD0015326,CARD0278,P00346,5541,4379.12,IN,2026-07-28 21:34:18,ONLINE
CRD0015328,CARD0278,P00175,5311,1840.51,IN,2026-09-12 10:07:21,POS4584
CRD0015330,CARD0278,P00057,5812,395.41,IN,2026-09-09 11:18:07,POS7986
CRD0015332,CARD0278,P00346,5541,1491.01,IN,2026-09-11 04:47:02,POS2473
CRD0015334,CARD0278,P00088,5812,351.21,IN,2026-08-30 08:41:25,ONLINE
CRD0015337,CARD0278,P00398,5541,3428.67,IN,2026-08-31 18:56:28,POS2272
CRD0015338,CARD0278,P00322,6012,2338.48,IN,2026-08-13 18:48:23,ONLINE
CRD0015340,CARD0278,P00242,4900,751.87,IN,2026-08-01 06:07:09,POS7200
CRD0015346,CARD0278,P00047,6012,1478.94,IN,2026-07-21 18:47:01,POS3760
CRD0015350,CARD0278,P00057,5812,354.88,IN,2026-08-21 11:58:10,POS5600
CRD0015351,CARD0278,P00088,5812,278.49,IN,2026-09-06 21:37:37,ONLINE
CRD0015355,CARD0278,P00088,5812,680.53,IN,2026-07-19 04:17:37,POS8511
CRD0015361,CARD0278,P00332,5311,731.26,IN,2026-08-28 19:50:22,ONLINE
CRD0015363,CARD0278,P00193,5311,1361.04,IN,2026-07-01 12:26:51,ONLINE
CRD0015371,CARD0279,P00275,5541,2232.97,IN,2026-08-17 18:06:22,POS6319
CRD0015372,CARD0279,P00266,5541,687.2,IN,2026-09-09 16:19:16,ONLINE
CRD0015374,CARD0279,P00353,5311,8917.59,IN,2026-07-05 19:18:08,ONLINE
CRD0015385,CARD0279,P00348,6012,2199.31,IN,2026-07-09 15:17:42,POS4519
CRD0015386,CARD0279,P00214,6012,2240.94,IN,2026-09-11 07:50:09,POS3564
CRD0015390,CARD0279,P00330,5812,1149.05,IN,2026-09-01 18:49:58,ONLINE
CRD0015393,CARD0279,P00219,5411,3311.58,IN,2026-07-23 15:59:34,POS2843
CRD0015395,CARD0279,P00054,6012,3818.98,IN,2026-08-28 18:57:57,ONLINE
CRD0015398,CARD0279,P00118,4722,4926.84,IN,2026-07-19 15:15:35,POS7178
CRD0015399,CARD0279,P00275,5541,1293.87,IN,2026-07-23 15:19:04,POS6321
CRD0015403,CARD0279,P00306,4814,1384.44,IN,2026-07-21 13:32:22,POS9499
CRD0015408,CARD0279,P00248,4900,4396.05,IN,2026-09-08 03:47:15,POS3499
CRD0015419,CARD0280,P00242,4900,4487.23,IN,2026-08-08 01:43:39,ONLINE
CRD0015423,CARD0280,P00001,6012,1948.92,IN,2026-08-09 19:28:28,ONLINE
CRD0015429,CARD0280,P00002,6012,3136.79,IN,2026-08-30 16:19:26,ONLINE
CRD0015444,CARD0281,P00274,6012,1536.3,IN,2026-08-19 18:30:55,POS4351
CRD0015448,CARD0281,P00294,5311,4186.38,IN,2026-07-28 14:42:10,ONLINE
CRD0015456,CARD0281,P00326,5812,798.06,IN,2026-08-10 09:40:03,ONLINE
CRD0015458,CARD0281,P00174,5812,520.71,IN,2026-08-04 19:40:08,POS7719
CRD0015460,CARD0281,P00008,4722,6859.48,IN,2026-08-07 10:28:18,ONLINE
CRD0015462,CARD0281,P00273,5411,1953.84,IN,2026-07-30 21:52:12,POS2577
CRD0015464,CARD0281,P00326,5812,350.44,IN,2026-09-10 12:00:37,ONLINE
CRD0015468,CARD0281,P00083,5311,7380.03,IN,2026-08-06 17:48:59,ONLINE
CRD0015469,CARD0281,P00394,4814,855.33,IN,2026-08-30 20:00:13,POS5402
CRD0015476,CARD0281,P00242,4900,9859.99,IN,2026-07-05 08:56:16,POS9086
CRD0015477,CARD0281,P00081,5411,1430.57,IN,2026-07-02 08:23:11,POS8733
CRD0015478,CARD0281,P00326,5812,653.96,IN,2026-07-07 10:20:23,ONLINE
CRD0015481,CARD0281,P00241,5411,2348.9,IN,2026-08-23 20:56:28,POS7241
CRD0015489,CARD0281,P00326,5812,813.11,IN,2026-08-29 16:18:52,ONLINE
CRD0015492,CARD0281,P00273,5411,2325.9,IN,2026-08-30 13:37:51,ONLINE
CRD0015500,CARD0282,P00238,5812,399.36,IN,2026-09-05 08:09:21,ONLINE
CRD0015501,CARD0282,P00337,6513,7684.69,IN,2026-07-14 16:42:37,ONLINE
CRD0015502,CARD0282,P00238,5812,282.4,IN,2026-07-14 17:39:04,ONLINE
CRD0015506,CARD0282,P00347,7832,2293.92,IN,2026-09-02 22:49:47,POS1043
CRD0015507,CARD0282,P00003,4814,512.71,IN,2026-09-13 09:55:36,ONLINE
CRD0015508,CARD0282,P00235,4722,5241.47,IN,2026-07-06 10:48:40,ONLINE
CRD0015509,CARD0282,P00046,6012,3427.11,IN,2026-07-24 11:53:24,POS6527
CRD0015511,CARD0282,P00347,7832,532.64,IN,2026-07-27 14:18:05,POS9919
CRD0015514,CARD0282,P00336,5812,502.3,IN,2026-07-08 09:47:11,ONLINE
CRD0015526,CARD0282,P00003,4814,688.86,IN,2026-08-11 00:14:38,ONLINE
CRD0015529,CARD0282,P00336,5812,696.35,IN,2026-09-06 22:47:02,POS8828
CRD0015534,CARD0282,P00164,6513,7973.09,IN,2026-07-01 18:09:18,POS9625
CRD0015537,CARD0282,P00046,6012,2287.63,IN,2026-07-12 03:35:41,POS1394
CRD0015542,CARD0283,P00182,4722,9513.5,IN,2026-08-26 07:25:14,ONLINE
CRD0015544,CARD0283,P00342,5311,5472.62,IN,2026-08-31 17:44:50,ONLINE
CRD0015545,CARD0283,P00173,4814,886.39,IN,2026-07-30 09:28:06,ONLINE
CRD0015553,CARD0283,P00078,7832,1174.91,IN,2026-09-05 21:17:04,ONLINE
CRD0015560,CARD0283,P00216,7832,1136.4,IN,2026-08-06 10:51:09,POS7883
CRD0015561,CARD0283,P00252,5411,983.92,IN,2026-07-22 07:23:24,ONLINE
CRD0015564,CARD0283,P00078,7832,919.3,IN,2026-09-11 10:41:19,ONLINE
CRD0015567,CARD0283,P00342,5311,1987.33,IN,2026-07-02 15:33:22,POS3819
CRD0015569,CARD0283,P00216,7832,612.93,IN,2026-09-03 11:13:54,POS3391
CRD0015570,CARD0283,P00327,5541,2725.63,IN,2026-08-27 21:01:49,POS4998
CRD0015571,CARD0283,P00173,4814,605.39,IN,2026-08-30 23:50:08,POS8139
CRD0015577,CARD0283,P00327,5541,2050.61,IN,2026-09-09 19:01:36,POS5772
CRD0015578,CARD0283,P00129,5311,2457.87,IN,2026-08-28 10:04:39,ONLINE
CRD0015582,CARD0283,P00173,4814,974.48,IN,2026-07-27 13:54:48,POS5650
CRD0015585,CARD0283,P00329,8011,8671.61,IN,2026-07-10 15:43:14,POS7809
CRD0015587,CARD0283,P00327,5541,2683.33,IN,2026-09-06 07:24:39,POS1604
CRD0015591,CARD0284,P00176,6012,3652.56,IN,2026-08-17 09:32:11,POS1081
CRD0015593,CARD0284,P00353,5311,6950.31,IN,2026-08-09 15:36:39,ONLINE
CRD0015597,CARD0284,P00281,6513,11065.95,IN,2026-09-08 13:31:50,POS2532
CRD0015598,CARD0284,P00395,5311,5765.47,IN,2026-07-31 15:56:18,POS5727
CRD0015600,CARD0284,P00002,6012,5278.34,IN,2026-07-01 11:11:27,ONLINE
CRD0015601,CARD0284,P00398,5541,7771.03,IN,2026-08-07 14:18:02,ONLINE
CRD0015604,CARD0284,P00353,5311,3083.77,IN,2026-08-07 14:29:58,ONLINE
CRD0015609,CARD0284,P00281,6513,17795.81,IN,2026-08-08 19:33:25,POS1471
CRD0015620,CARD0284,P00176,6012,6409.99,IN,2026-07-21 12:49:00,ONLINE
CRD0015621,CARD0284,P00353,5311,8298.29,IN,2026-09-06 22:10:16,ONLINE
CRD0015623,CARD0284,P00068,5411,3195.9,IN,2026-07-15 19:38:41,POS2360
CRD0015630,CARD0284,P00165,5812,1321.05,IN,2026-08-27 12:09:53,ONLINE
CRD0015631,CARD0284,P00002,6012,3057.48,IN,2026-07-10 19:58:02,POS8164
CRD0015642,CARD0284,P00014,6012,5193.41,IN,2026-08-05 13:46:31,POS1388
CRD0015644,CARD0284,P00281,6513,3901.71,IN,2026-08-23 17:53:02,ONLINE
CRD0015648,CARD0284,P00398,5541,4179.87,IN,2026-09-03 21:25:06,ONLINE
CRD0015653,CARD0284,P00014,6012,4477.98,IN,2026-09-06 10:35:26,POS7663
CRD0015654,CARD0284,P00353,5311,8469.65,IN,2026-08-03 17:23:34,POS6468
CRD0015662,CARD0284,P00165,5812,1468.8,IN,2026-07-06 17:56:40,POS9328
CRD0015664,CARD0284,P00281,6513,3559.47,IN,2026-08-01 09:41:16,POS6202
CRD0015679,CARD0285,P00388,5411,2243.79,IN,2026-07-03 18:38:07,ONLINE
CRD0015680,CARD0285,P00159,5541,2949.75,IN,2026-07-10 18:07:57,ONLINE
CRD0015687,CARD0285,P00165,5812,1621.29,IN,2026-08-15 21:23:54,POS5184
CRD0015688,CARD0285,P00159,5541,1156.77,IN,2026-07-09 13:50:37,ONLINE
CRD0015692,CARD0285,P00159,5541,5077.42,IN,2026-08-19 23:40:29,ONLINE
CRD0015693,CARD0285,P00279,5812,464.18,IN,2026-07-17 17:28:15,ONLINE
CRD0015694,CARD0285,P00378,5411,550.7,IN,2026-08-02 14:35:23,ONLINE
CRD0015702,CARD0285,P00122,8011,1730.1,IN,2026-09-03 08:57:44,POS8867
CRD0015703,CARD0285,P00122,8011,6133.4,IN,2026-08-07 16:55:59,POS2353
CRD0015705,CARD0285,P00228,5541,3602.81,IN,2026-08-17 11:30:44,ONLINE
CRD0015718,CARD0285,P00122,8011,1673.03,IN,2026-08-05 18:07:38,POS7392
CRD0015723,CARD0285,P00082,5411,5024.97,IN,2026-07-18 09:25:53,ONLINE
CRD0015725,CARD0285,P00122,8011,1616.45,IN,2026-08-29 08:04:54,POS5009
CRD0015726,CARD0285,P00190,4814,1803.61,IN,2026-07-20 23:43:12,ONLINE
CRD0015729,CARD0285,P00378,5411,4258.14,IN,2026-08-10 22:04:28,ONLINE
CRD0015730,CARD0285,P00388,5411,4172.92,IN,2026-08-01 12:38:30,POS7051
CRD0015732,CARD0285,P00185,5541,4016.39,IN,2026-07-11 18:30:07,ONLINE
CRD0015735,CARD0285,P00279,5812,640.07,IN,2026-07-22 15:42:34,ONLINE
CRD0015740,CARD0285,P00159,5541,3210.24,IN,2026-07-27 21:09:27,POS2156
CRD0015747,CARD0286,P00334,5812,1435.54,IN,2026-08-23 03:45:02,ONLINE
CRD0015761,CARD0286,P00044,5411,3349.77,IN,2026-08-01 17:44:21,POS2160
CRD0015762,CARD0286,P00389,5812,581.26,IN,2026-07-07 17:25:05,ONLINE
CRD0015763,CARD0286,P00044,5411,987.74,IN,2026-08-16 01:10:53,POS6866
CRD0015774,CARD0286,P00332,5311,2158.43,IN,2026-08-21 18:33:17,ONLINE
CRD0015780,CARD0286,P00044,5411,255.66,IN,2026-07-11 10:40:13,POS8010
CRD0015781,CARD0286,P00011,6012,997.12,IN,2026-08-30 10:13:37,POS1106
CRD0015783,CARD0286,P00011,6012,1631.41,IN,2026-07-03 16:53:07,ONLINE
CRD0015785,CARD0286,P00127,6012,796.72,IN,2026-07-10 13:56:58,ONLINE
CRD0015793,CARD0286,P00011,6012,2151.77,IN,2026-07-02 20:52:49,ONLINE
CRD0015794,CARD0286,P00389,5812,1005.19,IN,2026-07-14 08:43:08,POS3047
CRD0015799,CARD0286,P00332,5311,3727.75,IN,2026-07-05 18:30:19,POS3288
CRD0015805,CARD0286,P00332,5311,2622.48,IN,2026-09-01 17:46:25,ONLINE
CRD0015808,CARD0286,P00332,5311,684.66,IN,2026-07-22 18:01:37,ONLINE
CRD0015812,CARD0286,P00044,5411,2672.71,IN,2026-08-11 10:19:13,ONLINE
CRD0015814,CARD0286,P00210,4900,1295.51,IN,2026-07-29 00:10:02,POS4215
CRD0015817,CARD0286,P00044,5411,511.82,IN,2026-09-13 12:32:53,ONLINE
CRD0015821,CARD0287,P00331,7832,899.48,IN,2026-08-04 20:22:38,POS8817
CRD0015822,CARD0287,P00285,4900,4356.57,IN,2026-08-11 17:27:29,POS5858
CRD0015826,CARD0287,P00218,5812,990.98,IN,2026-08-30 12:51:08,POS7382
CRD0015829,CARD0287,P00218,5812,1750.41,IN,2026-07-21 09:31:34,POS4783
CRD0015830,CARD0287,P00193,5311,4652.06,IN,2026-07-11 13:55:54,POS7755
CRD0015834,CARD0287,P00331,7832,3795.13,IN,2026-07-28 20:59:33,POS7909
CRD0015841,CARD0287,P00371,5411,1869.01,IN,2026-07-12 16:26:35,ONLINE
CRD0015842,CARD0287,P00131,5411,502.28,IN,2026-07-14 12:48:00,ONLINE
CRD0015850,CARD0287,P00353,5311,3086.92,IN,2026-07-23 13:40:12,POS2258
CRD0015857,CARD0287,P00285,4900,10697.14,IN,2026-09-08 23:31:16,POS7545
CRD0015860,CARD0287,P00266,5541,2636.62,IN,2026-08-22 11:05:49,POS4606
CRD0015861,CARD0287,P00202,5541,1272.58,IN,2026-08-09 17:56:34,ONLINE
CRD0015863,CARD0287,P00183,7832,1579.13,IN,2026-07-28 12:06:55,ONLINE
CRD0015864,CARD0287,P00371,5411,2693.88,IN,2026-08-08 16:54:15,POS9436
CRD0015867,CARD0287,P00308,5812,1732.05,IN,2026-09-10 17:01:08,ONLINE
CRD0015869,CARD0287,P00371,5411,1705.74,IN,2026-09-05 10:10:02,POS9140
CRD0015876,CARD0287,P00202,5541,1916.58,IN,2026-08-18 18:40:22,POS6315
CRD0015877,CARD0287,P00218,5812,361.87,IN,2026-07-10 06:57:08,ONLINE
CRD0015883,CARD0287,P00371,5411,5123.83,IN,2026-08-03 23:13:17,ONLINE
CRD0015894,CARD0288,P00169,5411,796.47,IN,2026-07-29 14:41:31,ONLINE
CRD0015897,CARD0288,P00396,5411,456.1,IN,2026-07-01 20:48:09,POS6158
CRD0015899,CARD0288,P00229,5411,331.89,IN,2026-07-12 18:56:01,POS9389
CRD0015902,CARD0288,P00149,5311,3690.43,IN,2026-07-29 13:11:45,POS1687
CRD0015903,CARD0288,P00201,4722,2131.07,IN,2026-09-13 07:20:24,ONLINE
CRD0015904,CARD0288,P00014,6012,1388.7,IN,2026-08-29 14:54:13,POS3539
CRD0015906,CARD0288,P00330,5812,448.29,IN,2026-08-14 11:54:52,ONLINE
CRD0015912,CARD0288,P00014,6012,815.02,IN,2026-09-12 17:01:59,ONLINE
CRD0015917,CARD0288,P00014,6012,717.98,IN,2026-09-08 09:09:12,POS7234
CRD0015918,CARD0288,P00316,5311,1585.67,IN,2026-09-02 07:45:21,ONLINE
CRD0015919,CARD0288,P00121,5812,141.26,IN,2026-08-24 17:35:42,POS1901
CRD0015925,CARD0289,P00310,5411,2118.19,IN,2026-09-05 09:03:31,ONLINE
CRD0015941,CARD0289,P00081,5411,2558.92,IN,2026-07-10 18:43:50,POS3924
CRD0015952,CARD0289,P00335,6513,4206.74,IN,2026-09-10 09:54:43,POS5076
CRD0015953,CARD0289,P00184,5812,297.13,IN,2026-07-30 17:40:11,ONLINE
CRD0015954,CARD0289,P00187,4722,2913.03,IN,2026-07-15 16:22:35,POS1858
CRD0015958,CARD0289,P00016,5411,1069.04,IN,2026-07-10 17:55:26,POS3543
CRD0015959,CARD0289,P00091,5541,2144.95,IN,2026-08-26 19:30:12,ONLINE
CRD0015961,CARD0289,P00142,6012,2577.25,IN,2026-09-09 09:21:50,ONLINE
CRD0015963,CARD0289,P00397,5311,5420.54,IN,2026-07-28 17:05:13,ONLINE
CRD0015965,CARD0289,P00184,5812,748.52,IN,2026-07-16 17:57:29,ONLINE
CRD0015966,CARD0289,P00238,5812,998.78,IN,2026-07-10 11:01:18,POS4836
CRD0015967,CARD0289,P00238,5812,431.66,IN,2026-08-01 11:11:37,POS8141
CRD0015975,CARD0289,P00187,4722,6460.53,IN,2026-07-09 14:12:41,POS8896
CRD0015976,CARD0289,P00081,5411,1036.22,IN,2026-07-30 11:30:38,POS2153
CRD0015978,CARD0289,P00081,5411,1423.89,IN,2026-08-07 15:49:52,POS9894
CRD0015988,CARD0290,P00385,6012,780.17,IN,2026-09-02 23:43:28,POS8583
CRD0015989,CARD0290,P00379,4814,359.24,IN,2026-09-12 22:51:24,POS7378
CRD0015992,CARD0290,P00207,5411,343.61,IN,2026-09-04 16:01:39,ONLINE
CRD0015993,CARD0290,P00385,6012,1328.3,IN,2026-08-08 15:08:49,ONLINE
CRD0015997,CARD0290,P00058,4814,547.51,IN,2026-07-26 13:30:05,ONLINE
CRD0015998,CARD0290,P00058,4814,176.45,IN,2026-07-09 19:57:46,POS4588
CRD0016004,CARD0290,P00036,5411,674.83,IN,2026-07-15 10:41:30,POS8897
CRD0016005,CARD0290,P00110,7832,675.18,IN,2026-07-17 08:51:24,POS5419
CRD0016012,CARD0290,P00385,6012,881.36,IN,2026-09-09 00:06:43,POS5110
CRD0016018,CARD0290,P00148,5311,1988.85,IN,2026-09-08 07:46:09,ONLINE
CRD0016021,CARD0290,P00110,7832,193.47,IN,2026-07-23 17:28:36,ONLINE
CRD0016022,CARD0290,P00321,5812,724.96,IN,2026-08-04 17:09:00,POS7068
CRD0016023,CARD0290,P00059,6012,1432.44,IN,2026-07-29 14:59:51,ONLINE
CRD0016038,CARD0291,P00397,5311,12305.03,IN,2026-07-15 18:19:22,POS2513
CRD0016044,CARD0291,P00117,5411,6498.54,IN,2026-07-08 21:56:46,ONLINE
CRD0016057,CARD0291,P00218,5812,2217.2,IN,2026-07-01 07:34:18,POS3125
CRD0016061,CARD0291,P00378,5411,7280.73,IN,2026-07-17 12:36:40,POS2973
CRD0016063,CARD0291,P00010,5812,1896.82,IN,2026-08-21 16:25:47,POS3865
CRD0016067,CARD0291,P00397,5311,19620.46,IN,2026-09-08 18:24:11,ONLINE
CRD0016070,CARD0291,P00058,4814,2166.17,IN,2026-07-25 18:40:06,ONLINE
CRD0016072,CARD0291,P00233,5411,1760.26,IN,2026-08-05 15:28:36,ONLINE
CRD0016085,CARD0292,P00247,6012,8766.39,IN,2026-07-09 10:17:15,ONLINE
CRD0016087,CARD0292,P00040,5411,2208.56,IN,2026-08-28 21:50:35,ONLINE
CRD0016101,CARD0292,P00295,8011,8988.81,IN,2026-08-13 10:38:08,ONLINE
CRD0016107,CARD0292,P00029,5411,3414.94,IN,2026-07-30 12:46:54,ONLINE
CRD0016108,CARD0292,P00247,6012,6527.16,IN,2026-08-09 22:12:16,ONLINE
CRD0016114,CARD0292,P00270,4722,40584.02,IN,2026-07-29 12:02:48,ONLINE
CRD0016117,CARD0292,P00007,5812,2243.55,IN,2026-08-24 13:37:45,POS6484
CRD0016118,CARD0292,P00107,4900,8158.99,IN,2026-08-19 18:56:00,ONLINE
CRD0016121,CARD0292,P00161,5812,1199.67,IN,2026-07-26 20:59:44,POS4691
CRD0016141,CARD0293,P00243,6012,1449.94,IN,2026-07-09 20:57:51,ONLINE
CRD0016144,CARD0293,P00242,4900,3819.08,IN,2026-07-26 14:02:23,POS7956
CRD0016156,CARD0293,P00111,6513,25975.33,IN,2026-07-30 19:00:18,POS1474
CRD0016157,CARD0293,P00123,5812,754.06,IN,2026-07-22 11:55:47,ONLINE
CRD0016159,CARD0293,P00111,6513,10217.18,IN,2026-08-22 19:54:21,POS2134
CRD0016165,CARD0293,P00272,5812,872.43,IN,2026-07-21 21:03:11,ONLINE
CRD0016167,CARD0293,P00018,5812,1095.6,IN,2026-07-24 16:24:13,POS4984
CRD0016171,CARD0293,P00372,4814,3368.0,IN,2026-07-13 09:25:58,POS1525
CRD0016175,CARD0293,P00208,6012,5543.71,IN,2026-08-15 17:29:29,POS2014
CRD0016183,CARD0293,P00242,4900,1548.95,IN,2026-07-10 19:18:48,ONLINE
CRD0016190,CARD0294,P00287,4900,550.95,IN,2026-08-08 18:33:31,POS8334
CRD0016194,CARD0294,P00042,5311,479.16,IN,2026-08-27 14:24:33,ONLINE
CRD0016200,CARD0294,P00374,6513,2354.52,IN,2026-07-08 14:30:48,ONLINE
CRD0016208,CARD0294,P00287,4900,1665.95,IN,2026-09-04 22:04:26,POS2721
CRD0016209,CARD0294,P00374,6513,4636.44,IN,2026-07-23 17:56:17,ONLINE
CRD0016210,CARD0294,P00168,5411,1451.03,IN,2026-07-18 07:36:16,ONLINE
CRD0016213,CARD0294,P00042,5311,805.62,IN,2026-07-11 17:02:32,POS7201
CRD0016214,CARD0294,P00168,5411,619.17,IN,2026-08-05 18:58:38,ONLINE
CRD0016218,CARD0294,P00255,5311,358.87,IN,2026-07-10 22:47:23,ONLINE
CRD0016223,CARD0294,P00279,5812,282.48,IN,2026-07-31 14:08:50,ONLINE
CRD0016228,CARD0294,P00287,4900,1701.71,IN,2026-07-15 17:04:22,ONLINE
CRD0016229,CARD0294,P00342,5311,665.88,IN,2026-07-24 20:57:32,POS3269
CRD0016239,CARD0294,P00042,5311,880.72,IN,2026-08-03 12:08:22,POS2567
CRD0016243,CARD0294,P00042,5311,1028.48,IN,2026-07-21 18:23:26,ONLINE
CRD0016244,CARD0294,P00374,6513,5389.39,IN,2026-08-16 07:42:54,POS7882
CRD0016250,CARD0294,P00355,4814,336.72,IN,2026-07-08 06:21:39,ONLINE
CRD0016261,CARD0295,P00296,5812,1299.63,IN,2026-07-26 19:33:42,POS8791
CRD0016268,CARD0295,P00167,5812,261.42,IN,2026-09-02 09:31:47,POS1775
CRD0016270,CARD0295,P00100,8011,4596.7,IN,2026-08-30 15:19:14,POS8710
CRD0016271,CARD0295,P00167,5812,826.56,IN,2026-08-30 11:02:53,ONLINE
CRD0016275,CARD0295,P00093,5812,481.27,IN,2026-08-06 11:52:52,ONLINE
CRD0016276,CARD0295,P00093,5812,483.05,IN,2026-08-29 07:15:56,ONLINE
CRD0016279,CARD0295,P00200,5411,718.54,IN,2026-09-03 13:58:55,POS8751
CRD0016281,CARD0295,P00333,5812,357.44,IN,2026-08-13 13:49:59,POS1818
CRD0016285,CARD0295,P00100,8011,3660.74,IN,2026-07-15 21:54:08,POS4356
CRD0016288,CARD0295,P00179,5812,1773.45,IN,2026-07-22 09:51:00,ONLINE
CRD0016305,CARD0296,P00184,5812,2302.93,IN,2026-07-14 09:29:32,POS1718
CRD0016310,CARD0296,P00154,7832,3544.82,IN,2026-08-08 08:27:25,ONLINE
CRD0016312,CARD0296,P00083,5311,8790.96,IN,2026-08-04 17:52:08,ONLINE
CRD0016314,CARD0296,P00184,5812,1130.13,IN,2026-08-11 18:02:03,ONLINE
CRD0016316,CARD0296,P00206,5541,2974.56,IN,2026-09-10 18:21:45,ONLINE
CRD0016317,CARD0296,P00184,5812,606.27,IN,2026-09-09 17:53:33,POS5477
CRD0016318,CARD0296,P00219,5411,1005.76,IN,2026-08-07 06:44:09,POS2431
CRD0016321,CARD0296,P00330,5812,404.0,IN,2026-08-14 09:36:46,ONLINE
CRD0016324,CARD0296,P00209,5411,5254.42,IN,2026-09-12 23:17:32,POS2973
CRD0016327,CARD0296,P00119,5812,1628.79,IN,2026-07-13 11:33:19,POS6543
CRD0016328,CARD0296,P00154,7832,3278.91,IN,2026-09-02 12:15:25,POS3521
CRD0016329,CARD0296,P00154,7832,2684.96,IN,2026-08-23 21:23:39,ONLINE
CRD0016334,CARD0296,P00209,5411,6590.01,IN,2026-09-12 08:21:57,POS9251
CRD0016342,CARD0296,P00330,5812,576.67,IN,2026-07-14 07:53:45,POS1222
CRD0016346,CARD0296,P00330,5812,2775.95,IN,2026-09-06 13:58:48,ONLINE
CRD0016350,CARD0297,P00291,5812,989.5,IN,2026-08-31 15:13:07,ONLINE
CRD0016354,CARD0297,P00094,6012,2621.01,IN,2026-08-30 12:06:16,ONLINE
CRD0016355,CARD0297,P00395,5311,4012.69,IN,2026-07-10 21:12:58,ONLINE
CRD0016356,CARD0297,P00395,5311,2988.85,IN,2026-07-19 21:01:57,POS4580
CRD0016367,CARD0297,P00218,5812,730.59,IN,2026-07-03 18:51:37,POS5295
CRD0016372,CARD0297,P00311,5411,1596.92,IN,2026-08-15 13:37:10,POS9520
CRD0016381,CARD0297,P00246,5411,3413.6,IN,2026-09-04 21:37:17,POS6240
CRD0016388,CARD0298,P00029,5411,1000.76,IN,2026-07-20 08:15:23,ONLINE
CRD0016405,CARD0298,P00340,4900,1864.44,IN,2026-09-08 13:45:10,POS3111
CRD0016409,CARD0298,P00207,5411,1076.65,IN,2026-08-18 16:19:12,POS2967
CRD0016415,CARD0298,P00065,5541,1325.25,IN,2026-08-07 09:49:23,ONLINE
CRD0016430,CARD0298,P00301,5812,627.72,IN,2026-09-04 14:24:28,ONLINE
CRD0016431,CARD0298,P00302,7832,3231.25,IN,2026-09-13 20:08:02,POS4272
CRD0016432,CARD0298,P00301,5812,1791.34,IN,2026-08-11 12:13:59,POS3855
CRD0016433,CARD0298,P00207,5411,2752.35,IN,2026-07-09 17:42:48,ONLINE
CRD0016434,CARD0298,P00340,4900,12005.92,IN,2026-09-06 09:36:42,POS4420
CRD0016435,CARD0298,P00091,5541,2125.09,IN,2026-07-16 16:50:13,ONLINE
CRD0016437,CARD0298,P00350,6012,1901.95,IN,2026-07-29 07:05:04,POS1238
CRD0016439,CARD0298,P00091,5541,3500.61,IN,2026-08-15 18:22:34,POS9462
CRD0016443,CARD0298,P00057,5812,519.97,IN,2026-09-06 19:16:12,POS9448
CRD0016444,CARD0298,P00057,5812,1276.24,IN,2026-08-18 21:24:03,POS4023
CRD0016445,CARD0298,P00029,5411,1349.04,IN,2026-08-31 08:57:11,ONLINE
CRD0016452,CARD0298,P00301,5812,753.9,IN,2026-08-08 17:26:53,ONLINE
CRD0016456,CARD0298,P00340,4900,2877.67,IN,2026-07-07 10:55:07,ONLINE
CRD0016467,CARD0299,P00123,5812,1424.89,IN,2026-09-03 14:50:00,POS4905
CRD0016477,CARD0299,P00269,4900,2580.06,IN,2026-08-09 06:21:56,ONLINE
CRD0016484,CARD0299,P00302,7832,2123.9,IN,2026-07-25 13:18:44,ONLINE
CRD0016485,CARD0299,P00379,4814,1057.38,IN,2026-07-26 18:43:03,ONLINE
CRD0016490,CARD0299,P00379,4814,2194.59,IN,2026-09-04 20:43:45,ONLINE
CRD0016495,CARD0299,P00302,7832,2871.76,IN,2026-08-03 19:50:48,POS1826
CRD0016497,CARD0299,P00118,4722,9104.99,IN,2026-07-09 20:40:54,POS5186
CRD0016498,CARD0299,P00005,4814,4345.19,IN,2026-07-29 06:47:08,POS7509
CRD0016500,CARD0299,P00177,5812,1499.76,IN,2026-08-25 11:27:59,ONLINE
CRD0016503,CARD0299,P00252,5411,1985.7,IN,2026-08-17 21:21:26,POS8983
CRD0016515,CARD0299,P00207,5411,4851.44,IN,2026-07-07 09:14:10,POS9720
CRD0016518,CARD0299,P00302,7832,1353.01,IN,2026-08-21 15:07:02,ONLINE
CRD0016519,CARD0299,P00123,5812,1945.84,IN,2026-07-05 11:16:51,ONLINE
CRD0016526,CARD0300,P00239,5411,723.08,IN,2026-09-08 10:39:20,POS8980
CRD0016529,CARD0300,P00284,6012,1440.91,IN,2026-08-06 08:54:46,POS6278
CRD0016537,CARD0300,P00375,5812,876.98,IN,2026-08-21 17:37:11,POS3495
CRD0016543,CARD0300,P00198,5411,793.73,IN,2026-07-19 14:44:42,ONLINE
CRD0016549,CARD0300,P00010,5812,1541.18,IN,2026-08-08 19:46:45,ONLINE
CRD0016557,CARD0300,P00105,5541,1377.3,IN,2026-09-06 18:34:53,POS2971
CRD0016562,CARD0300,P00105,5541,1446.7,IN,2026-08-10 21:45:14,ONLINE
CRD0016564,CARD0300,P00320,4900,1091.91,IN,2026-08-24 14:30:56,POS4237
CRD0016567,CARD0300,P00320,4900,4669.56,IN,2026-08-21 12:08:24,POS5562
CRD0016570,CARD0300,P00284,6012,2123.67,IN,2026-09-06 15:24:17,POS6946
CRD0016575,CARD0300,P00105,5541,1949.1,IN,2026-09-08 18:46:01,POS5518
CRD0016576,CARD0300,P00162,5411,1311.13,IN,2026-08-24 02:42:29,ONLINE
CRD0016577,CARD0300,P00105,5541,1580.04,IN,2026-08-28 12:45:09,POS6290
CRD0016583,CARD0300,P00284,6012,3639.71,IN,2026-08-03 09:21:44,ONLINE
CRD0016584,CARD0300,P00369,5411,1494.21,IN,2026-07-08 16:55:50,POS7844
CRD0016585,CARD0300,P00162,5411,2276.75,IN,2026-08-13 19:42:38,ONLINE
CRD0016587,CARD0300,P00284,6012,752.49,IN,2026-08-16 08:29:55,ONLINE
CRD0016590,CARD0300,P00083,5311,1165.37,IN,2026-07-16 15:08:28,ONLINE
CRD0016591,CARD0300,P00320,4900,2008.79,IN,2026-09-13 18:54:48,ONLINE
CRD0016593,CARD0300,P00239,5411,944.37,IN,2026-07-06 08:40:08,ONLINE
CRD0016595,CARD0300,P00375,5812,876.22,IN,2026-07-08 11:43:14,POS3819
CRD0016597,CARD0300,P00105,5541,756.74,IN,2026-08-30 11:22:44,ONLINE
CRD0016603,CARD0301,P00315,4900,8333.09,IN,2026-08-05 17:04:42,POS5382
CRD0016605,CARD0301,P00338,5311,1973.69,IN,2026-09-03 10:10:48,ONLINE
CRD0016615,CARD0301,P00098,6012,1808.03,IN,2026-08-12 07:15:39,POS6820
CRD0016617,CARD0301,P00324,5311,3421.94,IN,2026-08-10 13:34:24,ONLINE
CRD0016619,CARD0301,P00036,5411,2529.25,IN,2026-07-08 05:59:33,ONLINE
CRD0016621,CARD0301,P00260,5311,2475.48,IN,2026-08-09 12:57:06,POS4767
CRD0016622,CARD0301,P00338,5311,18419.46,IN,2026-09-03 18:55:37,POS2569
CRD0016623,CARD0301,P00308,5812,1287.19,IN,2026-09-13 16:02:12,ONLINE
CRD0016627,CARD0301,P00308,5812,1505.25,IN,2026-07-08 15:04:00,ONLINE
CRD0016632,CARD0301,P00315,4900,5989.36,IN,2026-09-12 10:13:50,POS5726
CRD0016634,CARD0301,P00338,5311,12030.13,IN,2026-08-10 17:28:58,ONLINE
CRD0016635,CARD0301,P00260,5311,2469.14,IN,2026-07-31 18:07:47,POS8215
CRD0016639,CARD0301,P00001,6012,2642.09,IN,2026-08-07 19:03:27,POS4573
CRD0016664,CARD0302,P00041,4722,20226.98,IN,2026-08-25 21:44:12,ONLINE
CRD0016666,CARD0302,P00134,5541,3028.79,IN,2026-08-26 09:09:20,ONLINE
CRD0016667,CARD0302,P00350,6012,2282.63,IN,2026-08-27 20:41:56,POS1621
CRD0016670,CARD0302,P00202,5541,3884.93,IN,2026-07-07 20:02:53,POS7920
CRD0016673,CARD0302,P00041,4722,20985.9,IN,2026-07-01 12:10:53,ONLINE
CRD0016678,CARD0303,P00181,4722,6828.49,IN,2026-07-22 06:09:41,ONLINE
CRD0016683,CARD0303,P00211,7832,1109.29,IN,2026-07-29 19:22:33,POS6335
CRD0016687,CARD0303,P00115,5411,5731.7,IN,2026-09-11 17:18:35,POS3279
CRD0016692,CARD0303,P00115,5411,2624.88,IN,2026-08-01 21:41:17,POS7700
CRD0016693,CARD0303,P00077,5812,944.29,IN,2026-08-23 09:20:22,ONLINE
CRD0016696,CARD0303,P00105,5541,8166.55,IN,2026-07-22 16:31:41,ONLINE
CRD0016702,CARD0303,P00115,5411,1368.3,IN,2026-08-20 09:34:41,ONLINE
CRD0016703,CARD0303,P00076,5411,1914.41,IN,2026-08-16 16:14:06,POS3202
CRD0016706,CARD0303,P00211,7832,3465.81,IN,2026-07-16 09:39:40,POS4355
CRD0016707,CARD0303,P00365,6012,5835.24,IN,2026-07-21 14:15:29,ONLINE
CRD0016708,CARD0303,P00384,6513,23920.92,IN,2026-09-12 14:24:17,ONLINE
CRD0016724,CARD0304,P00386,6012,1831.01,IN,2026-08-11 15:20:55,POS8548
CRD0016728,CARD0304,P00386,6012,3565.34,IN,2026-07-29 19:00:56,POS7156
CRD0016730,CARD0304,P00204,4900,3212.61,IN,2026-07-01 08:54:00,ONLINE
CRD0016732,CARD0304,P00246,5411,1852.94,IN,2026-08-14 11:07:48,ONLINE
CRD0016733,CARD0304,P00038,5411,3037.39,IN,2026-07-29 10:02:00,ONLINE
CRD0016742,CARD0304,P00246,5411,4276.76,IN,2026-07-03 22:50:34,ONLINE
CRD0016747,CARD0304,P00386,6012,2463.56,IN,2026-07-21 20:14:19,ONLINE
CRD0016750,CARD0304,P00038,5411,1874.45,IN,2026-08-03 16:15:16,ONLINE
CRD0016757,CARD0304,P00327,5541,4124.68,IN,2026-07-03 20:19:24,ONLINE
CRD0016760,CARD0304,P00365,6012,1498.3,IN,2026-07-06 17:01:51,POS4986
CRD0016762,CARD0304,P00367,5411,917.29,IN,2026-09-13 13:42:28,ONLINE
CRD0016772,CARD0304,P00367,5411,1082.22,IN,2026-08-02 20:09:28,ONLINE
CRD0016776,CARD0305,P00396,5411,1944.23,IN,2026-08-19 10:04:02,ONLINE
CRD0016778,CARD0305,P00396,5411,3730.03,IN,2026-07-12 20:00:10,ONLINE
CRD0016784,CARD0305,P00312,5411,1866.68,IN,2026-08-06 15:13:09,ONLINE
CRD0016786,CARD0305,P00242,4900,5261.41,IN,2026-07-16 16:50:35,POS7922
CRD0016787,CARD0305,P00330,5812,1335.37,IN,2026-09-01 13:40:01,POS3082
CRD0016791,CARD0305,P00013,5311,5664.27,IN,2026-07-06 22:08:24,ONLINE
CRD0016792,CARD0305,P00312,5411,3473.02,IN,2026-07-13 18:52:42,ONLINE
CRD0016793,CARD0305,P00312,5411,1984.87,IN,2026-07-11 11:57:14,POS1585
CRD0016794,CARD0305,P00242,4900,2989.95,IN,2026-08-19 19:22:14,ONLINE
CRD0016795,CARD0305,P00396,5411,6992.03,IN,2026-08-05 18:50:42,ONLINE
CRD0016796,CARD0305,P00225,5411,7383.03,IN,2026-07-13 10:41:05,ONLINE
CRD0016801,CARD0305,P00330,5812,2080.56,IN,2026-07-19 10:54:58,POS1262
CRD0016814,CARD0305,P00211,7832,6721.27,IN,2026-07-25 16:27:29,ONLINE
CRD0016815,CARD0305,P00225,5411,1141.52,IN,2026-08-02 13:15:25,ONLINE
CRD0016818,CARD0305,P00274,6012,2116.9,IN,2026-07-19 21:30:50,ONLINE
CRD0016819,CARD0305,P00211,7832,1186.01,IN,2026-07-11 10:27:46,ONLINE
CRD0016829,CARD0306,P00087,5812,357.87,IN,2026-08-04 20:58:40,ONLINE
CRD0016831,CARD0306,P00130,5411,675.51,IN,2026-07-14 05:59:07,ONLINE
CRD0016836,CARD0306,P00024,5411,3776.65,IN,2026-09-06 08:51:34,ONLINE
CRD0016838,CARD0306,P00177,5812,422.11,IN,2026-08-24 11:10:42,ONLINE
CRD0016844,CARD0306,P00028,5411,599.06,IN,2026-07-12 11:37:22,ONLINE
CRD0016845,CARD0306,P00231,4814,315.97,IN,2026-09-01 21:32:47,POS1035
CRD0016847,CARD0306,P00177,5812,260.05,IN,2026-08-21 21:52:41,ONLINE
CRD0016851,CARD0306,P00136,5812,650.43,IN,2026-07-30 12:57:29,ONLINE
CRD0016857,CARD0306,P00177,5812,634.78,IN,2026-09-13 18:47:01,ONLINE
CRD0016859,CARD0306,P00003,4814,762.72,IN,2026-08-12 21:55:20,ONLINE
CRD0016863,CARD0306,P00361,5411,963.68,IN,2026-07-22 09:56:18,ONLINE
CRD0016864,CARD0306,P00277,6012,2105.66,IN,2026-07-01 09:47:06,POS2908
CRD0016865,CARD0306,P00231,4814,146.58,IN,2026-07-29 16:59:57,ONLINE
CRD0016878,CARD0307,P00103,5311,1861.52,IN,2026-09-10 23:31:02,POS4964
CRD0016889,CARD0307,P00158,5311,1350.91,IN,2026-08-19 09:35:25,POS1382
CRD0016894,CARD0307,P00301,5812,494.0,IN,2026-09-03 20:45:48,POS9052
CRD0016897,CARD0307,P00242,4900,3431.94,IN,2026-07-25 16:39:01,POS2637
CRD0016899,CARD0307,P00158,5311,6568.13,IN,2026-07-16 09:34:18,ONLINE
CRD0016905,CARD0307,P00219,5411,1061.66,IN,2026-08-06 16:26:47,ONLINE
CRD0016908,CARD0307,P00158,5311,1364.0,IN,2026-07-31 18:35:05,ONLINE
CRD0016912,CARD0307,P00354,7832,458.77,IN,2026-07-20 13:36:12,POS6030
CRD0016924,CARD0308,P00227,4814,1232.47,IN,2026-08-12 13:06:03,ONLINE
CRD0016931,CARD0308,P00089,4722,14645.73,IN,2026-08-12 19:35:34,ONLINE
CRD0016934,CARD0308,P00017,5411,2717.29,IN,2026-07-01 07:32:49,ONLINE
CRD0016938,CARD0308,P00350,6012,2748.28,IN,2026-08-07 14:22:40,ONLINE
CRD0016941,CARD0308,P00350,6012,3132.03,IN,2026-08-15 13:03:43,POS5960
CRD0016947,CARD0308,P00239,5411,1446.53,IN,2026-07-05 12:19:50,ONLINE
CRD0016950,CARD0308,P00357,6012,4152.47,IN,2026-08-13 18:07:12,POS5743
CRD0016961,CARD0308,P00227,4814,1620.93,IN,2026-08-23 15:21:32,POS7577
CRD0016967,CARD0308,P00346,5541,4470.48,IN,2026-09-02 18:09:36,ONLINE
CRD0016973,CARD0308,P00317,5812,2720.54,IN,2026-09-06 18:22:04,ONLINE
CRD0016979,CARD0308,P00064,5311,3095.21,IN,2026-07-31 19:04:34,POS7312
CRD0016982,CARD0308,P00227,4814,1318.46,IN,2026-08-05 18:22:58,ONLINE
CRD0016983,CARD0308,P00089,4722,3853.18,IN,2026-08-14 18:29:25,POS7705
CRD0016986,CARD0308,P00317,5812,3308.47,IN,2026-07-15 10:39:55,ONLINE
CRD0016990,CARD0308,P00017,5411,2327.25,IN,2026-07-30 07:59:23,POS6882
CRD0016993,CARD0308,P00168,5411,6646.71,IN,2026-08-31 19:21:30,ONLINE
CRD0016997,CARD0308,P00317,5812,4399.73,IN,2026-08-13 21:14:01,POS1344
CRD0017004,CARD0309,P00356,4814,787.44,IN,2026-07-06 14:50:19,ONLINE
CRD0017005,CARD0309,P00058,4814,1629.52,IN,2026-07-29 15:45:44,ONLINE
CRD0017007,CARD0309,P00128,5541,2089.43,IN,2026-08-03 19:42:02,POS5559
CRD0017008,CARD0309,P00310,5411,613.48,IN,2026-08-08 10:14:35,ONLINE
CRD0017015,CARD0309,P00094,6012,2912.25,IN,2026-08-24 11:01:09,ONLINE
CRD0017016,CARD0309,P00265,5411,858.98,IN,2026-07-06 08:16:14,ONLINE
CRD0017017,CARD0309,P00390,4900,1009.92,IN,2026-08-12 02:31:54,POS4354
CRD0017018,CARD0309,P00115,5411,1129.99,IN,2026-09-10 19:59:28,ONLINE
CRD0017019,CARD0309,P00346,5541,2780.08,IN,2026-07-26 14:28:24,POS9657
CRD0017022,CARD0309,P00291,5812,320.86,IN,2026-07-31 08:57:05,ONLINE
CRD0017027,CARD0309,P00310,5411,2804.35,IN,2026-08-11 20:11:11,POS9738
CRD0017036,CARD0309,P00271,5541,2836.77,IN,2026-08-13 21:22:36,ONLINE
CRD0017037,CARD0309,P00115,5411,1187.88,IN,2026-09-02 20:09:03,POS2337
CRD0017039,CARD0309,P00304,5541,1698.41,IN,2026-07-26 20:31:58,ONLINE
CRD0017045,CARD0309,P00284,6012,1616.72,IN,2026-07-31 18:08:14,POS7169
CRD0017048,CARD0309,P00304,5541,1059.64,IN,2026-08-17 10:13:08,ONLINE
CRD0017049,CARD0309,P00225,5411,1953.49,IN,2026-07-13 17:21:43,ONLINE
CRD0017059,CARD0309,P00284,6012,1228.26,IN,2026-09-04 09:45:51,ONLINE
CRD0017063,CARD0309,P00265,5411,2923.17,IN,2026-08-21 17:06:31,ONLINE
CRD0017073,CARD0310,P00009,6012,3781.71,IN,2026-08-21 17:44:52,POS1239
CRD0017074,CARD0310,P00209,5411,1579.43,IN,2026-07-16 14:20:50,ONLINE
CRD0017078,CARD0310,P00285,4900,5058.47,IN,2026-07-08 18:37:30,POS7086
CRD0017085,CARD0310,P00285,4900,5428.56,IN,2026-07-09 20:12:42,POS4302
CRD0017087,CARD0310,P00260,5311,7925.65,IN,2026-09-05 10:40:01,ONLINE
CRD0017091,CARD0310,P00267,5812,718.23,IN,2026-07-02 12:00:41,ONLINE
CRD0017110,CARD0310,P00315,4900,6856.04,IN,2026-08-07 09:57:40,POS8741
CRD0017112,CARD0310,P00315,4900,9113.33,IN,2026-07-13 13:25:27,POS9734
CRD0017122,CARD0310,P00180,4900,2655.09,IN,2026-08-10 14:46:05,ONLINE
CRD0017123,CARD0310,P00303,6012,3511.9,IN,2026-09-05 21:37:33,POS8366
CRD0017125,CARD0310,P00332,5311,6220.41,IN,2026-07-13 09:02:15,POS4820
CRD0017128,CARD0310,P00295,8011,7827.8,IN,2026-08-05 17:41:14,POS7534
CRD0017132,CARD0310,P00160,4722,15966.52,IN,2026-08-25 09:30:05,ONLINE
CRD0017133,CARD0310,P00097,5541,5319.43,IN,2026-09-03 18:11:49,POS8594
CRD0017140,CARD0311,P00174,5812,686.92,IN,2026-09-04 13:15:35,ONLINE
CRD0017146,CARD0311,P00066,4722,5163.17,IN,2026-07-25 20:50:48,POS1732
CRD0017152,CARD0311,P00157,6513,10644.0,IN,2026-09-05 00:26:16,ONLINE
CRD0017153,CARD0311,P00066,4722,2669.47,IN,2026-07-28 13:47:24,POS2178
CRD0017157,CARD0311,P00163,5411,1880.84,IN,2026-08-18 10:25:44,POS4525
CRD0017159,CARD0311,P00206,5541,1324.03,IN,2026-07-31 13:25:36,ONLINE
CRD0017162,CARD0311,P00206,5541,4373.11,IN,2026-07-16 18:12:16,POS6254
CRD0017163,CARD0311,P00102,4722,5517.49,IN,2026-07-31 12:29:09,POS6226
CRD0017165,CARD0311,P00390,4900,5137.11,IN,2026-09-03 07:41:07,ONLINE
CRD0017168,CARD0311,P00360,5541,3196.94,IN,2026-08-11 21:52:38,POS2762
CRD0017174,CARD0311,P00400,8011,3093.56,IN,2026-07-29 11:33:10,ONLINE
CRD0017178,CARD0311,P00206,5541,585.78,IN,2026-07-19 14:24:32,POS4846
CRD0017179,CARD0311,P00166,5411,1040.62,IN,2026-07-17 10:00:24,ONLINE
CRD0017186,CARD0312,P00282,5411,433.64,IN,2026-09-12 08:45:23,POS6323
CRD0017192,CARD0312,P00219,5411,2106.48,IN,2026-09-01 09:34:27,ONLINE
CRD0017194,CARD0312,P00263,5311,2173.91,IN,2026-09-10 21:16:00,POS9320
CRD0017200,CARD0312,P00282,5411,514.78,IN,2026-09-02 10:00:16,POS6899
CRD0017203,CARD0312,P00148,5311,814.73,IN,2026-07-16 11:38:56,ONLINE
CRD0017219,CARD0312,P00350,6012,1165.6,IN,2026-07-10 18:13:46,ONLINE
CRD0017222,CARD0312,P00052,5311,2221.29,IN,2026-09-03 09:06:40,POS9644
CRD0017229,CARD0313,P00297,8011,2430.29,IN,2026-07-09 17:55:09,ONLINE
CRD0017233,CARD0313,P00191,6513,10606.98,IN,2026-09-02 16:46:07,POS2610
CRD0017243,CARD0313,P00259,6513,11086.94,IN,2026-08-22 19:52:16,ONLINE
CRD0017261,CARD0314,P00348,6012,1364.56,IN,2026-08-10 09:38:30,POS3159
CRD0017267,CARD0314,P00298,4814,729.93,IN,2026-08-01 12:13:41,POS2570
CRD0017269,CARD0314,P00049,5411,5384.21,IN,2026-08-02 17:57:27,POS1471
CRD0017270,CARD0314,P00160,4722,13500.5,IN,2026-08-19 08:50:36,ONLINE
CRD0017297,CARD0315,P00362,5411,7206.49,IN,2026-08-24 16:40:30,ONLINE
CRD0017299,CARD0315,P00254,6012,1444.84,IN,2026-07-22 07:05:03,ONLINE
CRD0017300,CARD0315,P00254,6012,1952.09,IN,2026-08-01 06:36:25,ONLINE
CRD0017301,CARD0315,P00077,5812,210.51,IN,2026-09-01 16:47:26,POS7686
CRD0017305,CARD0315,P00077,5812,2511.19,IN,2026-08-10 19:31:40,POS4084
CRD0017315,CARD0315,P00077,5812,1073.93,IN,2026-08-04 21:15:10,POS8369
CRD0017316,CARD0315,P00258,5812,598.58,IN,2026-07-01 22:34:26,POS9237
CRD0017319,CARD0315,P00371,5411,893.97,IN,2026-07-19 18:14:44,ONLINE
CRD0017320,CARD0315,P00283,5311,2585.12,IN,2026-08-04 19:28:40,ONLINE
CRD0017322,CARD0315,P00271,5541,8136.22,IN,2026-08-28 07:36:45,POS4207
CRD0017323,CARD0315,P00283,5311,2735.88,IN,2026-07-22 17:35:31,POS7421
CRD0017329,CARD0315,P00258,5812,751.12,IN,2026-09-04 09:01:50,POS8568
CRD0017330,CARD0315,P00254,6012,934.75,IN,2026-07-13 11:09:14,POS3430
CRD0017332,CARD0315,P00077,5812,1046.53,IN,2026-07-18 18:25:50,POS8412
CRD0017344,CARD0316,P00190,4814,114.53,IN,2026-07-04 18:59:28,ONLINE
CRD0017348,CARD0316,P00018,5812,214.0,IN,2026-08-30 11:18:49,POS8892
CRD0017357,CARD0316,P00190,4814,259.97,IN,2026-08-02 09:42:18,POS6387
CRD0017359,CARD0316,P00281,6513,12951.81,IN,2026-09-12 12:53:43,POS4127
CRD0017361,CARD0316,P00190,4814,865.19,IN,2026-07-15 09:14:08,POS2981
CRD0017362,CARD0316,P00371,5411,428.77,IN,2026-08-12 20:50:27,ONLINE
CRD0017363,CARD0316,P00119,5812,259.02,IN,2026-07-24 07:51:31,ONLINE
CRD0017374,CARD0316,P00190,4814,179.26,IN,2026-07-19 15:43:14,ONLINE
CRD0017377,CARD0316,P00021,4900,1677.89,IN,2026-09-01 20:00:35,POS8730
CRD0017379,CARD0316,P00266,5541,2028.91,IN,2026-07-19 21:36:05,ONLINE
CRD0017382,CARD0316,P00021,4900,2729.09,IN,2026-08-18 15:49:37,ONLINE
CRD0017390,CARD0316,P00266,5541,1081.74,IN,2026-08-15 14:11:01,ONLINE
CRD0017391,CARD0316,P00215,4722,2480.13,IN,2026-07-15 20:11:37,POS5019
CRD0017397,CARD0317,P00261,6012,1758.17,IN,2026-08-09 17:50:23,ONLINE
CRD0017402,CARD0317,P00316,5311,615.81,IN,2026-08-08 20:09:54,ONLINE
CRD0017407,CARD0317,P00096,7832,433.0,IN,2026-08-29 14:29:46,ONLINE
CRD0017412,CARD0317,P00096,7832,573.77,IN,2026-09-11 08:34:23,POS3955
CRD0017415,CARD0317,P00316,5311,2617.52,IN,2026-09-09 21:38:41,POS7633
CRD0017416,CARD0317,P00064,5311,2048.06,IN,2026-08-14 19:01:01,ONLINE
CRD0017420,CARD0317,P00316,5311,3823.75,IN,2026-09-08 16:07:44,ONLINE
CRD0017421,CARD0317,P00356,4814,859.8,IN,2026-07-07 17:13:02,ONLINE
CRD0017437,CARD0317,P00069,5311,4995.12,IN,2026-09-02 05:31:27,ONLINE
CRD0017447,CARD0317,P00341,5812,1089.22,IN,2026-07-12 08:00:46,ONLINE
CRD0017448,CARD0317,P00064,5311,1783.42,IN,2026-09-07 11:15:34,POS9992
CRD0017455,CARD0318,P00339,7832,1755.55,IN,2026-09-05 15:05:52,ONLINE
CRD0017459,CARD0318,P00268,5541,5217.6,IN,2026-08-22 16:29:19,POS8672
CRD0017461,CARD0318,P00066,4722,22148.69,IN,2026-07-21 21:38:12,ONLINE
CRD0017463,CARD0318,P00017,5411,4449.6,IN,2026-08-23 14:53:56,ONLINE
CRD0017465,CARD0318,P00166,5411,8784.25,IN,2026-09-13 16:11:07,POS4767
CRD0017466,CARD0318,P00017,5411,950.87,IN,2026-08-24 12:26:18,POS7306
CRD0017470,CARD0318,P00196,5812,2133.53,IN,2026-09-02 19:27:07,ONLINE
CRD0017476,CARD0318,P00386,6012,2797.46,IN,2026-07-14 12:22:59,POS1235
CRD0017477,CARD0318,P00053,5411,5345.7,IN,2026-08-10 20:20:57,POS7227
CRD0017485,CARD0318,P00377,5311,10754.52,IN,2026-07-31 12:35:42,POS1378
CRD0017503,CARD0319,P00372,4814,621.15,IN,2026-09-01 14:11:11,POS7595
CRD0017507,CARD0319,P00124,4814,748.5,IN,2026-08-07 20:25:15,ONLINE
CRD0017519,CARD0319,P00091,5541,1425.04,IN,2026-08-20 20:52:34,ONLINE
CRD0017521,CARD0319,P00375,5812,882.85,IN,2026-07-14 10:38:27,ONLINE
CRD0017522,CARD0319,P00384,6513,6000.15,IN,2026-09-13 19:56:29,POS7916
CRD0017524,CARD0319,P00116,6012,575.56,IN,2026-07-13 13:24:41,POS4126
CRD0017525,CARD0319,P00088,5812,718.14,IN,2026-07-09 11:03:33,ONLINE
CRD0017528,CARD0319,P00096,7832,590.87,IN,2026-08-31 11:46:44,POS8277
CRD0017538,CARD0319,P00124,4814,1203.88,IN,2026-09-06 23:37:02,ONLINE
CRD0017545,CARD0319,P00088,5812,691.66,IN,2026-07-22 19:02:38,POS6309
CRD0017561,CARD0320,P00025,5311,1180.07,IN,2026-08-28 16:56:51,ONLINE
CRD0017568,CARD0320,P00199,5812,87.82,IN,2026-07-16 18:01:48,ONLINE
CRD0017572,CARD0320,P00025,5311,1134.66,IN,2026-09-07 08:14:13,ONLINE
CRD0017578,CARD0320,P00068,5411,654.31,IN,2026-07-13 13:09:46,ONLINE
CRD0017580,CARD0320,P00142,6012,613.48,IN,2026-09-04 13:12:16,ONLINE
CRD0017581,CARD0320,P00142,6012,570.92,IN,2026-07-13 20:59:31,POS9304
CRD0017583,CARD0320,P00287,4900,923.7,IN,2026-09-10 12:01:37,ONLINE
CRD0017587,CARD0320,P00025,5311,1523.03,IN,2026-08-21 08:13:42,ONLINE
CRD0017593,CARD0321,P00300,6012,3750.85,IN,2026-08-29 06:02:42,POS1404
CRD0017596,CARD0321,P00055,5311,9845.41,IN,2026-08-18 19:24:13,POS5463
CRD0017598,CARD0321,P00214,6012,5373.0,IN,2026-07-07 18:58:10,ONLINE
CRD0017605,CARD0321,P00396,5411,4870.84,IN,2026-08-10 19:25:25,POS2905
CRD0017607,CARD0321,P00073,6012,3353.42,IN,2026-07-09 12:25:20,ONLINE
CRD0017608,CARD0321,P00300,6012,2886.59,IN,2026-07-26 20:24:05,POS3212
CRD0017609,CARD0321,P00255,5311,10409.62,IN,2026-08-19 17:24:18,ONLINE
CRD0017613,CARD0321,P00055,5311,5490.41,IN,2026-08-06 13:09:23,POS6278
CRD0017615,CARD0321,P00092,5411,3747.01,IN,2026-07-29 11:49:03,ONLINE
CRD0017619,CARD0321,P00255,5311,2537.89,IN,2026-08-08 16:52:18,POS4908
CRD0017628,CARD0321,P00328,5311,6970.77,IN,2026-09-07 09:52:23,ONLINE
CRD0017640,CARD0321,P00396,5411,1412.01,IN,2026-07-03 18:59:43,ONLINE
CRD0017641,CARD0321,P00055,5311,3562.98,IN,2026-07-27 19:02:22,POS6240
CRD0017654,CARD0321,P00092,5411,6116.62,IN,2026-08-30 12:06:32,ONLINE
CRD0017655,CARD0321,P00136,5812,937.27,IN,2026-07-09 16:03:42,POS2018
CRD0017664,CARD0322,P00235,4722,14208.23,IN,2026-07-19 08:23:22,POS8972
CRD0017670,CARD0322,P00099,5411,4779.1,IN,2026-09-13 21:41:55,POS3430
CRD0017676,CARD0322,P00368,4814,606.83,IN,2026-09-10 13:10:25,ONLINE
CRD0017680,CARD0322,P00319,6012,2867.67,IN,2026-07-19 10:15:35,ONLINE
CRD0017684,CARD0322,P00235,4722,2467.48,IN,2026-08-03 20:26:57,ONLINE
CRD0017698,CARD0322,P00235,4722,10930.17,IN,2026-09-12 13:27:21,ONLINE
CRD0017700,CARD0322,P00266,5541,2808.16,IN,2026-07-19 13:41:00,POS2206
CRD0017725,CARD0323,P00332,5311,4756.98,IN,2026-08-19 18:57:18,POS3639
CRD0017726,CARD0323,P00316,5311,2173.2,IN,2026-07-15 20:43:03,POS3173
CRD0017728,CARD0323,P00352,4814,552.97,IN,2026-07-13 17:01:28,POS2789
CRD0017730,CARD0323,P00229,5411,2165.53,IN,2026-08-02 11:29:55,ONLINE
CRD0017731,CARD0323,P00170,6012,1048.33,IN,2026-07-19 11:48:36,POS7332
CRD0017735,CARD0323,P00170,6012,2739.72,IN,2026-08-05 21:53:30,POS2920
CRD0017737,CARD0323,P00389,5812,2179.32,IN,2026-09-02 14:07:10,POS4943
CRD0017759,CARD0323,P00365,6012,2619.61,IN,2026-07-10 11:59:09,POS8985
CRD0017762,CARD0323,P00296,5812,527.88,IN,2026-07-06 07:16:23,ONLINE
CRD0017766,CARD0323,P00352,4814,663.19,IN,2026-08-30 20:13:23,POS1551
CRD0017768,CARD0323,P00376,5812,2357.68,IN,2026-08-03 17:05:55,POS7765
CRD0017777,CARD0323,P00350,6012,2302.84,IN,2026-08-23 06:24:14,POS4976
CRD0017778,CARD0323,P00376,5812,1956.04,IN,2026-07-04 14:37:15,ONLINE
CRD0017787,CARD0323,P00201,4722,7661.21,IN,2026-07-10 10:54:21,ONLINE
CRD0017795,CARD0324,P00142,6012,1997.38,IN,2026-08-06 14:42:08,ONLINE
CRD0017805,CARD0324,P00227,4814,554.71,IN,2026-07-23 15:19:31,POS2842
CRD0017809,CARD0324,P00126,4722,9225.16,IN,2026-08-29 18:26:59,ONLINE
CRD0017815,CARD0324,P00398,5541,4338.85,IN,2026-08-08 17:51:29,ONLINE
CRD0017823,CARD0324,P00199,5812,382.91,IN,2026-09-12 18:05:57,ONLINE
CRD0017826,CARD0324,P00213,4900,7984.89,IN,2026-07-29 17:12:44,ONLINE
CRD0017831,CARD0324,P00126,4722,4430.22,IN,2026-09-05 12:19:58,ONLINE
CRD0017833,CARD0324,P00213,4900,2091.39,IN,2026-08-18 18:18:04,POS4830
CRD0017848,CARD0325,P00087,5812,513.83,IN,2026-07-12 12:58:21,POS9374
CRD0017849,CARD0325,P00066,4722,3265.78,IN,2026-07-21 17:47:05,POS8691
CRD0017852,CARD0325,P00087,5812,952.9,IN,2026-08-25 10:41:47,POS7393
CRD0017853,CARD0325,P00087,5812,1557.6,IN,2026-07-13 17:01:17,POS1299
CRD0017854,CARD0325,P00353,5311,3317.97,IN,2026-09-11 13:24:16,POS6069
CRD0017859,CARD0325,P00299,5411,1641.16,IN,2026-08-07 13:01:01,ONLINE
CRD0017861,CARD0325,P00039,5311,3744.33,IN,2026-09-04 17:08:12,POS1685
CRD0017864,CARD0325,P00066,4722,4916.0,IN,2026-07-04 14:15:20,ONLINE
CRD0017866,CARD0325,P00263,5311,5110.4,IN,2026-07-03 12:08:07,POS9042
CRD0017870,CARD0325,P00193,5311,2020.04,IN,2026-08-10 17:34:25,ONLINE
CRD0017872,CARD0325,P00293,5812,1197.5,IN,2026-08-03 22:12:58,POS6475
CRD0017873,CARD0325,P00069,5311,5640.38,IN,2026-08-02 13:11:36,ONLINE
CRD0017884,CARD0325,P00191,6513,10422.88,IN,2026-08-12 19:48:15,ONLINE
CRD0017889,CARD0325,P00087,5812,730.6,IN,2026-09-06 20:53:53,ONLINE
CRD0017897,CARD0325,P00049,5411,2100.78,IN,2026-08-12 21:18:27,POS3430
CRD0017904,CARD0325,P00353,5311,5616.14,IN,2026-09-13 13:10:14,ONLINE
CRD0017906,CARD0325,P00353,5311,9683.78,IN,2026-09-07 09:15:55,ONLINE
CRD0017917,CARD0326,P00253,4814,580.7,IN,2026-08-18 09:47:22,ONLINE
CRD0017920,CARD0326,P00253,4814,851.14,IN,2026-09-05 14:58:26,POS9369
CRD0017921,CARD0326,P00190,4814,330.15,IN,2026-08-05 17:30:07,ONLINE
CRD0017922,CARD0326,P00326,5812,842.41,IN,2026-08-09 08:08:45,ONLINE
CRD0017927,CARD0326,P00308,5812,779.65,IN,2026-07-22 19:35:50,POS8406
CRD0017928,CARD0326,P00120,5411,1792.96,IN,2026-08-28 11:00:28,ONLINE
CRD0017931,CARD0326,P00253,4814,540.72,IN,2026-08-28 09:10:28,POS5198
CRD0017940,CARD0326,P00290,5812,1039.27,IN,2026-07-19 21:48:19,POS1366
CRD0017951,CARD0326,P00326,5812,1012.49,IN,2026-08-06 12:17:06,ONLINE
CRD0017960,CARD0326,P00290,5812,256.02,IN,2026-08-25 18:01:50,POS8203
CRD0017963,CARD0326,P00125,5812,554.01,IN,2026-07-11 15:50:10,ONLINE
CRD0017965,CARD0326,P00253,4814,941.07,IN,2026-07-02 08:44:54,ONLINE
CRD0017970,CARD0327,P00147,8011,11644.55,IN,2026-08-12 11:00:44,ONLINE
CRD0017972,CARD0327,P00125,5812,1414.8,IN,2026-08-18 19:24:38,POS8174
CRD0017978,CARD0327,P00192,5311,7239.24,IN,2026-08-14 02:07:38,POS9164
CRD0017980,CARD0327,P00256,4900,14794.43,IN,2026-09-04 19:52:36,ONLINE
CRD0017990,CARD0327,P00039,5311,15727.03,IN,2026-08-27 15:10:41,ONLINE
CRD0017993,CARD0327,P00031,6012,5388.05,IN,2026-08-30 18:15:04,ONLINE
CRD0017996,CARD0327,P00146,5411,6033.28,IN,2026-07-12 11:08:04,ONLINE
CRD0018001,CARD0327,P00205,6012,1582.6,IN,2026-09-01 15:07:50,POS4676
CRD0018005,CARD0327,P00256,4900,10995.89,IN,2026-08-10 23:30:04,ONLINE
CRD0018007,CARD0327,P00205,6012,2739.27,IN,2026-08-28 18:03:26,POS6925
CRD0018015,CARD0327,P00205,6012,8097.13,IN,2026-08-08 14:13:56,POS8183
CRD0018016,CARD0327,P00031,6012,8745.8,IN,2026-07-23 09:04:16,POS3165
CRD0018021,CARD0327,P00256,4900,3494.64,IN,2026-07-27 19:07:32,POS5570
CRD0018022,CARD0327,P00205,6012,3879.45,IN,2026-09-03 14:37:30,POS7747
CRD0018026,CARD0327,P00056,5812,2561.89,IN,2026-09-11 19:30:21,POS7987
CRD0018029,CARD0327,P00147,8011,13886.05,IN,2026-07-30 19:17:54,ONLINE
CRD0018032,CARD0327,P00147,8011,4943.81,IN,2026-07-25 17:08:52,POS4005
CRD0018041,CARD0327,P00205,6012,10044.75,IN,2026-07-16 03:06:18,ONLINE
CRD0018042,CARD0327,P00374,6513,29069.02,IN,2026-09-01 13:25:25,ONLINE
CRD0018045,CARD0327,P00114,4814,434.49,IN,2026-07-31 23:34:27,ONLINE
CRD0018046,CARD0327,P00039,5311,5944.99,IN,2026-07-17 18:42:01,ONLINE
CRD0018047,CARD0327,P00146,5411,1038.64,IN,2026-07-04 15:23:19,ONLINE
CRD0018048,CARD0327,P00205,6012,3815.33,IN,2026-07-01 21:16:36,ONLINE
CRD0018054,CARD0327,P00333,5812,1126.09,IN,2026-09-13 14:25:46,POS9275
CRD0018061,CARD0327,P00031,6012,3819.87,IN,2026-07-04 17:53:18,POS6667
CRD0018062,CARD0327,P00031,6012,6177.7,IN,2026-08-29 19:02:06,POS6652
CRD0018071,CARD0328,P00385,6012,1625.89,IN,2026-08-03 11:57:30,ONLINE
CRD0018072,CARD0328,P00065,5541,3924.93,IN,2026-07-17 19:42:59,POS4370
CRD0018073,CARD0328,P00067,8011,3302.41,IN,2026-08-19 21:04:05,POS1475
CRD0018074,CARD0328,P00184,5812,816.68,IN,2026-07-01 18:16:52,ONLINE
CRD0018079,CARD0328,P00216,7832,915.68,IN,2026-07-02 16:25:30,ONLINE
CRD0018080,CARD0328,P00385,6012,3654.76,IN,2026-07-31 19:05:00,ONLINE
CRD0018091,CARD0328,P00135,6012,1877.81,IN,2026-08-14 10:07:23,POS5410
CRD0018093,CARD0328,P00022,6012,6945.48,IN,2026-07-01 20:11:55,ONLINE
CRD0018094,CARD0328,P00237,7832,1049.55,IN,2026-09-12 06:59:11,ONLINE
CRD0018097,CARD0328,P00022,6012,2469.53,IN,2026-09-04 19:59:01,POS8747
CRD0018100,CARD0328,P00385,6012,2518.64,IN,2026-07-09 11:59:31,ONLINE
CRD0018101,CARD0328,P00074,4722,8389.6,IN,2026-08-30 08:00:33,ONLINE
CRD0018106,CARD0328,P00182,4722,7493.5,IN,2026-09-02 09:40:23,POS3316
CRD0018111,CARD0328,P00237,7832,1540.77,IN,2026-08-02 06:40:44,POS8067
CRD0018115,CARD0328,P00366,5812,545.39,IN,2026-07-06 17:54:36,ONLINE
CRD0018117,CARD0328,P00022,6012,4082.3,IN,2026-07-23 22:00:57,ONLINE
CRD0018119,CARD0328,P00385,6012,861.47,IN,2026-08-13 20:20:44,ONLINE
CRD0018132,CARD0329,P00372,4814,967.94,IN,2026-09-04 14:19:02,POS8820
CRD0018133,CARD0329,P00253,4814,887.72,IN,2026-07-28 17:18:47,POS7462
CRD0018142,CARD0329,P00253,4814,1238.42,IN,2026-07-04 13:38:47,ONLINE
CRD0018149,CARD0329,P00061,5411,1105.77,IN,2026-09-11 19:43:04,POS9151
CRD0018168,CARD0329,P00095,5812,670.16,IN,2026-07-11 18:54:14,ONLINE
CRD0018179,CARD0330,P00003,4814,923.42,IN,2026-07-14 09:44:20,ONLINE
CRD0018180,CARD0330,P00141,4900,2628.17,IN,2026-09-07 15:13:11,POS6288
CRD0018183,CARD0330,P00306,4814,640.93,IN,2026-09-08 19:55:14,ONLINE
CRD0018185,CARD0330,P00079,5541,1886.14,IN,2026-07-17 08:15:57,POS3701
CRD0018194,CARD0330,P00022,6012,1246.81,IN,2026-07-02 12:02:05,POS4764
CRD0018198,CARD0330,P00091,5541,5904.14,IN,2026-09-06 10:21:27,ONLINE
CRD0018208,CARD0330,P00079,5541,1958.36,IN,2026-07-10 10:34:25,ONLINE
CRD0018209,CARD0330,P00091,5541,2386.71,IN,2026-08-14 19:48:00,POS2570
CRD0018210,CARD0330,P00195,6012,1947.09,IN,2026-08-29 13:14:28,POS3678
CRD0018219,CARD0330,P00179,5812,1507.34,IN,2026-09-10 15:50:25,POS7583
CRD0018225,CARD0330,P00108,5311,2390.61,IN,2026-07-01 07:26:37,POS5435
CRD0018238,CARD0331,P00129,5311,3615.98,IN,2026-07-03 11:10:11,POS3415
CRD0018244,CARD0331,P00020,7832,1604.84,IN,2026-08-05 19:43:18,POS8437
CRD0018246,CARD0331,P00269,4900,2926.89,IN,2026-07-03 10:25:04,POS5632
CRD0018248,CARD0331,P00049,5411,1326.77,IN,2026-07-08 08:09:38,ONLINE
CRD0018250,CARD0331,P00129,5311,5470.96,IN,2026-08-06 09:06:34,POS6774
CRD0018253,CARD0331,P00089,4722,5118.29,IN,2026-07-24 11:41:48,ONLINE
CRD0018263,CARD0331,P00082,5411,1827.87,IN,2026-09-05 14:54:11,ONLINE
CRD0018267,CARD0331,P00253,4814,1364.2,IN,2026-09-10 19:00:11,ONLINE
CRD0018270,CARD0331,P00020,7832,916.18,IN,2026-09-01 10:51:59,ONLINE
CRD0018276,CARD0331,P00128,5541,4926.34,IN,2026-08-01 17:40:59,ONLINE
CRD0018290,CARD0332,P00187,4722,1977.18,IN,2026-07-16 14:14:34,POS3450
CRD0018296,CARD0332,P00187,4722,5632.34,IN,2026-07-31 19:12:03,POS1371
CRD0018298,CARD0332,P00121,5812,671.58,IN,2026-09-03 12:18:16,POS9130
CRD0018307,CARD0332,P00240,6012,2449.17,IN,2026-07-26 09:15:12,ONLINE
CRD0018312,CARD0332,P00037,6012,1181.07,IN,2026-08-11 09:28:39,ONLINE
CRD0018315,CARD0332,P00187,4722,1804.19,IN,2026-08-17 16:01:52,POS3193
CRD0018317,CARD0332,P00160,4722,5624.06,IN,2026-08-17 21:37:16,ONLINE
CRD0018319,CARD0332,P00100,8011,3728.4,IN,2026-09-08 14:42:06,ONLINE
CRD0018322,CARD0332,P00160,4722,5410.35,IN,2026-07-12 12:38:30,ONLINE
CRD0018325,CARD0332,P00160,4722,10342.44,IN,2026-08-11 13:20:13,POS9814
CRD0018329,CARD0332,P00037,6012,3590.87,IN,2026-08-12 19:38:51,POS7581
CRD0018332,CARD0332,P00240,6012,2675.74,IN,2026-08-23 10:13:36,ONLINE
CRD0018338,CARD0332,P00272,5812,1023.29,IN,2026-09-11 17:03:33,POS5793
CRD0018350,CARD0333,P00398,5541,2878.57,IN,2026-07-13 09:19:47,POS1858
CRD0018356,CARD0333,P00065,5541,1893.67,IN,2026-08-17 18:04:46,ONLINE
CRD0018359,CARD0333,P00209,5411,1611.72,IN,2026-09-13 10:59:34,ONLINE
CRD0018360,CARD0333,P00110,7832,359.29,IN,2026-08-03 07:25:30,ONLINE
CRD0018371,CARD0333,P00264,5812,2553.37,IN,2026-08-03 12:09:50,POS3382
CRD0018372,CARD0333,P00263,5311,2694.59,IN,2026-07-10 08:29:04,POS3846
CRD0018377,CARD0333,P00327,5541,1188.82,IN,2026-07-30 18:07:11,ONLINE
CRD0018379,CARD0333,P00263,5311,2230.83,IN,2026-07-28 09:48:28,ONLINE
CRD0018395,CARD0333,P00142,6012,865.13,IN,2026-08-15 15:51:14,ONLINE
CRD0018402,CARD0333,P00219,5411,2265.04,IN,2026-08-07 07:17:19,POS1131
CRD0018405,CARD0333,P00142,6012,1801.32,IN,2026-07-21 14:59:36,POS4735
CRD0018407,CARD0333,P00180,4900,2706.11,IN,2026-08-25 21:00:46,ONLINE
CRD0018422,CARD0334,P00335,6513,2912.06,IN,2026-08-28 14:30:37,POS5589
CRD0018431,CARD0334,P00104,5541,393.41,IN,2026-07-12 09:20:42,ONLINE
CRD0018433,CARD0334,P00335,6513,3446.85,IN,2026-09-01 22:46:47,ONLINE
CRD0018440,CARD0334,P00194,4814,372.2,IN,2026-08-31 13:45:58,ONLINE
CRD0018443,CARD0334,P00352,4814,359.67,IN,2026-08-05 17:08:44,ONLINE
CRD0018447,CARD0334,P00104,5541,1922.64,IN,2026-07-20 12:01:20,ONLINE
CRD0018452,CARD0335,P00186,4900,5157.15,IN,2026-07-06 12:48:21,ONLINE
CRD0018454,CARD0335,P00088,5812,1147.79,IN,2026-07-09 09:27:52,ONLINE
CRD0018457,CARD0335,P00367,5411,1366.5,IN,2026-07-21 12:34:23,ONLINE
CRD0018464,CARD0335,P00088,5812,4913.03,IN,2026-07-01 20:15:32,ONLINE
CRD0018468,CARD0335,P00139,5311,8994.36,IN,2026-09-06 13:24:31,ONLINE
CRD0018477,CARD0335,P00002,6012,4355.26,IN,2026-08-18 09:44:51,ONLINE
CRD0018485,CARD0335,P00002,6012,3332.96,IN,2026-08-15 10:53:23,ONLINE
CRD0018491,CARD0335,P00088,5812,526.71,IN,2026-07-15 07:49:22,ONLINE
CRD0018492,CARD0335,P00139,5311,3580.8,IN,2026-09-09 11:12:00,ONLINE
CRD0018493,CARD0335,P00277,6012,2577.67,IN,2026-07-28 20:04:54,ONLINE
CRD0018499,CARD0336,P00272,5812,2589.14,IN,2026-08-02 19:41:08,ONLINE
CRD0018503,CARD0336,P00384,6513,6364.27,IN,2026-07-16 07:14:28,POS8398
CRD0018504,CARD0336,P00159,5541,1756.78,IN,2026-09-05 08:55:30,ONLINE
CRD0018515,CARD0336,P00039,5311,5814.85,IN,2026-07-20 12:38:19,ONLINE
CRD0018517,CARD0336,P00370,5812,1571.08,IN,2026-07-12 15:43:04,ONLINE
CRD0018518,CARD0336,P00196,5812,2049.07,IN,2026-07-27 12:36:16,POS8800
CRD0018528,CARD0336,P00272,5812,1852.95,IN,2026-08-10 20:44:20,POS4933
CRD0018531,CARD0336,P00159,5541,4933.65,IN,2026-07-31 15:27:19,POS8383
CRD0018539,CARD0336,P00384,6513,6953.48,IN,2026-07-12 17:40:44,POS7220
CRD0018542,CARD0336,P00059,6012,598.9,IN,2026-08-01 16:50:21,ONLINE
CRD0018550,CARD0336,P00313,5541,4697.05,IN,2026-07-11 16:20:51,POS6630
CRD0018554,CARD0336,P00384,6513,2219.5,IN,2026-08-14 12:33:53,ONLINE
CRD0018564,CARD0336,P00018,5812,828.91,IN,2026-08-14 19:59:18,ONLINE
CRD0018568,CARD0336,P00114,4814,911.33,IN,2026-07-22 22:29:03,ONLINE
CRD0018571,CARD0336,P00039,5311,6150.47,IN,2026-09-05 12:37:24,POS6860
CRD0018574,CARD0336,P00018,5812,1237.15,IN,2026-09-12 15:14:56,POS9542
CRD0018597,CARD0337,P00086,4900,3278.95,IN,2026-07-18 18:51:14,ONLINE
CRD0018604,CARD0337,P00201,4722,2177.39,IN,2026-07-03 02:50:05,POS2251
CRD0018606,CARD0337,P00064,5311,3164.49,IN,2026-08-07 12:49:21,ONLINE
CRD0018609,CARD0337,P00188,5812,789.67,IN,2026-07-27 18:44:51,POS8543
CRD0018610,CARD0337,P00073,6012,1413.49,IN,2026-08-03 12:21:54,ONLINE
CRD0018613,CARD0337,P00244,5541,2893.98,IN,2026-09-06 19:54:58,ONLINE
CRD0018620,CARD0337,P00086,4900,3041.89,IN,2026-07-26 22:49:39,ONLINE
CRD0018621,CARD0337,P00392,5812,514.36,IN,2026-09-13 18:10:12,POS7647
CRD0018627,CARD0338,P00060,7832,946.71,IN,2026-08-26 12:06:35,POS8279
CRD0018628,CARD0338,P00122,8011,1449.13,IN,2026-08-31 10:26:24,POS8907
CRD0018629,CARD0338,P00122,8011,4710.81,IN,2026-08-23 14:45:12,POS5978
CRD0018633,CARD0338,P00017,5411,1221.63,IN,2026-07-14 05:35:12,POS6675
CRD0018644,CARD0338,P00059,6012,6405.21,IN,2026-08-05 08:47:37,POS8833
CRD0018653,CARD0338,P00017,5411,567.86,IN,2026-07-25 16:19:54,POS6483
CRD0018656,CARD0338,P00059,6012,3771.83,IN,2026-07-20 17:32:41,ONLINE
CRD0018663,CARD0338,P00319,6012,1378.92,IN,2026-07-18 06:31:40,ONLINE
CRD0018666,CARD0338,P00233,5411,4748.51,IN,2026-09-11 12:50:32,POS9381
CRD0018669,CARD0338,P00380,5411,2210.56,IN,2026-09-04 08:04:33,ONLINE
CRD0018678,CARD0339,P00272,5812,1791.22,IN,2026-07-29 10:48:51,ONLINE
CRD0018680,CARD0339,P00041,4722,6716.2,IN,2026-08-01 12:40:45,ONLINE
CRD0018681,CARD0339,P00246,5411,1390.77,IN,2026-08-31 18:25:43,POS5311
CRD0018683,CARD0339,P00042,5311,4612.22,IN,2026-07-26 21:59:47,ONLINE
CRD0018685,CARD0339,P00251,5411,4970.43,IN,2026-08-19 09:36:08,POS5761
CRD0018689,CARD0339,P00181,4722,4864.99,IN,2026-07-31 17:18:33,POS9124
CRD0018690,CARD0339,P00042,5311,2776.66,IN,2026-08-15 15:36:28,ONLINE
CRD0018692,CARD0339,P00272,5812,209.34,IN,2026-08-10 19:53:42,POS4648
CRD0018697,CARD0339,P00042,5311,5910.98,IN,2026-07-12 13:54:42,POS8904
CRD0018698,CARD0339,P00133,4900,4097.92,IN,2026-08-28 21:28:18,ONLINE
CRD0018700,CARD0339,P00042,5311,2940.86,IN,2026-08-02 14:40:34,POS5070
CRD0018707,CARD0339,P00188,5812,513.86,IN,2026-09-10 08:30:15,POS2382
CRD0018709,CARD0339,P00349,5812,208.89,IN,2026-08-17 21:39:14,POS8441
CRD0018710,CARD0339,P00053,5411,735.89,IN,2026-07-08 13:24:16,POS6011
CRD0018718,CARD0339,P00181,4722,993.83,IN,2026-07-30 10:30:06,POS4337
CRD0018727,CARD0340,P00005,4814,1782.79,IN,2026-08-30 11:42:16,ONLINE
CRD0018731,CARD0340,P00107,4900,6796.51,IN,2026-08-09 22:02:44,POS6806
CRD0018738,CARD0340,P00107,4900,3067.3,IN,2026-09-06 18:50:37,POS9605
CRD0018739,CARD0340,P00025,5311,3567.02,IN,2026-09-11 13:19:47,POS9611
CRD0018740,CARD0340,P00051,6012,4745.62,IN,2026-08-10 15:06:19,POS8290
CRD0018742,CARD0340,P00160,4722,8249.53,IN,2026-09-12 07:26:58,POS6845
CRD0018751,CARD0340,P00049,5411,981.53,IN,2026-07-23 10:49:27,ONLINE
CRD0018758,CARD0340,P00319,6012,1675.69,IN,2026-07-03 10:44:00,POS9561
CRD0018766,CARD0340,P00051,6012,4957.48,IN,2026-08-14 18:59:23,POS5343
CRD0018767,CARD0340,P00334,5812,1686.16,IN,2026-08-29 18:22:18,ONLINE
CRD0018768,CARD0340,P00051,6012,926.7,IN,2026-08-17 14:14:55,POS1965
CRD0018770,CARD0340,P00287,4900,10811.54,IN,2026-08-24 14:28:42,POS7243
CRD0018774,CARD0340,P00334,5812,1048.43,IN,2026-07-03 16:04:59,POS3100
CRD0018776,CARD0340,P00360,5541,4505.56,IN,2026-07-30 12:48:11,ONLINE
CRD0018781,CARD0340,P00025,5311,6161.61,IN,2026-09-12 10:19:36,POS4753
CRD0018782,CARD0340,P00049,5411,8325.45,IN,2026-08-22 16:41:25,ONLINE
CRD0018794,CARD0341,P00128,5541,1748.31,IN,2026-09-06 15:40:53,POS8390
CRD0018807,CARD0341,P00100,8011,1261.29,IN,2026-08-01 11:21:00,POS9230
CRD0018811,CARD0341,P00047,6012,1126.94,IN,2026-08-26 09:47:14,ONLINE
CRD0018813,CARD0341,P00100,8011,3504.83,IN,2026-07-07 11:17:31,ONLINE
CRD0018814,CARD0341,P00309,5812,605.26,IN,2026-08-02 12:07:16,POS5024
CRD0018815,CARD0341,P00073,6012,1898.81,IN,2026-08-22 19:48:51,POS2466
CRD0018820,CARD0341,P00180,4900,2197.05,IN,2026-09-03 16:16:12,ONLINE
CRD0018822,CARD0341,P00180,4900,1213.67,IN,2026-08-18 03:41:08,POS8327
CRD0018824,CARD0341,P00278,5541,766.27,IN,2026-08-17 11:22:39,POS3954
CRD0018832,CARD0341,P00309,5812,2025.24,IN,2026-08-12 08:55:55,ONLINE
CRD0018842,CARD0341,P00131,5411,1354.3,IN,2026-09-05 22:55:30,POS9718
CRD0018844,CARD0341,P00272,5812,823.26,IN,2026-08-11 10:54:29,ONLINE
CRD0018856,CARD0341,P00180,4900,1753.08,IN,2026-08-13 19:17:25,POS4983
CRD0018864,CARD0342,P00060,7832,1217.1,IN,2026-09-11 19:05:50,POS2467
CRD0018865,CARD0342,P00149,5311,4038.48,IN,2026-07-14 16:34:29,ONLINE
CRD0018869,CARD0342,P00115,5411,1299.89,IN,2026-08-14 16:04:47,POS7168
CRD0018870,CARD0342,P00060,7832,801.71,IN,2026-07-29 22:39:02,ONLINE
CRD0018871,CARD0342,P00178,8011,953.2,IN,2026-09-04 17:23:51,ONLINE
CRD0018872,CARD0342,P00358,6513,5373.66,IN,2026-08-11 09:52:11,ONLINE
CRD0018874,CARD0342,P00284,6012,1315.55,IN,2026-07-01 21:55:45,POS5044
CRD0018879,CARD0342,P00152,4900,5594.51,IN,2026-07-12 17:11:44,POS8005
CRD0018880,CARD0342,P00110,7832,353.65,IN,2026-08-22 22:57:37,POS2309
CRD0018885,CARD0342,P00149,5311,8880.77,IN,2026-07-15 18:51:39,POS7025
CRD0018887,CARD0342,P00205,6012,1447.34,IN,2026-07-27 09:00:08,POS2982
CRD0018891,CARD0342,P00149,5311,2853.01,IN,2026-07-27 21:37:41,POS1589
CRD0018892,CARD0342,P00205,6012,3562.64,IN,2026-09-08 08:16:48,POS6476
CRD0018893,CARD0342,P00068,5411,581.77,IN,2026-07-04 16:40:08,ONLINE
CRD0018896,CARD0342,P00178,8011,2198.09,IN,2026-09-11 22:23:02,ONLINE
CRD0018905,CARD0342,P00205,6012,683.78,IN,2026-07-20 19:51:26,ONLINE
CRD0018907,CARD0342,P00060,7832,536.76,IN,2026-07-24 15:48:47,POS3189
CRD0018910,CARD0342,P00060,7832,204.55,IN,2026-09-02 18:40:19,POS4391
CRD0018911,CARD0342,P00205,6012,2311.67,IN,2026-09-05 14:25:22,ONLINE
CRD0018924,CARD0343,P00075,5812,1135.13,IN,2026-08-05 22:13:05,POS3303
CRD0018925,CARD0343,P00203,5541,3266.95,IN,2026-07-14 12:05:12,POS6227
CRD0018927,CARD0343,P00030,8011,4577.09,IN,2026-08-01 15:23:42,POS8733
CRD0018929,CARD0343,P00018,5812,509.78,IN,2026-07-14 15:49:52,ONLINE
CRD0018934,CARD0343,P00163,5411,644.49,IN,2026-07-19 16:12:21,ONLINE
CRD0018940,CARD0343,P00030,8011,1995.83,IN,2026-08-15 12:17:23,POS5259
CRD0018941,CARD0343,P00223,5812,1015.48,IN,2026-07-03 12:34:33,POS7375
CRD0018944,CARD0343,P00030,8011,4070.48,IN,2026-09-04 12:54:38,POS2335
CRD0018946,CARD0343,P00062,6012,1009.64,IN,2026-08-11 15:31:16,ONLINE
CRD0018956,CARD0343,P00062,6012,1368.73,IN,2026-08-07 12:09:41,ONLINE
CRD0018958,CARD0343,P00062,6012,1547.96,IN,2026-07-18 23:26:18,ONLINE
CRD0018963,CARD0343,P00223,5812,531.77,IN,2026-08-16 17:35:41,ONLINE
CRD0018970,CARD0343,P00062,6012,1139.47,IN,2026-09-01 19:03:30,POS9079
CRD0018982,CARD0343,P00203,5541,5588.88,IN,2026-08-20 20:36:10,ONLINE
CRD0018984,CARD0343,P00018,5812,1247.36,IN,2026-07-13 08:17:12,ONLINE
CRD0018995,CARD0343,P00098,6012,5375.86,IN,2026-08-15 13:48:55,POS2949
CRD0018997,CARD0343,P00147,8011,1440.84,IN,2026-08-27 12:47:09,ONLINE
CRD0018998,CARD0343,P00075,5812,1268.79,IN,2026-07-17 12:18:45,POS9997
CRD0019001,CARD0343,P00075,5812,282.52,IN,2026-08-13 18:30:28,ONLINE
CRD0019005,CARD0343,P00147,8011,3234.33,IN,2026-08-08 20:22:38,POS2112
CRD0019018,CARD0344,P00150,4900,12724.16,IN,2026-08-28 12:26:50,ONLINE
CRD0019027,CARD0344,P00261,6012,10870.7,IN,2026-08-06 19:28:52,POS8241
CRD0019028,CARD0344,P00216,7832,1792.78,IN,2026-08-10 21:35:23,ONLINE
CRD0019029,CARD0344,P00369,5411,4787.8,IN,2026-09-10 11:39:34,ONLINE
CRD0019031,CARD0344,P00391,5541,7079.77,IN,2026-09-09 21:27:13,ONLINE
CRD0019032,CARD0344,P00261,6012,16074.64,IN,2026-08-31 23:57:08,ONLINE
CRD0019035,CARD0344,P00320,4900,8916.51,IN,2026-07-02 02:08:08,ONLINE
CRD0019037,CARD0344,P00261,6012,7463.82,IN,2026-07-24 22:18:25,POS5920
CRD0019045,CARD0344,P00216,7832,9057.3,IN,2026-09-02 09:53:39,ONLINE
CRD0019046,CARD0344,P00286,5812,1968.82,IN,2026-09-01 10:03:24,ONLINE
CRD0019047,CARD0344,P00286,5812,2417.47,IN,2026-08-24 15:06:16,POS5186
CRD0019051,CARD0344,P00150,4900,8370.57,IN,2026-07-01 00:30:20,POS9950
CRD0019055,CARD0344,P00391,5541,16041.19,IN,2026-07-21 05:51:43,ONLINE
CRD0019057,CARD0344,P00391,5541,8587.3,IN,2026-08-12 15:38:05,POS3544
CRD0019059,CARD0344,P00261,6012,3140.06,IN,2026-07-09 10:24:39,ONLINE
CRD0019061,CARD0344,P00369,5411,11348.65,IN,2026-07-08 11:00:30,ONLINE
CRD0019066,CARD0344,P00043,5311,6248.74,IN,2026-08-15 21:06:30,ONLINE
CRD0019070,CARD0344,P00043,5311,12473.64,IN,2026-08-07 19:51:08,ONLINE
CRD0019072,CARD0344,P00372,4814,1283.84,IN,2026-07-20 19:13:11,ONLINE
CRD0019091,CARD0344,P00315,4900,20587.72,IN,2026-07-28 15:10:39,POS3927
CRD0019097,CARD0345,P00052,5311,957.24,IN,2026-07-31 09:04:26,ONLINE
CRD0019100,CARD0345,P00029,5411,260.94,IN,2026-09-01 09:55:29,ONLINE
CRD0019103,CARD0345,P00195,6012,965.27,IN,2026-07-28 20:47:50,POS5391
CRD0019106,CARD0345,P00102,4722,629.76,IN,2026-07-07 16:21:47,POS5667
CRD0019110,CARD0345,P00029,5411,558.95,IN,2026-07-05 19:15:05,ONLINE
CRD0019113,CARD0345,P00029,5411,563.47,IN,2026-08-21 08:57:04,POS4012
CRD0019115,CARD0345,P00060,7832,868.96,IN,2026-08-13 14:10:26,POS7238
CRD0019117,CARD0345,P00236,5411,910.88,IN,2026-07-16 17:42:24,POS5920
CRD0019121,CARD0345,P00195,6012,2250.09,IN,2026-09-13 13:12:17,POS5034
CRD0019124,CARD0345,P00014,6012,1165.52,IN,2026-07-02 19:10:41,POS1652
CRD0019125,CARD0345,P00102,4722,1462.07,IN,2026-09-05 16:25:00,POS7757
CRD0019126,CARD0345,P00236,5411,287.06,IN,2026-08-02 16:27:27,POS5831
CRD0019127,CARD0345,P00155,7832,352.07,IN,2026-08-04 23:22:27,ONLINE
CRD0019128,CARD0345,P00060,7832,251.28,IN,2026-07-13 17:40:51,POS5741
CRD0019130,CARD0345,P00029,5411,678.9,IN,2026-08-28 10:20:06,ONLINE
CRD0019133,CARD0345,P00052,5311,1503.36,IN,2026-07-19 10:09:42,POS8372
CRD0019134,CARD0345,P00287,4900,732.21,IN,2026-09-04 06:46:14,ONLINE
CRD0019137,CARD0345,P00236,5411,409.71,IN,2026-07-18 15:20:35,ONLINE
CRD0019143,CARD0345,P00060,7832,197.87,IN,2026-07-23 19:59:07,ONLINE
CRD0019150,CARD0346,P00164,6513,5724.07,IN,2026-08-03 20:06:28,POS2757
CRD0019155,CARD0346,P00112,5411,4083.85,IN,2026-08-24 14:39:33,ONLINE
CRD0019157,CARD0346,P00112,5411,680.18,IN,2026-07-29 12:42:37,POS8528
CRD0019162,CARD0346,P00231,4814,550.01,IN,2026-07-20 14:35:17,ONLINE
CRD0019163,CARD0346,P00011,6012,1105.17,IN,2026-07-02 20:44:52,POS6491
CRD0019166,CARD0346,P00112,5411,4015.02,IN,2026-09-12 22:14:22,ONLINE
CRD0019167,CARD0346,P00231,4814,1236.14,IN,2026-07-26 15:19:58,POS1608
CRD0019168,CARD0346,P00265,5411,3352.26,IN,2026-07-11 20:02:03,ONLINE
CRD0019169,CARD0346,P00106,5411,1205.88,IN,2026-07-10 10:53:09,POS2041
CRD0019170,CARD0346,P00108,5311,5490.53,IN,2026-09-08 13:44:21,POS4872
CRD0019171,CARD0346,P00021,4900,2641.39,IN,2026-09-03 10:24:25,ONLINE
CRD0019182,CARD0346,P00069,5311,7308.59,IN,2026-09-12 22:11:10,ONLINE
CRD0019187,CARD0346,P00290,5812,819.76,IN,2026-08-10 16:07:17,ONLINE
CRD0019194,CARD0346,P00302,7832,580.3,IN,2026-09-13 15:23:19,POS7009
CRD0019198,CARD0346,P00106,5411,5360.62,IN,2026-08-11 10:17:23,ONLINE
CRD0019205,CARD0346,P00023,4722,11847.8,IN,2026-07-31 14:01:47,ONLINE
CRD0019207,CARD0346,P00198,5411,1596.28,IN,2026-08-28 21:28:38,POS9885
CRD0019208,CARD0346,P00161,5812,345.29,IN,2026-09-08 10:04:22,ONLINE
CRD0019216,CARD0347,P00009,6012,618.81,IN,2026-07-05 19:38:05,POS9928
CRD0019219,CARD0347,P00129,5311,1146.35,IN,2026-08-02 08:18:39,POS9991
CRD0019221,CARD0347,P00009,6012,2576.92,IN,2026-08-21 20:46:54,ONLINE
CRD0019223,CARD0347,P00233,5411,975.54,IN,2026-08-30 06:27:30,ONLINE
CRD0019235,CARD0347,P00080,5812,237.64,IN,2026-07-06 16:42:00,POS7344
CRD0019238,CARD0347,P00376,5812,930.56,IN,2026-07-28 10:14:20,POS3600
CRD0019239,CARD0347,P00297,8011,2219.74,IN,2026-09-02 14:38:15,ONLINE
CRD0019244,CARD0347,P00297,8011,918.05,IN,2026-08-11 22:02:28,ONLINE
CRD0019247,CARD0347,P00233,5411,979.95,IN,2026-07-18 07:12:59,ONLINE
CRD0019248,CARD0347,P00329,8011,1128.36,IN,2026-08-15 16:37:42,POS8904
CRD0019255,CARD0347,P00376,5812,310.45,IN,2026-07-06 07:55:12,POS8469
CRD0019256,CARD0347,P00246,5411,366.86,IN,2026-08-09 10:32:32,POS7285
CRD0019258,CARD0347,P00129,5311,1585.63,IN,2026-08-18 12:09:29,POS3981
CRD0019269,CARD0347,P00129,5311,894.67,IN,2026-08-11 11:27:00,POS1409
CRD0019271,CARD0347,P00376,5812,110.98,IN,2026-07-24 09:42:13,ONLINE
CRD0019274,CARD0347,P00376,5812,434.84,IN,2026-09-04 12:16:28,ONLINE
CRD0019275,CARD0347,P00141,4900,693.93,IN,2026-08-25 12:55:50,ONLINE
CRD0019276,CARD0347,P00376,5812,101.91,IN,2026-09-10 23:54:17,POS1234
CRD0019278,CARD0347,P00129,5311,2611.61,IN,2026-08-30 21:15:14,ONLINE
CRD0019279,CARD0347,P00009,6012,268.85,IN,2026-09-03 07:02:34,POS5716
CRD0019285,CARD0347,P00376,5812,158.64,IN,2026-07-17 17:25:09,POS3996
CRD0019291,CARD0348,P00143,5411,483.94,IN,2026-08-17 12:15:33,POS7736
CRD0019292,CARD0348,P00252,5411,733.01,IN,2026-07-13 15:23:39,ONLINE
CRD0019298,CARD0348,P00347,7832,321.79,IN,2026-09-06 09:44:10,ONLINE
CRD0019303,CARD0348,P00020,7832,361.04,IN,2026-07-14 17:26:26,POS5470
CRD0019306,CARD0348,P00125,5812,1012.52,IN,2026-08-22 21:31:28,ONLINE
CRD0019307,CARD0348,P00342,5311,991.06,IN,2026-07-11 10:47:04,ONLINE
CRD0019308,CARD0348,P00304,5541,820.74,IN,2026-09-07 19:27:33,POS3556
CRD0019309,CARD0348,P00077,5812,282.59,IN,2026-08-07 14:11:03,POS3957
CRD0019310,CARD0348,P00164,6513,5200.11,IN,2026-08-17 16:20:23,ONLINE
CRD0019311,CARD0348,P00125,5812,471.2,IN,2026-08-26 10:39:53,POS8619
CRD0019315,CARD0348,P00289,5812,346.08,IN,2026-08-05 20:52:43,POS8608
CRD0019319,CARD0348,P00077,5812,684.01,IN,2026-08-20 15:03:30,POS7316
CRD0019320,CARD0348,P00289,5812,428.64,IN,2026-09-11 16:44:22,POS4859
CRD0019336,CARD0348,P00020,7832,682.43,IN,2026-07-23 10:01:02,POS1444
CRD0019339,CARD0348,P00171,5411,2550.78,IN,2026-07-18 14:25:10,ONLINE
CRD0019343,CARD0348,P00342,5311,1286.02,IN,2026-08-30 16:05:54,POS6892
CRD0019346,CARD0348,P00326,5812,586.28,IN,2026-07-23 09:35:48,ONLINE
CRD0019351,CARD0348,P00342,5311,6433.36,IN,2026-08-27 18:47:59,ONLINE
CRD0019359,CARD0349,P00214,6012,1364.62,IN,2026-09-06 08:29:07,ONLINE
CRD0019367,CARD0349,P00337,6513,11079.43,IN,2026-09-02 18:33:19,ONLINE
CRD0019370,CARD0349,P00259,6513,8553.21,IN,2026-08-02 19:58:03,ONLINE
CRD0019371,CARD0349,P00274,6012,715.46,IN,2026-08-07 15:32:13,POS6454
CRD0019373,CARD0349,P00389,5812,1442.32,IN,2026-08-04 10:13:40,ONLINE
CRD0019380,CARD0349,P00060,7832,286.92,IN,2026-07-01 13:51:47,POS6233
CRD0019387,CARD0349,P00316,5311,2832.18,IN,2026-09-13 20:21:20,POS4115
CRD0019399,CARD0350,P00092,5411,365.24,IN,2026-08-25 17:53:52,ONLINE
CRD0019408,CARD0350,P00186,4900,713.6,IN,2026-09-11 08:34:31,POS5124
CRD0019418,CARD0350,P00092,5411,306.41,IN,2026-07-09 08:25:31,ONLINE
CRD0019419,CARD0350,P00042,5311,942.35,IN,2026-08-21 13:13:50,POS6734
CRD0019423,CARD0350,P00272,5812,192.18,IN,2026-08-08 21:03:52,ONLINE
CRD0019424,CARD0350,P00042,5311,1515.9,IN,2026-08-29 12:44:56,POS2222
CRD0019426,CARD0350,P00042,5311,538.5,IN,2026-08-26 13:12:11,ONLINE
CRD0019438,CARD0351,P00245,5311,2658.57,IN,2026-07-10 23:42:08,ONLINE
CRD0019442,CARD0351,P00301,5812,593.41,IN,2026-07-16 10:39:53,POS1378
CRD0019447,CARD0351,P00204,4900,4909.52,IN,2026-08-21 20:42:46,ONLINE
CRD0019449,CARD0351,P00317,5812,984.17,IN,2026-07-04 12:16:28,ONLINE
CRD0019450,CARD0351,P00301,5812,554.03,IN,2026-07-07 22:30:31,ONLINE
CRD0019451,CARD0351,P00206,5541,3644.63,IN,2026-07-13 17:24:09,ONLINE
CRD0019455,CARD0351,P00245,5311,5623.43,IN,2026-08-26 23:05:30,POS2576
CRD0019458,CARD0351,P00395,5311,3728.28,IN,2026-08-08 16:37:52,ONLINE
CRD0019462,CARD0351,P00301,5812,496.07,IN,2026-08-05 14:33:17,ONLINE
CRD0019464,CARD0351,P00204,4900,1749.16,IN,2026-07-01 21:04:16,POS1565
CRD0019467,CARD0351,P00395,5311,6096.96,IN,2026-09-08 19:19:18,ONLINE
CRD0019474,CARD0352,P00382,5812,342.45,IN,2026-07-16 21:20:10,POS4375
CRD0019475,CARD0352,P00272,5812,437.09,IN,2026-08-16 18:28:39,ONLINE
CRD0019485,CARD0352,P00230,5812,1405.84,IN,2026-08-31 13:27:27,ONLINE
CRD0019486,CARD0352,P00102,4722,7181.94,IN,2026-07-24 19:23:04,ONLINE
CRD0019490,CARD0352,P00049,5411,1230.62,IN,2026-07-20 13:27:04,ONLINE
CRD0019492,CARD0352,P00129,5311,4608.72,IN,2026-08-17 16:53:56,ONLINE
CRD0019494,CARD0352,P00272,5812,1048.54,IN,2026-08-06 10:45:41,POS5939
CRD0019495,CARD0352,P00128,5541,990.64,IN,2026-07-02 09:00:42,ONLINE
CRD0019496,CARD0352,P00106,5411,492.12,IN,2026-07-17 07:56:59,POS4716
CRD0019499,CARD0352,P00141,4900,4221.94,IN,2026-07-07 16:06:18,ONLINE
CRD0019502,CARD0352,P00361,5411,2009.14,IN,2026-07-31 16:58:11,POS2076
CRD0019503,CARD0352,P00319,6012,956.4,IN,2026-09-09 16:08:26,POS6714
CRD0019513,CARD0353,P00092,5411,264.75,IN,2026-08-05 09:19:01,ONLINE
CRD0019517,CARD0353,P00290,5812,627.84,IN,2026-07-31 22:21:24,POS3346
CRD0019523,CARD0353,P00009,6012,1471.31,IN,2026-07-20 12:20:06,POS3269
CRD0019524,CARD0353,P00031,6012,604.25,IN,2026-07-03 09:01:14,POS8843
CRD0019528,CARD0353,P00290,5812,426.31,IN,2026-09-04 21:25:14,POS1967
CRD0019529,CARD0353,P00009,6012,697.52,IN,2026-09-10 14:51:21,POS5563
CRD0019531,CARD0353,P00290,5812,401.71,IN,2026-08-01 10:26:47,ONLINE
CRD0019544,CARD0354,P00258,5812,1841.37,IN,2026-08-15 18:34:04,ONLINE
CRD0019546,CARD0354,P00258,5812,1541.67,IN,2026-08-01 21:01:16,ONLINE
CRD0019553,CARD0354,P00095,5812,403.8,IN,2026-08-23 14:41:11,ONLINE
CRD0019555,CARD0354,P00142,6012,2131.76,IN,2026-07-11 18:38:30,ONLINE
CRD0019557,CARD0354,P00205,6012,8554.71,IN,2026-08-30 14:50:19,POS3637
CRD0019567,CARD0354,P00315,4900,970.11,IN,2026-07-11 23:03:38,POS2634
CRD0019571,CARD0354,P00157,6513,16687.68,IN,2026-09-10 13:10:19,POS2405
CRD0019572,CARD0354,P00205,6012,1514.48,IN,2026-09-11 23:58:36,POS5829
CRD0019573,CARD0354,P00191,6513,17964.39,IN,2026-08-14 10:25:23,ONLINE
CRD0019574,CARD0354,P00256,4900,1672.43,IN,2026-08-08 19:19:47,ONLINE
CRD0019575,CARD0354,P00104,5541,2154.88,IN,2026-09-05 20:23:35,ONLINE
CRD0019578,CARD0354,P00256,4900,4512.2,IN,2026-07-17 15:07:10,ONLINE
CRD0019582,CARD0354,P00374,6513,8489.16,IN,2026-08-04 17:35:26,ONLINE
CRD0019584,CARD0354,P00095,5812,1145.86,IN,2026-07-15 09:53:21,ONLINE
CRD0019596,CARD0354,P00197,6012,3432.81,IN,2026-09-03 13:15:55,POS4799
CRD0019601,CARD0355,P00137,7832,1370.36,IN,2026-08-24 14:36:39,ONLINE
CRD0019602,CARD0355,P00110,7832,3506.35,IN,2026-07-11 10:04:41,ONLINE
CRD0019607,CARD0355,P00110,7832,4173.38,IN,2026-07-01 11:45:13,ONLINE
CRD0019616,CARD0355,P00110,7832,1217.91,IN,2026-08-23 07:03:56,POS1069
CRD0019620,CARD0355,P00273,5411,3603.26,IN,2026-07-24 08:09:31,ONLINE
CRD0019634,CARD0356,P00046,6012,1129.81,IN,2026-08-12 12:55:41,POS9358
CRD0019636,CARD0356,P00337,6513,4723.5,IN,2026-07-06 11:47:27,POS6775
CRD0019641,CARD0356,P00329,8011,3890.63,IN,2026-08-27 21:48:47,ONLINE
CRD0019642,CARD0356,P00046,6012,2186.48,IN,2026-07-03 19:50:09,ONLINE
CRD0019648,CARD0356,P00177,5812,2071.33,IN,2026-08-11 19:41:23,POS7284
CRD0019650,CARD0356,P00128,5541,4207.17,IN,2026-07-14 15:22:26,ONLINE
CRD0019655,CARD0356,P00108,5311,1606.67,IN,2026-07-27 21:08:24,ONLINE
CRD0019658,CARD0356,P00217,5812,1398.6,IN,2026-07-18 19:58:23,ONLINE
CRD0019665,CARD0357,P00087,5812,558.62,IN,2026-07-04 12:30:36,POS9535
CRD0019673,CARD0357,P00210,4900,4975.79,IN,2026-07-29 21:09:20,ONLINE
CRD0019678,CARD0357,P00129,5311,9072.14,IN,2026-09-11 15:08:48,ONLINE
CRD0019679,CARD0357,P00210,4900,3935.79,IN,2026-08-19 09:34:42,POS8938
CRD0019681,CARD0357,P00174,5812,1038.08,IN,2026-07-31 17:34:08,POS1945
CRD0019683,CARD0357,P00280,6012,1928.9,IN,2026-08-07 13:38:36,POS8289
CRD0019686,CARD0357,P00280,6012,1724.22,IN,2026-07-10 12:21:08,POS5354
CRD0019688,CARD0357,P00129,5311,4352.61,IN,2026-07-29 09:34:27,ONLINE
CRD0019694,CARD0357,P00328,5311,5997.05,IN,2026-07-17 14:33:49,ONLINE
CRD0019698,CARD0357,P00310,5411,2168.95,IN,2026-07-09 07:27:56,ONLINE
CRD0019703,CARD0357,P00149,5311,8073.91,IN,2026-09-01 20:26:34,POS7805
CRD0019705,CARD0357,P00210,4900,3101.61,IN,2026-08-11 10:17:44,POS6068
CRD0019719,CARD0358,P00344,5411,3378.6,IN,2026-07-12 09:06:08,ONLINE
CRD0019725,CARD0358,P00066,4722,3226.09,IN,2026-09-01 15:31:39,ONLINE
CRD0019726,CARD0358,P00300,6012,7422.61,IN,2026-07-25 17:43:19,POS4437
CRD0019727,CARD0358,P00300,6012,1014.39,IN,2026-08-06 23:24:30,POS8437
CRD0019729,CARD0358,P00345,4722,11888.9,IN,2026-07-15 20:15:23,POS4074
CRD0019734,CARD0358,P00378,5411,766.23,IN,2026-07-12 19:39:22,POS2304
CRD0019738,CARD0358,P00389,5812,723.35,IN,2026-09-08 14:34:34,POS4800
CRD0019739,CARD0358,P00066,4722,2406.47,IN,2026-08-02 20:19:15,POS1659
CRD0019743,CARD0358,P00345,4722,5511.55,IN,2026-08-25 14:20:18,ONLINE
CRD0019753,CARD0358,P00073,6012,2883.87,IN,2026-07-27 09:08:35,POS5211
CRD0019754,CARD0358,P00389,5812,551.97,IN,2026-08-26 19:16:50,ONLINE
CRD0019761,CARD0358,P00389,5812,396.18,IN,2026-08-15 14:54:32,POS9941
CRD0019763,CARD0358,P00388,5411,2258.21,IN,2026-07-22 15:53:43,POS3260
CRD0019766,CARD0358,P00300,6012,1862.9,IN,2026-07-06 04:38:20,ONLINE
CRD0019770,CARD0358,P00389,5812,442.91,IN,2026-09-09 19:06:47,POS8930
CRD0019776,CARD0358,P00372,4814,3483.63,IN,2026-08-19 23:09:03,POS1935
CRD0019779,CARD0358,P00300,6012,2959.61,IN,2026-08-22 11:55:20,POS6210
CRD0019783,CARD0358,P00300,6012,4155.92,IN,2026-07-06 14:17:16,ONLINE
CRD0019784,CARD0358,P00372,4814,756.24,IN,2026-09-07 20:06:15,ONLINE
CRD0019796,CARD0359,P00053,5411,1205.28,IN,2026-09-04 13:17:50,POS6471
CRD0019797,CARD0359,P00264,5812,1199.67,IN,2026-08-10 17:32:48,ONLINE
CRD0019801,CARD0359,P00093,5812,1619.61,IN,2026-08-16 08:05:55,POS1161
CRD0019803,CARD0359,P00093,5812,1062.63,IN,2026-07-31 19:26:58,POS4266
CRD0019804,CARD0359,P00109,8011,3845.76,IN,2026-07-28 14:02:41,POS4159
CRD0019809,CARD0359,P00152,4900,3519.48,IN,2026-09-04 16:39:51,ONLINE
CRD0019810,CARD0359,P00357,6012,2198.79,IN,2026-08-18 14:02:23,ONLINE
CRD0019814,CARD0359,P00336,5812,825.04,IN,2026-07-02 18:51:35,ONLINE
CRD0019815,CARD0359,P00142,6012,1363.63,IN,2026-07-02 12:34:20,POS3762
CRD0019816,CARD0359,P00357,6012,4935.29,IN,2026-08-13 15:07:41,POS3839
CRD0019818,CARD0359,P00376,5812,1214.26,IN,2026-09-02 11:39:20,POS1478
CRD0019821,CARD0359,P00152,4900,1710.05,IN,2026-09-03 11:52:09,POS4048
CRD0019825,CARD0359,P00065,5541,2387.63,IN,2026-08-07 12:54:30,ONLINE
CRD0019826,CARD0359,P00264,5812,2991.22,IN,2026-07-03 13:10:46,POS6221
CRD0019827,CARD0359,P00335,6513,13213.96,IN,2026-07-25 14:55:29,ONLINE
CRD0019831,CARD0359,P00137,7832,1182.12,IN,2026-07-30 12:42:39,ONLINE
CRD0019832,CARD0359,P00264,5812,575.57,IN,2026-09-07 16:58:28,ONLINE
CRD0019839,CARD0360,P00133,4900,9077.51,IN,2026-09-13 16:49:26,ONLINE
CRD0019840,CARD0360,P00027,5311,16097.47,IN,2026-07-24 12:35:55,ONLINE
CRD0019843,CARD0360,P00075,5812,1052.94,IN,2026-08-13 11:18:38,ONLINE
CRD0019849,CARD0360,P00250,4814,788.88,IN,2026-09-03 08:29:18,POS3590
CRD0019852,CARD0360,P00319,6012,3055.41,IN,2026-07-10 15:53:36,ONLINE
CRD0019853,CARD0360,P00253,4814,2093.62,IN,2026-07-07 14:53:45,ONLINE
CRD0019857,CARD0360,P00253,4814,939.54,IN,2026-07-22 19:19:27,ONLINE
CRD0019859,CARD0360,P00310,5411,1332.01,IN,2026-07-21 19:14:59,POS7000
CRD0019871,CARD0360,P00075,5812,10912.27,IN,2026-08-07 06:31:07,ONLINE
CRD0019872,CARD0360,P00133,4900,2737.39,IN,2026-09-08 18:56:16,ONLINE
CRD0019873,CARD0360,P00037,6012,3102.0,IN,2026-07-26 12:45:57,POS5425
CRD0019874,CARD0360,P00250,4814,1665.99,IN,2026-08-06 08:32:44,ONLINE
CRD0019875,CARD0360,P00157,6513,14443.85,IN,2026-08-03 11:12:32,ONLINE
CRD0019879,CARD0360,P00133,4900,2507.57,IN,2026-09-07 16:03:22,POS8401
CRD0019892,CARD0360,P00037,6012,3931.2,IN,2026-07-08 13:23:35,ONLINE
CRD0019915,CARD0361,P00133,4900,5610.0,IN,2026-07-16 12:42:44,ONLINE
CRD0019916,CARD0361,P00003,4814,1269.67,IN,2026-08-24 21:48:12,ONLINE
CRD0019923,CARD0361,P00236,5411,4331.54,IN,2026-07-17 20:18:09,POS4936
CRD0019924,CARD0361,P00096,7832,1754.99,IN,2026-09-07 08:06:00,POS5281
CRD0019926,CARD0361,P00358,6513,17268.87,IN,2026-08-01 10:13:49,POS6685
CRD0019931,CARD0361,P00339,7832,1567.06,IN,2026-08-21 14:55:02,POS9762
CRD0019940,CARD0361,P00133,4900,6447.67,IN,2026-08-11 20:37:38,ONLINE
CRD0019950,CARD0362,P00147,8011,1191.66,IN,2026-09-09 06:55:52,POS7764
CRD0019951,CARD0362,P00082,5411,1138.09,IN,2026-08-17 16:25:49,ONLINE
CRD0019952,CARD0362,P00237,7832,652.24,IN,2026-08-04 16:17:57,ONLINE
CRD0019955,CARD0362,P00317,5812,924.98,IN,2026-07-05 14:45:35,ONLINE
CRD0019960,CARD0362,P00062,6012,1908.24,IN,2026-09-06 21:37:56,ONLINE
CRD0019961,CARD0362,P00147,8011,1012.01,IN,2026-07-12 11:57:59,POS2726
CRD0019963,CARD0362,P00147,8011,2069.2,IN,2026-08-18 20:19:13,ONLINE
CRD0019967,CARD0362,P00247,6012,1944.81,IN,2026-07-06 01:40:16,POS5363
CRD0019975,CARD0362,P00266,5541,3995.65,IN,2026-08-07 16:36:55,ONLINE
CRD0019982,CARD0362,P00096,7832,753.24,IN,2026-09-02 15:27:05,POS8071
CRD0019984,CARD0362,P00147,8011,695.16,IN,2026-07-29 16:37:52,POS5600
CRD0019989,CARD0362,P00271,5541,1634.88,IN,2026-08-16 20:13:39,POS7837
CRD0019990,CARD0362,P00147,8011,1896.73,IN,2026-07-27 15:06:19,ONLINE
CRD0019993,CARD0362,P00126,4722,4769.52,IN,2026-08-08 16:06:01,ONLINE
CRD0019994,CARD0362,P00237,7832,526.0,IN,2026-07-04 02:22:19,POS9663
CRD0019995,CARD0362,P00082,5411,1664.16,IN,2026-07-21 06:24:50,POS8718
CRD0020003,CARD0363,P00040,5411,2654.99,IN,2026-07-14 10:48:29,POS3168
CRD0020005,CARD0363,P00244,5541,1518.31,IN,2026-08-11 17:46:58,POS5243
CRD0020006,CARD0363,P00149,5311,2840.41,IN,2026-09-03 20:58:46,ONLINE
CRD0020010,CARD0363,P00162,5411,1855.61,IN,2026-07-29 17:32:41,ONLINE
CRD0020016,CARD0363,P00078,7832,1631.82,IN,2026-07-04 12:42:03,POS6019
CRD0020020,CARD0363,P00193,5311,6564.05,IN,2026-08-22 19:24:13,POS9193
CRD0020023,CARD0363,P00111,6513,13774.35,IN,2026-08-02 06:11:45,POS7213
CRD0020026,CARD0363,P00040,5411,2027.44,IN,2026-08-31 15:01:33,ONLINE
CRD0020028,CARD0363,P00381,5411,3425.94,IN,2026-08-29 22:05:36,ONLINE
CRD0020036,CARD0363,P00381,5411,3026.8,IN,2026-07-11 21:58:45,POS1951
CRD0020038,CARD0363,P00149,5311,4620.67,IN,2026-09-08 11:29:47,ONLINE
CRD0020040,CARD0363,P00040,5411,1778.65,IN,2026-08-23 16:14:18,POS8502
CRD0020048,CARD0363,P00149,5311,3704.67,IN,2026-08-05 17:09:49,POS1964
CRD0020049,CARD0363,P00031,6012,2987.23,IN,2026-08-09 17:52:48,POS7593
CRD0020062,CARD0364,P00208,6012,2953.8,IN,2026-09-04 18:43:28,POS3188
CRD0020063,CARD0364,P00308,5812,514.03,IN,2026-08-21 10:53:08,ONLINE
CRD0020066,CARD0364,P00321,5812,835.76,IN,2026-07-17 17:26:46,ONLINE
CRD0020069,CARD0364,P00224,5812,1190.53,IN,2026-07-18 11:08:03,ONLINE
CRD0020075,CARD0364,P00327,5541,1122.96,IN,2026-08-29 16:34:05,ONLINE
CRD0020079,CARD0364,P00227,4814,879.19,IN,2026-09-04 00:44:33,POS5940
CRD0020087,CARD0364,P00374,6513,1990.12,IN,2026-07-11 10:08:05,ONLINE
CRD0020089,CARD0364,P00399,4814,634.26,IN,2026-08-02 15:50:57,POS8989
CRD0020095,CARD0364,P00294,5311,3422.96,IN,2026-07-31 07:43:59,POS6532
CRD0020101,CARD0364,P00327,5541,5888.18,IN,2026-08-01 09:06:04,POS8749
CRD0020108,CARD0365,P00067,8011,789.41,IN,2026-09-10 00:30:32,ONLINE
CRD0020119,CARD0365,P00261,6012,1807.37,IN,2026-08-28 15:56:39,POS2792
CRD0020120,CARD0365,P00055,5311,1510.27,IN,2026-07-11 13:46:29,ONLINE
CRD0020121,CARD0365,P00286,5812,81.25,IN,2026-08-30 17:33:33,ONLINE
CRD0020123,CARD0365,P00286,5812,295.79,IN,2026-08-09 07:49:58,POS5221
CRD0020124,CARD0365,P00323,4722,904.54,IN,2026-08-18 13:59:04,POS8098
CRD0020127,CARD0365,P00261,6012,401.93,IN,2026-07-15 19:42:17,ONLINE
CRD0020130,CARD0365,P00337,6513,3793.66,IN,2026-08-10 22:06:25,ONLINE
CRD0020131,CARD0365,P00119,5812,170.31,IN,2026-08-31 10:12:49,ONLINE
CRD0020140,CARD0365,P00100,8011,883.52,IN,2026-07-10 11:26:36,POS3919
CRD0020144,CARD0365,P00119,5812,407.64,IN,2026-07-06 18:57:02,ONLINE
CRD0020149,CARD0365,P00340,4900,741.05,IN,2026-09-03 17:31:03,ONLINE
CRD0020157,CARD0365,P00153,5411,1070.56,IN,2026-07-02 21:59:11,POS7481
CRD0020159,CARD0365,P00340,4900,589.52,IN,2026-09-06 12:26:04,ONLINE
CRD0020160,CARD0365,P00302,7832,364.68,IN,2026-09-04 19:15:39,ONLINE
CRD0020163,CARD0365,P00302,7832,306.01,IN,2026-07-10 10:48:23,POS3564
CRD0020169,CARD0365,P00119,5812,256.87,IN,2026-09-08 21:08:14,POS8882
CRD0020181,CARD0366,P00086,4900,6019.33,IN,2026-08-21 08:58:17,ONLINE
CRD0020182,CARD0366,P00102,4722,3000.9,IN,2026-07-11 12:00:16,ONLINE
CRD0020183,CARD0366,P00086,4900,3611.79,IN,2026-08-12 23:34:24,ONLINE
CRD0020192,CARD0366,P00118,4722,4636.75,IN,2026-08-23 11:18:14,ONLINE
CRD0020203,CARD0367,P00147,8011,21516.91,IN,2026-08-27 10:24:16,POS5284
CRD0020204,CARD0367,P00063,5812,4417.8,IN,2026-08-20 19:13:42,POS6282
CRD0020205,CARD0367,P00379,4814,2006.12,IN,2026-08-01 16:15:17,ONLINE
CRD0020208,CARD0367,P00379,4814,607.2,IN,2026-08-30 08:08:19,POS6225
CRD0020213,CARD0367,P00238,5812,2808.16,IN,2026-07-04 10:48:57,ONLINE
CRD0020214,CARD0367,P00134,5541,8216.84,IN,2026-07-03 14:20:10,ONLINE
CRD0020216,CARD0367,P00379,4814,2901.64,IN,2026-07-29 23:21:19,ONLINE
CRD0020220,CARD0367,P00121,5812,2951.97,IN,2026-08-31 09:26:46,POS3126
CRD0020222,CARD0367,P00134,5541,10587.2,IN,2026-08-24 12:48:45,ONLINE
CRD0020223,CARD0367,P00238,5812,2522.08,IN,2026-07-20 09:35:49,ONLINE
CRD0020225,CARD0367,P00238,5812,1510.21,IN,2026-07-29 14:37:35,POS1815
CRD0020227,CARD0367,P00263,5311,8034.13,IN,2026-08-08 13:43:38,POS3140
CRD0020229,CARD0367,P00196,5812,1620.12,IN,2026-07-23 09:05:08,ONLINE
CRD0020232,CARD0367,P00238,5812,2406.48,IN,2026-07-08 09:12:28,POS3380
CRD0020234,CARD0367,P00147,8011,3726.94,IN,2026-08-25 19:38:13,ONLINE
CRD0020239,CARD0367,P00263,5311,27860.43,IN,2026-09-06 11:37:23,POS1776
CRD0020241,CARD0367,P00062,6012,37936.25,IN,2026-08-03 19:15:34,POS9650
CRD0020242,CARD0367,P00238,5812,911.71,IN,2026-07-17 10:54:24,ONLINE
CRD0020247,CARD0367,P00134,5541,5798.66,IN,2026-07-23 17:05:27,ONLINE
CRD0020248,CARD0367,P00340,4900,5801.24,IN,2026-07-30 01:41:35,POS1294
CRD0020249,CARD0367,P00134,5541,4545.85,IN,2026-09-06 14:13:12,ONLINE
CRD0020253,CARD0367,P00147,8011,13845.02,IN,2026-09-06 19:12:35,POS2159
CRD0020255,CARD0367,P00263,5311,13048.92,IN,2026-08-08 10:54:11,POS6928
CRD0020257,CARD0367,P00079,5541,8811.1,IN,2026-08-07 15:16:09,ONLINE
CRD0020259,CARD0367,P00165,5812,1803.71,IN,2026-07-29 10:11:58,ONLINE
CRD0020260,CARD0367,P00263,5311,21604.19,IN,2026-09-02 19:33:07,ONLINE
CRD0020272,CARD0368,P00331,7832,948.84,IN,2026-07-26 13:23:43,POS8402
CRD0020276,CARD0368,P00120,5411,2177.7,IN,2026-07-26 16:48:18,POS1899
CRD0020277,CARD0368,P00282,5411,1013.98,IN,2026-08-08 14:00:43,ONLINE
CRD0020279,CARD0368,P00254,6012,1439.89,IN,2026-09-10 10:33:29,ONLINE
CRD0020285,CARD0368,P00353,5311,7473.39,IN,2026-07-08 10:03:37,ONLINE
CRD0020291,CARD0369,P00358,6513,8398.81,IN,2026-07-13 18:37:33,POS9929
CRD0020298,CARD0369,P00039,5311,22330.12,IN,2026-08-19 16:52:00,ONLINE
CRD0020313,CARD0369,P00362,5411,5344.33,IN,2026-08-09 14:55:47,ONLINE
CRD0020315,CARD0369,P00306,4814,728.9,IN,2026-08-02 15:04:48,ONLINE
CRD0020316,CARD0369,P00035,7832,5117.76,IN,2026-09-03 17:29:59,POS3436
CRD0020320,CARD0369,P00393,5411,5244.22,IN,2026-08-12 20:15:57,ONLINE
CRD0020321,CARD0369,P00181,4722,11904.37,IN,2026-09-06 22:47:19,POS8094
CRD0020323,CARD0369,P00358,6513,19094.81,IN,2026-08-02 12:27:10,ONLINE
CRD0020327,CARD0369,P00243,6012,7241.46,IN,2026-07-01 14:27:16,ONLINE
CRD0020329,CARD0369,P00250,4814,1595.16,IN,2026-07-29 18:22:13,POS3938
CRD0020331,CARD0369,P00250,4814,1200.31,IN,2026-07-01 15:38:23,ONLINE
CRD0020335,CARD0370,P00167,5812,708.64,IN,2026-08-21 19:23:23,ONLINE
CRD0020337,CARD0370,P00097,5541,6442.92,IN,2026-08-24 16:12:14,POS6582
CRD0020344,CARD0370,P00235,4722,2442.72,IN,2026-07-14 14:22:11,POS1171
CRD0020349,CARD0370,P00216,7832,461.09,IN,2026-08-20 08:15:24,POS9228
CRD0020353,CARD0370,P00012,5541,2909.34,IN,2026-07-24 10:34:18,ONLINE
CRD0020356,CARD0370,P00216,7832,1202.39,IN,2026-07-05 10:28:29,ONLINE
CRD0020359,CARD0370,P00019,4814,575.11,IN,2026-09-13 19:26:28,ONLINE
CRD0020360,CARD0370,P00019,4814,604.32,IN,2026-08-15 18:40:51,ONLINE
CRD0020363,CARD0370,P00019,4814,943.18,IN,2026-07-13 22:56:10,ONLINE
CRD0020367,CARD0370,P00020,7832,835.57,IN,2026-08-21 15:17:27,POS3495
CRD0020379,CARD0370,P00235,4722,2933.49,IN,2026-08-08 13:49:23,ONLINE
CRD0020394,CARD0371,P00090,5812,1014.91,IN,2026-08-27 20:10:20,POS4190
CRD0020395,CARD0371,P00336,5812,565.14,IN,2026-07-05 11:47:01,POS8372
CRD0020396,CARD0371,P00304,5541,930.06,IN,2026-07-05 13:33:21,POS7433
CRD0020401,CARD0371,P00136,5812,597.53,IN,2026-08-31 11:03:33,POS7930
CRD0020402,CARD0371,P00363,5541,3214.71,IN,2026-08-17 08:28:58,ONLINE
CRD0020406,CARD0371,P00336,5812,400.16,IN,2026-07-27 09:45:47,POS5732
CRD0020411,CARD0371,P00090,5812,181.71,IN,2026-08-18 07:53:57,ONLINE
CRD0020413,CARD0371,P00363,5541,1565.04,IN,2026-08-10 02:16:59,POS2532
CRD0020422,CARD0371,P00350,6012,1312.49,IN,2026-08-14 20:57:26,POS2270
CRD0020423,CARD0371,P00379,4814,2949.27,IN,2026-07-19 17:52:44,ONLINE
CRD0020426,CARD0371,P00379,4814,735.73,IN,2026-07-04 20:33:19,ONLINE
CRD0020428,CARD0371,P00090,5812,721.83,IN,2026-08-08 13:24:41,POS2274
CRD0020432,CARD0371,P00047,6012,865.54,IN,2026-08-06 20:25:24,ONLINE
CRD0020440,CARD0372,P00064,5311,3504.7,IN,2026-07-14 07:13:06,POS7932
CRD0020444,CARD0372,P00114,4814,500.53,IN,2026-08-10 17:26:32,POS2729
CRD0020446,CARD0372,P00328,5311,3687.47,IN,2026-08-19 13:17:38,POS8634
CRD0020447,CARD0372,P00064,5311,775.21,IN,2026-08-22 19:43:54,POS1125
CRD0020453,CARD0372,P00079,5541,1455.91,IN,2026-07-27 18:32:06,ONLINE
CRD0020454,CARD0372,P00064,5311,5337.79,IN,2026-08-23 09:17:13,POS7484
CRD0020460,CARD0372,P00114,4814,585.15,IN,2026-07-19 18:38:14,POS9424
CRD0020463,CARD0372,P00386,6012,4366.18,IN,2026-08-17 18:21:40,ONLINE
CRD0020465,CARD0372,P00358,6513,4791.08,IN,2026-07-11 10:24:26,POS5796
CRD0020466,CARD0372,P00062,6012,549.15,IN,2026-07-23 14:39:39,ONLINE
CRD0020467,CARD0372,P00079,5541,2218.92,IN,2026-09-06 18:32:40,POS5110
CRD0020469,CARD0372,P00079,5541,2176.28,IN,2026-08-29 20:43:07,ONLINE
CRD0020472,CARD0372,P00198,5411,3483.4,IN,2026-08-18 08:06:04,ONLINE
CRD0020474,CARD0372,P00358,6513,7772.73,IN,2026-09-04 19:43:06,POS1189
CRD0020478,CARD0372,P00062,6012,1091.15,IN,2026-07-09 13:42:50,POS1634
CRD0020483,CARD0372,P00328,5311,815.53,IN,2026-09-03 22:00:50,POS2408
CRD0020490,CARD0373,P00222,5812,856.7,IN,2026-08-17 20:48:44,ONLINE
CRD0020493,CARD0373,P00147,8011,1239.3,IN,2026-07-18 09:21:31,POS3057
CRD0020503,CARD0373,P00347,7832,1109.02,IN,2026-07-27 15:36:01,POS4477
CRD0020511,CARD0373,P00299,5411,1021.3,IN,2026-08-06 19:35:01,ONLINE
CRD0020514,CARD0373,P00313,5541,1238.76,IN,2026-08-16 15:34:15,ONLINE
CRD0020517,CARD0373,P00399,4814,668.59,IN,2026-08-08 22:45:13,ONLINE
CRD0020518,CARD0373,P00120,5411,2529.16,IN,2026-07-13 09:48:11,POS9817
CRD0020519,CARD0373,P00372,4814,216.64,IN,2026-07-18 21:30:45,POS1145
CRD0020522,CARD0373,P00138,5411,714.19,IN,2026-08-10 15:24:05,ONLINE
CRD0020529,CARD0373,P00138,5411,1199.02,IN,2026-07-17 11:54:33,POS6453
CRD0020535,CARD0374,P00151,6513,1852.07,IN,2026-07-04 18:39:41,POS7790
CRD0020540,CARD0374,P00345,4722,2639.38,IN,2026-08-08 16:53:47,ONLINE
CRD0020546,CARD0374,P00264,5812,377.36,IN,2026-07-15 20:57:39,ONLINE
CRD0020547,CARD0374,P00089,4722,1676.64,IN,2026-08-26 04:26:37,ONLINE
CRD0020549,CARD0374,P00251,5411,2109.52,IN,2026-08-17 19:53:13,POS9635
CRD0020551,CARD0374,P00245,5311,2669.68,IN,2026-07-03 15:42:49,ONLINE
CRD0020552,CARD0374,P00302,7832,822.92,IN,2026-08-17 17:26:10,POS5462
CRD0020556,CARD0374,P00382,5812,1345.65,IN,2026-07-29 17:02:08,POS2538
CRD0020567,CARD0374,P00151,6513,3571.47,IN,2026-08-06 08:34:01,POS3659
CRD0020568,CARD0374,P00297,8011,6711.24,IN,2026-09-04 20:25:25,ONLINE
CRD0020576,CARD0374,P00297,8011,754.14,IN,2026-08-16 20:59:45,ONLINE
CRD0020578,CARD0374,P00081,5411,633.98,IN,2026-07-15 16:33:26,POS6334
CRD0020585,CARD0375,P00142,6012,1945.06,IN,2026-08-28 23:22:50,POS6934
CRD0020588,CARD0375,P00282,5411,7493.69,IN,2026-08-18 11:07:25,POS8595
CRD0020590,CARD0375,P00211,7832,1515.5,IN,2026-08-23 15:32:07,POS5100
CRD0020592,CARD0375,P00018,5812,2973.37,IN,2026-07-30 00:21:11,POS3576
CRD0020598,CARD0375,P00011,6012,9510.94,IN,2026-07-07 13:10:37,ONLINE
CRD0020601,CARD0375,P00142,6012,9154.31,IN,2026-07-07 13:37:02,ONLINE
CRD0020602,CARD0375,P00018,5812,875.62,IN,2026-08-04 20:52:49,POS6606
CRD0020603,CARD0375,P00211,7832,1538.16,IN,2026-08-17 17:17:17,ONLINE
CRD0020606,CARD0375,P00232,4722,8571.72,IN,2026-07-13 18:35:16,POS4887
CRD0020620,CARD0375,P00282,5411,5285.48,IN,2026-08-07 22:48:32,POS7281
CRD0020631,CARD0376,P00002,6012,2500.47,IN,2026-08-01 22:41:44,POS8982
CRD0020634,CARD0376,P00136,5812,1677.9,IN,2026-07-04 14:45:19,ONLINE
CRD0020641,CARD0376,P00281,6513,12593.2,IN,2026-08-16 14:39:25,ONLINE
CRD0020647,CARD0376,P00281,6513,12359.19,IN,2026-07-13 18:34:50,ONLINE
CRD0020648,CARD0376,P00023,4722,5480.29,IN,2026-09-04 10:51:23,POS8176
CRD0020650,CARD0376,P00337,6513,5445.31,IN,2026-07-06 09:10:29,ONLINE
CRD0020651,CARD0376,P00247,6012,2832.04,IN,2026-08-21 13:18:25,ONLINE
CRD0020657,CARD0376,P00380,5411,2448.88,IN,2026-08-01 03:33:03,POS7947
CRD0020664,CARD0377,P00364,5411,1071.77,IN,2026-08-24 08:14:29,ONLINE
CRD0020665,CARD0377,P00299,5411,1135.11,IN,2026-07-19 16:54:41,ONLINE
CRD0020666,CARD0377,P00219,5411,1949.06,IN,2026-07-25 09:52:40,POS1221
CRD0020667,CARD0377,P00127,6012,1553.59,IN,2026-07-07 10:25:04,ONLINE
CRD0020671,CARD0377,P00127,6012,1313.69,IN,2026-07-14 13:30:46,ONLINE
CRD0020676,CARD0377,P00137,7832,277.7,IN,2026-09-05 11:01:30,ONLINE
CRD0020680,CARD0377,P00293,5812,1004.16,IN,2026-07-08 12:08:39,ONLINE
CRD0020683,CARD0377,P00219,5411,655.53,IN,2026-07-29 18:48:46,POS3492
CRD0020685,CARD0377,P00269,4900,2040.14,IN,2026-07-30 12:14:43,ONLINE
CRD0020686,CARD0377,P00364,5411,552.25,IN,2026-08-28 20:14:46,ONLINE
CRD0020688,CARD0377,P00219,5411,4388.82,IN,2026-08-19 15:52:42,ONLINE
CRD0020689,CARD0377,P00269,4900,2886.42,IN,2026-09-04 17:26:12,ONLINE
CRD0020690,CARD0377,P00277,6012,1965.67,IN,2026-09-09 16:53:42,POS2897
CRD0020692,CARD0377,P00364,5411,1594.95,IN,2026-09-02 20:21:57,POS2420
CRD0020695,CARD0377,P00325,4722,6381.4,IN,2026-07-30 15:12:33,POS1580
CRD0020702,CARD0377,P00364,5411,450.13,IN,2026-08-17 17:17:49,POS5291
CRD0020704,CARD0377,P00112,5411,902.5,IN,2026-07-21 02:11:56,POS8537
CRD0020708,CARD0377,P00058,4814,1508.83,IN,2026-09-10 19:57:53,POS4496
CRD0020709,CARD0377,P00127,6012,1595.42,IN,2026-07-02 01:16:02,POS8914
CRD0020710,CARD0377,P00127,6012,595.62,IN,2026-08-09 13:33:08,ONLINE
CRD0020717,CARD0377,P00217,5812,109.48,IN,2026-08-30 10:56:52,ONLINE
CRD0020726,CARD0377,P00377,5311,947.83,IN,2026-07-03 20:09:20,ONLINE
CRD0020729,CARD0377,P00364,5411,1620.56,IN,2026-08-21 09:16:30,ONLINE
CRD0020730,CARD0377,P00284,6012,3351.96,IN,2026-08-24 09:27:15,POS6301
CRD0020732,CARD0377,P00293,5812,412.07,IN,2026-07-31 10:33:18,POS6804
CRD0020733,CARD0377,P00364,5411,926.04,IN,2026-09-13 18:05:18,ONLINE
CRD0020734,CARD0377,P00293,5812,474.0,IN,2026-08-21 02:24:31,ONLINE
CRD0020746,CARD0378,P00392,5812,1210.65,IN,2026-07-25 20:42:30,ONLINE
CRD0020748,CARD0378,P00002,6012,2180.88,IN,2026-07-22 17:29:34,ONLINE
CRD0020753,CARD0378,P00371,5411,1135.79,IN,2026-09-11 16:18:36,POS6360
CRD0020754,CARD0378,P00095,5812,2612.68,IN,2026-07-28 09:15:25,ONLINE
CRD0020767,CARD0378,P00287,4900,6607.16,IN,2026-07-28 09:10:35,ONLINE
CRD0020769,CARD0378,P00086,4900,7439.33,IN,2026-08-08 19:16:46,POS5313
CRD0020771,CARD0378,P00371,5411,2709.06,IN,2026-08-28 18:24:20,POS5923
CRD0020772,CARD0378,P00371,5411,1875.56,IN,2026-08-06 21:26:23,ONLINE
CRD0020774,CARD0378,P00095,5812,2230.44,IN,2026-07-02 08:23:13,ONLINE
CRD0020777,CARD0378,P00095,5812,675.45,IN,2026-07-08 19:33:27,ONLINE
CRD0020786,CARD0378,P00095,5812,444.17,IN,2026-08-14 16:35:39,ONLINE
CRD0020791,CARD0378,P00002,6012,2687.37,IN,2026-07-01 19:10:38,ONLINE
CRD0020794,CARD0378,P00114,4814,678.5,IN,2026-09-09 13:41:42,ONLINE
CRD0020795,CARD0378,P00059,6012,5656.76,IN,2026-07-05 09:14:31,ONLINE
CRD0020802,CARD0378,P00095,5812,3005.73,IN,2026-08-18 18:15:08,ONLINE
CRD0020803,CARD0378,P00192,5311,2658.16,IN,2026-09-10 15:34:11,ONLINE
CRD0020808,CARD0378,P00095,5812,1711.46,IN,2026-07-31 10:57:17,ONLINE
CRD0020811,CARD0378,P00002,6012,6581.36,IN,2026-09-11 15:29:13,POS4168
CRD0020812,CARD0378,P00287,4900,10769.95,IN,2026-08-15 18:36:26,ONLINE
CRD0020814,CARD0378,P00392,5812,1092.52,IN,2026-09-03 13:31:33,ONLINE
CRD0020823,CARD0379,P00027,5311,5240.0,IN,2026-07-13 17:05:54,POS3436
CRD0020824,CARD0379,P00134,5541,3688.11,IN,2026-07-15 18:47:44,ONLINE
CRD0020826,CARD0379,P00372,4814,654.04,IN,2026-07-12 20:41:20,ONLINE
CRD0020827,CARD0379,P00113,6513,5698.84,IN,2026-07-07 17:44:04,ONLINE
CRD0020832,CARD0379,P00099,5411,1266.55,IN,2026-08-07 13:04:27,ONLINE
CRD0020833,CARD0379,P00257,6012,1311.11,IN,2026-08-01 16:09:43,POS3481
CRD0020838,CARD0379,P00372,4814,1027.55,IN,2026-07-07 17:59:44,POS5604
CRD0020840,CARD0379,P00099,5411,992.65,IN,2026-08-06 09:03:20,POS9229
CRD0020847,CARD0379,P00265,5411,5420.39,IN,2026-07-22 09:14:29,ONLINE
CRD0020861,CARD0380,P00346,5541,3150.14,IN,2026-07-06 13:16:33,ONLINE
CRD0020866,CARD0380,P00241,5411,1472.35,IN,2026-07-11 19:49:39,ONLINE
CRD0020870,CARD0380,P00035,7832,783.68,IN,2026-09-01 22:01:39,POS3933
CRD0020871,CARD0380,P00206,5541,2800.04,IN,2026-07-05 11:59:47,POS1806
CRD0020874,CARD0380,P00195,6012,1446.36,IN,2026-09-01 13:17:38,POS4250
CRD0020878,CARD0380,P00206,5541,2012.44,IN,2026-08-16 14:32:44,ONLINE
CRD0020880,CARD0380,P00007,5812,1303.15,IN,2026-08-10 08:52:04,POS4556
CRD0020881,CARD0380,P00307,5311,1736.19,IN,2026-07-26 13:52:27,ONLINE
CRD0020884,CARD0380,P00364,5411,1809.96,IN,2026-08-24 23:29:57,POS6689
CRD0020888,CARD0380,P00364,5411,2061.52,IN,2026-08-04 19:56:37,ONLINE
CRD0020911,CARD0381,P00051,6012,3493.64,IN,2026-07-20 13:43:32,ONLINE
CRD0020914,CARD0381,P00101,5311,2922.39,IN,2026-07-12 12:53:03,ONLINE
CRD0020916,CARD0381,P00048,5812,1390.53,IN,2026-07-07 21:41:48,POS3077
CRD0020926,CARD0381,P00083,5311,4194.67,IN,2026-07-27 10:01:34,ONLINE
CRD0020931,CARD0381,P00051,6012,2499.9,IN,2026-08-14 12:40:35,POS3325
CRD0020937,CARD0381,P00130,5411,2136.86,IN,2026-07-14 16:14:07,POS4410
CRD0020938,CARD0381,P00146,5411,1255.92,IN,2026-09-13 08:39:28,ONLINE
CRD0020940,CARD0381,P00051,6012,2559.04,IN,2026-07-14 09:33:05,ONLINE
CRD0020941,CARD0381,P00051,6012,2488.43,IN,2026-08-29 10:29:31,ONLINE
CRD0020952,CARD0381,P00051,6012,3919.13,IN,2026-08-09 07:13:38,POS8753
CRD0020956,CARD0381,P00023,4722,6977.14,IN,2026-08-05 01:44:43,ONLINE
CRD0020959,CARD0381,P00301,5812,450.06,IN,2026-07-25 17:05:47,ONLINE
CRD0020960,CARD0381,P00101,5311,4509.07,IN,2026-09-06 20:23:31,ONLINE
CRD0020966,CARD0382,P00180,4900,4636.38,IN,2026-08-22 18:40:16,ONLINE
CRD0020977,CARD0382,P00376,5812,2561.28,IN,2026-08-07 21:14:45,POS6423
CRD0020980,CARD0382,P00209,5411,6031.75,IN,2026-08-28 07:09:10,ONLINE
CRD0020984,CARD0382,P00323,4722,6509.74,IN,2026-07-18 15:46:11,POS9754
CRD0020989,CARD0382,P00334,5812,941.23,IN,2026-08-03 03:46:04,ONLINE
CRD0020998,CARD0382,P00209,5411,3425.74,IN,2026-07-14 20:42:42,ONLINE
CRD0021004,CARD0382,P00382,5812,932.73,IN,2026-07-11 10:44:37,ONLINE
CRD0021006,CARD0382,P00209,5411,4365.52,IN,2026-07-04 12:21:36,POS6024
CRD0021011,CARD0382,P00004,5411,2577.85,IN,2026-07-11 07:51:49,POS8171
CRD0021029,CARD0383,P00239,5411,1763.87,IN,2026-07-04 17:31:58,POS9254
CRD0021031,CARD0383,P00272,5812,181.6,IN,2026-09-13 16:50:20,ONLINE
CRD0021032,CARD0383,P00203,5541,3963.76,IN,2026-08-15 12:57:34,POS6008
CRD0021039,CARD0383,P00203,5541,736.81,IN,2026-07-02 20:07:56,ONLINE
CRD0021041,CARD0383,P00295,8011,1386.11,IN,2026-09-03 09:16:18,POS7900
CRD0021043,CARD0383,P00203,5541,2006.24,IN,2026-07-02 06:16:37,POS7284
CRD0021044,CARD0383,P00246,5411,1588.74,IN,2026-08-23 10:51:54,POS8371
CRD0021053,CARD0383,P00160,4722,2829.88,IN,2026-08-25 21:47:23,POS8038
CRD0021054,CARD0383,P00203,5541,2576.71,IN,2026-07-13 20:40:02,ONLINE
CRD0021055,CARD0383,P00239,5411,238.93,IN,2026-09-08 13:38:04,ONLINE
CRD0021056,CARD0383,P00204,4900,983.07,IN,2026-09-09 15:54:13,ONLINE
CRD0021063,CARD0383,P00151,6513,8727.86,IN,2026-08-04 12:13:25,ONLINE
CRD0021064,CARD0383,P00239,5411,454.77,IN,2026-08-30 19:47:44,ONLINE
CRD0021070,CARD0383,P00088,5812,1116.97,IN,2026-08-21 02:50:21,ONLINE
CRD0021073,CARD0383,P00002,6012,4138.73,IN,2026-08-09 17:44:26,ONLINE
CRD0021080,CARD0383,P00272,5812,829.32,IN,2026-08-28 20:04:49,POS1356
CRD0021082,CARD0383,P00203,5541,757.73,IN,2026-08-31 08:08:18,ONLINE
CRD0021085,CARD0383,P00272,5812,740.14,IN,2026-07-19 11:41:43,ONLINE
CRD0021094,CARD0384,P00227,4814,811.61,IN,2026-08-18 10:26:59,POS7093
CRD0021097,CARD0384,P00374,6513,10345.93,IN,2026-07-09 17:28:02,POS6130
CRD0021098,CARD0384,P00227,4814,806.72,IN,2026-07-21 18:35:30,POS6939
CRD0021103,CARD0384,P00158,5311,7108.82,IN,2026-07-17 14:15:59,POS2520
CRD0021104,CARD0384,P00158,5311,17442.04,IN,2026-09-01 21:30:42,ONLINE
CRD0021108,CARD0384,P00325,4722,14979.85,IN,2026-08-16 08:16:51,POS4863
CRD0021109,CARD0384,P00125,5812,5845.22,IN,2026-09-06 19:27:48,ONLINE
CRD0021111,CARD0384,P00352,4814,1753.32,IN,2026-08-24 09:00:08,POS5838
CRD0021113,CARD0384,P00391,5541,4214.23,IN,2026-07-18 09:39:46,ONLINE
CRD0021118,CARD0384,P00325,4722,10957.0,IN,2026-07-30 18:35:40,POS2107
CRD0021123,CARD0384,P00324,5311,6641.39,IN,2026-08-13 21:20:22,POS2350
CRD0021125,CARD0384,P00301,5812,457.73,IN,2026-08-08 14:02:15,ONLINE
CRD0021126,CARD0384,P00125,5812,1535.79,IN,2026-08-17 10:38:00,ONLINE
CRD0021127,CARD0384,P00324,5311,4554.78,IN,2026-08-09 17:44:26,ONLINE
CRD0021129,CARD0384,P00158,5311,9813.65,IN,2026-08-13 21:04:54,ONLINE
CRD0021131,CARD0384,P00352,4814,696.87,IN,2026-08-07 18:23:38,POS5908
CRD0021133,CARD0384,P00302,7832,2654.6,IN,2026-08-30 10:44:15,ONLINE
CRD0021140,CARD0385,P00143,5411,3865.78,IN,2026-07-25 20:46:18,POS7957
CRD0021143,CARD0385,P00102,4722,5053.45,IN,2026-09-10 03:31:26,ONLINE
CRD0021144,CARD0385,P00218,5812,599.09,IN,2026-07-22 01:28:10,POS3929
CRD0021149,CARD0385,P00347,7832,1541.4,IN,2026-07-18 17:09:23,ONLINE
CRD0021151,CARD0385,P00065,5541,1781.34,IN,2026-08-30 14:28:03,POS4894
CRD0021156,CARD0385,P00143,5411,1465.78,IN,2026-07-18 15:19:18,ONLINE
CRD0021157,CARD0385,P00143,5411,2808.11,IN,2026-08-20 18:49:40,ONLINE
CRD0021168,CARD0385,P00226,5541,2599.34,IN,2026-09-02 14:55:30,ONLINE
CRD0021170,CARD0385,P00384,6513,5770.83,IN,2026-07-19 15:43:28,POS9656
CRD0021182,CARD0386,P00109,8011,659.03,IN,2026-08-29 08:01:53,POS8133
CRD0021184,CARD0386,P00087,5812,1705.21,IN,2026-08-20 11:00:13,POS4803
CRD0021186,CARD0386,P00001,6012,6498.19,IN,2026-08-29 19:58:55,POS1569
CRD0021187,CARD0386,P00322,6012,3010.46,IN,2026-09-08 19:44:46,POS7805
CRD0021188,CARD0386,P00109,8011,1931.22,IN,2026-09-02 20:13:40,ONLINE
CRD0021189,CARD0386,P00001,6012,6174.09,IN,2026-07-14 08:44:41,POS8521
CRD0021197,CARD0386,P00087,5812,600.0,IN,2026-09-10 08:03:48,ONLINE
CRD0021202,CARD0386,P00161,5812,3353.7,IN,2026-07-23 08:44:25,POS5488
CRD0021203,CARD0386,P00001,6012,1615.04,IN,2026-07-06 20:56:38,POS4137
CRD0021206,CARD0386,P00235,4722,7670.89,IN,2026-09-04 21:56:36,ONLINE
CRD0021209,CARD0386,P00087,5812,541.72,IN,2026-07-08 20:12:37,ONLINE
CRD0021211,CARD0386,P00399,4814,2058.2,IN,2026-08-12 17:53:57,ONLINE
CRD0021212,CARD0386,P00012,5541,2902.36,IN,2026-09-02 16:11:57,POS1736
CRD0021214,CARD0386,P00012,5541,2237.45,IN,2026-07-10 08:16:06,POS5631
CRD0021220,CARD0386,P00001,6012,1356.78,IN,2026-08-16 13:50:11,ONLINE
CRD0021229,CARD0386,P00012,5541,2497.08,IN,2026-08-15 21:59:19,ONLINE
CRD0021235,CARD0386,P00001,6012,4140.22,IN,2026-09-05 20:50:28,ONLINE
CRD0021237,CARD0386,P00012,5541,3290.41,IN,2026-08-05 06:40:09,ONLINE
CRD0021244,CARD0387,P00260,5311,1732.85,IN,2026-08-14 22:59:05,POS4082
CRD0021245,CARD0387,P00260,5311,2163.05,IN,2026-09-01 15:27:09,ONLINE
CRD0021275,CARD0387,P00388,5411,1197.99,IN,2026-08-25 19:44:03,ONLINE
CRD0021279,CARD0387,P00175,5311,1720.64,IN,2026-08-01 20:43:13,ONLINE
CRD0021292,CARD0388,P00328,5311,23908.55,IN,2026-09-03 18:39:28,POS9850
CRD0021293,CARD0388,P00237,7832,4943.82,IN,2026-08-17 12:09:05,POS7710
CRD0021298,CARD0388,P00235,4722,31829.61,IN,2026-08-23 13:03:31,POS9734
CRD0021302,CARD0388,P00328,5311,19497.25,IN,2026-07-22 20:05:09,ONLINE
CRD0021303,CARD0388,P00237,7832,10719.81,IN,2026-08-25 02:53:07,ONLINE
CRD0021311,CARD0388,P00114,4814,1061.84,IN,2026-07-16 08:40:34,POS8748
CRD0021313,CARD0388,P00312,5411,12576.23,IN,2026-07-27 10:30:41,POS8700
CRD0021316,CARD0388,P00144,7832,1350.82,IN,2026-08-15 08:29:23,POS3577
CRD0021320,CARD0388,P00293,5812,2390.19,IN,2026-07-23 10:17:02,ONLINE
CRD0021323,CARD0388,P00031,6012,5608.6,IN,2026-08-24 16:34:02,ONLINE
CRD0021327,CARD0388,P00312,5411,8618.26,IN,2026-07-01 17:30:24,ONLINE
CRD0021330,CARD0388,P00293,5812,5039.79,IN,2026-09-11 18:05:18,ONLINE
CRD0021333,CARD0388,P00056,5812,8989.7,IN,2026-07-14 10:48:25,ONLINE
CRD0021339,CARD0388,P00190,4814,2814.65,IN,2026-07-04 15:44:32,POS8282
CRD0021340,CARD0388,P00056,5812,2299.59,IN,2026-08-04 13:09:49,POS9015
CRD0021345,CARD0388,P00312,5411,4198.44,IN,2026-07-05 13:05:59,ONLINE
CRD0021353,CARD0389,P00074,4722,2640.17,IN,2026-07-02 18:03:54,ONLINE
CRD0021354,CARD0389,P00147,8011,12131.86,IN,2026-08-11 18:38:32,ONLINE
CRD0021355,CARD0389,P00054,6012,3808.42,IN,2026-08-23 09:56:54,ONLINE
CRD0021363,CARD0389,P00391,5541,3552.82,IN,2026-07-03 18:56:45,ONLINE
CRD0021365,CARD0389,P00180,4900,4702.32,IN,2026-08-24 09:45:49,ONLINE
CRD0021375,CARD0389,P00120,5411,4811.73,IN,2026-07-13 20:33:06,POS6242
CRD0021377,CARD0389,P00074,4722,6389.11,IN,2026-09-07 17:42:11,POS6008
CRD0021379,CARD0389,P00083,5311,7510.41,IN,2026-08-24 14:40:10,POS1427
CRD0021383,CARD0389,P00095,5812,2505.9,IN,2026-08-25 18:08:35,POS2169
CRD0021385,CARD0389,P00212,5411,997.51,IN,2026-08-10 21:08:02,POS5799
CRD0021387,CARD0389,P00007,5812,1283.12,IN,2026-09-09 10:45:52,ONLINE
CRD0021390,CARD0389,P00164,6513,9055.84,IN,2026-08-05 11:42:14,ONLINE
CRD0021395,CARD0390,P00134,5541,1815.5,IN,2026-07-29 01:31:50,ONLINE
CRD0021405,CARD0390,P00105,5541,2064.36,IN,2026-07-24 13:12:40,ONLINE
CRD0021407,CARD0390,P00033,6513,8637.11,IN,2026-08-12 19:04:15,ONLINE
CRD0021408,CARD0390,P00264,5812,1106.98,IN,2026-07-18 11:00:38,ONLINE
CRD0021411,CARD0390,P00175,5311,28550.51,IN,2026-08-17 21:49:37,POS4835
CRD0021412,CARD0390,P00336,5812,1146.21,IN,2026-07-15 00:25:40,POS4497
CRD0021421,CARD0391,P00044,5411,1053.85,IN,2026-07-19 18:26:16,POS3384
CRD0021432,CARD0391,P00044,5411,892.09,IN,2026-08-18 10:36:06,POS6031
CRD0021437,CARD0391,P00360,5541,288.83,IN,2026-07-20 08:55:42,POS4753
CRD0021440,CARD0391,P00119,5812,148.15,IN,2026-07-24 11:42:33,POS2078
CRD0021448,CARD0391,P00005,4814,722.94,IN,2026-09-06 15:24:34,POS2939
CRD0021454,CARD0391,P00305,5812,86.08,IN,2026-08-07 21:18:04,ONLINE
CRD0021457,CARD0391,P00100,8011,1217.86,IN,2026-08-19 09:23:58,ONLINE
CRD0021467,CARD0391,P00044,5411,898.02,IN,2026-08-22 14:43:21,ONLINE
CRD0021470,CARD0391,P00080,5812,140.77,IN,2026-08-01 23:20:51,ONLINE
CRD0021474,CARD0391,P00122,8011,2284.75,IN,2026-08-30 23:59:16,ONLINE
CRD0021491,CARD0391,P00305,5812,566.63,IN,2026-08-20 20:17:00,POS2607
CRD0021500,CARD0392,P00315,4900,3938.55,IN,2026-09-07 16:43:23,POS8623
CRD0021502,CARD0392,P00315,4900,1412.36,IN,2026-07-02 14:59:33,ONLINE
CRD0021504,CARD0392,P00071,5411,2671.89,IN,2026-07-26 17:48:37,ONLINE
CRD0021512,CARD0392,P00186,4900,4728.44,IN,2026-07-27 19:16:44,ONLINE
CRD0021519,CARD0392,P00256,4900,1127.14,IN,2026-08-23 14:05:39,POS8926
CRD0021520,CARD0392,P00030,8011,1940.34,IN,2026-08-07 15:21:46,POS9353
CRD0021533,CARD0392,P00100,8011,1545.77,IN,2026-08-10 19:07:54,POS4200
CRD0021535,CARD0392,P00095,5812,1733.77,IN,2026-09-11 15:36:46,ONLINE
CRD0021536,CARD0392,P00030,8011,5463.64,IN,2026-08-07 10:08:30,POS2099
CRD0021538,CARD0392,P00391,5541,6806.7,IN,2026-07-05 21:21:25,ONLINE
CRD0021539,CARD0392,P00391,5541,2132.22,IN,2026-09-06 16:09:07,POS1674
CRD0021543,CARD0392,P00186,4900,1101.14,IN,2026-07-31 15:52:41,POS2231
CRD0021545,CARD0392,P00388,5411,1598.2,IN,2026-07-21 18:39:30,POS8596
CRD0021549,CARD0392,P00388,5411,1320.66,IN,2026-08-25 11:43:47,POS2863
CRD0021550,CARD0392,P00030,8011,1717.81,IN,2026-07-06 18:24:40,ONLINE
CRD0021552,CARD0392,P00388,5411,969.14,IN,2026-07-30 08:15:28,ONLINE
CRD0021554,CARD0392,P00100,8011,1070.05,IN,2026-07-06 19:41:27,ONLINE
CRD0021561,CARD0392,P00100,8011,5605.16,IN,2026-07-27 19:55:38,POS4308
CRD0021563,CARD0392,P00071,5411,2842.89,IN,2026-09-12 12:19:47,ONLINE
CRD0021566,CARD0392,P00256,4900,4205.64,IN,2026-07-10 17:46:51,POS5312
CRD0021568,CARD0392,P00355,4814,421.38,IN,2026-08-14 18:19:08,ONLINE
CRD0021573,CARD0392,P00364,5411,3257.24,IN,2026-08-06 18:58:04,ONLINE
CRD0021580,CARD0393,P00197,6012,9515.78,IN,2026-08-29 18:47:51,ONLINE
CRD0021584,CARD0393,P00168,5411,693.67,IN,2026-07-09 16:35:43,POS9856
CRD0021585,CARD0393,P00361,5411,2701.15,IN,2026-07-11 18:49:44,POS2429
CRD0021587,CARD0393,P00074,4722,5686.0,IN,2026-08-03 07:49:44,POS4558
CRD0021590,CARD0393,P00197,6012,2508.61,IN,2026-09-11 20:19:55,POS4638
CRD0021595,CARD0393,P00370,5812,2743.09,IN,2026-09-08 11:37:25,POS3005
CRD0021600,CARD0393,P00370,5812,1714.21,IN,2026-09-01 16:22:31,ONLINE
CRD0021601,CARD0393,P00321,5812,3303.49,IN,2026-07-01 13:39:04,POS1945
CRD0021602,CARD0393,P00370,5812,1694.99,IN,2026-07-23 05:58:00,POS4497
CRD0021608,CARD0394,P00141,4900,5018.6,IN,2026-07-26 16:43:21,POS3167
CRD0021610,CARD0394,P00244,5541,1479.33,IN,2026-08-20 14:28:43,POS9353
CRD0021623,CARD0394,P00141,4900,2413.73,IN,2026-08-17 19:03:05,ONLINE
CRD0021625,CARD0394,P00388,5411,2244.24,IN,2026-08-11 21:17:32,ONLINE
CRD0021626,CARD0394,P00148,5311,3480.51,IN,2026-07-30 03:44:04,POS5621
CRD0021627,CARD0394,P00186,4900,2701.6,IN,2026-07-09 17:36:35,ONLINE
CRD0021637,CARD0394,P00030,8011,2144.92,IN,2026-08-06 22:20:22,POS7493
CRD0021639,CARD0394,P00355,4814,1355.78,IN,2026-08-16 14:25:49,POS8360
CRD0021642,CARD0394,P00069,5311,3803.59,IN,2026-07-27 20:50:46,ONLINE
CRD0021649,CARD0394,P00243,6012,761.79,IN,2026-09-13 15:51:01,POS2499
CRD0021650,CARD0394,P00030,8011,1602.78,IN,2026-07-05 21:29:49,ONLINE
CRD0021651,CARD0394,P00111,6513,25560.41,IN,2026-08-04 15:35:39,POS2767
CRD0021656,CARD0394,P00205,6012,1934.73,IN,2026-09-06 13:17:13,POS6997
CRD0021662,CARD0395,P00375,5812,163.47,IN,2026-07-14 19:44:46,POS8841
CRD0021667,CARD0395,P00025,5311,745.8,IN,2026-07-08 19:15:18,POS8396
CRD0021672,CARD0395,P00375,5812,173.02,IN,2026-08-27 02:32:47,POS3884
CRD0021675,CARD0395,P00297,8011,973.23,IN,2026-08-31 14:27:08,POS8247
CRD0021679,CARD0395,P00157,6513,1370.49,IN,2026-08-15 22:24:00,ONLINE
CRD0021684,CARD0395,P00375,5812,470.32,IN,2026-07-01 13:03:17,ONLINE
CRD0021685,CARD0395,P00025,5311,2834.11,IN,2026-09-12 11:00:14,POS4204
CRD0021689,CARD0395,P00099,5411,624.78,IN,2026-08-05 13:22:42,POS4622
CRD0021690,CARD0395,P00021,4900,363.86,IN,2026-07-07 22:13:05,POS8530
CRD0021698,CARD0395,P00092,5411,595.79,IN,2026-08-21 13:59:13,POS7847
CRD0021700,CARD0395,P00157,6513,2369.23,IN,2026-07-10 10:45:02,ONLINE
CRD0021702,CARD0395,P00099,5411,354.88,IN,2026-07-30 18:01:12,POS4490
CRD0021705,CARD0395,P00099,5411,1157.67,IN,2026-09-02 19:43:39,POS2393
CRD0021711,CARD0395,P00021,4900,852.44,IN,2026-07-01 16:23:09,ONLINE
CRD0021712,CARD0395,P00021,4900,1425.89,IN,2026-09-12 13:39:16,POS5398
CRD0021719,CARD0395,P00375,5812,57.09,IN,2026-07-23 21:49:00,POS2301
CRD0021738,CARD0395,P00262,5812,395.79,IN,2026-07-27 18:25:17,ONLINE
CRD0021740,CARD0395,P00225,5411,193.18,IN,2026-08-06 20:41:54,ONLINE
CRD0021745,CARD0395,P00225,5411,433.62,IN,2026-09-09 17:03:52,ONLINE
CRD0021746,CARD0395,P00225,5411,898.55,IN,2026-07-10 20:55:26,ONLINE
CRD0021748,CARD0395,P00225,5411,456.45,IN,2026-07-31 20:40:15,ONLINE
CRD0021752,CARD0395,P00375,5812,196.97,IN,2026-07-25 19:47:25,POS1945
CRD0021753,CARD0395,P00297,8011,1133.68,IN,2026-09-03 10:44:34,ONLINE
CRD0021755,CARD0395,P00225,5411,471.94,IN,2026-07-08 22:17:22,ONLINE
CRD0021757,CARD0395,P00157,6513,3187.77,IN,2026-07-02 19:00:34,ONLINE
CRD0021767,CARD0396,P00245,5311,9295.7,IN,2026-09-09 13:17:11,POS3552
CRD0021768,CARD0396,P00142,6012,7109.93,IN,2026-09-10 10:18:54,ONLINE
CRD0021770,CARD0396,P00264,5812,2183.82,IN,2026-07-11 09:45:02,ONLINE
CRD0021771,CARD0396,P00109,8011,4879.83,IN,2026-07-20 14:15:34,POS4217
CRD0021774,CARD0396,P00127,6012,2285.11,IN,2026-08-01 15:41:48,POS6748
CRD0021779,CARD0396,P00009,6012,3090.2,IN,2026-07-09 17:12:38,POS3565
CRD0021780,CARD0396,P00009,6012,2506.82,IN,2026-07-20 19:44:09,POS6144
CRD0021787,CARD0396,P00296,5812,849.83,IN,2026-07-24 07:51:55,ONLINE
CRD0021788,CARD0396,P00009,6012,8059.92,IN,2026-08-03 08:45:26,ONLINE
CRD0021798,CARD0396,P00162,5411,2481.55,IN,2026-07-10 11:03:32,POS6211
CRD0021804,CARD0396,P00313,5541,6942.0,IN,2026-07-14 08:40:58,POS6112
CRD0021805,CARD0396,P00213,4900,8645.83,IN,2026-08-12 19:38:59,POS9359
CRD0021807,CARD0396,P00213,4900,3023.64,IN,2026-08-25 19:57:49,POS3154
CRD0021809,CARD0396,P00236,5411,4070.11,IN,2026-09-03 11:01:23,POS6880
CRD0021811,CARD0396,P00213,4900,7618.45,IN,2026-07-10 19:25:15,POS8599
CRD0021815,CARD0396,P00109,8011,4740.38,IN,2026-07-04 14:51:57,ONLINE
CRD0021817,CARD0396,P00213,4900,6351.43,IN,2026-08-01 16:16:45,POS5696
CRD0021823,CARD0396,P00245,5311,7545.35,IN,2026-08-18 11:21:01,ONLINE
CRD0021824,CARD0396,P00264,5812,3583.11,IN,2026-07-16 17:49:05,ONLINE
CRD0021827,CARD0396,P00127,6012,5321.96,IN,2026-08-14 10:13:05,POS9856
CRD0021828,CARD0396,P00364,5411,2571.57,IN,2026-07-30 17:55:13,POS6548
CRD0021831,CARD0396,P00313,5541,4941.52,IN,2026-09-06 10:17:47,POS4286
CRD0021837,CARD0396,P00236,5411,3640.36,IN,2026-07-23 20:38:23,POS8714
CRD0021841,CARD0397,P00323,4722,1338.31,IN,2026-08-20 21:52:25,POS5945
CRD0021846,CARD0397,P00202,5541,4553.2,IN,2026-07-27 14:47:31,ONLINE
CRD0021847,CARD0397,P00061,5411,1399.76,IN,2026-09-04 20:28:06,POS9169
CRD0021852,CARD0397,P00163,5411,3814.57,IN,2026-09-04 16:28:23,ONLINE
CRD0021868,CARD0397,P00188,5812,1067.08,IN,2026-08-23 18:12:45,ONLINE
CRD0021875,CARD0397,P00061,5411,1250.92,IN,2026-07-24 18:51:26,POS2673
CRD0021879,CARD0397,P00042,5311,2348.82,IN,2026-08-29 21:06:25,ONLINE
CRD0021883,CARD0398,P00296,5812,1382.86,IN,2026-08-23 15:34:01,ONLINE
CRD0021885,CARD0398,P00239,5411,7173.98,IN,2026-07-01 20:02:51,ONLINE
CRD0021886,CARD0398,P00215,4722,12020.0,IN,2026-07-03 16:35:14,POS5231
CRD0021891,CARD0398,P00312,5411,9643.85,IN,2026-09-02 16:45:02,POS3181
CRD0021896,CARD0398,P00243,6012,3266.15,IN,2026-09-05 12:06:49,POS3968
CRD0021901,CARD0398,P00282,5411,2017.44,IN,2026-07-25 08:58:18,POS3098
CRD0021902,CARD0398,P00232,4722,8429.64,IN,2026-07-01 20:31:07,POS7147
CRD0021904,CARD0398,P00282,5411,5116.55,IN,2026-08-09 12:00:36,ONLINE
CRD0021907,CARD0398,P00232,4722,9144.08,IN,2026-07-07 08:37:24,ONLINE
CRD0021910,CARD0398,P00276,7832,3627.33,IN,2026-08-14 08:30:38,POS1254
CRD0021919,CARD0398,P00296,5812,2810.76,IN,2026-09-06 19:39:05,POS3778
CRD0021925,CARD0398,P00282,5411,8077.79,IN,2026-07-20 08:04:09,ONLINE
CRD0021938,CARD0399,P00215,4722,2530.37,IN,2026-07-03 08:53:52,ONLINE
CRD0021943,CARD0399,P00193,5311,2811.93,IN,2026-08-31 15:49:33,ONLINE
CRD0021950,CARD0399,P00154,7832,1342.9,IN,2026-07-06 20:36:35,POS4165
CRD0021955,CARD0399,P00019,4814,883.46,IN,2026-07-31 06:10:22,ONLINE
CRD0021957,CARD0399,P00023,4722,6869.0,IN,2026-08-31 19:19:46,ONLINE
CRD0021958,CARD0399,P00372,4814,1007.73,IN,2026-08-15 21:13:18,POS4896
CRD0021961,CARD0399,P00301,5812,265.03,IN,2026-07-03 09:26:16,POS5302
CRD0021967,CARD0399,P00380,5411,3453.35,IN,2026-08-24 17:14:18,POS9881
CRD0021974,CARD0399,P00380,5411,803.03,IN,2026-07-09 19:35:35,ONLINE
CRD0021981,CARD0399,P00203,5541,563.54,IN,2026-07-17 20:48:41,POS8267
CRD0021989,CARD0399,P00358,6513,1272.58,IN,2026-08-31 19:04:39,POS4628
CRD0021996,CARD0399,P00047,6012,1006.14,IN,2026-07-03 21:12:24,ONLINE
CRD0022002,CARD0399,P00304,5541,1286.25,IN,2026-07-11 22:49:48,ONLINE
CRD0022016,CARD0400,P00256,4900,4241.92,IN,2026-07-09 14:02:14,POS4885
CRD0022024,CARD0400,P00017,5411,2424.65,IN,2026-08-04 18:05:15,ONLINE
CRD0022027,CARD0400,P00186,4900,9067.9,IN,2026-09-09 15:18:12,POS6555
CRD0022028,CARD0400,P00049,5411,1350.03,IN,2026-08-08 09:52:23,ONLINE
CRD0022031,CARD0400,P00375,5812,806.59,IN,2026-07-20 11:40:41,POS9782
CRD0022032,CARD0400,P00205,6012,2482.36,IN,2026-07-24 22:59:13,ONLINE
CRD0022039,CARD0401,P00355,4814,1342.76,IN,2026-07-22 06:50:14,POS2096
CRD0022041,CARD0401,P00355,4814,859.23,IN,2026-07-23 10:12:27,POS7127
CRD0022044,CARD0401,P00179,5812,1351.95,IN,2026-08-19 08:25:48,ONLINE
CRD0022048,CARD0401,P00271,5541,1618.92,IN,2026-07-01 18:51:54,POS6240
CRD0022050,CARD0401,P00195,6012,8406.29,IN,2026-07-17 19:00:12,POS5382
CRD0022052,CARD0401,P00107,4900,2157.25,IN,2026-07-05 17:58:46,ONLINE
CRD0022055,CARD0401,P00271,5541,1381.5,IN,2026-08-06 20:20:34,ONLINE
CRD0022056,CARD0401,P00344,5411,1882.53,IN,2026-07-10 16:19:35,ONLINE
CRD0022057,CARD0401,P00185,5541,7286.42,IN,2026-07-03 11:00:51,POS9334
CRD0022059,CARD0401,P00355,4814,1695.1,IN,2026-08-17 18:28:50,POS7235
CRD0022069,CARD0401,P00002,6012,4705.11,IN,2026-09-08 07:58:55,ONLINE
CRD0022077,CARD0401,P00347,7832,540.5,IN,2026-09-05 17:50:15,ONLINE
CRD0022081,CARD0401,P00084,7832,1154.33,IN,2026-07-21 09:30:00,POS2422
CRD0022091,CARD0401,P00344,5411,2177.08,IN,2026-07-07 20:05:59,POS3972
CRD0022108,CARD0402,P00104,5541,1568.16,IN,2026-09-04 18:29:09,POS5003
CRD0022112,CARD0402,P00239,5411,1069.33,IN,2026-07-12 10:04:48,POS6448
CRD0022113,CARD0402,P00094,6012,1742.7,IN,2026-07-27 13:09:49,ONLINE
CRD0022127,CARD0402,P00312,5411,1522.04,IN,2026-09-10 07:52:21,POS3184
CRD0022130,CARD0402,P00082,5411,779.07,IN,2026-08-20 06:36:48,POS5919
CRD0022132,CARD0402,P00157,6513,3183.6,IN,2026-09-02 21:10:07,ONLINE
CRD0022146,CARD0402,P00391,5541,2795.21,IN,2026-08-27 11:06:03,POS8622
CRD0022149,CARD0402,P00094,6012,3943.53,IN,2026-07-08 15:48:59,ONLINE
CRD0022150,CARD0402,P00140,5411,2996.48,IN,2026-07-21 11:12:19,POS8772
CRD0022152,CARD0402,P00312,5411,873.13,IN,2026-07-22 17:18:22,ONLINE
CRD0022153,CARD0402,P00135,6012,5232.65,IN,2026-07-04 15:36:24,ONLINE
CRD0022154,CARD0402,P00157,6513,17237.66,IN,2026-09-11 18:46:04,POS3356
CRD0022155,CARD0402,P00267,5812,237.41,IN,2026-07-04 19:22:51,POS8619
CRD0022156,CARD0402,P00116,6012,2298.78,IN,2026-07-15 19:25:15,POS5115
CRD0022157,CARD0402,P00082,5411,443.41,IN,2026-08-28 12:54:20,ONLINE
CRD0022166,CARD0402,P00272,5812,346.05,IN,2026-09-01 14:23:16,POS9943
CRD0022168,CARD0402,P00082,5411,809.94,IN,2026-09-07 19:20:21,ONLINE
CRD0022171,CARD0402,P00157,6513,6252.92,IN,2026-08-20 09:57:36,ONLINE
CRD0022174,CARD0402,P00156,6012,1797.2,IN,2026-09-01 18:48:05,POS5449
CRD0022175,CARD0402,P00312,5411,1487.32,IN,2026-07-21 15:16:36,POS9340
CRD0022177,CARD0402,P00094,6012,1362.39,IN,2026-07-03 16:05:52,POS1472
CRD0022179,CARD0402,P00239,5411,1402.97,IN,2026-09-04 15:02:52,POS4390
CRD0022186,CARD0402,P00082,5411,812.78,IN,2026-07-31 18:45:25,POS4825
CRD0022195,CARD0403,P00241,5411,615.56,IN,2026-07-18 22:12:16,ONLINE
CRD0022201,CARD0403,P00076,5411,671.03,IN,2026-09-01 20:10:01,POS4990
CRD0022205,CARD0403,P00076,5411,1619.97,IN,2026-07-14 15:13:08,ONLINE
CRD0022207,CARD0403,P00159,5541,558.61,IN,2026-08-28 12:27:06,ONLINE
CRD0022209,CARD0403,P00014,6012,450.67,IN,2026-08-21 16:48:40,ONLINE
CRD0022213,CARD0403,P00237,7832,299.16,IN,2026-07-14 17:50:44,POS1357
CRD0022215,CARD0403,P00166,5411,378.31,IN,2026-08-09 17:47:31,POS3887
CRD0022217,CARD0403,P00028,5411,242.56,IN,2026-09-09 12:02:05,ONLINE
CRD0022222,CARD0403,P00390,4900,2441.18,IN,2026-09-07 06:31:16,POS6005
CRD0022228,CARD0403,P00279,5812,102.89,IN,2026-07-14 15:02:14,ONLINE
CRD0022229,CARD0403,P00159,5541,462.67,IN,2026-08-14 09:41:13,ONLINE
CRD0022234,CARD0403,P00166,5411,788.81,IN,2026-09-04 19:49:02,POS3437
CRD0022237,CARD0403,P00237,7832,201.59,IN,2026-07-28 11:14:13,POS1914
CRD0022238,CARD0403,P00390,4900,1086.26,IN,2026-09-12 09:11:00,ONLINE
CRD0022245,CARD0403,P00390,4900,749.87,IN,2026-08-07 17:06:40,ONLINE
CRD0022246,CARD0403,P00241,5411,1912.59,IN,2026-07-16 18:15:55,POS7030
CRD0022250,CARD0403,P00166,5411,1797.24,IN,2026-08-04 16:33:01,ONLINE
CRD0022261,CARD0404,P00247,6012,4505.59,IN,2026-08-04 18:59:13,ONLINE
CRD0022264,CARD0404,P00286,5812,1580.71,IN,2026-08-06 19:20:42,ONLINE
CRD0022266,CARD0404,P00398,5541,1891.7,IN,2026-07-09 11:38:33,ONLINE
CRD0022270,CARD0404,P00273,5411,1787.15,IN,2026-07-22 18:29:30,ONLINE
CRD0022271,CARD0404,P00044,5411,2208.65,IN,2026-07-19 21:28:54,POS6906
CRD0022275,CARD0404,P00121,5812,1344.86,IN,2026-07-15 20:03:33,ONLINE
CRD0022276,CARD0404,P00044,5411,2148.24,IN,2026-07-18 21:48:08,ONLINE
CRD0022277,CARD0404,P00044,5411,3277.96,IN,2026-07-30 17:33:32,ONLINE
CRD0022278,CARD0404,P00044,5411,4312.62,IN,2026-07-11 22:13:09,POS1010
CRD0022279,CARD0404,P00044,5411,2054.63,IN,2026-07-21 18:05:13,POS8949
CRD0022280,CARD0404,P00121,5812,1202.09,IN,2026-09-06 08:28:10,ONLINE
CRD0022281,CARD0404,P00286,5812,891.48,IN,2026-07-20 15:00:55,ONLINE
CRD0022286,CARD0404,P00236,5411,1186.06,IN,2026-08-01 16:33:58,POS2721
CRD0022295,CARD0404,P00286,5812,1527.54,IN,2026-08-10 19:09:44,POS8432
CRD0022296,CARD0404,P00130,5411,2932.58,IN,2026-09-01 09:02:35,POS1605
CRD0022297,CARD0404,P00247,6012,970.78,IN,2026-08-12 08:00:11,POS2240
CRD0022298,CARD0404,P00286,5812,644.18,IN,2026-08-12 09:47:13,POS7544
CRD0022300,CARD0404,P00236,5411,1911.66,IN,2026-07-29 10:12:22,ONLINE
CRD0022301,CARD0404,P00398,5541,3754.59,IN,2026-07-23 00:12:07,POS9908
CRD0022302,CARD0404,P00151,6513,6889.52,IN,2026-07-21 09:02:38,POS9383
CRD0022303,CARD0404,P00386,6012,1750.54,IN,2026-08-07 09:03:42,POS3314
CRD0022309,CARD0404,P00398,5541,2876.82,IN,2026-08-05 17:21:38,ONLINE
CRD0022317,CARD0405,P00059,6012,5096.63,IN,2026-07-15 18:12:44,ONLINE
CRD0022319,CARD0405,P00033,6513,13502.76,IN,2026-09-04 10:56:23,ONLINE
CRD0022321,CARD0405,P00344,5411,1204.05,IN,2026-09-08 12:30:35,ONLINE
CRD0022324,CARD0405,P00033,6513,18751.89,IN,2026-08-23 09:10:42,ONLINE
CRD0022329,CARD0405,P00109,8011,3845.44,IN,2026-08-17 17:04:26,ONLINE
CRD0022336,CARD0405,P00387,4722,9871.83,IN,2026-07-07 23:50:21,POS3622
CRD0022339,CARD0405,P00097,5541,3865.75,IN,2026-08-02 21:00:13,ONLINE
CRD0022341,CARD0405,P00207,5411,1914.75,IN,2026-08-05 14:51:04,ONLINE
CRD0022342,CARD0405,P00262,5812,1287.51,IN,2026-08-27 12:38:21,POS1163
CRD0022347,CARD0405,P00013,5311,10446.29,IN,2026-07-28 19:19:21,POS5520
CRD0022348,CARD0405,P00304,5541,2030.77,IN,2026-08-01 09:33:57,POS5551
CRD0022350,CARD0405,P00262,5812,914.06,IN,2026-08-03 19:27:39,POS4189
CRD0022356,CARD0405,P00347,7832,3625.44,IN,2026-09-08 08:00:46,POS6911
CRD0022357,CARD0405,P00013,5311,17810.4,IN,2026-07-10 22:46:44,POS2572
CRD0022361,CARD0405,P00033,6513,8615.21,IN,2026-08-27 20:25:27,ONLINE
CRD0022374,CARD0405,P00187,4722,23437.0,IN,2026-09-07 08:25:44,ONLINE
CRD0022376,CARD0405,P00118,4722,2372.93,IN,2026-07-20 20:22:41,POS5222
CRD0022377,CARD0405,P00262,5812,1892.89,IN,2026-08-08 16:39:40,ONLINE
CRD0022379,CARD0405,P00059,6012,2469.87,IN,2026-08-26 14:35:16,ONLINE
CRD0022385,CARD0405,P00347,7832,1906.2,IN,2026-08-30 08:14:45,ONLINE
CRD0022398,CARD0406,P00303,6012,1596.32,IN,2026-08-28 12:14:37,POS2077
CRD0022411,CARD0406,P00257,6012,1455.0,IN,2026-07-23 08:52:18,ONLINE
CRD0022413,CARD0406,P00373,6012,335.1,IN,2026-08-01 11:01:07,POS2301
CRD0022414,CARD0406,P00303,6012,902.22,IN,2026-07-19 14:11:48,ONLINE
CRD0022418,CARD0406,P00005,4814,384.08,IN,2026-07-31 17:34:54,ONLINE
CRD0022419,CARD0406,P00303,6012,1204.35,IN,2026-07-30 16:10:01,POS3755
CRD0022420,CARD0406,P00371,5411,671.58,IN,2026-09-10 20:28:14,POS2560
CRD0022427,CARD0407,P00015,4722,3117.77,IN,2026-09-03 13:54:02,ONLINE
CRD0022431,CARD0407,P00257,6012,1187.82,IN,2026-08-23 22:18:52,ONLINE
CRD0022435,CARD0407,P00179,5812,192.59,IN,2026-07-16 21:52:26,ONLINE
CRD0022438,CARD0407,P00355,4814,216.99,IN,2026-08-31 13:29:30,ONLINE
CRD0022453,CARD0407,P00257,6012,455.19,IN,2026-08-28 18:15:41,POS2090
CRD0022456,CARD0407,P00210,4900,1087.29,IN,2026-07-28 21:00:22,ONLINE
CRD0022457,CARD0407,P00179,5812,802.07,IN,2026-08-11 20:23:29,POS7832
CRD0022464,CARD0407,P00326,5812,807.35,IN,2026-07-07 09:55:33,ONLINE
CRD0022468,CARD0407,P00212,5411,1690.39,IN,2026-08-15 20:54:55,ONLINE
CRD0022469,CARD0407,P00257,6012,2218.25,IN,2026-08-25 19:28:24,ONLINE
CRD0022470,CARD0407,P00215,4722,3160.97,IN,2026-07-08 18:00:17,ONLINE
CRD0022473,CARD0407,P00210,4900,1162.14,IN,2026-07-11 05:10:04,POS2817
CRD0022478,CARD0407,P00215,4722,488.86,IN,2026-07-29 17:41:03,ONLINE
CRD0022483,CARD0407,P00210,4900,2519.76,IN,2026-07-27 21:04:37,ONLINE
CRD0022501,CARD0408,P00033,6513,3151.64,IN,2026-07-05 15:06:40,POS9658
CRD0022504,CARD0408,P00028,5411,670.09,IN,2026-08-31 19:22:21,POS1542
CRD0022505,CARD0408,P00046,6012,6819.22,IN,2026-09-02 12:29:35,POS9178
CRD0022513,CARD0408,P00306,4814,2358.2,IN,2026-09-04 19:35:39,ONLINE
CRD0022517,CARD0408,P00068,5411,1418.01,IN,2026-08-14 18:12:11,POS4758
CRD0022522,CARD0408,P00091,5541,6221.66,IN,2026-07-16 09:03:26,ONLINE
CRD0022526,CARD0408,P00246,5411,1979.19,IN,2026-08-11 11:50:44,ONLINE
CRD0022527,CARD0408,P00253,4814,829.41,IN,2026-07-20 17:25:49,ONLINE
CRD0022528,CARD0408,P00364,5411,803.88,IN,2026-08-16 21:21:50,POS7526
CRD0022529,CARD0408,P00246,5411,3571.71,IN,2026-09-05 16:47:32,ONLINE
CRD0022532,CARD0408,P00195,6012,813.95,IN,2026-08-09 06:33:28,ONLINE
CRD0022541,CARD0408,P00343,4900,3589.54,IN,2026-07-10 17:23:17,POS2651
CRD0022546,CARD0408,P00028,5411,1654.05,IN,2026-09-09 18:51:57,ONLINE
CRD0022549,CARD0408,P00046,6012,1284.23,IN,2026-09-03 09:52:05,ONLINE
CRD0022555,CARD0409,P00217,5812,445.26,IN,2026-08-18 15:01:18,POS8777
CRD0022567,CARD0409,P00017,5411,272.77,IN,2026-07-20 14:22:49,POS2865
CRD0022568,CARD0409,P00175,5311,2383.06,IN,2026-07-25 08:54:22,POS6752
CRD0022575,CARD0409,P00355,4814,272.59,IN,2026-07-12 09:57:57,POS5805
CRD0022576,CARD0409,P00132,4900,1244.26,IN,2026-09-10 16:10:48,ONLINE
CRD0022577,CARD0409,P00355,4814,253.08,IN,2026-07-23 14:57:39,ONLINE
CRD0022579,CARD0409,P00073,6012,616.79,IN,2026-07-14 17:15:50,ONLINE
CRD0022582,CARD0409,P00250,4814,127.94,IN,2026-08-07 14:35:33,POS2561
CRD0022586,CARD0409,P00233,5411,1066.14,IN,2026-07-25 19:50:40,POS1291
CRD0022587,CARD0409,P00374,6513,2741.97,IN,2026-08-23 16:00:08,POS9104
CRD0022590,CARD0409,P00312,5411,528.88,IN,2026-09-04 14:10:20,POS9319
CRD0022592,CARD0409,P00312,5411,501.27,IN,2026-09-11 19:28:56,POS2717
CRD0022598,CARD0409,P00175,5311,1054.67,IN,2026-07-08 06:09:39,POS2409
CRD0022608,CARD0409,P00132,4900,1118.53,IN,2026-09-07 19:31:25,POS9459
CRD0022610,CARD0409,P00312,5411,1608.04,IN,2026-08-25 14:12:09,POS1270
CRD0022612,CARD0409,P00132,4900,3164.09,IN,2026-09-11 12:08:09,ONLINE
CRD0022616,CARD0409,P00073,6012,1059.75,IN,2026-08-17 22:44:59,ONLINE
CRD0022621,CARD0409,P00217,5812,1070.19,IN,2026-08-26 11:26:26,POS6791
CRD0022625,CARD0409,P00355,4814,497.33,IN,2026-08-15 20:08:34,POS4543
CRD0022626,CARD0409,P00175,5311,6278.5,IN,2026-08-03 19:48:09,POS6593
CRD0022628,CARD0409,P00153,5411,434.32,IN,2026-07-23 20:50:14,POS6519
CRD0022629,CARD0409,P00024,5411,2047.69,IN,2026-08-25 09:51:15,POS5802
CRD0022633,CARD0409,P00312,5411,1865.07,IN,2026-08-30 12:25:57,POS6584
CRD0022636,CARD0409,P00116,6012,1651.11,IN,2026-08-21 11:39:49,ONLINE
CRD0022638,CARD0409,P00175,5311,5405.43,IN,2026-07-17 19:20:47,POS1566
CRD0022639,CARD0409,P00217,5812,559.34,IN,2026-07-22 01:00:01,ONLINE
CRD0022651,CARD0410,P00059,6012,462.09,IN,2026-09-08 20:35:26,ONLINE
CRD0022657,CARD0410,P00195,6012,749.32,IN,2026-08-26 13:12:32,ONLINE
CRD0022658,CARD0410,P00111,6513,7761.53,IN,2026-09-10 01:15:16,ONLINE
CRD0022660,CARD0410,P00387,4722,3393.67,IN,2026-09-05 08:52:15,POS2468
CRD0022690,CARD0410,P00383,5812,1175.76,IN,2026-09-01 18:05:51,ONLINE
CRD0022694,CARD0410,P00010,5812,911.0,IN,2026-07-29 18:11:42,ONLINE
CRD0022703,CARD0411,P00334,5812,118.28,IN,2026-09-09 23:00:00,ONLINE
CRD0022704,CARD0411,P00101,5311,388.6,IN,2026-08-27 16:33:22,POS6219
CRD0022705,CARD0411,P00397,5311,838.82,IN,2026-07-01 21:40:55,POS4769
CRD0022706,CARD0411,P00104,5541,510.08,IN,2026-07-20 20:24:06,POS2477
CRD0022710,CARD0411,P00101,5311,1115.0,IN,2026-09-11 14:52:15,POS6771
CRD0022711,CARD0411,P00212,5411,472.94,IN,2026-08-02 19:40:06,POS4786
CRD0022717,CARD0411,P00397,5311,1165.35,IN,2026-07-03 19:26:46,POS8473
CRD0022724,CARD0412,P00181,4722,5021.84,IN,2026-08-03 11:43:27,ONLINE
CRD0022727,CARD0412,P00315,4900,2297.01,IN,2026-07-13 08:04:09,ONLINE
CRD0022728,CARD0412,P00372,4814,884.12,IN,2026-07-19 09:56:51,POS1932
CRD0022737,CARD0412,P00025,5311,1226.22,IN,2026-07-26 22:11:05,POS8562
CRD0022738,CARD0412,P00059,6012,1297.31,IN,2026-07-08 16:46:41,POS2985
CRD0022741,CARD0412,P00181,4722,3417.37,IN,2026-09-07 09:21:21,POS6158
CRD0022749,CARD0412,P00152,4900,4226.81,IN,2026-08-15 15:45:34,POS5365
CRD0022758,CARD0412,P00152,4900,1412.91,IN,2026-07-28 17:24:37,ONLINE
CRD0022765,CARD0413,P00288,5812,448.55,IN,2026-08-04 10:23:38,POS8016
CRD0022770,CARD0413,P00130,5411,720.39,IN,2026-07-13 11:54:39,POS8669
CRD0022774,CARD0413,P00025,5311,2916.34,IN,2026-08-11 11:22:19,POS5546
CRD0022776,CARD0413,P00134,5541,4056.4,IN,2026-07-20 15:23:33,POS9314
CRD0022778,CARD0413,P00058,4814,1291.0,IN,2026-07-21 20:55:28,POS7504
CRD0022782,CARD0413,P00027,5311,8970.68,IN,2026-07-23 12:34:59,POS3376
CRD0022787,CARD0413,P00025,5311,3150.62,IN,2026-07-17 20:08:25,POS6236
CRD0022789,CARD0413,P00153,5411,698.53,IN,2026-09-04 10:56:27,POS3053
CRD0022790,CARD0413,P00134,5541,3887.33,IN,2026-08-01 16:56:42,POS7578
CRD0022791,CARD0413,P00134,5541,4975.18,IN,2026-09-09 17:35:27,POS8385
CRD0022792,CARD0413,P00089,4722,3971.01,IN,2026-08-30 01:06:27,ONLINE
CRD0022793,CARD0413,P00204,4900,6362.98,IN,2026-08-25 12:25:08,POS2124
CRD0022798,CARD0413,P00134,5541,2638.65,IN,2026-07-06 11:07:59,ONLINE
CRD0022800,CARD0413,P00204,4900,9061.69,IN,2026-08-20 09:48:09,POS4274
CRD0022803,CARD0413,P00204,4900,4351.22,IN,2026-08-03 18:37:26,ONLINE
CRD0022804,CARD0413,P00027,5311,3063.82,IN,2026-09-04 11:30:32,ONLINE
CRD0022805,CARD0413,P00192,5311,3805.43,IN,2026-08-21 13:14:00,POS6372
CRD0022808,CARD0413,P00342,5311,1791.68,IN,2026-08-24 22:53:27,POS1471
CRD0022810,CARD0413,P00283,5311,16256.97,IN,2026-07-02 15:10:26,ONLINE
CRD0022817,CARD0414,P00196,5812,459.82,IN,2026-08-19 15:37:07,POS5454
CRD0022821,CARD0414,P00141,4900,2372.38,IN,2026-08-02 16:45:37,POS1022
CRD0022827,CARD0414,P00196,5812,991.69,IN,2026-08-05 18:15:44,ONLINE
CRD0022828,CARD0414,P00361,5411,2360.47,IN,2026-08-03 22:49:39,POS8660
CRD0022830,CARD0414,P00141,4900,3047.61,IN,2026-09-01 18:24:27,ONLINE
CRD0022832,CARD0414,P00196,5812,1028.78,IN,2026-08-26 12:42:12,ONLINE
CRD0022833,CARD0414,P00365,6012,2495.05,IN,2026-09-01 11:52:42,ONLINE
CRD0022835,CARD0414,P00124,4814,4426.33,IN,2026-08-30 13:40:57,POS7275
CRD0022837,CARD0414,P00196,5812,1204.37,IN,2026-08-20 00:27:47,POS1644
CRD0022844,CARD0414,P00124,4814,458.48,IN,2026-08-21 23:22:32,ONLINE
CRD0022849,CARD0414,P00148,5311,3447.3,IN,2026-08-25 15:01:43,ONLINE
CRD0022850,CARD0414,P00268,5541,2440.25,IN,2026-07-12 14:25:17,POS1616
CRD0022852,CARD0414,P00124,4814,862.82,IN,2026-08-11 07:42:05,ONLINE
CRD0022855,CARD0414,P00320,4900,3055.17,IN,2026-08-11 18:09:41,POS7101
CRD0022856,CARD0414,P00393,5411,1833.17,IN,2026-08-31 19:02:32,POS4667
CRD0022859,CARD0414,P00068,5411,1630.62,IN,2026-07-15 09:09:58,ONLINE
CRD0022865,CARD0414,P00200,5411,1950.79,IN,2026-07-03 19:14:51,ONLINE
CRD0022869,CARD0414,P00068,5411,3355.85,IN,2026-08-04 18:50:39,ONLINE
CRD0022875,CARD0415,P00115,5411,827.5,IN,2026-07-01 17:48:34,ONLINE
CRD0022884,CARD0415,P00323,4722,2487.78,IN,2026-07-16 11:26:19,ONLINE
CRD0022885,CARD0415,P00129,5311,2709.64,IN,2026-09-11 17:11:57,ONLINE
CRD0022896,CARD0415,P00129,5311,4382.46,IN,2026-09-02 11:31:45,POS8356
CRD0022898,CARD0415,P00328,5311,5800.7,IN,2026-07-28 17:09:45,POS3293
CRD0022900,CARD0415,P00082,5411,1187.65,IN,2026-08-13 13:10:04,ONLINE
CRD0022904,CARD0415,P00209,5411,1723.08,IN,2026-08-03 14:21:40,ONLINE
CRD0022908,CARD0415,P00328,5311,3409.98,IN,2026-09-03 08:11:01,ONLINE
CRD0022909,CARD0415,P00129,5311,2175.15,IN,2026-08-20 14:14:04,ONLINE
CRD0022910,CARD0415,P00280,6012,1373.04,IN,2026-08-16 16:21:04,ONLINE
CRD0022911,CARD0415,P00328,5311,4399.98,IN,2026-07-10 18:46:41,POS8930
CRD0022912,CARD0415,P00129,5311,1129.99,IN,2026-08-19 12:06:18,ONLINE
CRD0022915,CARD0415,P00141,4900,3510.09,IN,2026-08-23 15:28:31,ONLINE
CRD0022916,CARD0415,P00129,5311,1584.61,IN,2026-07-12 18:49:48,POS6217
CRD0022920,CARD0415,P00209,5411,1810.14,IN,2026-08-31 17:36:25,POS2135
CRD0022929,CARD0416,P00125,5812,1304.89,IN,2026-08-13 11:55:59,POS9773
CRD0022931,CARD0416,P00125,5812,3732.31,IN,2026-07-18 20:36:43,POS8462
CRD0022932,CARD0416,P00336,5812,2432.14,IN,2026-08-20 21:33:02,POS7624
CRD0022938,CARD0416,P00070,7832,3385.59,IN,2026-08-12 10:25:39,ONLINE
CRD0022941,CARD0416,P00075,5812,1668.56,IN,2026-08-16 21:12:22,POS7951
CRD0022948,CARD0416,P00164,6513,33265.72,IN,2026-07-29 17:47:57,POS2052
CRD0022955,CARD0416,P00306,4814,3350.41,IN,2026-08-20 19:54:36,POS7674
CRD0022957,CARD0416,P00276,7832,1098.38,IN,2026-07-30 10:40:37,POS6231
CRD0022965,CARD0416,P00355,4814,2591.85,IN,2026-07-17 09:09:03,POS2032
CRD0022969,CARD0416,P00336,5812,1773.9,IN,2026-09-05 08:15:56,ONLINE
CRD0022975,CARD0416,P00336,5812,867.58,IN,2026-07-03 21:07:24,POS9343
CRD0022976,CARD0416,P00125,5812,957.81,IN,2026-09-12 12:05:53,ONLINE
CRD0022988,CARD0417,P00276,7832,1276.01,IN,2026-08-26 12:43:57,POS2694
CRD0022991,CARD0417,P00129,5311,1811.53,IN,2026-09-08 14:17:54,POS7715
CRD0022992,CARD0417,P00256,4900,2348.95,IN,2026-08-12 16:10:59,ONLINE
CRD0022994,CARD0417,P00067,8011,2845.35,IN,2026-08-09 11:40:06,POS8917
CRD0022995,CARD0417,P00013,5311,1795.2,IN,2026-09-01 08:53:18,POS8985
CRD0023002,CARD0417,P00019,4814,951.5,IN,2026-07-19 18:32:56,ONLINE
CRD0023011,CARD0417,P00360,5541,2931.4,IN,2026-08-20 07:37:29,POS6587
CRD0023012,CARD0417,P00041,4722,4247.18,IN,2026-08-02 22:17:24,ONLINE
CRD0023013,CARD0417,P00019,4814,440.17,IN,2026-09-03 01:48:59,POS1299
CRD0023017,CARD0417,P00067,8011,875.55,IN,2026-07-06 09:05:07,POS7599
CRD0023022,CARD0417,P00129,5311,4578.95,IN,2026-08-08 15:52:58,ONLINE
CRD0023030,CARD0417,P00129,5311,3771.37,IN,2026-07-09 12:52:58,ONLINE
CRD0023037,CARD0417,P00067,8011,2209.43,IN,2026-07-10 19:40:14,ONLINE
CRD0023040,CARD0417,P00200,5411,1222.58,IN,2026-07-21 12:16:22,ONLINE
CRD0023052,CARD0418,P00172,5541,1625.8,IN,2026-08-27 13:32:16,ONLINE
CRD0023057,CARD0418,P00267,5812,634.85,IN,2026-08-25 18:17:23,ONLINE
CRD0023058,CARD0418,P00354,7832,621.6,IN,2026-08-06 22:29:18,POS3140
CRD0023059,CARD0418,P00209,5411,863.56,IN,2026-08-14 17:04:18,ONLINE
CRD0023060,CARD0418,P00383,5812,380.06,IN,2026-07-30 20:38:14,POS7745
CRD0023065,CARD0418,P00322,6012,434.7,IN,2026-08-17 17:34:04,POS5738
CRD0023066,CARD0418,P00348,6012,575.87,IN,2026-07-12 16:50:36,POS6569
CRD0023071,CARD0418,P00052,5311,2244.41,IN,2026-08-09 23:11:11,ONLINE
CRD0023072,CARD0418,P00322,6012,1064.28,IN,2026-07-30 19:49:02,POS7866
CRD0023073,CARD0418,P00342,5311,2138.44,IN,2026-07-14 16:22:19,POS4555
CRD0023080,CARD0418,P00119,5812,556.09,IN,2026-07-01 18:37:57,ONLINE
CRD0023086,CARD0419,P00368,4814,1711.19,IN,2026-07-12 14:12:27,ONLINE
CRD0023087,CARD0419,P00358,6513,7619.48,IN,2026-08-18 23:53:00,POS5975
CRD0023090,CARD0419,P00088,5812,1132.15,IN,2026-07-07 04:50:09,ONLINE
CRD0023094,CARD0419,P00066,4722,3047.32,IN,2026-09-10 13:22:45,POS4540
CRD0023096,CARD0419,P00273,5411,2178.57,IN,2026-08-31 20:46:14,ONLINE
CRD0023102,CARD0419,P00219,5411,1239.85,IN,2026-07-06 19:59:28,ONLINE
CRD0023111,CARD0419,P00219,5411,6167.0,IN,2026-09-11 18:04:19,POS4041
CRD0023113,CARD0419,P00358,6513,14092.93,IN,2026-08-19 22:45:02,ONLINE
CRD0023117,CARD0419,P00360,5541,15097.61,IN,2026-08-25 20:31:57,POS8919
CRD0023118,CARD0419,P00053,5411,2142.72,IN,2026-07-11 01:02:30,POS2445
CRD0023120,CARD0419,P00035,7832,495.12,IN,2026-08-30 22:32:59,POS3662
CRD0023123,CARD0419,P00308,5812,4484.05,IN,2026-08-10 10:34:28,ONLINE
CRD0023128,CARD0420,P00151,6513,14448.17,IN,2026-08-02 17:04:49,POS3433
CRD0023135,CARD0420,P00159,5541,3772.87,IN,2026-09-08 06:21:55,ONLINE
CRD0023138,CARD0420,P00151,6513,12686.36,IN,2026-08-17 16:59:55,ONLINE
CRD0023142,CARD0420,P00151,6513,11381.07,IN,2026-07-31 11:47:03,POS9337
CRD0023146,CARD0420,P00390,4900,5585.15,IN,2026-07-26 12:47:15,ONLINE
CRD0023148,CARD0420,P00397,5311,13547.54,IN,2026-08-18 11:26:26,ONLINE
CRD0023149,CARD0420,P00266,5541,9309.04,IN,2026-08-09 19:17:22,ONLINE
CRD0023150,CARD0420,P00178,8011,1388.06,IN,2026-07-13 18:13:17,ONLINE
CRD0023154,CARD0420,P00056,5812,2252.53,IN,2026-08-07 17:14:11,POS6321
CRD0023161,CARD0421,P00146,5411,981.53,IN,2026-08-14 19:45:37,ONLINE
CRD0023164,CARD0421,P00189,5812,427.23,IN,2026-07-09 19:28:24,POS5941
CRD0023165,CARD0421,P00189,5812,658.66,IN,2026-08-20 20:52:27,ONLINE
CRD0023170,CARD0421,P00304,5541,1728.12,IN,2026-07-21 17:47:34,POS1430
CRD0023175,CARD0421,P00189,5812,732.07,IN,2026-09-09 20:23:56,POS5410
CRD0023176,CARD0421,P00067,8011,2198.28,IN,2026-08-16 12:47:14,POS7424
CRD0023177,CARD0421,P00304,5541,1338.99,IN,2026-09-01 17:38:29,ONLINE
CRD0023179,CARD0421,P00205,6012,390.52,IN,2026-07-31 14:42:04,POS6902
CRD0023181,CARD0421,P00355,4814,144.73,IN,2026-08-15 07:38:31,ONLINE
CRD0023185,CARD0421,P00146,5411,1773.64,IN,2026-08-24 16:28:30,ONLINE
CRD0023196,CARD0421,P00245,5311,2464.86,IN,2026-09-10 09:00:07,ONLINE
CRD0023199,CARD0421,P00213,4900,8189.07,IN,2026-07-10 08:35:15,POS7569
CRD0023203,CARD0421,P00146,5411,1990.96,IN,2026-08-18 22:10:26,POS2084
CRD0023205,CARD0421,P00146,5411,4317.74,IN,2026-08-06 08:45:07,ONLINE
CRD0023206,CARD0421,P00016,5411,1236.89,IN,2026-09-01 19:58:59,POS9561
CRD0023208,CARD0421,P00218,5812,906.13,IN,2026-08-22 15:28:08,ONLINE
CRD0023212,CARD0421,P00146,5411,1000.63,IN,2026-08-01 18:39:00,POS3691
CRD0023214,CARD0421,P00318,6513,8705.65,IN,2026-07-25 14:35:20,ONLINE
CRD0023215,CARD0421,P00318,6513,5665.3,IN,2026-08-08 20:30:52,POS5638
CRD0023217,CARD0421,P00067,8011,899.69,IN,2026-08-17 11:57:18,ONLINE
CRD0023222,CARD0421,P00318,6513,8062.86,IN,2026-07-07 19:05:13,POS4600
CRD0023241,CARD0422,P00074,4722,3300.73,IN,2026-07-04 13:13:55,POS3573
CRD0023245,CARD0422,P00225,5411,9020.09,IN,2026-07-29 15:01:32,ONLINE
CRD0023246,CARD0422,P00074,4722,10918.12,IN,2026-07-13 11:31:36,ONLINE
CRD0023248,CARD0422,P00295,8011,2488.71,IN,2026-08-29 11:42:53,ONLINE
CRD0023266,CARD0422,P00057,5812,629.41,IN,2026-07-21 11:46:34,POS4683
CRD0023271,CARD0422,P00071,5411,1641.29,IN,2026-08-23 10:14:56,POS9271
CRD0023278,CARD0422,P00225,5411,1279.69,IN,2026-09-07 18:54:36,ONLINE
CRD0023279,CARD0422,P00057,5812,1454.19,IN,2026-09-02 20:18:26,POS1949
CRD0023281,CARD0422,P00071,5411,1393.66,IN,2026-09-03 15:53:52,ONLINE
CRD0023282,CARD0422,P00362,5411,1927.45,IN,2026-07-22 15:20:44,POS7367
CRD0023288,CARD0422,P00090,5812,1508.88,IN,2026-08-19 18:13:52,ONLINE
CRD0023289,CARD0422,P00090,5812,3874.72,IN,2026-08-28 14:11:01,POS9485
CRD0023299,CARD0423,P00036,5411,2058.18,IN,2026-08-22 18:09:58,ONLINE
CRD0023301,CARD0423,P00083,5311,5012.85,IN,2026-09-04 12:36:10,POS8548
CRD0023309,CARD0423,P00344,5411,1332.82,IN,2026-08-27 14:44:32,POS5517
CRD0023317,CARD0423,P00246,5411,1773.38,IN,2026-07-25 11:22:09,ONLINE
CRD0023321,CARD0423,P00029,5411,19275.56,IN,2026-09-08 19:40:43,POS4063
CRD0023322,CARD0423,P00399,4814,2859.86,IN,2026-07-25 08:13:49,POS6165
CRD0023333,CARD0423,P00287,4900,2727.18,IN,2026-09-01 09:46:33,ONLINE
CRD0023336,CARD0423,P00399,4814,1471.24,IN,2026-08-28 16:19:37,ONLINE
CRD0023338,CARD0423,P00379,4814,1367.28,IN,2026-08-23 19:46:27,ONLINE
CRD0023344,CARD0423,P00055,5311,4100.58,IN,2026-09-05 10:29:00,POS1320
CRD0023345,CARD0423,P00179,5812,1452.56,IN,2026-08-06 11:11:38,ONLINE
CRD0023347,CARD0423,P00379,4814,3804.84,IN,2026-08-14 16:53:07,POS3191
CRD0023350,CARD0423,P00342,5311,7307.0,IN,2026-07-12 17:45:51,ONLINE
CRD0023352,CARD0423,P00221,5812,876.21,IN,2026-09-03 08:23:41,POS5691
CRD0023356,CARD0423,P00399,4814,826.88,IN,2026-08-04 08:46:36,ONLINE
CRD0023359,CARD0423,P00287,4900,3829.88,IN,2026-07-07 14:45:33,ONLINE
CRD0023371,CARD0424,P00092,5411,4714.49,IN,2026-07-03 08:54:38,ONLINE
CRD0023375,CARD0424,P00346,5541,3465.53,IN,2026-07-28 16:00:52,POS4289
CRD0023387,CARD0424,P00346,5541,9258.38,IN,2026-09-06 15:37:04,POS5444
CRD0023388,CARD0424,P00287,4900,3669.73,IN,2026-08-15 23:02:25,ONLINE
CRD0023396,CARD0424,P00185,5541,5898.1,IN,2026-08-07 22:06:11,ONLINE
CRD0023399,CARD0424,P00200,5411,4330.71,IN,2026-09-08 18:34:50,ONLINE
CRD0023410,CARD0424,P00287,4900,8947.43,IN,2026-08-06 23:39:21,ONLINE
CRD0023412,CARD0424,P00311,5411,1960.95,IN,2026-09-07 07:41:18,ONLINE
CRD0023422,CARD0425,P00314,7832,203.27,IN,2026-09-02 20:33:37,ONLINE
CRD0023428,CARD0425,P00162,5411,937.54,IN,2026-07-18 11:47:38,POS7328
CRD0023442,CARD0425,P00003,4814,689.93,IN,2026-07-12 17:59:36,POS5923
CRD0023445,CARD0425,P00314,7832,1898.55,IN,2026-08-07 21:08:22,ONLINE
CRD0023446,CARD0425,P00121,5812,812.94,IN,2026-07-02 14:03:17,POS4211
CRD0023451,CARD0425,P00079,5541,1507.54,IN,2026-07-05 13:24:30,POS2392
CRD0023455,CARD0425,P00338,5311,2581.27,IN,2026-07-09 20:12:43,ONLINE
CRD0023457,CARD0425,P00210,4900,991.25,IN,2026-07-16 16:52:30,ONLINE
CRD0023461,CARD0426,P00005,4814,707.45,IN,2026-07-30 16:16:39,ONLINE
CRD0023462,CARD0426,P00284,6012,735.23,IN,2026-07-26 10:19:43,POS3280
CRD0023465,CARD0426,P00151,6513,8930.67,IN,2026-09-08 20:34:33,ONLINE
CRD0023467,CARD0426,P00061,5411,1046.53,IN,2026-09-03 09:15:17,POS7902
CRD0023468,CARD0426,P00284,6012,1247.05,IN,2026-08-27 21:31:31,POS9050
CRD0023474,CARD0426,P00074,4722,3855.91,IN,2026-07-31 20:48:05,POS8495
CRD0023475,CARD0426,P00284,6012,3070.4,IN,2026-08-13 16:33:10,POS7407
CRD0023487,CARD0426,P00005,4814,1162.52,IN,2026-09-01 21:17:30,POS9765
CRD0023491,CARD0426,P00094,6012,3553.56,IN,2026-08-07 04:49:54,POS1335
CRD0023492,CARD0426,P00175,5311,2614.01,IN,2026-09-04 10:26:49,POS8848
CRD0023496,CARD0426,P00005,4814,993.97,IN,2026-09-13 19:17:00,POS1113
CRD0023498,CARD0426,P00031,6012,4776.48,IN,2026-07-06 18:54:46,POS1836
CRD0023504,CARD0426,P00076,5411,1796.04,IN,2026-08-24 16:34:58,ONLINE
CRD0023515,CARD0426,P00284,6012,1535.65,IN,2026-08-15 20:57:10,POS1749
CRD0023528,CARD0427,P00075,5812,2535.0,IN,2026-07-09 15:32:21,POS7500
CRD0023539,CARD0427,P00198,5411,1066.38,IN,2026-09-12 12:08:09,POS6359
CRD0023540,CARD0427,P00294,5311,2725.31,IN,2026-08-04 17:09:03,POS5659
CRD0023549,CARD0427,P00198,5411,1829.9,IN,2026-07-20 09:03:54,ONLINE
CRD0023551,CARD0427,P00234,6012,2016.75,IN,2026-09-09 12:20:03,POS1043
CRD0023558,CARD0427,P00198,5411,1031.08,IN,2026-07-02 13:59:18,ONLINE
CRD0023562,CARD0428,P00148,5311,4000.2,IN,2026-07-09 15:02:30,ONLINE
CRD0023567,CARD0428,P00237,7832,994.03,IN,2026-07-25 10:44:13,POS5288
CRD0023569,CARD0428,P00355,4814,316.11,IN,2026-07-07 05:09:16,ONLINE
CRD0023571,CARD0428,P00355,4814,803.46,IN,2026-08-25 16:39:57,POS6843
CRD0023573,CARD0428,P00212,5411,756.65,IN,2026-08-18 15:54:38,ONLINE
CRD0023576,CARD0428,P00258,5812,351.33,IN,2026-08-20 23:59:41,POS3371
CRD0023578,CARD0428,P00379,4814,224.75,IN,2026-07-14 14:27:38,ONLINE
CRD0023581,CARD0428,P00355,4814,525.82,IN,2026-08-02 15:14:46,ONLINE
CRD0023590,CARD0428,P00176,6012,1126.13,IN,2026-09-09 19:58:58,POS9351
CRD0023591,CARD0428,P00088,5812,609.51,IN,2026-08-21 20:22:25,POS3808
CRD0023593,CARD0428,P00148,5311,4105.79,IN,2026-08-24 07:34:37,POS5242
CRD0023595,CARD0428,P00395,5311,3841.39,IN,2026-08-08 09:42:58,ONLINE
CRD0023596,CARD0428,P00063,5812,835.16,IN,2026-07-24 16:14:36,ONLINE
CRD0023605,CARD0428,P00258,5812,389.47,IN,2026-08-10 18:46:55,POS5392
CRD0023609,CARD0428,P00002,6012,1106.32,IN,2026-08-14 11:12:42,ONLINE
CRD0023610,CARD0428,P00215,4722,2482.56,IN,2026-09-03 09:09:01,ONLINE
CRD0023612,CARD0428,P00148,5311,2815.04,IN,2026-08-24 11:21:50,ONLINE
CRD0023613,CARD0428,P00355,4814,648.45,IN,2026-08-19 08:05:55,ONLINE
CRD0023614,CARD0428,P00355,4814,250.79,IN,2026-08-09 14:24:47,POS3444
CRD0023622,CARD0428,P00088,5812,445.39,IN,2026-07-17 14:24:33,POS7813
CRD0023627,CARD0428,P00257,6012,2211.34,IN,2026-07-13 18:25:06,POS2788
CRD0023641,CARD0429,P00055,5311,6066.31,IN,2026-09-04 11:54:27,POS7971
CRD0023643,CARD0429,P00378,5411,2731.81,IN,2026-09-12 11:11:01,ONLINE
CRD0023644,CARD0429,P00235,4722,4721.75,IN,2026-07-25 14:19:03,ONLINE
CRD0023648,CARD0429,P00104,5541,2430.62,IN,2026-08-17 14:29:01,POS1642
CRD0023650,CARD0429,P00235,4722,4647.39,IN,2026-07-07 18:03:09,POS4821
CRD0023651,CARD0429,P00038,5411,2581.31,IN,2026-07-05 20:02:19,ONLINE
CRD0023653,CARD0429,P00341,5812,1470.0,IN,2026-07-08 12:03:53,ONLINE
CRD0023658,CARD0429,P00378,5411,863.3,IN,2026-07-17 19:27:31,POS7839
CRD0023660,CARD0429,P00378,5411,1640.22,IN,2026-08-21 23:19:51,ONLINE
CRD0023666,CARD0429,P00378,5411,1277.75,IN,2026-09-02 12:38:25,ONLINE
CRD0023667,CARD0429,P00082,5411,2170.03,IN,2026-07-10 23:50:27,ONLINE
CRD0023668,CARD0429,P00244,5541,523.66,IN,2026-07-13 23:54:13,ONLINE
CRD0023669,CARD0429,P00082,5411,1662.72,IN,2026-07-09 12:20:20,ONLINE
CRD0023673,CARD0429,P00190,4814,342.75,IN,2026-07-27 11:34:11,POS7256
CRD0023677,CARD0429,P00378,5411,950.09,IN,2026-08-29 00:51:44,POS7690
CRD0023678,CARD0429,P00378,5411,1377.3,IN,2026-07-22 16:56:17,POS7681
CRD0023680,CARD0429,P00082,5411,2174.21,IN,2026-07-30 11:23:42,ONLINE
CRD0023682,CARD0429,P00378,5411,1097.16,IN,2026-08-05 20:06:49,ONLINE
CRD0023691,CARD0430,P00193,5311,1746.8,IN,2026-08-06 10:37:17,ONLINE
CRD0023693,CARD0430,P00386,6012,635.43,IN,2026-08-12 09:19:48,POS6775
CRD0023697,CARD0430,P00046,6012,1544.79,IN,2026-09-02 16:08:51,ONLINE
CRD0023704,CARD0430,P00193,5311,2732.01,IN,2026-08-19 13:24:38,POS5574
CRD0023706,CARD0430,P00046,6012,4282.83,IN,2026-08-31 09:42:09,ONLINE
CRD0023708,CARD0430,P00119,5812,892.17,IN,2026-08-04 09:09:59,ONLINE
CRD0023714,CARD0430,P00386,6012,2320.56,IN,2026-07-25 17:11:33,ONLINE
CRD0023718,CARD0430,P00071,5411,1482.13,IN,2026-07-30 08:29:06,POS4052
CRD0023727,CARD0430,P00362,5411,1978.76,IN,2026-08-01 21:39:55,ONLINE
CRD0023731,CARD0430,P00362,5411,1914.81,IN,2026-09-07 15:50:57,ONLINE
CRD0023732,CARD0430,P00002,6012,2022.82,IN,2026-08-16 18:29:06,ONLINE
CRD0023734,CARD0430,P00071,5411,1196.64,IN,2026-08-13 18:43:14,ONLINE
CRD0023742,CARD0430,P00386,6012,707.85,IN,2026-07-06 11:12:48,ONLINE
CRD0023745,CARD0430,P00362,5411,2350.6,IN,2026-08-16 14:48:48,POS9488
CRD0023746,CARD0430,P00193,5311,3077.2,IN,2026-08-13 21:36:15,ONLINE
CRD0023758,CARD0431,P00337,6513,12715.4,IN,2026-08-06 19:39:28,ONLINE
CRD0023778,CARD0431,P00102,4722,15098.57,IN,2026-07-04 15:36:28,ONLINE
CRD0023791,CARD0431,P00393,5411,3370.32,IN,2026-08-23 20:47:20,ONLINE
CRD0023797,CARD0431,P00102,4722,27883.75,IN,2026-09-08 13:48:20,ONLINE
CRD0023798,CARD0431,P00286,5812,792.83,IN,2026-08-09 12:09:39,POS9495
CRD0023801,CARD0431,P00286,5812,590.04,IN,2026-08-22 15:46:58,POS2084
CRD0023802,CARD0431,P00050,5311,2523.74,IN,2026-08-01 11:17:13,ONLINE
CRD0023803,CARD0431,P00040,5411,1298.5,IN,2026-08-10 11:33:44,ONLINE
CRD0023805,CARD0431,P00097,5541,2475.12,IN,2026-07-07 04:12:38,POS7712
CRD0023807,CARD0431,P00388,5411,3537.26,IN,2026-08-04 23:21:32,POS5498
CRD0023810,CARD0431,P00045,5311,1703.91,IN,2026-07-22 14:23:47,ONLINE
CRD0023811,CARD0431,P00050,5311,7207.22,IN,2026-07-19 21:05:55,ONLINE
CRD0023813,CARD0431,P00102,4722,4919.04,IN,2026-07-28 20:07:38,ONLINE
CRD0023814,CARD0431,P00169,5411,795.04,IN,2026-09-01 18:59:33,ONLINE
CRD0023815,CARD0431,P00102,4722,3635.75,IN,2026-09-03 21:34:03,POS2438
CRD0023826,CARD0431,P00380,5411,3025.48,IN,2026-07-09 17:28:47,ONLINE
CRD0023830,CARD0431,P00040,5411,2517.84,IN,2026-07-29 20:30:31,ONLINE
CRD0023832,CARD0431,P00337,6513,28802.22,IN,2026-07-17 11:24:12,ONLINE
CRD0023843,CARD0431,P00337,6513,10638.2,IN,2026-07-29 08:12:31,ONLINE
CRD0023847,CARD0431,P00040,5411,7377.0,IN,2026-07-18 16:29:43,POS5897
CRD0023855,CARD0431,P00223,5812,1438.47,IN,2026-08-09 00:18:50,POS9740
CRD0023862,CARD0431,P00045,5311,4937.88,IN,2026-07-05 11:18:53,POS8027
CRD0023863,CARD0431,P00023,4722,4595.43,IN,2026-08-27 16:04:58,POS7745
CRD0023873,CARD0432,P00181,4722,3753.43,IN,2026-07-10 19:03:44,ONLINE
CRD0023874,CARD0432,P00006,5411,1954.66,IN,2026-08-08 13:52:08,POS8519
CRD0023882,CARD0432,P00328,5311,14639.21,IN,2026-07-03 13:52:48,POS3809
CRD0023883,CARD0432,P00191,6513,17121.57,IN,2026-07-19 11:07:55,ONLINE
CRD0023885,CARD0432,P00181,4722,5461.1,IN,2026-08-17 15:12:01,ONLINE
CRD0023887,CARD0432,P00041,4722,8203.46,IN,2026-08-13 15:38:05,POS4431
CRD0023888,CARD0432,P00090,5812,819.28,IN,2026-08-31 22:03:39,POS6260
CRD0023896,CARD0432,P00170,6012,3590.76,IN,2026-08-03 16:26:54,POS8597
CRD0023897,CARD0432,P00170,6012,3469.6,IN,2026-09-10 08:32:44,ONLINE
CRD0023901,CARD0432,P00048,5812,409.06,IN,2026-07-04 17:11:26,ONLINE
CRD0023905,CARD0432,P00330,5812,661.32,IN,2026-08-02 11:54:32,POS4803
CRD0023908,CARD0432,P00178,8011,6618.51,IN,2026-07-19 01:45:19,POS5726
CRD0023909,CARD0432,P00307,5311,2513.29,IN,2026-08-08 14:26:09,POS5917
CRD0023912,CARD0432,P00090,5812,2225.56,IN,2026-08-19 20:28:49,ONLINE
CRD0023922,CARD0433,P00370,5812,620.47,IN,2026-08-12 20:25:57,POS2614
CRD0023923,CARD0433,P00280,6012,1380.21,IN,2026-07-25 08:55:21,POS8468
CRD0023929,CARD0433,P00063,5812,501.64,IN,2026-07-27 16:05:00,ONLINE
CRD0023930,CARD0433,P00278,5541,779.51,IN,2026-08-01 13:26:18,POS5986
CRD0023931,CARD0433,P00161,5812,542.38,IN,2026-08-17 18:02:54,POS8114
CRD0023934,CARD0433,P00063,5812,849.17,IN,2026-08-29 23:14:04,ONLINE
CRD0023945,CARD0433,P00347,7832,778.62,IN,2026-08-27 19:55:28,ONLINE
CRD0023946,CARD0433,P00161,5812,1481.32,IN,2026-07-04 20:45:54,ONLINE
CRD0023947,CARD0433,P00063,5812,800.96,IN,2026-08-02 10:11:07,POS7057
CRD0023952,CARD0433,P00280,6012,2781.54,IN,2026-08-07 13:16:46,POS9939
CRD0023958,CARD0433,P00161,5812,1248.41,IN,2026-07-17 12:36:43,POS2864
CRD0023965,CARD0433,P00381,5411,2018.32,IN,2026-07-29 18:16:59,ONLINE
CRD0023970,CARD0433,P00280,6012,1837.08,IN,2026-08-22 17:31:23,ONLINE
CRD0023973,CARD0433,P00347,7832,2713.11,IN,2026-07-06 14:48:34,POS6828
CRD0023975,CARD0433,P00381,5411,974.65,IN,2026-08-10 15:34:09,ONLINE
CRD0023976,CARD0433,P00278,5541,1273.33,IN,2026-09-09 16:06:21,ONLINE
CRD0023977,CARD0433,P00347,7832,526.67,IN,2026-09-09 15:18:29,ONLINE
CRD0023980,CARD0433,P00091,5541,593.7,IN,2026-08-30 15:11:55,POS5877
CRD0023981,CARD0433,P00278,5541,319.72,IN,2026-07-17 08:50:13,POS4673
CRD0023985,CARD0433,P00093,5812,837.69,IN,2026-08-13 16:42:48,POS9530
CRD0024002,CARD0433,P00278,5541,1794.72,IN,2026-08-25 15:42:26,ONLINE
CRD0024007,CARD0433,P00209,5411,2552.9,IN,2026-07-27 09:58:16,POS7390
CRD0024008,CARD0433,P00278,5541,1342.82,IN,2026-08-22 15:55:28,POS9397
CRD0024009,CARD0433,P00091,5541,854.22,IN,2026-09-09 16:04:47,ONLINE
CRD0024015,CARD0433,P00109,8011,1510.87,IN,2026-07-24 15:05:27,ONLINE
CRD0024016,CARD0433,P00164,6513,8524.62,IN,2026-09-11 16:45:18,ONLINE
CRD0024024,CARD0434,P00100,8011,4686.26,IN,2026-08-30 11:59:15,ONLINE
CRD0024026,CARD0434,P00116,6012,2712.82,IN,2026-07-31 17:56:36,ONLINE
CRD0024028,CARD0434,P00243,6012,2301.14,IN,2026-09-11 09:45:45,ONLINE
CRD0024033,CARD0434,P00303,6012,5350.1,IN,2026-08-31 17:51:58,ONLINE
CRD0024039,CARD0434,P00031,6012,3616.65,IN,2026-07-30 15:58:27,ONLINE
CRD0024040,CARD0434,P00111,6513,5371.95,IN,2026-09-12 19:32:22,ONLINE
CRD0024041,CARD0434,P00303,6012,2576.76,IN,2026-08-19 19:04:00,ONLINE
CRD0024042,CARD0434,P00099,5411,613.8,IN,2026-08-12 20:58:17,ONLINE
CRD0024043,CARD0434,P00106,5411,1066.94,IN,2026-09-07 18:07:05,ONLINE
CRD0024047,CARD0435,P00144,7832,511.29,IN,2026-08-02 08:20:08,POS8349
CRD0024053,CARD0435,P00299,5411,4967.92,IN,2026-08-28 18:58:50,POS5279
CRD0024054,CARD0435,P00345,4722,7413.15,IN,2026-09-01 22:23:40,ONLINE
CRD0024055,CARD0435,P00383,5812,1285.8,IN,2026-09-06 14:32:31,ONLINE
CRD0024067,CARD0435,P00191,6513,8447.04,IN,2026-08-03 23:45:08,POS9576
CRD0024071,CARD0435,P00144,7832,1124.62,IN,2026-08-27 01:21:39,POS4066
CRD0024073,CARD0435,P00191,6513,35940.37,IN,2026-09-01 13:35:26,ONLINE
CRD0024074,CARD0435,P00191,6513,9069.84,IN,2026-07-25 18:13:53,POS3302
CRD0024077,CARD0435,P00214,6012,2306.55,IN,2026-07-30 15:20:28,ONLINE
CRD0024084,CARD0435,P00149,5311,8025.74,IN,2026-08-15 14:44:19,POS9913
CRD0024085,CARD0435,P00188,5812,979.91,IN,2026-07-09 19:51:32,POS8025
CRD0024086,CARD0435,P00144,7832,1314.86,IN,2026-07-12 09:51:47,POS7498
CRD0024097,CARD0435,P00189,5812,1311.06,IN,2026-09-10 18:58:48,ONLINE
CRD0024100,CARD0435,P00149,5311,3949.48,IN,2026-07-19 22:15:16,POS5070
CRD0024101,CARD0435,P00299,5411,3281.83,IN,2026-09-06 14:01:53,ONLINE
CRD0024106,CARD0436,P00228,5541,513.64,IN,2026-07-03 07:34:54,ONLINE
CRD0024112,CARD0436,P00086,4900,3685.69,IN,2026-08-23 19:45:46,POS4638
CRD0024118,CARD0436,P00001,6012,261.68,IN,2026-07-19 12:35:31,POS6158
CRD0024120,CARD0436,P00341,5812,279.41,IN,2026-07-06 20:00:24,POS5781
CRD0024121,CARD0436,P00103,5311,2351.16,IN,2026-08-17 21:58:23,POS6982
CRD0024126,CARD0436,P00195,6012,1496.01,IN,2026-08-12 21:06:49,POS5347
CRD0024130,CARD0436,P00086,4900,1354.88,IN,2026-08-20 21:46:40,POS8931
CRD0024131,CARD0436,P00195,6012,1827.38,IN,2026-08-19 18:08:39,ONLINE
CRD0024132,CARD0436,P00341,5812,337.66,IN,2026-08-14 19:55:54,ONLINE
CRD0024139,CARD0436,P00166,5411,1466.53,IN,2026-08-20 09:18:33,POS5503
CRD0024146,CARD0436,P00086,4900,3054.59,IN,2026-09-10 08:45:15,POS7081
CRD0024154,CARD0437,P00097,5541,3587.74,IN,2026-07-12 10:42:35,POS6840
CRD0024159,CARD0437,P00162,5411,1386.34,IN,2026-08-29 21:25:44,POS8460
CRD0024162,CARD0437,P00052,5311,6215.25,IN,2026-07-06 00:29:14,ONLINE
CRD0024167,CARD0437,P00086,4900,3681.98,IN,2026-08-21 17:52:52,POS8988
CRD0024170,CARD0437,P00162,5411,3006.37,IN,2026-08-23 18:41:59,ONLINE
CRD0024171,CARD0437,P00032,5812,2459.44,IN,2026-08-06 09:53:20,ONLINE
CRD0024176,CARD0437,P00164,6513,7455.12,IN,2026-07-10 11:46:36,ONLINE
CRD0024177,CARD0437,P00097,5541,776.27,IN,2026-08-11 18:19:55,ONLINE
CRD0024179,CARD0437,P00290,5812,641.25,IN,2026-09-05 11:40:59,ONLINE
CRD0024180,CARD0437,P00358,6513,6932.09,IN,2026-07-30 14:00:10,ONLINE
CRD0024184,CARD0437,P00290,5812,800.84,IN,2026-07-21 08:36:53,ONLINE
CRD0024190,CARD0437,P00162,5411,2211.49,IN,2026-08-16 11:45:46,ONLINE
CRD0024193,CARD0437,P00032,5812,380.73,IN,2026-09-01 09:28:13,ONLINE
CRD0024198,CARD0437,P00290,5812,329.37,IN,2026-08-10 18:41:37,POS8239
CRD0024203,CARD0437,P00032,5812,890.4,IN,2026-07-09 14:46:22,POS3980
CRD0024208,CARD0437,P00162,5411,1396.82,IN,2026-07-27 11:02:33,POS4602
CRD0024218,CARD0438,P00299,5411,2383.75,IN,2026-08-10 00:15:07,ONLINE
CRD0024221,CARD0438,P00081,5411,1220.34,IN,2026-08-11 19:12:51,ONLINE
CRD0024233,CARD0438,P00203,5541,5610.49,IN,2026-07-09 14:23:40,POS3329
CRD0024234,CARD0438,P00193,5311,5223.45,IN,2026-08-28 09:48:48,ONLINE
CRD0024235,CARD0438,P00081,5411,4492.43,IN,2026-09-12 22:51:40,ONLINE
CRD0024238,CARD0438,P00193,5311,7425.31,IN,2026-07-21 19:28:04,ONLINE
CRD0024242,CARD0438,P00057,5812,694.53,IN,2026-08-12 17:06:06,ONLINE
CRD0024245,CARD0438,P00177,5812,453.82,IN,2026-07-15 21:43:44,ONLINE
CRD0024247,CARD0438,P00060,7832,1786.99,IN,2026-07-15 11:25:31,ONLINE
CRD0024251,CARD0438,P00191,6513,6093.05,IN,2026-07-07 17:14:16,ONLINE
CRD0024253,CARD0438,P00081,5411,609.04,IN,2026-08-10 21:41:33,ONLINE
CRD0024258,CARD0438,P00189,5812,466.06,IN,2026-08-15 10:41:57,POS1370
CRD0024259,CARD0438,P00275,5541,955.41,IN,2026-08-19 21:15:53,ONLINE
CRD0024260,CARD0438,P00193,5311,3468.87,IN,2026-09-03 10:31:46,POS6890
CRD0024263,CARD0438,P00193,5311,5323.84,IN,2026-07-27 21:10:31,POS3065
CRD0024264,CARD0438,P00081,5411,2128.43,IN,2026-08-30 09:29:06,ONLINE
CRD0024267,CARD0438,P00189,5812,320.21,IN,2026-07-20 15:05:03,POS9920
CRD0024268,CARD0438,P00224,5812,947.48,IN,2026-08-03 14:46:42,ONLINE
CRD0024270,CARD0438,P00387,4722,7600.22,IN,2026-08-09 08:19:16,POS5906
CRD0024272,CARD0438,P00177,5812,1130.97,IN,2026-08-23 18:04:07,POS1338
CRD0024273,CARD0438,P00299,5411,801.32,IN,2026-08-21 15:56:03,ONLINE
CRD0024275,CARD0438,P00193,5311,3482.7,IN,2026-07-13 17:22:04,POS6996
CRD0024276,CARD0438,P00299,5411,3757.5,IN,2026-08-03 23:09:54,POS1056
CRD0024282,CARD0439,P00263,5311,832.35,IN,2026-07-30 09:51:04,POS6551
CRD0024287,CARD0439,P00285,4900,1750.66,IN,2026-07-18 22:19:12,POS6993
CRD0024296,CARD0439,P00263,5311,637.22,IN,2026-07-17 22:44:17,POS1185
CRD0024301,CARD0439,P00001,6012,851.61,IN,2026-08-22 08:54:05,POS5713
CRD0024303,CARD0439,P00001,6012,889.9,IN,2026-08-02 19:00:12,ONLINE
CRD0024306,CARD0439,P00094,6012,356.43,IN,2026-07-30 14:15:05,POS2628
CRD0024310,CARD0439,P00030,8011,974.71,IN,2026-07-30 20:33:21,ONLINE
CRD0024313,CARD0439,P00177,5812,890.38,IN,2026-08-17 14:37:18,ONLINE
CRD0024316,CARD0439,P00061,5411,2896.14,IN,2026-08-02 04:20:28,ONLINE
CRD0024320,CARD0439,P00061,5411,777.15,IN,2026-07-20 20:59:09,ONLINE
CRD0024325,CARD0439,P00177,5812,507.75,IN,2026-07-02 14:03:41,POS1443
CRD0024327,CARD0439,P00005,4814,1031.21,IN,2026-07-07 10:51:19,ONLINE
CRD0024328,CARD0439,P00061,5411,1614.13,IN,2026-08-27 13:41:42,ONLINE
CRD0024329,CARD0439,P00061,5411,899.72,IN,2026-07-09 12:15:34,POS4614
CRD0024334,CARD0439,P00288,5812,180.49,IN,2026-08-04 12:46:21,ONLINE
CRD0024339,CARD0439,P00005,4814,508.22,IN,2026-08-30 17:42:53,POS9951
CRD0024340,CARD0439,P00111,6513,5110.07,IN,2026-08-12 19:48:02,ONLINE
CRD0024343,CARD0439,P00320,4900,2678.6,IN,2026-07-02 11:49:06,POS8813
CRD0024344,CARD0439,P00177,5812,242.59,IN,2026-08-27 13:22:24,ONLINE
CRD0024349,CARD0439,P00263,5311,1086.53,IN,2026-09-02 09:14:53,POS7989
CRD0024351,CARD0439,P00061,5411,2059.79,IN,2026-08-14 11:43:02,POS2399
CRD0024357,CARD0439,P00177,5812,90.77,IN,2026-08-12 17:46:28,ONLINE
CRD0024359,CARD0439,P00375,5812,787.13,IN,2026-08-02 10:36:34,ONLINE
CRD0024361,CARD0439,P00085,4900,1993.67,IN,2026-07-06 09:55:07,POS2821
CRD0024363,CARD0439,P00263,5311,2869.24,IN,2026-09-11 11:31:02,POS4106
CRD0024365,CARD0439,P00001,6012,366.44,IN,2026-07-28 20:44:33,ONLINE
CRD0024366,CARD0439,P00357,6012,1381.31,IN,2026-08-13 15:42:20,POS9222
CRD0024370,CARD0440,P00216,7832,283.73,IN,2026-07-19 19:38:14,ONLINE
CRD0024372,CARD0440,P00117,5411,851.49,IN,2026-07-24 20:39:12,POS3925
CRD0024378,CARD0440,P00048,5812,232.23,IN,2026-07-06 00:28:57,ONLINE
CRD0024382,CARD0440,P00211,7832,216.09,IN,2026-07-25 14:22:40,POS7719
CRD0024386,CARD0440,P00375,5812,352.43,IN,2026-08-03 15:03:21,ONLINE
CRD0024392,CARD0440,P00211,7832,988.44,IN,2026-07-24 11:16:10,POS6966
CRD0024393,CARD0440,P00375,5812,1279.29,IN,2026-08-16 18:02:45,POS2064
CRD0024395,CARD0440,P00330,5812,299.96,IN,2026-07-09 10:01:53,ONLINE
CRD0024403,CARD0440,P00216,7832,678.32,IN,2026-08-15 12:41:41,ONLINE
CRD0024409,CARD0441,P00147,8011,2229.08,IN,2026-09-09 15:15:29,POS8852
CRD0024415,CARD0441,P00160,4722,10369.92,IN,2026-07-22 10:07:41,ONLINE
CRD0024417,CARD0441,P00160,4722,3749.97,IN,2026-08-17 09:17:29,POS2297
CRD0024423,CARD0441,P00086,4900,16316.99,IN,2026-08-05 19:36:01,ONLINE
CRD0024434,CARD0441,P00333,5812,3725.4,IN,2026-07-12 09:00:03,ONLINE
CRD0024436,CARD0441,P00147,8011,4423.33,IN,2026-08-12 15:32:38,POS8132
CRD0024438,CARD0441,P00156,6012,2262.75,IN,2026-08-25 17:32:46,ONLINE
CRD0024440,CARD0441,P00156,6012,3544.97,IN,2026-08-13 20:12:24,POS4038
CRD0024441,CARD0441,P00214,6012,7365.88,IN,2026-07-31 17:27:05,POS5755
CRD0024444,CARD0441,P00079,5541,4198.55,IN,2026-09-12 07:48:32,ONLINE
CRD0024447,CARD0441,P00086,4900,3456.35,IN,2026-07-27 15:08:14,ONLINE
CRD0024448,CARD0441,P00267,5812,2143.08,IN,2026-08-08 18:54:09,ONLINE
CRD0024453,CARD0441,P00033,6513,29540.88,IN,2026-09-10 14:08:03,ONLINE
CRD0024454,CARD0441,P00079,5541,9563.94,IN,2026-07-25 20:27:49,ONLINE
CRD0024465,CARD0441,P00079,5541,3734.48,IN,2026-07-14 20:04:15,ONLINE
CRD0024471,CARD0442,P00033,6513,5560.35,IN,2026-08-15 19:37:56,POS3988
CRD0024475,CARD0442,P00274,6012,774.55,IN,2026-07-23 17:56:26,ONLINE
CRD0024481,CARD0442,P00136,5812,297.68,IN,2026-07-08 19:24:10,POS4773
CRD0024482,CARD0442,P00187,4722,4204.78,IN,2026-09-12 22:11:57,ONLINE
CRD0024485,CARD0442,P00198,5411,732.22,IN,2026-07-30 10:04:39,ONLINE
CRD0024487,CARD0442,P00102,4722,3911.91,IN,2026-08-28 18:33:14,ONLINE
CRD0024488,CARD0442,P00107,4900,910.78,IN,2026-09-10 10:12:35,ONLINE
CRD0024490,CARD0442,P00136,5812,376.68,IN,2026-07-13 15:02:29,ONLINE
CRD0024491,CARD0442,P00198,5411,1029.73,IN,2026-08-16 16:53:44,ONLINE
CRD0024494,CARD0442,P00102,4722,6598.26,IN,2026-08-16 12:22:17,ONLINE
CRD0024496,CARD0442,P00274,6012,918.93,IN,2026-07-11 22:48:26,ONLINE
CRD0024500,CARD0442,P00139,5311,2274.93,IN,2026-07-16 10:52:39,POS2134
CRD0024503,CARD0442,P00356,4814,300.08,IN,2026-07-09 14:44:09,ONLINE
CRD0024505,CARD0442,P00356,4814,432.1,IN,2026-07-19 22:01:39,POS3941
CRD0024507,CARD0442,P00143,5411,1240.31,IN,2026-07-12 15:11:16,ONLINE
CRD0024510,CARD0442,P00198,5411,919.74,IN,2026-08-02 14:18:16,POS4727
CRD0024516,CARD0443,P00377,5311,6737.59,IN,2026-09-03 09:17:52,ONLINE
CRD0024519,CARD0443,P00268,5541,12819.43,IN,2026-08-09 20:13:38,ONLINE
CRD0024530,CARD0443,P00268,5541,11726.96,IN,2026-07-20 08:46:56,ONLINE
CRD0024533,CARD0443,P00221,5812,6061.65,IN,2026-08-15 09:29:28,ONLINE
CRD0024537,CARD0443,P00283,5311,17367.15,IN,2026-08-28 15:20:08,ONLINE
CRD0024540,CARD0443,P00387,4722,13227.56,IN,2026-08-11 06:58:23,POS4325
CRD0024545,CARD0443,P00182,4722,15839.51,IN,2026-08-15 23:53:15,POS2582
CRD0024546,CARD0443,P00283,5311,5764.06,IN,2026-07-13 14:15:27,ONLINE
CRD0024548,CARD0443,P00018,5812,2345.4,IN,2026-07-27 14:29:29,POS7529
CRD0024556,CARD0444,P00160,4722,2948.62,IN,2026-08-17 08:08:55,ONLINE
CRD0024557,CARD0444,P00096,7832,2058.34,IN,2026-08-18 10:56:13,ONLINE
CRD0024561,CARD0444,P00132,4900,1513.86,IN,2026-08-11 13:50:29,POS3802
CRD0024562,CARD0444,P00096,7832,690.3,IN,2026-08-03 14:53:58,POS5394
CRD0024565,CARD0444,P00298,4814,769.83,IN,2026-07-19 23:44:37,POS8277
CRD0024571,CARD0444,P00160,4722,1409.07,IN,2026-08-18 08:36:47,ONLINE
CRD0024574,CARD0444,P00160,4722,2014.02,IN,2026-09-12 09:44:54,POS4468
CRD0024579,CARD0444,P00298,4814,227.61,IN,2026-07-03 12:32:59,POS3535
CRD0024585,CARD0444,P00298,4814,251.57,IN,2026-07-19 21:12:29,POS9511
CRD0024589,CARD0444,P00213,4900,1531.23,IN,2026-07-15 16:50:50,POS7970
CRD0024590,CARD0444,P00132,4900,1597.13,IN,2026-09-08 19:10:36,ONLINE
CRD0024591,CARD0444,P00238,5812,364.14,IN,2026-09-08 08:20:07,ONLINE
CRD0024597,CARD0444,P00132,4900,2665.61,IN,2026-07-11 12:42:42,POS6721
CRD0024609,CARD0444,P00132,4900,1462.43,IN,2026-08-17 10:03:15,ONLINE
CRD0024618,CARD0445,P00144,7832,1026.81,IN,2026-07-23 23:46:56,POS5132
CRD0024622,CARD0445,P00250,4814,674.29,IN,2026-08-13 12:03:51,ONLINE
CRD0024623,CARD0445,P00343,4900,1962.63,IN,2026-09-12 14:48:34,POS9064
CRD0024624,CARD0445,P00400,8011,2061.72,IN,2026-08-06 10:54:56,POS7386
CRD0024630,CARD0445,P00250,4814,2127.76,IN,2026-07-29 21:21:30,ONLINE
CRD0024633,CARD0445,P00298,4814,1021.38,IN,2026-07-25 17:21:04,POS2662
CRD0024639,CARD0445,P00298,4814,1176.29,IN,2026-08-06 18:26:24,POS9417
CRD0024640,CARD0445,P00400,8011,1794.95,IN,2026-07-28 19:03:28,POS2228
CRD0024641,CARD0445,P00314,7832,625.5,IN,2026-08-14 12:00:01,ONLINE
CRD0024644,CARD0445,P00382,5812,795.56,IN,2026-08-30 21:53:20,ONLINE
CRD0024645,CARD0445,P00041,4722,6815.56,IN,2026-08-21 17:03:38,ONLINE
CRD0024652,CARD0445,P00143,5411,3314.08,IN,2026-08-28 14:26:34,POS6170
CRD0024657,CARD0445,P00400,8011,2753.32,IN,2026-08-05 17:22:41,ONLINE
CRD0024660,CARD0445,P00314,7832,2492.51,IN,2026-07-23 12:34:03,ONLINE
CRD0024674,CARD0446,P00360,5541,7038.35,IN,2026-07-07 08:38:31,ONLINE
CRD0024675,CARD0446,P00297,8011,13077.32,IN,2026-08-28 12:24:30,POS6905
CRD0024677,CARD0446,P00227,4814,2297.42,IN,2026-08-31 18:53:11,ONLINE
CRD0024678,CARD0446,P00080,5812,1200.5,IN,2026-09-10 13:51:26,ONLINE
CRD0024687,CARD0446,P00297,8011,5381.91,IN,2026-07-24 06:56:16,POS4497
CRD0024689,CARD0446,P00081,5411,2386.35,IN,2026-09-04 18:41:56,ONLINE
CRD0024693,CARD0446,P00032,5812,6048.99,IN,2026-08-04 15:10:40,ONLINE
CRD0024697,CARD0446,P00164,6513,9985.14,IN,2026-07-23 15:57:13,ONLINE
CRD0024698,CARD0446,P00164,6513,23259.4,IN,2026-08-02 23:05:19,ONLINE
CRD0024700,CARD0446,P00360,5541,8732.31,IN,2026-09-02 16:35:46,ONLINE
CRD0024702,CARD0446,P00081,5411,2181.81,IN,2026-07-05 08:58:46,ONLINE
CRD0024708,CARD0446,P00250,4814,2055.75,IN,2026-08-05 20:11:24,POS7294
CRD0024709,CARD0446,P00150,4900,3688.29,IN,2026-07-21 10:14:49,POS4600
CRD0024716,CARD0446,P00250,4814,5599.4,IN,2026-07-17 13:12:16,ONLINE
CRD0024724,CARD0446,P00360,5541,4477.34,IN,2026-08-26 17:20:08,POS9407
CRD0024729,CARD0446,P00019,4814,5887.24,IN,2026-07-08 11:11:41,POS8306
CRD0024731,CARD0446,P00227,4814,1322.21,IN,2026-09-04 14:15:34,POS5718
CRD0024732,CARD0446,P00297,8011,6372.69,IN,2026-08-12 16:27:21,ONLINE
CRD0024735,CARD0446,P00081,5411,5931.45,IN,2026-07-14 19:58:42,POS7795
CRD0024742,CARD0447,P00243,6012,2901.86,IN,2026-08-20 18:30:23,POS6256
CRD0024743,CARD0447,P00188,5812,444.43,IN,2026-07-21 09:13:25,ONLINE
CRD0024747,CARD0447,P00110,7832,754.19,IN,2026-09-03 21:48:48,POS2103
CRD0024748,CARD0447,P00110,7832,754.6,IN,2026-08-20 20:27:01,POS7411
CRD0024762,CARD0447,P00322,6012,1025.56,IN,2026-08-31 07:36:18,POS8265
CRD0024766,CARD0447,P00188,5812,596.58,IN,2026-07-09 16:07:28,POS9249
CRD0024767,CARD0447,P00219,5411,1492.84,IN,2026-08-19 09:07:14,POS9266
CRD0024769,CARD0447,P00263,5311,4223.48,IN,2026-07-29 20:26:58,ONLINE
CRD0024772,CARD0447,P00392,5812,337.54,IN,2026-09-04 21:35:17,POS5516
CRD0024778,CARD0447,P00044,5411,803.19,IN,2026-08-13 14:50:27,ONLINE
CRD0024785,CARD0447,P00322,6012,1111.24,IN,2026-08-02 12:49:29,POS4145
CRD0024786,CARD0447,P00044,5411,1692.47,IN,2026-08-29 20:54:04,POS7521
CRD0024788,CARD0447,P00322,6012,2108.26,IN,2026-08-31 11:44:21,ONLINE
CRD0024791,CARD0447,P00205,6012,839.24,IN,2026-08-15 21:29:00,ONLINE
CRD0024792,CARD0447,P00188,5812,693.87,IN,2026-09-12 15:45:13,ONLINE
CRD0024793,CARD0447,P00243,6012,1235.94,IN,2026-09-03 09:34:10,ONLINE
CRD0024794,CARD0447,P00300,6012,2184.71,IN,2026-08-07 13:39:49,POS2289
CRD0024795,CARD0447,P00322,6012,1885.48,IN,2026-07-15 12:14:11,POS6899
CRD0024799,CARD0448,P00133,4900,843.24,IN,2026-07-12 17:41:01,ONLINE
CRD0024801,CARD0448,P00133,4900,1757.38,IN,2026-07-05 10:39:16,ONLINE
CRD0024802,CARD0448,P00398,5541,576.14,IN,2026-07-31 23:03:52,ONLINE
CRD0024806,CARD0448,P00382,5812,597.32,IN,2026-08-05 18:42:00,POS4521
CRD0024807,CARD0448,P00280,6012,658.6,IN,2026-08-02 17:02:27,POS1522
CRD0024811,CARD0448,P00133,4900,312.71,IN,2026-07-24 00:01:20,POS2936
CRD0024814,CARD0448,P00133,4900,1288.2,IN,2026-09-10 21:11:21,POS2578
CRD0024815,CARD0448,P00315,4900,488.06,IN,2026-08-14 12:45:32,ONLINE
CRD0024817,CARD0448,P00382,5812,114.87,IN,2026-09-11 14:50:56,ONLINE
CRD0024821,CARD0448,P00382,5812,343.07,IN,2026-07-19 17:27:09,ONLINE
CRD0024823,CARD0448,P00280,6012,528.69,IN,2026-08-31 07:36:18,POS9606
CRD0024825,CARD0448,P00291,5812,245.7,IN,2026-08-24 10:14:55,ONLINE
CRD0024826,CARD0448,P00291,5812,623.71,IN,2026-08-23 18:17:50,ONLINE
CRD0024832,CARD0448,P00324,5311,2066.42,IN,2026-07-09 19:44:09,ONLINE
CRD0024834,CARD0448,P00382,5812,166.76,IN,2026-07-24 14:24:14,POS8628
CRD0024842,CARD0448,P00258,5812,430.45,IN,2026-08-05 23:59:47,ONLINE
CRD0024848,CARD0448,P00315,4900,763.2,IN,2026-09-11 07:47:07,ONLINE
CRD0024852,CARD0448,P00144,7832,233.89,IN,2026-07-07 11:22:48,POS1448
CRD0024854,CARD0448,P00280,6012,918.01,IN,2026-08-10 16:40:42,POS7753
CRD0024857,CARD0448,P00295,8011,5663.2,IN,2026-08-05 10:54:23,POS2762
CRD0024865,CARD0449,P00204,4900,7405.08,IN,2026-08-09 14:57:14,ONLINE
CRD0024881,CARD0449,P00113,6513,21690.16,IN,2026-08-27 19:12:59,POS3569
CRD0024882,CARD0449,P00197,6012,3402.18,IN,2026-08-24 13:22:44,ONLINE
CRD0024883,CARD0449,P00227,4814,1851.38,IN,2026-08-05 18:38:48,POS9532
CRD0024885,CARD0449,P00219,5411,3278.14,IN,2026-08-16 20:27:17,ONLINE
CRD0024899,CARD0449,P00241,5411,4215.92,IN,2026-07-28 01:53:29,POS9037
CRD0024901,CARD0449,P00219,5411,2715.94,IN,2026-08-05 18:21:28,ONLINE
CRD0024902,CARD0449,P00113,6513,51162.09,IN,2026-09-13 06:50:23,ONLINE
CRD0024910,CARD0450,P00140,5411,707.88,IN,2026-08-17 08:41:00,POS5179
CRD0024913,CARD0450,P00140,5411,1209.67,IN,2026-07-07 09:37:57,POS9355
CRD0024914,CARD0450,P00069,5311,3947.59,IN,2026-07-27 18:06:14,ONLINE
CRD0024917,CARD0450,P00396,5411,1751.48,IN,2026-07-08 13:23:23,POS9634
CRD0024918,CARD0450,P00298,4814,428.89,IN,2026-07-13 13:20:39,ONLINE
CRD0024920,CARD0450,P00069,5311,1571.39,IN,2026-08-20 06:43:11,ONLINE
CRD0024928,CARD0450,P00046,6012,1760.89,IN,2026-08-01 18:16:54,POS4992
CRD0024930,CARD0450,P00298,4814,455.44,IN,2026-09-09 17:19:57,ONLINE
CRD0024931,CARD0450,P00140,5411,1524.36,IN,2026-07-23 09:36:48,ONLINE
CRD0024933,CARD0450,P00220,8011,3602.44,IN,2026-09-07 23:50:11,ONLINE
CRD0024942,CARD0450,P00107,4900,1825.13,IN,2026-07-01 06:15:58,ONLINE
CRD0024943,CARD0450,P00139,5311,1943.38,IN,2026-07-29 15:24:51,ONLINE
CRD0024944,CARD0450,P00263,5311,10832.75,IN,2026-07-18 11:37:49,ONLINE
CRD0024946,CARD0450,P00107,4900,6528.09,IN,2026-08-28 09:51:54,ONLINE
CRD0024947,CARD0450,P00107,4900,3703.26,IN,2026-08-14 18:12:28,POS8639
CRD0024951,CARD0450,P00140,5411,508.38,IN,2026-07-26 11:29:58,ONLINE
CRD0024954,CARD0450,P00041,4722,7597.11,IN,2026-07-23 14:51:57,POS5517
CRD0024957,CARD0450,P00298,4814,358.22,IN,2026-08-25 16:07:57,ONLINE
CRD0024958,CARD0450,P00107,4900,5207.77,IN,2026-08-31 21:24:18,ONLINE
CRD0024961,CARD0450,P00001,6012,915.11,IN,2026-07-24 12:05:45,ONLINE
CRD0024963,CARD0450,P00375,5812,644.85,IN,2026-08-17 08:14:50,POS4027
CRD0024972,CARD0451,P00177,5812,705.39,IN,2026-07-01 17:04:07,ONLINE
CRD0024975,CARD0451,P00237,7832,719.72,IN,2026-08-24 19:44:34,ONLINE
CRD0024977,CARD0451,P00045,5311,3094.11,IN,2026-07-21 14:47:44,ONLINE
CRD0024985,CARD0451,P00045,5311,984.4,IN,2026-08-22 21:06:06,ONLINE
CRD0024989,CARD0451,P00047,6012,1853.59,IN,2026-07-25 22:10:48,ONLINE
CRD0024996,CARD0451,P00047,6012,2033.34,IN,2026-07-13 00:52:38,ONLINE
CRD0025002,CARD0451,P00027,5311,4935.19,IN,2026-08-19 21:47:37,POS7635
CRD0025034,CARD0452,P00238,5812,665.52,IN,2026-07-26 06:40:08,ONLINE
CRD0025035,CARD0452,P00329,8011,2175.93,IN,2026-09-04 21:16:14,ONLINE
CRD0025052,CARD0452,P00238,5812,1134.43,IN,2026-08-20 13:46:42,ONLINE
CRD0025056,CARD0452,P00329,8011,1775.66,IN,2026-08-13 17:49:20,ONLINE
CRD0025059,CARD0452,P00014,6012,3388.24,IN,2026-08-21 22:55:47,POS8758
CRD0025066,CARD0452,P00072,5812,355.98,IN,2026-07-11 17:56:36,POS9824
CRD0025075,CARD0452,P00038,5411,559.36,IN,2026-07-26 19:22:20,POS3966
CRD0025083,CARD0452,P00014,6012,1174.33,IN,2026-07-16 21:43:32,POS2484
CRD0025084,CARD0452,P00023,4722,9760.7,IN,2026-08-14 01:57:56,ONLINE
CRD0025100,CARD0452,P00023,4722,7282.08,IN,2026-07-26 09:39:21,ONLINE
CRD0025106,CARD0452,P00016,5411,676.94,IN,2026-07-23 09:09:15,ONLINE
CRD0025115,CARD0453,P00121,5812,1094.56,IN,2026-08-02 15:42:35,ONLINE
CRD0025116,CARD0453,P00297,8011,3159.47,IN,2026-09-12 08:14:52,ONLINE
CRD0025119,CARD0453,P00251,5411,3208.7,IN,2026-08-29 14:54:08,POS7317
CRD0025131,CARD0453,P00181,4722,18140.79,IN,2026-07-06 12:30:33,ONLINE
CRD0025135,CARD0453,P00058,4814,999.84,IN,2026-07-15 09:57:40,POS9957
CRD0025137,CARD0453,P00292,5541,2797.65,IN,2026-07-18 22:43:40,POS9186
CRD0025142,CARD0453,P00058,4814,1977.23,IN,2026-08-12 17:09:50,POS1072
CRD0025143,CARD0453,P00292,5541,4545.26,IN,2026-09-13 14:49:19,POS8507
CRD0025148,CARD0453,P00117,5411,566.2,IN,2026-08-31 14:59:21,POS9503
CRD0025150,CARD0453,P00121,5812,792.21,IN,2026-07-22 23:35:31,ONLINE
CRD0025151,CARD0453,P00117,5411,2147.41,IN,2026-07-30 08:39:04,ONLINE
CRD0025152,CARD0453,P00100,8011,1893.38,IN,2026-07-31 11:52:19,POS6030
CRD0025153,CARD0453,P00007,5812,772.54,IN,2026-07-03 11:37:57,ONLINE
CRD0025161,CARD0454,P00213,4900,1279.58,IN,2026-08-29 16:24:50,POS1848
CRD0025170,CARD0454,P00213,4900,2409.05,IN,2026-08-08 11:50:37,POS9706
CRD0025173,CARD0454,P00287,4900,2441.67,IN,2026-08-22 12:19:24,ONLINE
CRD0025178,CARD0454,P00026,6012,1960.62,IN,2026-07-20 20:56:15,ONLINE
CRD0025180,CARD0454,P00271,5541,1640.33,IN,2026-08-18 14:27:25,ONLINE
CRD0025184,CARD0454,P00388,5411,1131.36,IN,2026-08-06 19:57:05,POS1234
CRD0025196,CARD0454,P00247,6012,2051.91,IN,2026-08-25 23:07:29,POS2587
CRD0025199,CARD0454,P00287,4900,4659.73,IN,2026-09-12 03:12:54,ONLINE
CRD0025201,CARD0454,P00100,8011,5826.7,IN,2026-07-17 18:30:43,ONLINE
CRD0025206,CARD0454,P00353,5311,3575.6,IN,2026-07-16 21:41:36,ONLINE
CRD0025209,CARD0454,P00214,6012,619.6,IN,2026-08-23 21:58:42,ONLINE
CRD0025210,CARD0454,P00304,5541,3779.18,IN,2026-07-29 14:55:18,ONLINE
CRD0025215,CARD0455,P00092,5411,738.41,IN,2026-08-21 20:27:33,POS7162
CRD0025218,CARD0455,P00100,8011,785.36,IN,2026-07-26 20:36:17,POS2747
CRD0025221,CARD0455,P00398,5541,2786.62,IN,2026-08-06 16:39:38,POS3746
CRD0025222,CARD0455,P00279,5812,197.55,IN,2026-08-15 11:22:19,POS8822
CRD0025225,CARD0455,P00191,6513,5399.92,IN,2026-09-02 20:01:19,ONLINE
CRD0025231,CARD0455,P00398,5541,2541.02,IN,2026-07-19 11:52:21,POS3136
CRD0025232,CARD0455,P00076,5411,780.03,IN,2026-08-13 13:55:31,POS8035
CRD0025234,CARD0455,P00308,5812,1204.0,IN,2026-08-09 07:38:18,POS7995
CRD0025237,CARD0455,P00206,5541,1046.93,IN,2026-08-26 23:18:58,POS7048
CRD0025249,CARD0455,P00092,5411,397.54,IN,2026-09-08 16:16:14,ONLINE
CRD0025250,CARD0455,P00398,5541,1042.18,IN,2026-07-31 16:50:39,POS4251
CRD0025252,CARD0455,P00347,7832,513.39,IN,2026-09-08 21:05:43,POS2226
CRD0025254,CARD0455,P00206,5541,1244.22,IN,2026-07-01 15:33:31,POS3529
CRD0025256,CARD0455,P00095,5812,317.91,IN,2026-09-04 16:13:23,ONLINE
CRD0025258,CARD0455,P00095,5812,462.76,IN,2026-08-27 16:48:59,POS3136
CRD0025260,CARD0455,P00092,5411,1026.0,IN,2026-08-02 22:33:12,ONLINE
CRD0025264,CARD0455,P00191,6513,4283.05,IN,2026-09-11 08:52:48,POS4632
CRD0025265,CARD0455,P00206,5541,2021.08,IN,2026-08-12 14:43:09,ONLINE
CRD0025272,CARD0455,P00161,5812,685.76,IN,2026-08-09 14:11:02,POS3353
CRD0025274,CARD0455,P00206,5541,2285.21,IN,2026-07-26 19:20:27,POS9397
CRD0025294,CARD0456,P00273,5411,1489.9,IN,2026-07-31 15:59:23,POS4894
CRD0025297,CARD0456,P00038,5411,679.08,IN,2026-07-08 19:29:01,ONLINE
CRD0025307,CARD0456,P00368,4814,618.7,IN,2026-07-11 17:47:48,POS7394
CRD0025312,CARD0456,P00039,5311,3543.6,IN,2026-07-11 11:30:29,ONLINE
CRD0025325,CARD0456,P00050,5311,7515.21,IN,2026-08-02 13:50:08,ONLINE
CRD0025329,CARD0456,P00386,6012,1129.07,IN,2026-08-02 20:58:59,POS5789
CRD0025332,CARD0456,P00373,6012,3942.54,IN,2026-07-23 21:36:07,POS5859
CRD0025334,CARD0456,P00026,6012,1082.07,IN,2026-08-24 12:29:56,POS3273
CRD0025342,CARD0457,P00338,5311,1890.38,IN,2026-08-11 21:18:26,POS8593
CRD0025347,CARD0457,P00263,5311,1228.07,IN,2026-08-24 15:05:12,POS5813
CRD0025350,CARD0457,P00263,5311,2739.82,IN,2026-07-12 20:16:18,ONLINE
CRD0025354,CARD0457,P00338,5311,5525.43,IN,2026-07-11 20:58:48,ONLINE
CRD0025356,CARD0457,P00338,5311,2325.48,IN,2026-07-01 19:37:37,ONLINE
CRD0025358,CARD0457,P00308,5812,295.53,IN,2026-08-21 20:35:19,ONLINE
CRD0025360,CARD0457,P00252,5411,761.57,IN,2026-07-22 09:23:58,POS5741
CRD0025364,CARD0457,P00263,5311,1623.67,IN,2026-09-02 13:54:23,POS8152
CRD0025366,CARD0457,P00338,5311,3265.51,IN,2026-07-13 13:27:08,POS6848
CRD0025367,CARD0457,P00019,4814,378.57,IN,2026-07-17 09:08:52,POS2810
CRD0025368,CARD0457,P00029,5411,1333.94,IN,2026-07-05 07:54:43,POS4510
CRD0025369,CARD0457,P00308,5812,544.69,IN,2026-07-29 15:17:29,POS1985
CRD0025374,CARD0457,P00125,5812,881.85,IN,2026-07-16 20:00:46,POS3305
CRD0025377,CARD0457,P00308,5812,488.85,IN,2026-09-07 18:03:41,POS6161
CRD0025383,CARD0457,P00338,5311,1516.88,IN,2026-09-07 17:19:37,POS1438
CRD0025386,CARD0457,P00016,5411,534.08,IN,2026-08-05 18:35:45,POS4898
CRD0025391,CARD0457,P00220,8011,703.17,IN,2026-08-16 08:34:58,POS9974
CRD0025396,CARD0458,P00137,7832,408.91,IN,2026-08-28 20:12:10,POS9721
CRD0025398,CARD0458,P00228,5541,2281.77,IN,2026-07-17 11:15:40,POS4235
CRD0025400,CARD0458,P00032,5812,309.53,IN,2026-08-11 15:14:15,ONLINE
CRD0025403,CARD0458,P00065,5541,1686.13,IN,2026-07-06 15:06:01,POS5620
CRD0025404,CARD0458,P00065,5541,970.89,IN,2026-08-21 06:36:28,POS4299
CRD0025406,CARD0458,P00275,5541,1375.72,IN,2026-07-16 11:00:31,POS7435
CRD0025408,CARD0458,P00337,6513,2376.14,IN,2026-07-19 16:06:07,ONLINE
CRD0025411,CARD0458,P00319,6012,1932.04,IN,2026-08-08 19:11:54,POS8878
CRD0025412,CARD0458,P00065,5541,1622.54,IN,2026-09-02 11:04:48,POS7637
CRD0025413,CARD0458,P00319,6012,5023.01,IN,2026-08-30 18:51:24,POS2612
CRD0025414,CARD0458,P00032,5812,719.96,IN,2026-09-08 12:14:39,POS5703
CRD0025416,CARD0458,P00228,5541,1143.78,IN,2026-09-09 19:22:15,ONLINE
CRD0025422,CARD0458,P00275,5541,4333.52,IN,2026-08-31 18:27:01,ONLINE
CRD0025425,CARD0458,P00390,4900,2861.04,IN,2026-07-20 10:30:32,ONLINE
CRD0025428,CARD0458,P00065,5541,1951.85,IN,2026-07-26 12:56:58,POS7987
CRD0025429,CARD0458,P00032,5812,349.43,IN,2026-09-04 19:54:10,POS4309
CRD0025431,CARD0458,P00260,5311,2957.72,IN,2026-07-15 14:19:51,ONLINE
CRD0025434,CARD0458,P00163,5411,561.54,IN,2026-07-07 11:39:39,POS8822
CRD0025437,CARD0458,P00137,7832,142.05,IN,2026-09-12 08:34:19,POS7636
CRD0025452,CARD0459,P00092,5411,520.5,IN,2026-08-21 15:24:14,ONLINE
CRD0025458,CARD0459,P00050,5311,2360.74,IN,2026-08-06 18:52:36,ONLINE
CRD0025461,CARD0459,P00353,5311,3668.03,IN,2026-07-02 18:24:02,ONLINE
CRD0025462,CARD0459,P00327,5541,2159.8,IN,2026-08-29 19:01:55,POS9990
CRD0025489,CARD0459,P00162,5411,886.68,IN,2026-08-25 06:48:25,POS2740
CRD0025491,CARD0459,P00244,5541,1177.42,IN,2026-08-08 15:41:06,POS8076
CRD0025492,CARD0459,P00327,5541,448.87,IN,2026-08-03 15:34:37,ONLINE
CRD0025493,CARD0459,P00050,5311,6038.5,IN,2026-09-11 19:27:12,POS1035
CRD0025502,CARD0459,P00327,5541,1301.84,IN,2026-08-17 19:31:46,ONLINE
CRD0025504,CARD0459,P00092,5411,537.24,IN,2026-08-31 21:31:09,ONLINE
CRD0025505,CARD0459,P00050,5311,5831.67,IN,2026-07-11 16:28:42,POS7453
CRD0025506,CARD0459,P00244,5541,1234.99,IN,2026-07-17 19:40:34,ONLINE
CRD0025510,CARD0459,P00092,5411,700.88,IN,2026-07-03 22:20:48,POS6088
CRD0025514,CARD0459,P00050,5311,3519.27,IN,2026-08-11 12:16:04,ONLINE
CRD0025524,CARD0459,P00396,5411,629.36,IN,2026-07-15 09:59:44,POS3021
CRD0025532,CARD0460,P00272,5812,567.84,IN,2026-09-07 10:13:13,ONLINE
CRD0025533,CARD0460,P00157,6513,3151.16,IN,2026-08-25 18:40:51,ONLINE
CRD0025534,CARD0460,P00056,5812,706.07,IN,2026-08-27 19:21:51,ONLINE
CRD0025538,CARD0460,P00137,7832,250.84,IN,2026-09-07 15:41:16,POS2828
CRD0025539,CARD0460,P00056,5812,317.58,IN,2026-08-08 18:36:36,POS2489
CRD0025540,CARD0460,P00221,5812,389.4,IN,2026-07-04 11:27:33,POS6087
CRD0025552,CARD0460,P00056,5812,371.72,IN,2026-07-07 16:27:45,ONLINE
CRD0025554,CARD0460,P00095,5812,94.44,IN,2026-07-02 14:35:43,POS2674
CRD0025559,CARD0460,P00054,6012,680.3,IN,2026-08-14 11:17:53,ONLINE
CRD0025568,CARD0460,P00237,7832,721.51,IN,2026-07-29 19:03:53,ONLINE
CRD0025574,CARD0460,P00360,5541,5953.75,IN,2026-08-25 17:48:03,POS3766
CRD0025576,CARD0460,P00108,5311,855.13,IN,2026-07-23 14:11:24,POS4184
CRD0025581,CARD0460,P00221,5812,733.26,IN,2026-08-30 00:07:42,ONLINE
CRD0025587,CARD0461,P00326,5812,631.16,IN,2026-08-22 23:53:31,POS3504
CRD0025588,CARD0461,P00206,5541,449.74,IN,2026-08-25 12:24:33,POS3664
CRD0025595,CARD0461,P00245,5311,2892.41,IN,2026-08-17 21:39:11,POS6515
CRD0025597,CARD0461,P00254,6012,1955.92,IN,2026-07-02 18:41:33,POS1748
CRD0025599,CARD0461,P00233,5411,408.84,IN,2026-07-25 12:47:44,ONLINE
CRD0025603,CARD0461,P00203,5541,4569.89,IN,2026-07-24 18:25:44,POS7854
CRD0025605,CARD0461,P00206,5541,1145.58,IN,2026-08-07 18:39:30,ONLINE
CRD0025607,CARD0461,P00024,5411,2490.99,IN,2026-07-23 12:54:00,ONLINE
CRD0025609,CARD0461,P00155,7832,1209.24,IN,2026-09-06 17:37:54,ONLINE
CRD0025610,CARD0461,P00254,6012,1973.56,IN,2026-08-08 14:58:54,POS9707
CRD0025614,CARD0461,P00235,4722,3796.6,IN,2026-07-30 08:47:50,ONLINE
CRD0025622,CARD0461,P00292,5541,549.28,IN,2026-07-31 12:06:26,POS1570
CRD0025629,CARD0461,P00292,5541,3953.13,IN,2026-07-28 19:31:25,ONLINE
CRD0025631,CARD0461,P00040,5411,3832.15,IN,2026-08-19 21:39:39,POS8256
CRD0025637,CARD0461,P00254,6012,2165.88,IN,2026-08-24 18:03:42,POS7367
CRD0025641,CARD0461,P00203,5541,1992.55,IN,2026-07-29 12:19:18,ONLINE
CRD0025645,CARD0461,P00254,6012,902.18,IN,2026-09-10 22:12:59,POS5337
CRD0025652,CARD0461,P00233,5411,169.95,IN,2026-07-15 13:47:30,ONLINE
CRD0025654,CARD0461,P00155,7832,700.82,IN,2026-07-15 13:57:30,POS5915
CRD0025655,CARD0461,P00151,6513,2765.38,IN,2026-08-14 19:57:59,ONLINE
CRD0025656,CARD0461,P00233,5411,747.78,IN,2026-07-18 18:06:41,ONLINE
CRD0025663,CARD0462,P00384,6513,4128.35,IN,2026-07-01 09:02:31,ONLINE
CRD0025665,CARD0462,P00106,5411,347.32,IN,2026-07-06 10:43:47,ONLINE
CRD0025671,CARD0462,P00196,5812,419.7,IN,2026-08-27 22:39:46,ONLINE
CRD0025673,CARD0462,P00191,6513,9406.04,IN,2026-07-06 05:57:13,POS7400
CRD0025677,CARD0462,P00106,5411,1021.02,IN,2026-08-01 08:16:12,ONLINE
CRD0025680,CARD0462,P00002,6012,1009.02,IN,2026-07-29 09:55:10,POS2596
CRD0025684,CARD0462,P00002,6012,1428.88,IN,2026-09-09 12:52:04,ONLINE
CRD0025685,CARD0462,P00108,5311,3220.91,IN,2026-08-01 23:30:01,ONLINE
CRD0025686,CARD0462,P00106,5411,517.63,IN,2026-07-08 06:37:55,ONLINE
CRD0025693,CARD0462,P00059,6012,601.82,IN,2026-07-19 18:49:31,ONLINE
CRD0025700,CARD0462,P00296,5812,334.59,IN,2026-08-21 14:27:50,ONLINE
CRD0025710,CARD0463,P00214,6012,927.22,IN,2026-08-06 19:35:13,ONLINE
CRD0025716,CARD0463,P00086,4900,2095.1,IN,2026-09-11 12:13:41,ONLINE
CRD0025718,CARD0463,P00214,6012,656.43,IN,2026-08-31 18:45:28,ONLINE
CRD0025721,CARD0463,P00208,6012,1980.99,IN,2026-08-20 16:29:14,ONLINE
CRD0025724,CARD0463,P00276,7832,445.59,IN,2026-08-11 20:29:59,POS4507
CRD0025729,CARD0463,P00214,6012,647.12,IN,2026-07-19 10:10:35,ONLINE
CRD0025741,CARD0463,P00041,4722,3905.07,IN,2026-09-08 12:59:39,ONLINE
CRD0025743,CARD0463,P00004,5411,2588.19,IN,2026-07-08 18:03:42,POS7213
CRD0025747,CARD0463,P00252,5411,642.09,IN,2026-07-28 10:37:56,ONLINE
CRD0025749,CARD0463,P00252,5411,1221.96,IN,2026-08-13 15:31:14,POS9109
CRD0025753,CARD0463,P00252,5411,907.55,IN,2026-07-30 10:27:35,ONLINE
CRD0025755,CARD0463,P00238,5812,475.84,IN,2026-07-24 21:48:48,ONLINE
CRD0025761,CARD0463,P00029,5411,1993.71,IN,2026-08-09 14:26:51,ONLINE
CRD0025763,CARD0463,P00208,6012,2370.68,IN,2026-07-11 14:33:06,POS1672
CRD0025780,CARD0464,P00353,5311,2848.42,IN,2026-07-15 19:10:59,ONLINE
CRD0025782,CARD0464,P00342,5311,11409.1,IN,2026-08-10 06:12:44,POS1972
CRD0025790,CARD0464,P00306,4814,398.8,IN,2026-07-18 07:30:26,POS4794
CRD0025793,CARD0464,P00307,5311,4317.46,IN,2026-08-27 21:45:30,ONLINE
CRD0025794,CARD0464,P00190,4814,569.69,IN,2026-07-08 20:41:19,ONLINE
CRD0025795,CARD0464,P00355,4814,773.26,IN,2026-08-06 14:23:02,POS8211
CRD0025797,CARD0464,P00306,4814,377.21,IN,2026-07-14 12:47:32,POS4840
CRD0025804,CARD0464,P00082,5411,974.61,IN,2026-08-20 23:11:04,ONLINE
CRD0025805,CARD0464,P00342,5311,2960.89,IN,2026-07-05 10:49:02,ONLINE
CRD0025808,CARD0464,P00353,5311,3693.62,IN,2026-08-06 02:53:42,POS2019
CRD0025809,CARD0464,P00147,8011,1103.37,IN,2026-09-13 08:34:30,POS7527
CRD0025810,CARD0464,P00287,4900,1036.23,IN,2026-07-24 18:01:31,POS4944
CRD0025822,CARD0464,P00337,6513,5864.05,IN,2026-08-09 16:33:55,POS6512
CRD0025826,CARD0464,P00118,4722,1576.98,IN,2026-08-06 20:42:22,POS8408
CRD0025833,CARD0464,P00082,5411,1063.41,IN,2026-08-31 20:01:15,ONLINE
CRD0025834,CARD0464,P00342,5311,2568.82,IN,2026-07-01 12:32:35,ONLINE
CRD0025855,CARD0465,P00295,8011,2797.7,IN,2026-09-07 16:26:23,ONLINE
CRD0025859,CARD0465,P00343,4900,4465.62,IN,2026-08-28 13:29:01,POS9923
CRD0025865,CARD0465,P00143,5411,1085.55,IN,2026-07-04 18:13:38,ONLINE
CRD0025866,CARD0465,P00343,4900,1082.0,IN,2026-07-13 17:15:33,ONLINE
CRD0025868,CARD0465,P00144,7832,715.61,IN,2026-09-03 17:04:28,POS3976
CRD0025873,CARD0465,P00054,6012,1543.95,IN,2026-09-05 20:33:23,POS4250
CRD0025882,CARD0465,P00377,5311,2341.97,IN,2026-08-30 08:36:43,ONLINE
CRD0025884,CARD0465,P00170,6012,423.62,IN,2026-08-15 09:46:04,POS1714
CRD0025887,CARD0465,P00137,7832,696.19,IN,2026-08-18 10:17:24,POS4228
CRD0025890,CARD0465,P00183,7832,430.3,IN,2026-08-22 13:05:20,POS1958
CRD0025892,CARD0465,P00028,5411,405.89,IN,2026-07-03 21:04:53,ONLINE
CRD0025893,CARD0465,P00266,5541,1697.16,IN,2026-07-05 17:46:08,POS9878
CRD0025897,CARD0465,P00377,5311,3685.65,IN,2026-07-30 20:37:16,ONLINE
CRD0025898,CARD0465,P00205,6012,841.82,IN,2026-07-17 13:26:39,POS3977
CRD0025902,CARD0465,P00064,5311,2816.19,IN,2026-08-12 21:08:14,POS7319
CRD0025906,CARD0465,P00343,4900,3444.13,IN,2026-08-16 19:29:36,ONLINE
CRD0025907,CARD0465,P00205,6012,484.92,IN,2026-07-31 18:00:04,POS2319
CRD0025914,CARD0466,P00165,5812,341.48,IN,2026-07-09 18:32:06,ONLINE
CRD0025921,CARD0466,P00252,5411,1900.71,IN,2026-08-27 23:58:58,ONLINE
CRD0025925,CARD0466,P00395,5311,1734.23,IN,2026-08-28 15:29:56,POS1017
CRD0025927,CARD0466,P00102,4722,6559.76,IN,2026-09-04 19:08:25,POS5047
CRD0025930,CARD0466,P00294,5311,2877.44,IN,2026-07-08 07:48:58,ONLINE
CRD0025933,CARD0466,P00114,4814,313.44,IN,2026-08-08 05:59:00,POS4696
CRD0025937,CARD0466,P00226,5541,3162.53,IN,2026-08-21 00:18:09,ONLINE
CRD0025943,CARD0466,P00165,5812,564.76,IN,2026-09-10 14:44:21,ONLINE
CRD0025950,CARD0466,P00136,5812,783.07,IN,2026-09-09 09:31:33,POS1061
CRD0025952,CARD0466,P00114,4814,839.81,IN,2026-07-05 11:28:21,ONLINE
CRD0025958,CARD0466,P00198,5411,907.63,IN,2026-08-29 09:18:19,ONLINE
CRD0025959,CARD0466,P00294,5311,5057.44,IN,2026-07-18 11:38:41,POS6817
CRD0025962,CARD0466,P00252,5411,1172.96,IN,2026-07-19 17:02:36,POS1629
CRD0025964,CARD0466,P00373,6012,857.35,IN,2026-07-05 13:37:23,POS1375
CRD0025967,CARD0466,P00207,5411,1204.2,IN,2026-07-26 17:41:00,ONLINE
CRD0025972,CARD0466,P00226,5541,2077.61,IN,2026-07-12 18:06:15,POS4349
CRD0025974,CARD0466,P00198,5411,798.37,IN,2026-07-24 19:57:02,ONLINE
CRD0025976,CARD0466,P00226,5541,2408.27,IN,2026-08-14 14:05:54,POS5532
CRD0025993,CARD0467,P00243,6012,4091.56,IN,2026-08-26 22:16:59,POS5572
CRD0026000,CARD0467,P00274,6012,2924.33,IN,2026-07-07 15:38:29,POS8736
CRD0026001,CARD0467,P00281,6513,3146.85,IN,2026-07-25 08:10:25,ONLINE
CRD0026003,CARD0467,P00372,4814,2125.56,IN,2026-08-02 08:36:26,ONLINE
CRD0026004,CARD0467,P00290,5812,436.85,IN,2026-08-04 19:52:08,POS9837
CRD0026005,CARD0467,P00385,6012,3564.66,IN,2026-08-18 18:50:03,ONLINE
CRD0026018,CARD0467,P00158,5311,3319.74,IN,2026-09-05 16:09:48,POS4904
CRD0026024,CARD0467,P00394,4814,570.36,IN,2026-07-02 09:34:57,POS7598
CRD0026031,CARD0467,P00069,5311,2409.27,IN,2026-07-20 16:34:25,ONLINE
CRD0026036,CARD0468,P00245,5311,8659.32,IN,2026-07-15 14:00:57,ONLINE
CRD0026037,CARD0468,P00096,7832,825.41,IN,2026-07-06 17:00:14,ONLINE
CRD0026041,CARD0468,P00245,5311,11159.97,IN,2026-08-16 17:14:39,ONLINE
CRD0026042,CARD0468,P00245,5311,14120.44,IN,2026-07-17 04:32:19,POS5245
CRD0026051,CARD0468,P00096,7832,1976.78,IN,2026-08-17 15:35:32,ONLINE
CRD0026064,CARD0468,P00245,5311,3584.67,IN,2026-08-14 12:25:09,POS9453
CRD0026068,CARD0468,P00329,8011,11802.1,IN,2026-08-18 18:26:02,POS2930
CRD0026072,CARD0468,P00329,8011,3969.21,IN,2026-07-09 12:57:05,POS4219
CRD0026081,CARD0468,P00064,5311,7815.3,IN,2026-07-07 15:12:32,ONLINE
CRD0026086,CARD0468,P00264,5812,1507.55,IN,2026-07-07 18:50:10,ONLINE
CRD0026091,CARD0468,P00264,5812,813.96,IN,2026-07-06 15:33:19,ONLINE
CRD0026093,CARD0468,P00222,5812,2412.59,IN,2026-07-29 08:22:27,ONLINE
CRD0026094,CARD0468,P00245,5311,6057.59,IN,2026-08-16 07:21:42,ONLINE
CRD0026096,CARD0468,P00051,6012,7304.84,IN,2026-08-06 14:29:21,ONLINE
CRD0026097,CARD0468,P00096,7832,1368.52,IN,2026-07-30 21:12:45,POS9205
CRD0026105,CARD0469,P00082,5411,1916.16,IN,2026-07-02 20:38:01,POS4436
CRD0026129,CARD0469,P00082,5411,860.92,IN,2026-08-26 00:14:13,POS5330
CRD0026132,CARD0469,P00320,4900,2043.12,IN,2026-09-13 18:18:57,ONLINE
CRD0026136,CARD0469,P00203,5541,651.41,IN,2026-09-07 15:49:16,ONLINE
CRD0026140,CARD0469,P00082,5411,1013.52,IN,2026-09-04 06:43:13,POS2267
CRD0026146,CARD0469,P00082,5411,1528.93,IN,2026-08-06 19:29:15,ONLINE
CRD0026155,CARD0470,P00307,5311,1279.44,IN,2026-08-01 10:28:54,POS7033
CRD0026156,CARD0470,P00018,5812,900.95,IN,2026-08-07 10:20:28,ONLINE
CRD0026162,CARD0470,P00361,5411,1256.7,IN,2026-07-09 08:26:55,ONLINE
CRD0026165,CARD0470,P00395,5311,2842.42,IN,2026-07-08 18:08:03,POS4124
CRD0026166,CARD0470,P00358,6513,5989.38,IN,2026-08-15 15:30:42,POS6432
CRD0026170,CARD0470,P00358,6513,7603.44,IN,2026-07-27 19:45:50,POS8615
CRD0026174,CARD0470,P00395,5311,1649.22,IN,2026-08-15 09:37:43,ONLINE
CRD0026180,CARD0470,P00018,5812,676.59,IN,2026-08-17 13:21:11,POS5246
CRD0026184,CARD0470,P00237,7832,441.34,IN,2026-08-25 15:11:08,POS2261
CRD0026185,CARD0470,P00335,6513,3893.3,IN,2026-07-31 08:42:38,POS8613
CRD0026187,CARD0470,P00128,5541,1695.51,IN,2026-07-18 19:52:03,ONLINE
CRD0026188,CARD0470,P00335,6513,8939.17,IN,2026-07-02 23:42:38,ONLINE
CRD0026191,CARD0470,P00335,6513,5036.59,IN,2026-07-05 15:47:50,POS8363
CRD0026200,CARD0470,P00061,5411,2468.69,IN,2026-08-23 10:50:28,ONLINE
CRD0026205,CARD0471,P00175,5311,938.63,IN,2026-07-13 16:33:40,ONLINE
CRD0026206,CARD0471,P00175,5311,890.49,IN,2026-07-01 19:08:21,ONLINE
CRD0026212,CARD0471,P00107,4900,2884.99,IN,2026-07-09 10:44:18,POS5094
CRD0026213,CARD0471,P00056,5812,169.77,IN,2026-08-01 10:40:57,POS8943
CRD0026218,CARD0471,P00314,7832,822.56,IN,2026-08-06 17:24:09,POS9839
CRD0026219,CARD0471,P00163,5411,522.69,IN,2026-07-28 14:22:51,POS4152
CRD0026225,CARD0471,P00175,5311,4064.24,IN,2026-08-26 17:26:23,POS2003
CRD0026244,CARD0471,P00107,4900,1614.0,IN,2026-09-07 20:21:20,ONLINE
CRD0026245,CARD0471,P00231,4814,190.65,IN,2026-08-23 14:46:36,ONLINE
CRD0026247,CARD0471,P00231,4814,1497.61,IN,2026-08-19 18:55:29,ONLINE
CRD0026249,CARD0471,P00040,5411,720.22,IN,2026-07-28 20:11:04,POS2209
CRD0026259,CARD0472,P00276,7832,4953.51,IN,2026-07-15 11:37:47,POS2937
CRD0026272,CARD0472,P00105,5541,3483.0,IN,2026-08-11 16:13:04,POS6876
CRD0026275,CARD0472,P00115,5411,1359.55,IN,2026-09-11 17:46:32,ONLINE
CRD0026279,CARD0472,P00082,5411,2533.0,IN,2026-09-03 09:03:54,ONLINE
CRD0026290,CARD0473,P00366,5812,2012.01,IN,2026-07-19 14:56:32,POS7473
CRD0026291,CARD0473,P00366,5812,1712.53,IN,2026-07-31 09:56:34,POS8090
CRD0026292,CARD0473,P00366,5812,339.69,IN,2026-07-21 19:18:02,ONLINE
CRD0026302,CARD0473,P00249,4814,732.35,IN,2026-08-22 15:36:45,ONLINE
CRD0026307,CARD0473,P00076,5411,2493.01,IN,2026-07-01 12:34:11,POS1855
CRD0026308,CARD0473,P00380,5411,585.3,IN,2026-07-29 18:31:46,ONLINE
CRD0026313,CARD0473,P00197,6012,3671.81,IN,2026-08-16 19:30:29,POS2237
CRD0026316,CARD0473,P00197,6012,4478.79,IN,2026-07-09 09:37:22,POS6416
CRD0026322,CARD0473,P00249,4814,1099.6,IN,2026-08-07 12:52:24,POS5518
CRD0026323,CARD0473,P00049,5411,2363.49,IN,2026-09-01 05:35:25,POS7905
CRD0026326,CARD0473,P00249,4814,707.04,IN,2026-08-24 13:57:09,ONLINE
CRD0026335,CARD0473,P00146,5411,1556.3,IN,2026-08-12 00:05:39,ONLINE
CRD0026336,CARD0473,P00380,5411,3198.53,IN,2026-08-22 09:50:46,ONLINE
CRD0026340,CARD0473,P00220,8011,5120.67,IN,2026-09-05 11:25:29,ONLINE
CRD0026341,CARD0473,P00366,5812,390.76,IN,2026-08-29 11:09:01,POS3207
CRD0026345,CARD0473,P00049,5411,846.84,IN,2026-09-12 21:06:41,ONLINE
CRD0026351,CARD0473,P00220,8011,7146.36,IN,2026-08-19 18:58:01,POS6216
CRD0026354,CARD0473,P00072,5812,2980.01,IN,2026-07-03 20:19:08,ONLINE
CRD0026355,CARD0473,P00363,5541,2779.3,IN,2026-08-12 16:08:04,ONLINE
CRD0026358,CARD0473,P00249,4814,3438.53,IN,2026-08-27 21:45:40,POS9907
CRD0026362,CARD0474,P00269,4900,1246.68,IN,2026-08-23 19:03:45,POS2133
CRD0026368,CARD0474,P00188,5812,1544.31,IN,2026-08-12 09:41:26,POS2783
CRD0026372,CARD0474,P00226,5541,1678.15,IN,2026-09-12 19:54:38,POS4032
CRD0026381,CARD0474,P00144,7832,1856.56,IN,2026-07-26 21:47:45,POS7030
CRD0026384,CARD0474,P00039,5311,3926.01,IN,2026-08-17 16:02:53,POS7443
CRD0026387,CARD0474,P00001,6012,1514.84,IN,2026-07-26 09:10:09,POS8416
CRD0026399,CARD0474,P00062,6012,2251.4,IN,2026-08-25 11:35:19,POS6664
CRD0026405,CARD0475,P00239,5411,456.7,IN,2026-08-19 01:02:51,ONLINE
CRD0026406,CARD0475,P00179,5812,128.15,IN,2026-08-24 19:02:06,ONLINE
CRD0026408,CARD0475,P00164,6513,1793.72,IN,2026-09-11 10:48:40,ONLINE
CRD0026420,CARD0475,P00190,4814,103.97,IN,2026-08-30 06:45:08,ONLINE
CRD0026424,CARD0475,P00327,5541,221.31,IN,2026-09-01 14:25:14,ONLINE
CRD0026427,CARD0475,P00327,5541,460.4,IN,2026-09-09 14:54:54,POS6558
CRD0026429,CARD0475,P00204,4900,583.24,IN,2026-09-11 15:55:16,ONLINE
CRD0026434,CARD0475,P00400,8011,1885.18,IN,2026-08-23 20:08:20,ONLINE
CRD0026435,CARD0475,P00204,4900,1250.62,IN,2026-09-13 21:49:45,ONLINE
CRD0026437,CARD0475,P00228,5541,493.79,IN,2026-07-12 20:18:02,POS7783
CRD0026438,CARD0475,P00204,4900,2121.94,IN,2026-07-26 14:58:38,POS2194
CRD0026441,CARD0475,P00338,5311,1296.97,IN,2026-09-03 18:09:28,POS5583
CRD0026442,CARD0475,P00204,4900,740.56,IN,2026-07-07 19:42:18,POS9990
CRD0026445,CARD0475,P00087,5812,211.79,IN,2026-07-17 15:26:19,POS2414
CRD0026450,CARD0475,P00239,5411,585.21,IN,2026-07-16 16:30:51,POS7392
CRD0026453,CARD0475,P00179,5812,546.97,IN,2026-07-28 13:40:54,ONLINE
CRD0026454,CARD0475,P00006,5411,400.11,IN,2026-08-11 12:47:30,ONLINE
CRD0026457,CARD0475,P00400,8011,835.63,IN,2026-07-17 06:45:45,POS1294
CRD0026463,CARD0475,P00377,5311,1546.41,IN,2026-09-13 08:10:44,POS6886
CRD0026464,CARD0475,P00190,4814,436.05,IN,2026-07-24 18:00:23,POS7750
CRD0026465,CARD0475,P00031,6012,1111.94,IN,2026-08-04 20:32:23,ONLINE
CRD0026470,CARD0476,P00150,4900,1322.15,IN,2026-09-13 08:40:15,POS9151
CRD0026473,CARD0476,P00048,5812,915.26,IN,2026-09-05 16:59:18,ONLINE
CRD0026474,CARD0476,P00150,4900,3831.55,IN,2026-09-02 13:02:40,POS1136
CRD0026475,CARD0476,P00162,5411,544.83,IN,2026-08-17 11:00:17,POS6600
CRD0026481,CARD0476,P00094,6012,6473.77,IN,2026-08-29 11:27:53,POS9435
CRD0026487,CARD0476,P00361,5411,2317.72,IN,2026-07-30 15:54:31,POS6125
CRD0026489,CARD0476,P00361,5411,310.53,IN,2026-08-07 00:41:45,ONLINE
CRD0026496,CARD0476,P00119,5812,505.22,IN,2026-09-13 10:45:41,ONLINE
CRD0026506,CARD0476,P00163,5411,2902.75,IN,2026-08-10 06:06:08,ONLINE
CRD0026513,CARD0476,P00087,5812,1339.47,IN,2026-08-07 18:49:45,ONLINE
CRD0026515,CARD0476,P00361,5411,1684.85,IN,2026-07-04 17:39:44,ONLINE
CRD0026517,CARD0476,P00119,5812,2374.69,IN,2026-08-12 17:26:39,POS1759
CRD0026519,CARD0476,P00241,5411,4277.02,IN,2026-09-09 11:19:15,ONLINE
CRD0026528,CARD0477,P00230,5812,2003.89,IN,2026-07-21 08:18:56,POS2465
CRD0026546,CARD0477,P00257,6012,2533.99,IN,2026-09-04 21:42:50,ONLINE
CRD0026553,CARD0477,P00023,4722,3855.54,IN,2026-08-08 19:15:50,POS4747
CRD0026556,CARD0477,P00116,6012,2466.62,IN,2026-08-09 21:05:00,ONLINE
CRD0026564,CARD0477,P00148,5311,4491.72,IN,2026-07-20 08:15:27,POS8879
CRD0026575,CARD0478,P00087,5812,358.45,IN,2026-08-21 08:58:49,POS1328
CRD0026577,CARD0478,P00050,5311,2284.78,IN,2026-07-04 11:34:19,ONLINE
CRD0026581,CARD0478,P00322,6012,2297.12,IN,2026-09-02 08:45:43,ONLINE
CRD0026588,CARD0478,P00197,6012,683.73,IN,2026-09-05 17:45:10,ONLINE
CRD0026596,CARD0478,P00320,4900,3265.51,IN,2026-07-25 18:54:08,ONLINE
CRD0026597,CARD0478,P00197,6012,2228.85,IN,2026-08-31 12:08:34,ONLINE
CRD0026599,CARD0478,P00212,5411,892.75,IN,2026-07-22 18:08:58,ONLINE
CRD0026610,CARD0478,P00246,5411,1437.23,IN,2026-08-03 15:50:38,ONLINE
CRD0026612,CARD0478,P00028,5411,850.49,IN,2026-08-14 19:35:31,ONLINE
CRD0026615,CARD0478,P00322,6012,2500.05,IN,2026-08-16 16:51:00,ONLINE
CRD0026617,CARD0478,P00322,6012,656.51,IN,2026-09-09 12:24:53,POS9329
CRD0026620,CARD0478,P00197,6012,3293.11,IN,2026-08-14 10:53:09,POS4268
CRD0026621,CARD0478,P00213,4900,3206.85,IN,2026-08-18 12:30:10,ONLINE
CRD0026623,CARD0478,P00246,5411,369.41,IN,2026-07-06 14:54:17,ONLINE
CRD0026629,CARD0478,P00028,5411,2135.88,IN,2026-07-09 17:10:33,POS1643
CRD0026633,CARD0478,P00258,5812,725.75,IN,2026-07-08 23:10:08,ONLINE
CRD0026637,CARD0478,P00213,4900,3940.75,IN,2026-08-29 19:42:54,POS3480
CRD0026643,CARD0479,P00169,5411,1241.25,IN,2026-09-05 08:43:39,ONLINE
CRD0026647,CARD0479,P00320,4900,3671.86,IN,2026-09-07 18:25:34,ONLINE
CRD0026655,CARD0479,P00212,5411,1251.53,IN,2026-07-19 09:24:10,POS1001
CRD0026664,CARD0479,P00246,5411,2176.44,IN,2026-08-15 12:31:17,ONLINE
CRD0026666,CARD0479,P00295,8011,2795.06,IN,2026-07-18 11:58:47,ONLINE
CRD0026667,CARD0479,P00010,5812,1696.22,IN,2026-08-26 20:09:45,POS5756
CRD0026668,CARD0479,P00188,5812,1920.99,IN,2026-07-30 09:58:14,ONLINE
CRD0026672,CARD0479,P00351,4814,494.61,IN,2026-07-28 20:01:00,POS7606
CRD0026673,CARD0479,P00268,5541,3723.55,IN,2026-07-31 19:40:53,ONLINE
CRD0026677,CARD0479,P00063,5812,1462.91,IN,2026-07-24 15:25:32,POS1648
CRD0026690,CARD0480,P00012,5541,2440.39,IN,2026-07-15 20:55:18,POS6496
CRD0026692,CARD0480,P00171,5411,549.44,IN,2026-08-29 11:56:31,ONLINE
CRD0026706,CARD0480,P00171,5411,1289.02,IN,2026-08-22 14:21:58,POS7801
CRD0026710,CARD0480,P00152,4900,2768.47,IN,2026-07-10 13:05:59,POS2478
CRD0026713,CARD0480,P00171,5411,2681.41,IN,2026-08-22 17:14:27,ONLINE
CRD0026714,CARD0480,P00278,5541,899.59,IN,2026-09-02 08:25:17,ONLINE
CRD0026719,CARD0481,P00400,8011,683.27,IN,2026-08-01 21:36:13,POS2243
CRD0026724,CARD0481,P00388,5411,861.9,IN,2026-08-09 15:22:08,ONLINE
CRD0026725,CARD0481,P00300,6012,896.17,IN,2026-07-16 15:25:54,ONLINE
CRD0026727,CARD0481,P00103,5311,4250.81,IN,2026-09-11 09:49:39,POS1969
CRD0026728,CARD0481,P00240,6012,438.76,IN,2026-07-30 12:15:08,POS4847
CRD0026731,CARD0481,P00350,6012,671.73,IN,2026-08-13 14:25:54,ONLINE
CRD0026732,CARD0481,P00103,5311,1430.52,IN,2026-09-09 18:42:45,ONLINE
CRD0026741,CARD0481,P00129,5311,1288.99,IN,2026-07-17 08:21:23,POS3931
CRD0026747,CARD0481,P00400,8011,391.49,IN,2026-09-13 18:57:55,POS8276
CRD0026750,CARD0481,P00331,7832,265.18,IN,2026-08-26 15:07:42,ONLINE
CRD0026751,CARD0481,P00174,5812,340.12,IN,2026-08-08 16:14:33,POS9264
CRD0026753,CARD0481,P00178,8011,572.32,IN,2026-08-21 23:04:32,ONLINE
CRD0026757,CARD0481,P00343,4900,652.04,IN,2026-07-14 12:44:28,ONLINE
CRD0026762,CARD0481,P00178,8011,2071.05,IN,2026-07-16 18:21:35,ONLINE
CRD0026764,CARD0481,P00388,5411,414.94,IN,2026-07-24 10:37:45,POS6121
CRD0026768,CARD0481,P00071,5411,335.87,IN,2026-08-12 16:30:14,ONLINE
CRD0026769,CARD0481,P00103,5311,1339.45,IN,2026-08-28 13:05:59,ONLINE
CRD0026771,CARD0481,P00331,7832,543.68,IN,2026-08-16 08:32:58,ONLINE
CRD0026773,CARD0481,P00093,5812,345.5,IN,2026-08-02 14:08:25,POS2819
CRD0026776,CARD0481,P00300,6012,821.06,IN,2026-08-15 19:24:33,ONLINE
CRD0026781,CARD0481,P00071,5411,418.68,IN,2026-07-01 17:28:21,POS8872
CRD0026799,CARD0482,P00045,5311,2845.33,IN,2026-09-13 16:09:56,ONLINE
CRD0026803,CARD0482,P00205,6012,3832.32,IN,2026-08-22 15:26:11,POS3350
CRD0026807,CARD0482,P00147,8011,5282.95,IN,2026-09-04 11:36:33,ONLINE
CRD0026809,CARD0482,P00273,5411,4731.68,IN,2026-08-06 19:28:01,POS2974
CRD0026810,CARD0482,P00147,8011,4665.67,IN,2026-07-07 08:08:12,ONLINE
CRD0026812,CARD0482,P00027,5311,2243.23,IN,2026-08-10 15:40:17,ONLINE
CRD0026814,CARD0482,P00147,8011,3727.18,IN,2026-09-11 20:03:01,ONLINE
CRD0026817,CARD0482,P00271,5541,1792.76,IN,2026-08-25 07:02:19,POS5090
CRD0026820,CARD0482,P00045,5311,4776.19,IN,2026-08-11 11:27:18,POS2578
CRD0026823,CARD0482,P00190,4814,519.34,IN,2026-08-13 11:17:16,POS4402
CRD0026824,CARD0482,P00147,8011,1993.64,IN,2026-07-09 01:10:34,POS2078
CRD0026827,CARD0482,P00027,5311,3306.0,IN,2026-09-09 21:31:19,ONLINE
CRD0026828,CARD0482,P00043,5311,5178.43,IN,2026-08-12 20:14:41,ONLINE
CRD0026830,CARD0482,P00045,5311,6451.74,IN,2026-08-25 18:36:19,ONLINE
CRD0026836,CARD0483,P00395,5311,366.44,IN,2026-07-04 12:55:14,POS7634
CRD0026838,CARD0483,P00258,5812,218.95,IN,2026-07-22 21:22:51,ONLINE
CRD0026840,CARD0483,P00004,5411,531.53,IN,2026-07-06 15:28:09,ONLINE
CRD0026842,CARD0483,P00330,5812,122.71,IN,2026-08-17 06:50:42,POS8084
CRD0026846,CARD0483,P00330,5812,312.88,IN,2026-09-10 13:28:40,POS4024
CRD0026849,CARD0483,P00273,5411,355.67,IN,2026-09-04 08:59:38,POS2269
CRD0026850,CARD0483,P00367,5411,1435.96,IN,2026-08-21 20:27:17,ONLINE
CRD0026851,CARD0483,P00273,5411,684.83,IN,2026-07-23 15:54:28,ONLINE
CRD0026852,CARD0483,P00367,5411,464.77,IN,2026-08-23 14:10:54,POS9748
CRD0026854,CARD0483,P00330,5812,240.36,IN,2026-08-20 09:58:17,ONLINE
CRD0026859,CARD0483,P00039,5311,882.14,IN,2026-07-14 19:13:57,POS4076
CRD0026862,CARD0483,P00396,5411,585.36,IN,2026-08-25 14:48:25,POS1490
CRD0026864,CARD0483,P00247,6012,276.82,IN,2026-08-17 01:43:00,POS6352
CRD0026865,CARD0483,P00258,5812,258.85,IN,2026-08-29 18:29:37,POS4433
CRD0026869,CARD0483,P00367,5411,512.36,IN,2026-07-06 21:09:27,ONLINE
CRD0026873,CARD0483,P00001,6012,572.58,IN,2026-07-05 12:39:28,ONLINE
CRD0026883,CARD0483,P00367,5411,136.78,IN,2026-08-07 13:47:24,ONLINE
CRD0026884,CARD0483,P00396,5411,423.83,IN,2026-09-08 17:25:06,POS4305
CRD0026892,CARD0483,P00333,5812,246.12,IN,2026-08-02 21:25:13,POS3843
CRD0026899,CARD0483,P00330,5812,179.27,IN,2026-07-18 08:57:45,POS2961
CRD0026907,CARD0484,P00387,4722,3235.12,IN,2026-09-03 19:12:34,POS2063
CRD0026912,CARD0484,P00387,4722,3056.78,IN,2026-08-05 08:59:48,ONLINE
CRD0026918,CARD0484,P00015,4722,5705.73,IN,2026-08-06 13:25:09,ONLINE
CRD0026920,CARD0484,P00015,4722,2177.58,IN,2026-08-01 14:40:12,POS3836
CRD0026921,CARD0484,P00025,5311,5159.44,IN,2026-07-08 13:13:50,ONLINE
CRD0026923,CARD0484,P00015,4722,14137.94,IN,2026-08-13 17:15:38,ONLINE
CRD0026926,CARD0484,P00120,5411,476.41,IN,2026-07-01 08:51:34,POS7432
CRD0026929,CARD0484,P00268,5541,2684.17,IN,2026-08-17 19:47:29,POS9504
CRD0026932,CARD0484,P00241,5411,599.11,IN,2026-07-14 22:09:01,ONLINE
CRD0026939,CARD0484,P00138,5411,911.4,IN,2026-08-08 16:05:27,POS2051
CRD0026941,CARD0484,P00030,8011,1342.72,IN,2026-08-27 18:17:59,ONLINE
CRD0026942,CARD0484,P00138,5411,1627.55,IN,2026-07-06 11:53:12,ONLINE
CRD0026945,CARD0484,P00241,5411,1807.72,IN,2026-09-08 22:47:34,POS6860
CRD0026947,CARD0484,P00387,4722,3969.03,IN,2026-07-02 19:30:11,ONLINE
CRD0026952,CARD0484,P00305,5812,492.3,IN,2026-07-23 12:37:04,POS6515
CRD0026956,CARD0485,P00028,5411,3577.06,IN,2026-08-01 18:13:56,POS1228
CRD0026957,CARD0485,P00028,5411,3271.52,IN,2026-08-06 12:36:09,ONLINE
CRD0026958,CARD0485,P00121,5812,1431.98,IN,2026-07-19 11:25:46,POS1930
CRD0026962,CARD0485,P00218,5812,1447.16,IN,2026-08-09 17:57:42,POS4422
CRD0026965,CARD0485,P00121,5812,4947.14,IN,2026-07-29 17:53:21,ONLINE
CRD0026972,CARD0485,P00330,5812,4215.69,IN,2026-08-21 10:16:25,ONLINE
CRD0026977,CARD0485,P00104,5541,11659.38,IN,2026-07-15 20:50:19,ONLINE
CRD0026978,CARD0485,P00237,7832,2998.47,IN,2026-08-27 10:18:24,ONLINE
CRD0026981,CARD0485,P00237,7832,2374.87,IN,2026-07-04 14:35:03,POS4885
CRD0026986,CARD0485,P00158,5311,12623.1,IN,2026-08-20 11:17:59,POS9088
CRD0026987,CARD0485,P00218,5812,2930.84,IN,2026-07-05 14:03:33,ONLINE
CRD0026992,CARD0485,P00237,7832,2226.38,IN,2026-08-30 19:16:00,ONLINE
CRD0027009,CARD0486,P00260,5311,1558.01,IN,2026-09-13 20:51:21,POS2546
CRD0027017,CARD0486,P00351,4814,290.75,IN,2026-07-31 09:35:14,ONLINE
CRD0027018,CARD0486,P00023,4722,3033.39,IN,2026-08-09 09:45:15,POS7183
CRD0027019,CARD0486,P00260,5311,2959.64,IN,2026-08-27 12:10:53,POS4496
CRD0027020,CARD0486,P00351,4814,530.71,IN,2026-07-24 17:20:43,POS4173
CRD0027022,CARD0486,P00351,4814,500.11,IN,2026-07-17 20:48:08,ONLINE
CRD0027024,CARD0486,P00091,5541,1617.75,IN,2026-09-08 13:38:57,POS2285
CRD0027026,CARD0486,P00058,4814,365.18,IN,2026-08-21 09:41:11,POS2601
CRD0027028,CARD0486,P00220,8011,1316.66,IN,2026-07-22 12:53:43,ONLINE
CRD0027040,CARD0486,P00004,5411,257.45,IN,2026-08-24 11:01:29,POS8262
CRD0027043,CARD0486,P00045,5311,573.09,IN,2026-08-13 21:59:59,POS6259
CRD0027044,CARD0486,P00220,8011,418.8,IN,2026-08-31 23:56:21,ONLINE
CRD0027050,CARD0486,P00058,4814,169.98,IN,2026-07-23 18:35:05,POS4554
CRD0027053,CARD0486,P00293,5812,194.91,IN,2026-07-25 16:52:20,ONLINE
CRD0027055,CARD0486,P00058,4814,207.72,IN,2026-08-26 17:51:28,POS5378
CRD0027057,CARD0486,P00293,5812,173.5,IN,2026-09-12 17:11:02,ONLINE
CRD0027058,CARD0486,P00098,6012,336.51,IN,2026-08-08 14:50:33,ONLINE
CRD0027059,CARD0486,P00026,6012,864.16,IN,2026-08-24 16:34:00,POS8355
CRD0027065,CARD0487,P00160,4722,2936.95,IN,2026-07-04 21:45:12,ONLINE
CRD0027070,CARD0487,P00248,4900,3072.44,IN,2026-07-12 19:49:25,POS7274
CRD0027072,CARD0487,P00292,5541,1322.09,IN,2026-08-22 13:41:58,ONLINE
CRD0027077,CARD0487,P00374,6513,4744.93,IN,2026-08-10 13:45:24,POS5860
CRD0027080,CARD0487,P00025,5311,1509.28,IN,2026-07-29 09:18:23,POS9326
CRD0027081,CARD0487,P00160,4722,2524.11,IN,2026-07-23 14:12:05,ONLINE
CRD0027082,CARD0487,P00292,5541,2518.23,IN,2026-07-08 16:11:03,POS9819
CRD0027084,CARD0487,P00248,4900,995.56,IN,2026-08-18 06:11:30,ONLINE
CRD0027091,CARD0487,P00374,6513,3022.23,IN,2026-09-01 18:00:58,ONLINE
CRD0027092,CARD0487,P00025,5311,1787.6,IN,2026-08-14 11:38:18,POS8619
CRD0027093,CARD0487,P00146,5411,560.06,IN,2026-07-23 18:34:33,POS8729
CRD0027098,CARD0487,P00078,7832,311.79,IN,2026-07-20 18:05:14,ONLINE
CRD0027108,CARD0488,P00213,4900,2124.36,IN,2026-07-02 19:53:46,ONLINE
CRD0027112,CARD0488,P00024,5411,910.52,IN,2026-08-20 14:03:18,ONLINE
CRD0027115,CARD0488,P00294,5311,1059.35,IN,2026-07-05 02:37:54,POS1254
CRD0027118,CARD0488,P00155,7832,1125.43,IN,2026-08-19 19:07:52,POS5977
CRD0027122,CARD0488,P00270,4722,1743.69,IN,2026-08-30 13:33:07,ONLINE
CRD0027124,CARD0488,P00222,5812,613.32,IN,2026-09-05 18:08:07,ONLINE
CRD0027129,CARD0488,P00300,6012,1322.0,IN,2026-07-15 11:33:40,POS5933
CRD0027132,CARD0488,P00136,5812,862.19,IN,2026-07-30 17:50:59,ONLINE
CRD0027136,CARD0488,P00056,5812,416.28,IN,2026-08-08 16:28:23,ONLINE
CRD0027145,CARD0488,P00207,5411,941.02,IN,2026-08-03 15:46:08,POS8462
CRD0027148,CARD0488,P00183,7832,535.85,IN,2026-07-28 18:45:15,ONLINE
CRD0027158,CARD0489,P00340,4900,811.78,IN,2026-08-10 13:09:33,ONLINE
CRD0027160,CARD0489,P00136,5812,612.17,IN,2026-07-13 17:26:44,ONLINE
CRD0027161,CARD0489,P00058,4814,180.85,IN,2026-07-30 14:33:33,POS2696
CRD0027162,CARD0489,P00198,5411,596.91,IN,2026-08-15 12:08:33,ONLINE
CRD0027164,CARD0489,P00143,5411,855.59,IN,2026-08-06 18:03:45,POS1679
CRD0027165,CARD0489,P00058,4814,626.08,IN,2026-08-10 15:13:31,ONLINE
CRD0027169,CARD0489,P00294,5311,1028.56,IN,2026-08-14 07:42:11,ONLINE
CRD0027199,CARD0489,P00235,4722,1971.5,IN,2026-07-18 20:35:39,POS2379
CRD0027212,CARD0490,P00195,6012,866.52,IN,2026-07-23 21:25:48,ONLINE
CRD0027213,CARD0490,P00375,5812,864.03,IN,2026-09-04 13:25:05,POS8457
CRD0027214,CARD0490,P00232,4722,8991.29,IN,2026-07-11 14:12:20,ONLINE
CRD0027215,CARD0490,P00059,6012,207.44,IN,2026-09-08 15:25:02,POS9392
CRD0027216,CARD0490,P00149,5311,2279.22,IN,2026-07-20 16:22:39,POS1866
CRD0027218,CARD0490,P00232,4722,1253.64,IN,2026-08-24 00:39:14,ONLINE
CRD0027220,CARD0490,P00375,5812,481.22,IN,2026-07-25 10:11:53,ONLINE
CRD0027225,CARD0490,P00397,5311,3774.11,IN,2026-07-30 11:09:42,POS5850
CRD0027227,CARD0490,P00286,5812,849.62,IN,2026-07-11 10:55:02,ONLINE
CRD0027228,CARD0490,P00149,5311,1340.51,IN,2026-07-02 17:15:53,POS4346
CRD0027230,CARD0490,P00294,5311,6254.28,IN,2026-07-09 17:48:49,POS2727
CRD0027232,CARD0490,P00294,5311,2918.6,IN,2026-08-06 07:02:25,ONLINE
CRD0027234,CARD0490,P00047,6012,2578.45,IN,2026-07-21 21:55:05,ONLINE
CRD0027236,CARD0490,P00294,5311,2546.45,IN,2026-07-09 22:41:27,ONLINE
CRD0027237,CARD0490,P00397,5311,3827.34,IN,2026-08-15 18:28:52,ONLINE
CRD0027242,CARD0490,P00149,5311,809.63,IN,2026-07-31 22:07:38,ONLINE
CRD0027248,CARD0490,P00041,4722,4923.75,IN,2026-07-29 17:08:38,POS2787
CRD0027252,CARD0490,P00149,5311,1742.62,IN,2026-08-23 18:41:32,POS3107
CRD0027253,CARD0490,P00251,5411,1084.81,IN,2026-09-06 12:23:40,ONLINE
CRD0027254,CARD0490,P00397,5311,1744.35,IN,2026-09-01 17:14:56,ONLINE
CRD0027257,CARD0490,P00294,5311,1678.19,IN,2026-07-07 13:30:10,ONLINE
CRD0027264,CARD0491,P00301,5812,2796.15,IN,2026-07-29 00:22:27,ONLINE
CRD0027265,CARD0491,P00261,6012,3604.28,IN,2026-08-17 19:12:31,POS8168
CRD0027266,CARD0491,P00396,5411,6126.75,IN,2026-07-30 20:50:40,POS8452
CRD0027270,CARD0491,P00301,5812,2442.77,IN,2026-07-25 17:44:35,POS7203
CRD0027271,CARD0491,P00320,4900,8105.42,IN,2026-07-29 13:35:14,ONLINE
CRD0027272,CARD0491,P00359,5411,1314.41,IN,2026-08-26 12:34:23,ONLINE
CRD0027273,CARD0491,P00186,4900,5738.24,IN,2026-07-29 07:45:05,ONLINE
CRD0027278,CARD0491,P00186,4900,4862.26,IN,2026-07-06 12:17:04,POS2962
CRD0027283,CARD0491,P00251,5411,2297.62,IN,2026-07-05 16:04:09,ONLINE
CRD0027289,CARD0491,P00301,5812,980.51,IN,2026-07-15 13:01:45,ONLINE
CRD0027290,CARD0491,P00301,5812,1785.98,IN,2026-08-27 10:00:29,POS4258
CRD0027291,CARD0491,P00053,5411,4996.13,IN,2026-08-18 00:41:42,ONLINE
CRD0027309,CARD0491,P00222,5812,1842.84,IN,2026-07-20 16:29:10,POS5435
CRD0027315,CARD0491,P00336,5812,1586.45,IN,2026-09-08 04:44:35,ONLINE
CRD0027321,CARD0491,P00396,5411,9134.88,IN,2026-07-26 09:26:38,ONLINE
CRD0027322,CARD0491,P00251,5411,2981.43,IN,2026-07-07 07:03:47,POS1280
CRD0027323,CARD0491,P00201,4722,27624.17,IN,2026-08-15 20:30:10,POS4371
CRD0027324,CARD0491,P00396,5411,2485.66,IN,2026-07-18 11:03:02,ONLINE
CRD0027327,CARD0491,P00251,5411,4943.41,IN,2026-07-10 13:13:56,POS3163
CRD0027342,CARD0491,P00222,5812,2233.21,IN,2026-08-10 12:04:21,ONLINE
CRD0027358,CARD0492,P00003,4814,872.73,IN,2026-07-30 17:52:26,ONLINE
CRD0027362,CARD0492,P00339,7832,925.93,IN,2026-07-22 17:53:54,POS5561
CRD0027363,CARD0492,P00326,5812,2271.21,IN,2026-08-21 17:52:21,POS9057
CRD0027374,CARD0492,P00274,6012,1223.53,IN,2026-09-08 08:38:40,ONLINE
CRD0027377,CARD0492,P00121,5812,1833.4,IN,2026-09-11 12:33:39,ONLINE
CRD0027379,CARD0492,P00277,6012,3284.26,IN,2026-07-31 11:48:42,POS9577
CRD0027381,CARD0492,P00121,5812,3878.16,IN,2026-07-27 10:39:41,POS6425
CRD0027393,CARD0493,P00363,5541,2256.47,IN,2026-09-05 14:00:20,ONLINE
CRD0027407,CARD0493,P00114,4814,365.09,IN,2026-08-31 13:46:08,POS6472
CRD0027410,CARD0493,P00141,4900,3817.63,IN,2026-08-07 21:11:09,POS2568
CRD0027411,CARD0493,P00114,4814,489.02,IN,2026-07-20 15:24:47,ONLINE
CRD0027413,CARD0493,P00098,6012,987.52,IN,2026-07-29 17:08:33,POS2662
CRD0027417,CARD0493,P00092,5411,2345.04,IN,2026-07-22 10:12:50,ONLINE
CRD0027426,CARD0493,P00092,5411,1337.85,IN,2026-09-10 23:36:08,ONLINE
CRD0027428,CARD0493,P00098,6012,1225.56,IN,2026-08-28 16:15:58,ONLINE
CRD0027445,CARD0494,P00379,4814,510.52,IN,2026-08-24 14:14:53,ONLINE
CRD0027447,CARD0494,P00294,5311,13451.22,IN,2026-08-24 08:14:50,ONLINE
CRD0027452,CARD0494,P00074,4722,3073.74,IN,2026-08-23 09:51:18,POS3337
CRD0027455,CARD0494,P00036,5411,9223.08,IN,2026-09-08 20:44:52,POS9003
CRD0027456,CARD0494,P00210,4900,5300.02,IN,2026-08-03 09:40:20,ONLINE
CRD0027458,CARD0494,P00074,4722,9322.87,IN,2026-07-23 15:47:08,ONLINE
CRD0027463,CARD0494,P00344,5411,1471.77,IN,2026-09-11 17:30:30,ONLINE
CRD0027468,CARD0494,P00324,5311,2178.84,IN,2026-09-07 21:26:43,ONLINE
CRD0027470,CARD0494,P00052,5311,2797.32,IN,2026-08-28 19:43:05,ONLINE
CRD0027473,CARD0494,P00250,4814,596.75,IN,2026-07-06 17:04:04,ONLINE
CRD0027474,CARD0494,P00113,6513,4498.71,IN,2026-07-13 09:50:37,ONLINE
CRD0027476,CARD0494,P00074,4722,3376.01,IN,2026-09-11 19:46:15,ONLINE
CRD0027479,CARD0494,P00250,4814,2159.95,IN,2026-08-05 13:29:05,POS9232
CRD0027481,CARD0494,P00061,5411,2267.88,IN,2026-07-18 21:30:54,ONLINE
CRD0027487,CARD0494,P00327,5541,9346.24,IN,2026-08-19 14:34:49,POS7065
CRD0027491,CARD0494,P00034,5812,1081.57,IN,2026-08-24 12:51:19,ONLINE
CRD0027493,CARD0494,P00324,5311,1730.39,IN,2026-07-02 10:27:55,ONLINE
CRD0027495,CARD0494,P00324,5311,6202.27,IN,2026-08-16 13:45:53,POS3640
CRD0027496,CARD0494,P00061,5411,3062.5,IN,2026-07-14 09:15:34,POS6237
CRD0027500,CARD0494,P00113,6513,2275.48,IN,2026-08-07 17:25:55,POS4381
CRD0027503,CARD0494,P00250,4814,219.41,IN,2026-07-14 23:24:50,ONLINE
CRD0027509,CARD0494,P00052,5311,7219.49,IN,2026-07-05 11:12:40,POS8742
CRD0027515,CARD0495,P00017,5411,1849.2,IN,2026-07-18 11:44:48,ONLINE
CRD0027518,CARD0495,P00051,6012,4041.14,IN,2026-07-16 07:51:01,POS9327
CRD0027522,CARD0495,P00047,6012,1713.65,IN,2026-08-13 20:33:24,POS4679
CRD0027528,CARD0495,P00199,5812,1509.02,IN,2026-09-02 19:08:13,ONLINE
CRD0027529,CARD0495,P00103,5311,2982.75,IN,2026-08-12 11:42:57,POS6666
CRD0027532,CARD0495,P00094,6012,853.52,IN,2026-07-12 19:49:27,ONLINE
CRD0027533,CARD0495,P00040,5411,1938.97,IN,2026-07-26 12:32:52,ONLINE
CRD0027536,CARD0495,P00141,4900,2654.55,IN,2026-07-25 12:15:23,POS5489
CRD0027542,CARD0495,P00103,5311,4952.53,IN,2026-08-26 09:26:46,POS2959
CRD0027543,CARD0495,P00372,4814,1311.15,IN,2026-07-15 00:36:41,ONLINE
CRD0027545,CARD0495,P00199,5812,536.07,IN,2026-07-23 08:57:52,ONLINE
CRD0027550,CARD0495,P00103,5311,3417.09,IN,2026-07-28 18:01:56,POS6333
CRD0027553,CARD0495,P00023,4722,3235.84,IN,2026-09-06 13:26:06,POS5840
CRD0027558,CARD0495,P00199,5812,522.1,IN,2026-08-03 15:30:28,POS4830
CRD0027566,CARD0495,P00094,6012,573.19,IN,2026-07-04 07:17:48,POS2178
CRD0027573,CARD0495,P00199,5812,305.23,IN,2026-08-16 13:39:18,ONLINE
CRD0027583,CARD0496,P00113,6513,4130.75,IN,2026-08-31 07:45:11,POS1917
CRD0027584,CARD0496,P00113,6513,2854.25,IN,2026-08-16 14:09:41,POS1007
CRD0027587,CARD0496,P00324,5311,2817.25,IN,2026-08-29 11:44:21,ONLINE
CRD0027591,CARD0496,P00031,6012,161.66,IN,2026-07-12 17:45:31,ONLINE
CRD0027592,CARD0496,P00300,6012,2178.99,IN,2026-08-18 21:05:40,ONLINE
CRD0027602,CARD0496,P00031,6012,1317.78,IN,2026-07-02 09:01:49,ONLINE
CRD0027621,CARD0496,P00318,6513,6292.19,IN,2026-08-18 11:06:09,POS9278
CRD0027622,CARD0496,P00038,5411,355.12,IN,2026-07-29 07:26:58,POS9093
CRD0027623,CARD0496,P00031,6012,907.36,IN,2026-07-18 14:53:06,POS2181
CRD0027630,CARD0497,P00059,6012,955.38,IN,2026-07-21 07:18:43,POS1103
CRD0027631,CARD0497,P00387,4722,12308.05,IN,2026-08-14 12:22:31,POS5126
CRD0027633,CARD0497,P00122,8011,5672.61,IN,2026-07-08 18:59:47,ONLINE
CRD0027643,CARD0497,P00277,6012,3300.8,IN,2026-09-09 19:39:26,ONLINE
CRD0027644,CARD0497,P00387,4722,4315.1,IN,2026-07-29 14:50:11,ONLINE
CRD0027647,CARD0497,P00162,5411,2376.59,IN,2026-07-12 06:38:04,ONLINE
CRD0027649,CARD0497,P00387,4722,5109.55,IN,2026-07-24 14:58:59,POS2923
CRD0027651,CARD0497,P00356,4814,1086.14,IN,2026-09-06 01:56:11,POS7556
CRD0027660,CARD0497,P00122,8011,6072.47,IN,2026-09-08 11:28:04,ONLINE
CRD0027670,CARD0497,P00341,5812,610.48,IN,2026-09-06 10:40:35,POS5024
CRD0027681,CARD0497,P00212,5411,1605.81,IN,2026-08-29 18:25:46,ONLINE
CRD0027683,CARD0497,P00329,8011,1056.11,IN,2026-07-07 21:24:56,ONLINE
CRD0027691,CARD0498,P00277,6012,1201.17,IN,2026-08-14 10:53:04,ONLINE
CRD0027701,CARD0498,P00025,5311,1267.75,IN,2026-07-12 07:28:53,ONLINE
CRD0027703,CARD0498,P00287,4900,1051.51,IN,2026-08-14 14:28:51,POS4878
CRD0027717,CARD0498,P00140,5411,1073.11,IN,2026-07-29 09:08:59,ONLINE
CRD0027719,CARD0498,P00318,6513,2093.91,IN,2026-08-22 14:21:32,ONLINE
CRD0027720,CARD0498,P00140,5411,1038.7,IN,2026-07-09 17:31:27,ONLINE
CRD0027724,CARD0498,P00140,5411,145.61,IN,2026-07-03 08:52:26,ONLINE
CRD0027725,CARD0498,P00140,5411,626.36,IN,2026-09-07 18:51:01,ONLINE
CRD0027728,CARD0498,P00192,5311,1842.33,IN,2026-07-16 12:17:56,POS4888
CRD0027734,CARD0498,P00197,6012,2056.91,IN,2026-07-27 18:54:57,POS4624
CRD0027736,CARD0498,P00318,6513,1294.19,IN,2026-07-29 13:48:30,POS2188
CRD0027739,CARD0498,P00318,6513,2179.45,IN,2026-07-15 17:49:25,POS8820
CRD0027744,CARD0499,P00324,5311,11108.86,IN,2026-09-12 09:11:51,POS1635
CRD0027749,CARD0499,P00022,6012,3725.69,IN,2026-07-24 14:54:11,POS3328
CRD0027751,CARD0499,P00152,4900,2468.67,IN,2026-09-03 21:44:57,ONLINE
CRD0027753,CARD0499,P00259,6513,5374.81,IN,2026-07-08 19:38:05,ONLINE
CRD0027754,CARD0499,P00345,4722,4373.57,IN,2026-07-18 14:31:44,POS2565
CRD0027760,CARD0499,P00339,7832,665.03,IN,2026-07-11 07:56:13,POS8631
CRD0027762,CARD0499,P00203,5541,3075.21,IN,2026-07-09 10:57:45,ONLINE
CRD0027765,CARD0499,P00148,5311,9045.34,IN,2026-09-04 12:19:42,POS9625
CRD0027766,CARD0499,P00152,4900,4076.07,IN,2026-08-12 07:48:36,ONLINE
CRD0027772,CARD0499,P00263,5311,2875.95,IN,2026-08-08 15:54:15,POS3427
CRD0027777,CARD0499,P00092,5411,3414.72,IN,2026-07-02 21:19:06,POS1528
CRD0027778,CARD0499,P00233,5411,5875.72,IN,2026-08-09 17:19:46,ONLINE
CRD0027779,CARD0499,P00263,5311,5415.22,IN,2026-07-07 12:11:20,POS8584
CRD0027787,CARD0499,P00259,6513,15547.39,IN,2026-07-15 15:35:30,POS4201
CRD0027789,CARD0499,P00233,5411,1716.87,IN,2026-08-29 17:18:41,ONLINE
CRD0027793,CARD0499,P00092,5411,2055.9,IN,2026-07-09 15:15:22,ONLINE
CRD0027796,CARD0499,P00203,5541,3135.87,IN,2026-09-02 14:06:48,POS8563
CRD0027800,CARD0499,P00019,4814,437.75,IN,2026-07-22 15:04:41,ONLINE
CRD0027802,CARD0499,P00259,6513,5437.63,IN,2026-08-28 09:14:40,ONLINE
CRD0027807,CARD0499,P00259,6513,3186.8,IN,2026-08-30 22:29:56,ONLINE
CRD0027808,CARD0499,P00203,5541,3021.21,IN,2026-07-19 18:52:50,POS1586
CRD0027813,CARD0499,P00152,4900,1083.34,IN,2026-07-26 09:03:12,POS4807
CRD0027816,CARD0499,P00259,6513,20625.01,IN,2026-08-31 07:02:46,ONLINE
CRD0027827,CARD0499,P00345,4722,4006.73,IN,2026-07-14 15:21:44,POS6989
CRD0027828,CARD0499,P00152,4900,1806.79,IN,2026-08-06 00:35:00,POS5704
CRD0027833,CARD0500,P00267,5812,2956.25,IN,2026-09-04 07:59:16,POS9018
CRD0027838,CARD0500,P00126,4722,9269.18,IN,2026-07-22 16:12:52,POS5188
CRD0027842,CARD0500,P00090,5812,988.56,IN,2026-09-05 10:14:51,POS1843
CRD0027844,CARD0500,P00036,5411,4401.13,IN,2026-07-13 14:52:28,ONLINE
CRD0027855,CARD0500,P00258,5812,1912.28,IN,2026-09-02 18:08:12,POS2120
CRD0027856,CARD0500,P00045,5311,4935.06,IN,2026-09-12 14:04:53,POS9302
CRD0027857,CARD0500,P00083,5311,2395.46,IN,2026-08-07 06:10:06,ONLINE
CRD0027860,CARD0500,P00073,6012,4799.91,IN,2026-07-07 11:44:10,ONLINE
CRD0027863,CARD0500,P00045,5311,2343.28,IN,2026-08-24 14:21:57,POS6185
CRD0027867,CARD0500,P00363,5541,2656.41,IN,2026-07-27 14:08:44,ONLINE
CRD0027874,CARD0501,P00150,4900,1985.46,IN,2026-07-28 12:43:47,ONLINE
CRD0027877,CARD0501,P00203,5541,1311.56,IN,2026-09-08 08:30:20,ONLINE
CRD0027879,CARD0501,P00353,5311,9186.12,IN,2026-09-13 19:14:53,POS9795
CRD0027882,CARD0501,P00353,5311,4286.22,IN,2026-08-02 12:11:00,POS4203
CRD0027885,CARD0501,P00021,4900,7242.51,IN,2026-07-22 10:10:49,POS2738
CRD0027886,CARD0501,P00287,4900,2194.05,IN,2026-08-21 15:10:43,POS6579
CRD0027889,CARD0501,P00069,5311,6132.85,IN,2026-08-17 17:43:51,ONLINE
CRD0027897,CARD0501,P00254,6012,1792.44,IN,2026-07-14 19:01:53,ONLINE
CRD0027898,CARD0501,P00092,5411,1777.72,IN,2026-08-24 20:30:21,POS6870
CRD0027899,CARD0501,P00021,4900,6265.6,IN,2026-09-01 19:11:49,POS8353
CRD0027905,CARD0502,P00179,5812,249.42,IN,2026-08-15 11:57:40,ONLINE
CRD0027912,CARD0502,P00288,5812,814.07,IN,2026-07-17 10:17:39,ONLINE
CRD0027919,CARD0502,P00179,5812,832.92,IN,2026-08-11 21:34:11,ONLINE
CRD0027921,CARD0502,P00227,4814,888.59,IN,2026-07-29 08:00:50,ONLINE
CRD0027923,CARD0502,P00145,5411,1143.2,IN,2026-07-20 06:12:44,POS8517
CRD0027931,CARD0503,P00120,5411,2096.69,IN,2026-07-03 16:14:39,ONLINE
CRD0027934,CARD0503,P00168,5411,3220.0,IN,2026-08-29 18:54:36,POS2681
CRD0027935,CARD0503,P00239,5411,2524.83,IN,2026-07-08 20:25:41,ONLINE
CRD0027939,CARD0503,P00249,4814,2714.98,IN,2026-07-07 13:39:44,POS5806
CRD0027943,CARD0503,P00342,5311,1539.42,IN,2026-08-16 16:29:16,ONLINE
CRD0027947,CARD0503,P00010,5812,919.67,IN,2026-08-26 12:48:06,ONLINE
CRD0027950,CARD0503,P00168,5411,1046.82,IN,2026-09-06 12:50:07,ONLINE
CRD0027953,CARD0503,P00239,5411,3714.16,IN,2026-08-04 11:55:15,ONLINE
CRD0027961,CARD0503,P00390,4900,1942.76,IN,2026-07-02 21:13:02,ONLINE
CRD0027966,CARD0503,P00262,5812,404.94,IN,2026-07-12 13:30:51,ONLINE
CRD0027969,CARD0503,P00233,5411,3066.93,IN,2026-07-20 18:31:04,POS7387
CRD0027975,CARD0503,P00309,5812,687.25,IN,2026-07-28 15:34:34,POS6882
CRD0027980,CARD0504,P00397,5311,1038.12,IN,2026-07-31 13:24:11,ONLINE
CRD0027983,CARD0504,P00123,5812,254.26,IN,2026-08-15 09:06:01,POS6659
CRD0027989,CARD0504,P00123,5812,404.68,IN,2026-08-25 19:37:23,POS5724
CRD0027993,CARD0504,P00097,5541,786.44,IN,2026-07-13 09:45:33,POS5903
CRD0027994,CARD0504,P00179,5812,231.7,IN,2026-07-09 18:24:29,POS6193
CRD0027995,CARD0504,P00097,5541,621.66,IN,2026-07-14 11:09:45,ONLINE
CRD0028002,CARD0504,P00397,5311,1565.11,IN,2026-07-13 21:08:31,POS1332
CRD0028005,CARD0504,P00118,4722,2056.78,IN,2026-09-05 16:44:16,ONLINE
CRD0028015,CARD0504,P00285,4900,1072.24,IN,2026-08-17 18:46:34,POS6829
CRD0028020,CARD0504,P00131,5411,785.63,IN,2026-09-07 17:17:19,POS5973
CRD0028021,CARD0504,P00222,5812,281.19,IN,2026-07-17 19:07:47,POS4038
CRD0028027,CARD0504,P00153,5411,275.01,IN,2026-07-15 19:04:49,ONLINE
CRD0028028,CARD0504,P00116,6012,333.92,IN,2026-07-02 17:26:50,ONLINE
CRD0028040,CARD0504,P00002,6012,727.79,IN,2026-09-04 22:58:39,POS5479
CRD0028043,CARD0504,P00123,5812,139.26,IN,2026-07-29 19:14:32,POS7532
CRD0028044,CARD0504,P00118,4722,1640.82,IN,2026-07-04 11:14:04,POS6038
CRD0028049,CARD0505,P00374,6513,6402.3,IN,2026-07-09 19:54:10,POS3233
CRD0028062,CARD0505,P00259,6513,6277.76,IN,2026-08-21 13:32:13,ONLINE
CRD0028063,CARD0505,P00374,6513,8315.76,IN,2026-09-09 11:30:10,POS9630
CRD0028065,CARD0505,P00259,6513,2556.68,IN,2026-09-01 09:06:38,POS8333
CRD0028067,CARD0505,P00391,5541,1385.75,IN,2026-09-07 11:13:57,POS4047
CRD0028073,CARD0505,P00005,4814,757.33,IN,2026-08-30 20:45:26,POS3053
CRD0028077,CARD0505,P00259,6513,8691.62,IN,2026-08-11 08:10:58,POS2240
CRD0028082,CARD0505,P00078,7832,755.95,IN,2026-08-11 19:23:59,POS8068
CRD0028086,CARD0505,P00259,6513,6422.58,IN,2026-07-17 19:02:27,ONLINE
CRD0028088,CARD0505,P00034,5812,2276.03,IN,2026-08-31 16:42:54,ONLINE
CRD0028090,CARD0505,P00391,5541,2457.34,IN,2026-08-24 11:15:59,POS6314
CRD0028098,CARD0505,P00005,4814,657.72,IN,2026-08-27 21:01:22,POS1037
CRD0028101,CARD0505,P00106,5411,1929.38,IN,2026-08-02 21:59:48,POS2131
CRD0028117,CARD0506,P00262,5812,341.62,IN,2026-09-02 11:04:00,POS8897
CRD0028126,CARD0506,P00337,6513,7482.43,IN,2026-07-16 20:58:36,POS4558
CRD0028127,CARD0506,P00246,5411,784.86,IN,2026-09-10 11:30:46,POS8192
CRD0028132,CARD0506,P00004,5411,1490.91,IN,2026-08-11 14:01:56,POS6166
CRD0028134,CARD0506,P00351,4814,511.7,IN,2026-09-07 04:46:33,POS2876
CRD0028151,CARD0507,P00004,5411,1297.63,IN,2026-08-02 19:31:48,POS3414
CRD0028153,CARD0507,P00381,5411,11160.39,IN,2026-07-14 22:37:45,POS8632
CRD0028159,CARD0507,P00172,5541,4180.75,IN,2026-08-07 11:44:37,POS1185
CRD0028163,CARD0507,P00006,5411,1117.31,IN,2026-07-13 15:49:16,POS2962
CRD0028166,CARD0507,P00133,4900,5320.08,IN,2026-08-30 20:58:36,ONLINE
CRD0028167,CARD0507,P00069,5311,2159.28,IN,2026-08-27 10:14:46,POS4822
CRD0028170,CARD0507,P00069,5311,2975.96,IN,2026-08-18 18:12:58,ONLINE
CRD0028182,CARD0507,P00079,5541,1387.72,IN,2026-09-07 17:45:52,ONLINE
CRD0028184,CARD0507,P00172,5541,1023.08,IN,2026-08-13 12:26:04,POS8819
CRD0028194,CARD0508,P00391,5541,8233.46,IN,2026-07-04 14:52:12,POS7469
CRD0028211,CARD0508,P00391,5541,1924.03,IN,2026-07-15 14:42:10,POS7895
CRD0028213,CARD0508,P00320,4900,15464.1,IN,2026-08-04 10:42:47,POS2622
CRD0028215,CARD0508,P00232,4722,2671.67,IN,2026-08-31 07:24:03,ONLINE
CRD0028216,CARD0508,P00165,5812,2385.11,IN,2026-08-22 12:48:44,POS3845
CRD0028219,CARD0508,P00042,5311,6572.49,IN,2026-08-02 11:51:57,ONLINE
CRD0028222,CARD0508,P00320,4900,17348.79,IN,2026-07-31 17:22:15,POS5092
CRD0028223,CARD0508,P00101,5311,10716.68,IN,2026-08-11 20:53:37,POS7031
CRD0028225,CARD0508,P00101,5311,22481.45,IN,2026-08-09 14:08:31,ONLINE
CRD0028228,CARD0508,P00268,5541,3541.36,IN,2026-07-07 06:37:25,ONLINE
CRD0028229,CARD0508,P00165,5812,1901.97,IN,2026-07-03 08:54:35,POS8104
CRD0028236,CARD0508,P00013,5311,3607.57,IN,2026-08-18 09:08:17,POS8568
CRD0028240,CARD0508,P00320,4900,7000.8,IN,2026-07-23 10:07:42,POS4499
CRD0028241,CARD0508,P00041,4722,6208.28,IN,2026-07-19 17:07:58,ONLINE
CRD0028242,CARD0508,P00320,4900,5153.63,IN,2026-07-12 10:56:36,ONLINE
CRD0028246,CARD0508,P00358,6513,17232.6,IN,2026-08-17 19:59:29,ONLINE
CRD0028248,CARD0508,P00042,5311,6399.47,IN,2026-09-01 15:42:18,ONLINE
CRD0028251,CARD0508,P00232,4722,18677.87,IN,2026-07-11 01:18:56,POS8233
CRD0028253,CARD0508,P00027,5311,7308.03,IN,2026-07-03 20:25:57,ONLINE
CRD0028255,CARD0508,P00101,5311,8885.03,IN,2026-07-04 08:22:43,ONLINE
CRD0028258,CARD0508,P00358,6513,6650.18,IN,2026-08-25 18:59:20,ONLINE
CRD0028264,CARD0508,P00232,4722,5202.87,IN,2026-09-06 16:53:03,ONLINE
CRD0028266,CARD0508,P00053,5411,3846.98,IN,2026-08-18 01:50:20,ONLINE
CRD0028272,CARD0508,P00050,5311,10126.45,IN,2026-08-01 09:10:31,ONLINE
CRD0028274,CARD0508,P00042,5311,7054.42,IN,2026-08-09 19:18:13,POS9106
CRD0028279,CARD0509,P00056,5812,513.69,IN,2026-07-15 17:50:40,ONLINE
CRD0028280,CARD0509,P00039,5311,3079.37,IN,2026-08-30 14:22:00,POS2086
CRD0028282,CARD0509,P00120,5411,1601.59,IN,2026-08-01 02:44:10,ONLINE
CRD0028293,CARD0509,P00120,5411,778.69,IN,2026-07-11 18:43:53,ONLINE
CRD0028294,CARD0509,P00342,5311,1425.2,IN,2026-07-20 19:36:47,ONLINE
CRD0028295,CARD0509,P00017,5411,636.12,IN,2026-07-13 09:36:33,ONLINE
CRD0028300,CARD0509,P00069,5311,5772.21,IN,2026-08-13 17:13:24,ONLINE
CRD0028304,CARD0509,P00356,4814,944.04,IN,2026-08-18 11:46:30,POS6698
CRD0028311,CARD0509,P00047,6012,1831.33,IN,2026-07-26 15:16:49,POS1824
CRD0028314,CARD0509,P00009,6012,694.96,IN,2026-07-15 18:44:05,POS8470
CRD0028318,CARD0509,P00342,5311,4157.79,IN,2026-08-07 10:46:59,POS9695
CRD0028322,CARD0509,P00250,4814,550.12,IN,2026-08-13 12:35:57,POS9307
CRD0028324,CARD0509,P00083,5311,3413.8,IN,2026-07-10 01:50:18,POS2002
CRD0028329,CARD0509,P00009,6012,2568.58,IN,2026-07-06 14:10:10,ONLINE
CRD0028342,CARD0509,P00009,6012,692.49,IN,2026-07-09 19:48:00,ONLINE
CRD0028349,CARD0509,P00039,5311,6262.69,IN,2026-07-28 00:58:11,POS9925
CRD0028353,CARD0509,P00100,8011,5190.22,IN,2026-08-07 07:33:18,POS2252
CRD0028354,CARD0509,P00339,7832,760.98,IN,2026-07-14 17:03:05,POS9531
CRD0028361,CARD0510,P00293,5812,552.32,IN,2026-08-08 08:23:12,POS3708
CRD0028369,CARD0510,P00107,4900,2108.64,IN,2026-08-29 16:12:12,ONLINE
CRD0028370,CARD0510,P00107,4900,1163.74,IN,2026-09-05 20:14:49,POS6387
CRD0028374,CARD0510,P00350,6012,1318.04,IN,2026-07-04 12:00:53,POS1793
CRD0028376,CARD0510,P00354,7832,1591.37,IN,2026-07-31 17:36:49,POS6634
CRD0028384,CARD0511,P00053,5411,1337.23,IN,2026-08-31 10:34:33,POS3456
CRD0028389,CARD0511,P00067,8011,558.15,IN,2026-07-07 19:52:17,ONLINE
CRD0028393,CARD0511,P00152,4900,3419.57,IN,2026-07-03 11:51:51,ONLINE
CRD0028396,CARD0511,P00210,4900,5802.41,IN,2026-08-01 21:48:18,ONLINE
CRD0028397,CARD0511,P00119,5812,207.08,IN,2026-08-26 11:56:25,POS8652
CRD0028399,CARD0511,P00336,5812,884.84,IN,2026-08-27 19:46:20,POS4423
CRD0028402,CARD0511,P00386,6012,1721.75,IN,2026-07-30 11:04:32,POS6049
CRD0028403,CARD0511,P00022,6012,1206.19,IN,2026-08-09 01:17:14,POS5838
CRD0028404,CARD0511,P00022,6012,784.15,IN,2026-07-04 05:00:57,ONLINE
CRD0028405,CARD0511,P00010,5812,337.74,IN,2026-08-23 09:08:24,POS6451
CRD0028410,CARD0511,P00010,5812,638.65,IN,2026-07-16 11:23:16,POS7151
CRD0028413,CARD0511,P00152,4900,1717.22,IN,2026-08-19 12:31:21,POS2018
CRD0028419,CARD0511,P00162,5411,5369.66,IN,2026-08-15 13:42:39,POS9642
CRD0028426,CARD0512,P00300,6012,1679.64,IN,2026-07-22 12:09:02,POS2498
CRD0028427,CARD0512,P00070,7832,800.35,IN,2026-08-18 10:07:00,ONLINE
CRD0028434,CARD0512,P00328,5311,4679.36,IN,2026-07-15 21:13:20,ONLINE
CRD0028439,CARD0512,P00300,6012,3060.47,IN,2026-09-04 15:27:38,POS2186
CRD0028446,CARD0512,P00015,4722,7188.53,IN,2026-08-04 13:00:13,ONLINE
CRD0028447,CARD0512,P00271,5541,1903.89,IN,2026-07-03 18:27:37,ONLINE
CRD0028452,CARD0512,P00271,5541,3468.94,IN,2026-08-11 11:43:41,POS8811
CRD0028461,CARD0512,P00371,5411,1450.65,IN,2026-07-19 06:59:42,POS8064
CRD0028462,CARD0512,P00146,5411,1011.72,IN,2026-07-27 16:34:23,POS9856
CRD0028463,CARD0512,P00328,5311,4612.72,IN,2026-08-19 12:04:40,ONLINE
CRD0028464,CARD0512,P00146,5411,569.35,IN,2026-08-27 20:40:32,ONLINE
CRD0028465,CARD0512,P00202,5541,1106.16,IN,2026-08-03 09:11:51,POS2539
CRD0028469,CARD0512,P00362,5411,776.9,IN,2026-07-11 11:55:53,ONLINE
CRD0028472,CARD0512,P00371,5411,751.86,IN,2026-07-28 10:13:48,ONLINE
CRD0028495,CARD0513,P00338,5311,4348.71,IN,2026-09-10 09:52:46,POS1777
CRD0028496,CARD0513,P00383,5812,969.61,IN,2026-07-01 20:07:41,ONLINE
CRD0028502,CARD0513,P00259,6513,5530.35,IN,2026-08-31 18:51:12,POS8395
CRD0028505,CARD0513,P00105,5541,4373.65,IN,2026-07-02 20:41:39,ONLINE
CRD0028507,CARD0513,P00170,6012,2290.77,IN,2026-07-21 15:12:12,POS3020
CRD0028508,CARD0513,P00240,6012,1553.72,IN,2026-07-21 21:09:24,POS1748
CRD0028510,CARD0513,P00388,5411,1083.31,IN,2026-09-05 15:05:34,ONLINE
CRD0028519,CARD0513,P00383,5812,1474.55,IN,2026-09-01 19:53:45,ONLINE
CRD0028533,CARD0514,P00002,6012,1525.64,IN,2026-08-06 17:51:29,ONLINE
CRD0028534,CARD0514,P00041,4722,2779.75,IN,2026-08-21 22:09:28,ONLINE
CRD0028537,CARD0514,P00243,6012,2991.94,IN,2026-08-13 20:24:55,ONLINE
CRD0028542,CARD0514,P00002,6012,1018.27,IN,2026-07-06 12:13:40,POS8269
CRD0028543,CARD0514,P00243,6012,1520.51,IN,2026-09-08 22:29:30,POS7864
CRD0028546,CARD0514,P00026,6012,2361.07,IN,2026-07-31 11:28:50,POS7407
CRD0028550,CARD0514,P00308,5812,905.99,IN,2026-08-18 19:52:23,ONLINE
CRD0028563,CARD0515,P00054,6012,3715.87,IN,2026-08-31 12:59:27,ONLINE
CRD0028570,CARD0515,P00238,5812,565.31,IN,2026-08-12 19:30:52,ONLINE
CRD0028572,CARD0515,P00046,6012,4571.08,IN,2026-09-12 13:07:45,ONLINE
CRD0028573,CARD0515,P00054,6012,1969.43,IN,2026-08-23 13:21:19,POS1376
CRD0028574,CARD0515,P00185,5541,2413.51,IN,2026-08-15 20:37:21,POS2186
CRD0028576,CARD0515,P00094,6012,2386.28,IN,2026-07-23 15:12:00,ONLINE
CRD0028588,CARD0515,P00094,6012,11243.81,IN,2026-07-25 15:54:49,ONLINE
CRD0028591,CARD0515,P00078,7832,1228.19,IN,2026-09-01 15:56:44,ONLINE
CRD0028594,CARD0515,P00072,5812,2519.92,IN,2026-09-12 19:11:03,ONLINE
CRD0028598,CARD0515,P00094,6012,988.97,IN,2026-07-15 09:06:28,ONLINE
CRD0028611,CARD0515,P00393,5411,4263.71,IN,2026-08-21 16:16:07,ONLINE
CRD0028617,CARD0515,P00367,5411,2009.03,IN,2026-07-12 15:31:34,ONLINE
CRD0028629,CARD0516,P00211,7832,1240.95,IN,2026-07-25 19:33:15,POS3320
CRD0028630,CARD0516,P00064,5311,917.45,IN,2026-07-01 11:40:29,POS7771
CRD0028631,CARD0516,P00152,4900,1013.22,IN,2026-08-07 15:07:28,POS3985
CRD0028636,CARD0516,P00394,4814,390.27,IN,2026-09-10 19:11:40,ONLINE
CRD0028640,CARD0516,P00210,4900,759.57,IN,2026-08-13 16:40:01,ONLINE
CRD0028644,CARD0516,P00064,5311,810.26,IN,2026-07-07 17:32:00,ONLINE
CRD0028649,CARD0516,P00152,4900,3649.65,IN,2026-07-10 11:55:44,POS2526
CRD0028660,CARD0516,P00170,6012,690.28,IN,2026-09-10 13:39:03,ONLINE
CRD0028661,CARD0516,P00152,4900,2872.11,IN,2026-07-03 06:18:54,ONLINE
CRD0028662,CARD0516,P00313,5541,1628.66,IN,2026-08-31 11:33:52,ONLINE
CRD0028663,CARD0516,P00170,6012,662.41,IN,2026-07-09 16:31:03,POS7785
CRD0028664,CARD0516,P00211,7832,237.47,IN,2026-07-25 09:15:53,ONLINE
CRD0028668,CARD0516,P00313,5541,502.25,IN,2026-09-03 14:27:16,ONLINE
CRD0028677,CARD0516,P00152,4900,1524.36,IN,2026-08-06 12:39:34,ONLINE
CRD0028678,CARD0516,P00307,5311,2160.24,IN,2026-08-16 22:46:44,POS4757
CRD0028681,CARD0516,P00313,5541,1035.72,IN,2026-07-10 08:05:52,POS6220
CRD0028682,CARD0516,P00143,5411,1579.45,IN,2026-07-19 13:34:41,POS9912
CRD0028696,CARD0517,P00065,5541,4652.54,IN,2026-08-14 10:31:05,POS1853
CRD0028705,CARD0517,P00200,5411,1058.34,IN,2026-09-08 20:51:48,POS2850
CRD0028708,CARD0517,P00171,5411,1350.39,IN,2026-07-31 21:13:45,POS2781
CRD0028712,CARD0517,P00330,5812,214.83,IN,2026-08-05 15:13:35,POS2584
CRD0028714,CARD0517,P00098,6012,10249.34,IN,2026-09-02 18:13:48,POS9769
CRD0028717,CARD0517,P00324,5311,3874.17,IN,2026-08-11 22:33:10,POS1823
CRD0028718,CARD0517,P00226,5541,1233.09,IN,2026-09-02 14:49:07,POS7735
CRD0028719,CARD0517,P00200,5411,905.99,IN,2026-09-03 11:38:35,ONLINE
CRD0028720,CARD0517,P00235,4722,3133.2,IN,2026-07-02 13:53:33,ONLINE
CRD0028722,CARD0517,P00270,4722,8393.03,IN,2026-08-28 12:31:08,ONLINE
CRD0028724,CARD0517,P00355,4814,516.14,IN,2026-07-03 14:07:43,POS7686
CRD0028726,CARD0517,P00138,5411,2462.81,IN,2026-07-04 20:27:56,ONLINE
CRD0028730,CARD0517,P00235,4722,6071.59,IN,2026-08-29 11:34:58,ONLINE
CRD0028732,CARD0517,P00065,5541,2545.13,IN,2026-07-31 12:27:40,POS6729
CRD0028736,CARD0517,P00270,4722,3191.67,IN,2026-08-06 21:10:10,ONLINE
CRD0028747,CARD0517,P00171,5411,2813.74,IN,2026-08-16 18:28:52,POS4235
CRD0028756,CARD0517,P00065,5541,2507.55,IN,2026-07-10 16:37:59,POS5088
CRD0028761,CARD0517,P00235,4722,10312.64,IN,2026-08-13 14:14:43,POS7902
CRD0028764,CARD0517,P00199,5812,677.34,IN,2026-08-22 17:27:52,ONLINE
CRD0028765,CARD0517,P00235,4722,17137.59,IN,2026-09-06 21:17:08,ONLINE
CRD0028769,CARD0517,P00138,5411,1131.87,IN,2026-08-01 13:24:24,POS9551
CRD0028773,CARD0517,P00171,5411,1622.31,IN,2026-08-16 14:03:13,ONLINE
CRD0028774,CARD0517,P00199,5812,600.58,IN,2026-08-03 21:14:19,ONLINE
CRD0028775,CARD0517,P00345,4722,18119.59,IN,2026-07-16 21:18:20,POS1790
CRD0028776,CARD0517,P00199,5812,1356.34,IN,2026-09-06 17:54:06,ONLINE
CRD0028782,CARD0518,P00329,8011,7443.58,IN,2026-07-05 20:34:51,POS4491
CRD0028787,CARD0518,P00042,5311,3586.94,IN,2026-08-08 18:25:11,ONLINE
CRD0028793,CARD0518,P00329,8011,2815.59,IN,2026-08-18 11:37:59,ONLINE
CRD0028803,CARD0518,P00375,5812,1859.82,IN,2026-09-01 13:55:20,POS5128
CRD0028805,CARD0518,P00201,4722,8764.13,IN,2026-09-04 20:43:07,POS8236
CRD0028808,CARD0518,P00042,5311,22254.92,IN,2026-09-13 21:23:16,POS2713
CRD0028809,CARD0518,P00047,6012,4709.8,IN,2026-07-31 04:30:36,ONLINE
CRD0028813,CARD0518,P00160,4722,11668.84,IN,2026-08-14 17:59:27,POS3129
CRD0028814,CARD0518,P00047,6012,3423.81,IN,2026-09-12 23:49:04,ONLINE
CRD0028815,CARD0518,P00081,5411,4011.86,IN,2026-08-12 21:24:20,POS2982
CRD0028816,CARD0518,P00160,4722,23788.31,IN,2026-07-10 06:37:54,POS9051
CRD0028826,CARD0518,P00118,4722,13995.59,IN,2026-08-06 19:49:40,ONLINE
CRD0028848,CARD0518,P00019,4814,652.64,IN,2026-08-11 12:12:36,ONLINE
CRD0028849,CARD0518,P00019,4814,1485.94,IN,2026-07-28 08:23:48,ONLINE
CRD0028852,CARD0518,P00079,5541,6593.71,IN,2026-07-21 20:04:38,ONLINE
CRD0028854,CARD0518,P00047,6012,1315.19,IN,2026-08-22 12:05:46,ONLINE
CRD0028859,CARD0518,P00019,4814,742.41,IN,2026-08-18 20:21:38,ONLINE
CRD0028860,CARD0518,P00329,8011,7433.32,IN,2026-07-08 19:07:53,POS7431
CRD0028862,CARD0518,P00375,5812,678.6,IN,2026-08-16 19:18:23,POS7751
CRD0028863,CARD0518,P00013,5311,4937.98,IN,2026-08-25 13:59:36,POS2454
CRD0028880,CARD0519,P00332,5311,4195.15,IN,2026-08-10 21:31:35,ONLINE
CRD0028881,CARD0519,P00321,5812,1106.93,IN,2026-07-10 07:02:24,POS4608
CRD0028883,CARD0519,P00234,6012,869.94,IN,2026-09-09 09:47:14,ONLINE
CRD0028887,CARD0519,P00317,5812,446.11,IN,2026-07-18 08:37:34,ONLINE
CRD0028888,CARD0519,P00321,5812,236.2,IN,2026-09-01 13:23:24,POS1968
CRD0028889,CARD0519,P00225,5411,1848.71,IN,2026-07-15 13:41:16,POS7606
CRD0028896,CARD0519,P00029,5411,181.26,IN,2026-07-03 13:00:16,POS6366
CRD0028901,CARD0519,P00126,4722,2785.8,IN,2026-07-05 13:48:56,POS4286
CRD0028910,CARD0519,P00321,5812,409.56,IN,2026-08-25 10:07:30,POS1728
CRD0028912,CARD0519,P00321,5812,252.71,IN,2026-07-12 15:58:05,ONLINE
CRD0028918,CARD0519,P00029,5411,372.91,IN,2026-09-07 20:27:03,POS3399
CRD0028920,CARD0519,P00317,5812,512.79,IN,2026-07-25 16:12:38,ONLINE
CRD0028937,CARD0520,P00338,5311,4399.52,IN,2026-07-20 06:23:24,ONLINE
CRD0028938,CARD0520,P00261,6012,2879.22,IN,2026-08-15 10:03:01,ONLINE
CRD0028939,CARD0520,P00211,7832,3878.06,IN,2026-08-07 20:45:00,ONLINE
CRD0028940,CARD0520,P00270,4722,5361.3,IN,2026-08-12 18:01:57,POS7015
CRD0028946,CARD0520,P00261,6012,6460.93,IN,2026-07-08 10:32:05,POS6462
CRD0028947,CARD0520,P00379,4814,419.34,IN,2026-07-26 19:45:11,POS5705
CRD0028952,CARD0520,P00270,4722,11128.86,IN,2026-07-16 08:23:37,POS7041
CRD0028953,CARD0520,P00059,6012,1160.92,IN,2026-07-30 01:40:04,POS1250
CRD0028957,CARD0520,P00341,5812,1096.18,IN,2026-09-04 15:53:55,POS9188
CRD0028959,CARD0520,P00300,6012,559.05,IN,2026-09-13 18:10:35,ONLINE
CRD0028971,CARD0521,P00178,8011,2161.81,IN,2026-07-04 17:07:30,ONLINE
CRD0028978,CARD0521,P00326,5812,945.43,IN,2026-09-05 10:53:37,ONLINE
CRD0028981,CARD0521,P00204,4900,2416.34,IN,2026-07-22 22:37:05,ONLINE
CRD0028983,CARD0521,P00326,5812,987.8,IN,2026-09-13 12:53:25,ONLINE
CRD0028985,CARD0521,P00326,5812,283.35,IN,2026-08-21 08:09:04,ONLINE
CRD0028988,CARD0521,P00018,5812,650.44,IN,2026-09-04 09:33:06,POS2643
CRD0028992,CARD0521,P00066,4722,2583.73,IN,2026-07-07 01:19:46,ONLINE
CRD0029001,CARD0522,P00328,5311,5696.73,IN,2026-08-23 09:06:30,POS2004
CRD0029007,CARD0522,P00075,5812,390.99,IN,2026-08-29 18:01:55,POS5383
CRD0029012,CARD0522,P00069,5311,3815.24,IN,2026-09-09 18:58:33,POS6148
CRD0029014,CARD0522,P00356,4814,1523.67,IN,2026-07-09 09:38:14,ONLINE
CRD0029016,CARD0522,P00388,5411,2179.78,IN,2026-08-16 15:53:41,POS7756
CRD0029020,CARD0522,P00176,6012,11507.01,IN,2026-07-31 15:02:18,POS5945
CRD0029021,CARD0522,P00161,5812,1453.51,IN,2026-08-29 12:07:31,ONLINE
CRD0029024,CARD0522,P00214,6012,6692.27,IN,2026-09-05 14:56:29,ONLINE
CRD0029026,CARD0522,P00075,5812,2347.83,IN,2026-07-31 01:22:39,POS8324
CRD0029027,CARD0522,P00267,5812,456.6,IN,2026-07-11 21:38:27,ONLINE
CRD0029028,CARD0522,P00075,5812,549.67,IN,2026-09-13 10:59:03,POS4620
CRD0029029,CARD0522,P00069,5311,4407.81,IN,2026-09-01 18:04:30,ONLINE
CRD0029031,CARD0522,P00389,5812,297.25,IN,2026-07-27 19:41:15,POS1476
CRD0029033,CARD0522,P00356,4814,1766.8,IN,2026-07-09 11:07:26,ONLINE
CRD0029036,CARD0522,P00010,5812,500.02,IN,2026-07-16 21:36:08,ONLINE
CRD0029037,CARD0522,P00010,5812,2492.85,IN,2026-07-01 08:57:30,POS1320
CRD0029038,CARD0522,P00328,5311,6525.22,IN,2026-08-22 11:54:02,POS9585
CRD0029041,CARD0522,P00328,5311,6895.75,IN,2026-07-26 15:13:14,POS6705
CRD0029042,CARD0522,P00069,5311,2587.1,IN,2026-07-06 17:02:30,ONLINE
CRD0029044,CARD0522,P00387,4722,3186.19,IN,2026-09-03 16:29:35,POS3784
CRD0029046,CARD0522,P00387,4722,2097.21,IN,2026-07-28 21:02:59,POS6445
CRD0029047,CARD0522,P00396,5411,1167.82,IN,2026-08-23 19:43:00,ONLINE
CRD0029052,CARD0522,P00017,5411,2428.79,IN,2026-07-15 17:33:45,POS5854
CRD0029056,CARD0522,P00328,5311,4126.81,IN,2026-07-29 13:35:51,POS7435
CRD0029057,CARD0522,P00207,5411,892.51,IN,2026-08-04 08:59:34,POS7776
CRD0029059,CARD0522,P00353,5311,10349.71,IN,2026-07-19 22:57:41,ONLINE
CRD0029060,CARD0522,P00328,5311,3527.82,IN,2026-07-19 13:15:38,POS6049
CRD0029064,CARD0522,P00207,5411,2559.84,IN,2026-08-14 17:03:36,POS3932
CRD0029065,CARD0522,P00065,5541,2099.83,IN,2026-08-13 16:54:27,POS3266
CRD0029068,CARD0522,P00024,5411,1365.91,IN,2026-08-17 07:07:30,POS9351
CRD0029076,CARD0522,P00328,5311,5636.61,IN,2026-09-11 20:09:30,POS2520
CRD0029082,CARD0523,P00366,5812,318.28,IN,2026-08-24 17:34:36,ONLINE
CRD0029086,CARD0523,P00071,5411,488.98,IN,2026-08-24 18:07:08,ONLINE
CRD0029087,CARD0523,P00071,5411,955.06,IN,2026-08-16 18:11:49,ONLINE
CRD0029088,CARD0523,P00121,5812,357.56,IN,2026-08-18 16:40:16,ONLINE
CRD0029089,CARD0523,P00121,5812,490.96,IN,2026-09-04 21:24:13,POS3595
CRD0029090,CARD0523,P00224,5812,922.08,IN,2026-08-01 20:13:51,ONLINE
CRD0029092,CARD0523,P00258,5812,252.26,IN,2026-09-13 08:11:15,POS6772
CRD0029099,CARD0523,P00071,5411,783.17,IN,2026-08-24 09:27:23,ONLINE
CRD0029104,CARD0523,P00121,5812,485.92,IN,2026-09-01 10:29:59,POS8400
CRD0029107,CARD0523,P00093,5812,1177.04,IN,2026-08-19 20:05:52,ONLINE
CRD0029113,CARD0523,P00224,5812,762.08,IN,2026-07-11 10:51:20,POS4285
CRD0029125,CARD0524,P00202,5541,2146.91,IN,2026-07-07 10:16:50,ONLINE
CRD0029126,CARD0524,P00140,5411,3734.67,IN,2026-07-10 14:02:28,POS5023
CRD0029133,CARD0524,P00129,5311,1941.92,IN,2026-08-19 06:44:36,POS7895
CRD0029141,CARD0524,P00140,5411,566.58,IN,2026-07-14 18:55:05,POS8702
CRD0029147,CARD0524,P00129,5311,2970.05,IN,2026-08-10 17:50:23,ONLINE
CRD0029152,CARD0524,P00080,5812,803.33,IN,2026-08-06 17:24:37,ONLINE
CRD0029156,CARD0524,P00140,5411,2642.02,IN,2026-07-05 20:48:38,POS6984
CRD0029168,CARD0524,P00119,5812,837.81,IN,2026-09-08 17:57:54,POS9257
CRD0029169,CARD0524,P00202,5541,2005.26,IN,2026-07-21 12:38:45,POS9179
CRD0029171,CARD0524,P00295,8011,2671.54,IN,2026-07-03 19:49:39,ONLINE
CRD0029179,CARD0524,P00295,8011,2377.91,IN,2026-07-28 11:40:56,POS1556
CRD0029195,CARD0525,P00238,5812,2018.19,IN,2026-08-25 08:57:15,ONLINE
CRD0029197,CARD0525,P00382,5812,3221.37,IN,2026-07-22 02:00:20,POS9463
CRD0029199,CARD0525,P00292,5541,4764.24,IN,2026-08-24 18:11:21,POS9539
CRD0029203,CARD0525,P00238,5812,2651.69,IN,2026-07-14 16:42:36,POS2048
CRD0029204,CARD0525,P00103,5311,13786.08,IN,2026-09-10 23:27:17,POS7706
CRD0029211,CARD0525,P00040,5411,6531.04,IN,2026-08-10 18:46:00,ONLINE
CRD0029213,CARD0525,P00043,5311,3376.96,IN,2026-07-06 17:10:55,ONLINE
CRD0029217,CARD0525,P00292,5541,8086.39,IN,2026-09-10 22:50:50,ONLINE
CRD0029218,CARD0525,P00243,6012,12812.3,IN,2026-08-06 19:27:02,POS9091
CRD0029225,CARD0526,P00039,5311,1731.64,IN,2026-09-13 18:11:37,POS5303
CRD0029231,CARD0526,P00092,5411,1560.07,IN,2026-09-05 11:41:37,POS1082
CRD0029233,CARD0526,P00092,5411,633.74,IN,2026-07-19 22:30:56,ONLINE
CRD0029244,CARD0526,P00224,5812,388.73,IN,2026-08-06 18:19:24,POS1927
CRD0029247,CARD0526,P00360,5541,2577.35,IN,2026-08-07 20:11:08,POS5817
CRD0029249,CARD0526,P00360,5541,912.27,IN,2026-07-26 18:43:41,POS1337
CRD0029252,CARD0526,P00105,5541,978.2,IN,2026-07-10 21:17:15,ONLINE
CRD0029255,CARD0526,P00039,5311,2241.51,IN,2026-09-10 16:32:33,POS6266
CRD0029260,CARD0526,P00105,5541,1138.22,IN,2026-07-29 17:09:09,ONLINE
CRD0029263,CARD0526,P00357,6012,2843.05,IN,2026-08-23 12:16:22,ONLINE
CRD0029265,CARD0526,P00353,5311,3590.8,IN,2026-07-06 15:45:25,POS5086
CRD0029270,CARD0526,P00029,5411,310.35,IN,2026-08-22 08:49:52,ONLINE
CRD0029277,CARD0527,P00387,4722,3666.6,IN,2026-08-05 14:19:03,POS2709
CRD0029279,CARD0527,P00368,4814,149.15,IN,2026-09-12 14:55:58,ONLINE
CRD0029281,CARD0527,P00117,5411,491.13,IN,2026-08-28 18:24:29,POS9688
CRD0029290,CARD0527,P00045,5311,2976.18,IN,2026-09-09 11:48:15,ONLINE
CRD0029292,CARD0527,P00083,5311,641.96,IN,2026-08-17 17:38:16,ONLINE
CRD0029293,CARD0527,P00129,5311,2234.58,IN,2026-07-19 00:40:03,ONLINE
CRD0029296,CARD0527,P00062,6012,3177.26,IN,2026-07-26 18:38:40,ONLINE
CRD0029297,CARD0527,P00045,5311,757.07,IN,2026-08-22 08:02:40,ONLINE
CRD0029298,CARD0527,P00368,4814,146.64,IN,2026-09-09 11:51:46,ONLINE
CRD0029300,CARD0527,P00383,5812,328.96,IN,2026-09-03 18:50:22,POS5846
CRD0029306,CARD0527,P00368,4814,872.44,IN,2026-09-07 14:58:17,ONLINE
CRD0029309,CARD0527,P00271,5541,430.32,IN,2026-09-01 10:58:33,POS4392
CRD0029312,CARD0527,P00387,4722,3198.86,IN,2026-08-24 09:38:10,POS1705
CRD0029313,CARD0527,P00129,5311,795.51,IN,2026-08-05 18:21:54,ONLINE
CRD0029326,CARD0528,P00389,5812,413.75,IN,2026-08-11 10:01:32,ONLINE
CRD0029327,CARD0528,P00013,5311,3796.36,IN,2026-07-11 12:06:58,ONLINE
CRD0029329,CARD0528,P00028,5411,1092.42,IN,2026-07-21 19:11:37,ONLINE
CRD0029331,CARD0528,P00317,5812,2495.19,IN,2026-09-03 10:48:27,POS8960
CRD0029347,CARD0528,P00254,6012,662.66,IN,2026-08-12 06:19:25,POS6397
CRD0029349,CARD0528,P00200,5411,474.67,IN,2026-07-30 08:14:12,POS6028
CRD0029352,CARD0528,P00009,6012,549.53,IN,2026-08-19 19:24:09,ONLINE
CRD0029356,CARD0528,P00389,5812,200.39,IN,2026-08-26 17:20:24,ONLINE
CRD0029357,CARD0528,P00200,5411,1949.99,IN,2026-07-21 20:15:21,ONLINE
CRD0029358,CARD0528,P00042,5311,4953.16,IN,2026-08-12 20:25:05,ONLINE
CRD0029359,CARD0528,P00028,5411,1240.04,IN,2026-07-30 17:24:27,POS3375
CRD0029360,CARD0528,P00110,7832,430.79,IN,2026-08-03 16:43:56,ONLINE
CRD0029364,CARD0528,P00036,5411,888.62,IN,2026-08-06 15:45:10,POS3369
CRD0029365,CARD0528,P00389,5812,342.72,IN,2026-08-17 20:39:33,POS8065
CRD0029372,CARD0528,P00028,5411,451.83,IN,2026-08-30 18:16:51,ONLINE
CRD0029380,CARD0528,P00009,6012,489.23,IN,2026-08-05 09:27:49,POS1643
CRD0029382,CARD0528,P00189,5812,150.66,IN,2026-07-09 12:51:45,ONLINE
CRD0029397,CARD0529,P00023,4722,8751.72,IN,2026-08-08 16:52:22,ONLINE
CRD0029400,CARD0529,P00217,5812,3413.02,IN,2026-09-10 13:18:58,ONLINE
CRD0029413,CARD0529,P00380,5411,7468.15,IN,2026-09-12 13:43:52,POS8728
CRD0029416,CARD0529,P00282,5411,1839.92,IN,2026-08-05 13:47:28,ONLINE
CRD0029418,CARD0529,P00217,5812,4013.42,IN,2026-08-12 18:32:59,ONLINE
CRD0029425,CARD0529,P00157,6513,22065.27,IN,2026-07-07 08:29:15,POS2270
CRD0029430,CARD0530,P00093,5812,1397.94,IN,2026-07-05 15:02:20,ONLINE
CRD0029436,CARD0530,P00376,5812,746.03,IN,2026-07-04 17:51:09,ONLINE
CRD0029437,CARD0530,P00372,4814,402.87,IN,2026-09-10 17:53:42,ONLINE
CRD0029446,CARD0530,P00385,6012,1902.41,IN,2026-08-23 00:04:33,ONLINE
CRD0029447,CARD0530,P00279,5812,739.5,IN,2026-08-08 08:13:06,POS2893
CRD0029449,CARD0530,P00264,5812,213.74,IN,2026-07-23 23:11:04,ONLINE
CRD0029453,CARD0530,P00252,5411,1044.23,IN,2026-07-10 17:21:27,ONLINE
CRD0029454,CARD0530,P00088,5812,375.71,IN,2026-08-31 23:02:17,POS9836
CRD0029456,CARD0530,P00189,5812,258.06,IN,2026-09-12 20:16:40,ONLINE
CRD0029458,CARD0530,P00190,4814,1302.11,IN,2026-08-09 20:33:38,POS4661
CRD0029460,CARD0530,P00207,5411,1152.66,IN,2026-07-04 22:01:26,ONLINE
CRD0029472,CARD0531,P00324,5311,4413.3,IN,2026-07-01 20:41:03,ONLINE
CRD0029482,CARD0531,P00138,5411,1188.32,IN,2026-09-09 13:06:12,POS9217
CRD0029483,CARD0531,P00095,5812,645.95,IN,2026-08-09 18:00:53,ONLINE
CRD0029491,CARD0531,P00328,5311,5048.53,IN,2026-07-08 19:54:06,POS4779
CRD0029494,CARD0531,P00328,5311,4750.51,IN,2026-08-20 20:09:00,POS3242
CRD0029499,CARD0531,P00324,5311,6910.44,IN,2026-08-30 16:07:42,ONLINE
CRD0029501,CARD0531,P00224,5812,353.94,IN,2026-08-13 09:36:31,ONLINE
CRD0029503,CARD0531,P00175,5311,2075.65,IN,2026-07-21 19:18:14,ONLINE
CRD0029506,CARD0531,P00358,6513,5534.99,IN,2026-07-02 09:24:09,POS6400
CRD0029507,CARD0531,P00129,5311,4988.57,IN,2026-09-02 08:45:56,ONLINE
CRD0029512,CARD0532,P00366,5812,920.64,IN,2026-07-09 13:31:24,ONLINE
CRD0029514,CARD0532,P00079,5541,1400.82,IN,2026-09-07 21:57:48,ONLINE
CRD0029518,CARD0532,P00293,5812,176.1,IN,2026-07-22 13:17:35,ONLINE
CRD0029519,CARD0532,P00383,5812,141.48,IN,2026-09-10 16:07:18,ONLINE
CRD0029521,CARD0532,P00330,5812,1804.78,IN,2026-09-08 21:58:53,POS4519
CRD0029525,CARD0532,P00079,5541,2053.7,IN,2026-08-25 18:43:32,POS4324
CRD0029534,CARD0532,P00236,5411,946.39,IN,2026-08-22 13:01:08,ONLINE
CRD0029538,CARD0532,P00236,5411,1306.82,IN,2026-08-11 11:11:16,ONLINE
CRD0029539,CARD0532,P00254,6012,1040.57,IN,2026-08-30 23:59:41,ONLINE
CRD0029541,CARD0532,P00356,4814,1047.85,IN,2026-07-31 20:04:11,ONLINE
CRD0029542,CARD0532,P00356,4814,727.15,IN,2026-07-20 20:10:07,ONLINE
CRD0029548,CARD0532,P00319,6012,522.51,IN,2026-07-06 22:48:01,POS4418
CRD0029550,CARD0532,P00198,5411,1646.67,IN,2026-08-26 17:28:38,ONLINE
CRD0029560,CARD0533,P00131,5411,921.21,IN,2026-07-27 17:22:49,ONLINE
CRD0029563,CARD0533,P00243,6012,501.37,IN,2026-08-19 10:39:00,ONLINE
CRD0029564,CARD0533,P00280,6012,824.19,IN,2026-07-01 14:40:34,POS7052
CRD0029572,CARD0533,P00280,6012,1425.42,IN,2026-07-11 14:48:53,ONLINE
CRD0029575,CARD0533,P00221,5812,717.37,IN,2026-09-12 09:57:49,POS8012
CRD0029578,CARD0533,P00176,6012,1683.34,IN,2026-09-12 19:49:03,ONLINE
CRD0029579,CARD0533,P00400,8011,1833.53,IN,2026-07-08 10:24:35,ONLINE
CRD0029586,CARD0533,P00389,5812,253.46,IN,2026-08-18 19:52:57,ONLINE
CRD0029588,CARD0533,P00131,5411,196.53,IN,2026-08-16 12:31:36,POS6971
CRD0029589,CARD0533,P00176,6012,2731.5,IN,2026-08-28 17:00:57,POS6895
CRD0029591,CARD0533,P00131,5411,2719.77,IN,2026-07-31 09:01:58,POS2653
CRD0029595,CARD0533,P00176,6012,988.64,IN,2026-09-05 15:17:08,ONLINE
CRD0029596,CARD0533,P00143,5411,563.65,IN,2026-09-13 11:54:32,ONLINE
CRD0029597,CARD0533,P00106,5411,596.54,IN,2026-07-26 19:23:58,ONLINE
CRD0029599,CARD0533,P00131,5411,1195.21,IN,2026-07-22 10:56:42,POS4521
CRD0029614,CARD0533,P00221,5812,544.61,IN,2026-07-31 12:11:01,ONLINE
CRD0029615,CARD0533,P00221,5812,353.35,IN,2026-07-07 15:59:59,ONLINE
CRD0029616,CARD0533,P00004,5411,534.05,IN,2026-08-17 11:33:55,ONLINE
CRD0029632,CARD0534,P00180,4900,4903.68,IN,2026-08-11 15:29:15,POS1977
CRD0029634,CARD0534,P00209,5411,1239.42,IN,2026-09-02 22:33:30,POS5618
CRD0029637,CARD0534,P00065,5541,1840.2,IN,2026-07-24 21:25:01,POS3874
CRD0029640,CARD0534,P00125,5812,1023.28,IN,2026-07-10 08:14:08,ONLINE
CRD0029643,CARD0534,P00065,5541,2546.37,IN,2026-07-12 19:32:11,POS6930
CRD0029646,CARD0534,P00209,5411,1465.53,IN,2026-09-10 06:58:20,ONLINE
CRD0029648,CARD0534,P00386,6012,3591.23,IN,2026-07-17 06:12:44,ONLINE
CRD0029651,CARD0534,P00065,5541,14570.56,IN,2026-07-30 19:52:44,ONLINE
CRD0029653,CARD0534,P00343,4900,2135.35,IN,2026-09-01 15:05:39,POS3134
CRD0029656,CARD0534,P00180,4900,7146.4,IN,2026-09-03 19:20:45,ONLINE
CRD0029658,CARD0534,P00065,5541,1464.61,IN,2026-07-24 11:12:33,ONLINE
CRD0029661,CARD0534,P00040,5411,2028.03,IN,2026-07-28 19:25:37,ONLINE
CRD0029669,CARD0535,P00290,5812,2697.61,IN,2026-08-09 18:14:31,POS7562
CRD0029672,CARD0535,P00293,5812,1820.64,IN,2026-08-10 15:58:43,ONLINE
CRD0029673,CARD0535,P00380,5411,4884.98,IN,2026-07-16 20:41:47,ONLINE
CRD0029680,CARD0535,P00290,5812,667.24,IN,2026-09-01 20:53:49,POS4257
CRD0029682,CARD0535,P00290,5812,1211.66,IN,2026-07-17 00:35:46,ONLINE
CRD0029689,CARD0535,P00092,5411,2874.92,IN,2026-07-07 19:00:08,ONLINE
CRD0029694,CARD0535,P00320,4900,9891.66,IN,2026-09-13 21:00:58,ONLINE
CRD0029695,CARD0535,P00123,5812,1624.33,IN,2026-08-08 10:56:50,ONLINE
CRD0029699,CARD0535,P00092,5411,5175.23,IN,2026-08-27 00:42:03,POS9165
CRD0029701,CARD0535,P00059,6012,11293.36,IN,2026-09-08 13:46:38,ONLINE
CRD0029704,CARD0535,P00123,5812,1969.63,IN,2026-08-25 18:36:00,POS1557
CRD0029705,CARD0535,P00123,5812,5814.28,IN,2026-08-21 06:00:03,POS2105
CRD0029706,CARD0535,P00290,5812,7729.77,IN,2026-08-09 15:30:52,ONLINE
CRD0029715,CARD0535,P00071,5411,7820.21,IN,2026-09-05 19:53:52,POS6311
CRD0029716,CARD0535,P00318,6513,35073.17,IN,2026-08-05 09:14:46,ONLINE
CRD0029726,CARD0536,P00307,5311,5118.59,IN,2026-09-03 13:26:21,ONLINE
CRD0029727,CARD0536,P00380,5411,4437.8,IN,2026-08-05 10:52:27,POS4892
CRD0029731,CARD0536,P00325,4722,8588.98,IN,2026-08-11 11:39:05,POS3976
CRD0029739,CARD0536,P00074,4722,36950.82,IN,2026-09-08 19:00:07,POS8186
CRD0029743,CARD0536,P00395,5311,2381.99,IN,2026-07-29 10:41:34,ONLINE
CRD0029749,CARD0536,P00248,4900,1859.4,IN,2026-08-16 09:50:55,POS5031
CRD0029752,CARD0536,P00235,4722,10240.7,IN,2026-08-31 13:36:02,ONLINE
CRD0029755,CARD0536,P00118,4722,8182.91,IN,2026-07-16 15:05:49,ONLINE
CRD0029771,CARD0536,P00236,5411,805.82,IN,2026-08-18 17:14:28,ONLINE
CRD0029775,CARD0536,P00126,4722,5879.75,IN,2026-08-15 15:05:38,POS5323
CRD0029781,CARD0536,P00074,4722,7989.31,IN,2026-07-17 09:32:13,ONLINE
CRD0029785,CARD0536,P00126,4722,13359.23,IN,2026-08-18 11:19:04,POS7427
CRD0029786,CARD0536,P00150,4900,3152.54,IN,2026-09-01 21:29:17,POS7242
CRD0029787,CARD0536,P00132,4900,13808.02,IN,2026-09-13 12:59:42,POS5120
CRD0029788,CARD0536,P00282,5411,1730.93,IN,2026-08-12 11:12:29,ONLINE
CRD0029789,CARD0536,P00126,4722,9257.12,IN,2026-08-27 08:48:59,ONLINE
CRD0029795,CARD0537,P00250,4814,271.71,IN,2026-08-06 11:04:10,POS6516
CRD0029799,CARD0537,P00208,6012,388.75,IN,2026-09-05 12:31:33,ONLINE
CRD0029800,CARD0537,P00168,5411,443.36,IN,2026-08-04 22:17:37,POS4729
CRD0029806,CARD0537,P00018,5812,573.09,IN,2026-07-20 07:05:22,ONLINE
CRD0029807,CARD0537,P00369,5411,617.01,IN,2026-08-02 20:21:53,POS8771
CRD0029808,CARD0537,P00229,5411,574.21,IN,2026-09-09 19:13:33,ONLINE
CRD0029813,CARD0537,P00369,5411,688.79,IN,2026-07-18 14:43:38,POS7388
CRD0029817,CARD0537,P00250,4814,255.85,IN,2026-09-06 02:18:53,POS7705
CRD0029822,CARD0537,P00250,4814,1020.88,IN,2026-09-03 11:07:35,POS2098
CRD0029828,CARD0537,P00359,5411,236.07,IN,2026-07-27 19:34:28,ONLINE
CRD0029833,CARD0537,P00208,6012,617.2,IN,2026-08-04 15:08:56,ONLINE
CRD0029834,CARD0537,P00151,6513,2837.47,IN,2026-08-27 17:54:01,ONLINE
CRD0029843,CARD0538,P00266,5541,3145.75,IN,2026-07-02 14:26:33,POS7638
CRD0029848,CARD0538,P00193,5311,2350.23,IN,2026-07-14 15:49:12,ONLINE
CRD0029849,CARD0538,P00071,5411,1285.83,IN,2026-09-09 20:52:39,ONLINE
CRD0029861,CARD0538,P00329,8011,3592.53,IN,2026-09-07 19:53:29,ONLINE
CRD0029862,CARD0538,P00266,5541,2065.9,IN,2026-07-17 13:04:06,POS5338
CRD0029869,CARD0538,P00071,5411,1652.38,IN,2026-08-07 22:23:21,POS5765
CRD0029871,CARD0538,P00242,4900,1939.93,IN,2026-08-20 16:40:34,POS4709
CRD0029876,CARD0538,P00097,5541,1586.19,IN,2026-08-28 14:22:35,ONLINE
CRD0029881,CARD0538,P00097,5541,2064.86,IN,2026-09-01 18:23:22,ONLINE
CRD0029882,CARD0538,P00077,5812,873.97,IN,2026-07-15 16:06:31,POS5263
CRD0029885,CARD0538,P00193,5311,2533.78,IN,2026-08-29 21:30:37,POS9888
CRD0029886,CARD0538,P00257,6012,3505.74,IN,2026-08-18 12:55:41,ONLINE
CRD0029890,CARD0538,P00266,5541,1214.63,IN,2026-07-03 03:28:21,POS9786
CRD0029891,CARD0538,P00137,7832,2544.56,IN,2026-07-11 11:50:30,POS4149
CRD0029906,CARD0539,P00173,4814,947.66,IN,2026-08-10 21:37:02,POS2050
CRD0029911,CARD0539,P00228,5541,798.14,IN,2026-07-26 10:00:10,ONLINE
CRD0029915,CARD0539,P00057,5812,224.49,IN,2026-07-18 12:42:37,POS1965
CRD0029926,CARD0539,P00228,5541,911.66,IN,2026-09-04 12:49:55,POS2951
CRD0029928,CARD0539,P00240,6012,657.88,IN,2026-08-06 12:05:10,ONLINE
CRD0029937,CARD0539,P00155,7832,846.59,IN,2026-09-02 17:31:17,ONLINE
CRD0029940,CARD0539,P00057,5812,426.52,IN,2026-07-31 17:47:10,POS5800
CRD0029947,CARD0539,P00201,4722,970.58,IN,2026-07-08 18:57:11,ONLINE
CRD0029949,CARD0539,P00128,5541,774.24,IN,2026-08-10 10:56:17,ONLINE
CRD0029956,CARD0539,P00228,5541,1615.25,IN,2026-08-14 08:46:41,ONLINE
CRD0029966,CARD0540,P00209,5411,1501.85,IN,2026-09-10 23:11:30,POS5911
CRD0029968,CARD0540,P00021,4900,1028.96,IN,2026-07-14 08:59:07,ONLINE
CRD0029970,CARD0540,P00121,5812,283.12,IN,2026-09-10 07:04:27,POS8375
CRD0029971,CARD0540,P00317,5812,588.42,IN,2026-07-21 17:57:03,POS4941
CRD0029979,CARD0540,P00388,5411,467.82,IN,2026-07-01 18:57:07,POS5002
CRD0029980,CARD0540,P00343,4900,4701.28,IN,2026-08-29 06:35:20,POS9839
CRD0029984,CARD0540,P00038,5411,823.56,IN,2026-07-18 02:47:17,POS8195
CRD0029987,CARD0540,P00121,5812,359.23,IN,2026-09-05 20:06:40,ONLINE
CRD0029991,CARD0540,P00023,4722,1929.23,IN,2026-07-15 18:31:52,ONLINE
CRD0029994,CARD0540,P00209,5411,306.94,IN,2026-07-15 17:45:23,ONLINE
CRD0029999,CARD0540,P00038,5411,269.3,IN,2026-08-20 13:46:53,ONLINE
CRD0030003,CARD0540,P00135,6012,294.6,IN,2026-07-04 19:48:50,ONLINE
CRD0030008,CARD0540,P00038,5411,985.58,IN,2026-08-20 07:30:26,ONLINE
CRD0030011,CARD0540,P00165,5812,292.67,IN,2026-08-30 14:09:46,POS3715
CRD0030013,CARD0540,P00272,5812,346.08,IN,2026-07-27 12:22:25,ONLINE
CRD0030017,CARD0540,P00230,5812,351.87,IN,2026-07-17 14:21:33,ONLINE
CRD0030023,CARD0540,P00038,5411,940.66,IN,2026-09-06 15:53:38,POS7145
CRD0030025,CARD0540,P00038,5411,1028.78,IN,2026-07-06 20:04:22,ONLINE
CRD0030028,CARD0540,P00230,5812,326.42,IN,2026-07-23 18:24:37,POS3621
CRD0030035,CARD0540,P00343,4900,929.24,IN,2026-08-04 12:47:46,POS5357
CRD0030047,CARD0541,P00258,5812,2754.57,IN,2026-07-19 17:22:39,ONLINE
CRD0030053,CARD0541,P00108,5311,10983.13,IN,2026-08-12 19:00:37,POS9061
CRD0030057,CARD0541,P00061,5411,7129.51,IN,2026-08-16 21:51:06,ONLINE
CRD0030059,CARD0541,P00386,6012,3731.19,IN,2026-08-27 09:05:19,POS1064
CRD0030063,CARD0541,P00139,5311,27503.36,IN,2026-08-20 20:25:02,POS5126
CRD0030067,CARD0541,P00203,5541,4390.18,IN,2026-08-27 15:05:47,POS3305
CRD0030068,CARD0541,P00075,5812,1002.19,IN,2026-07-13 12:56:43,ONLINE
CRD0030070,CARD0541,P00139,5311,6282.55,IN,2026-07-02 15:04:14,ONLINE
CRD0030080,CARD0541,P00075,5812,2998.85,IN,2026-08-11 17:38:55,ONLINE
CRD0030086,CARD0541,P00153,5411,5823.12,IN,2026-09-02 01:35:21,ONLINE
CRD0030087,CARD0541,P00235,4722,11661.84,IN,2026-07-09 19:04:44,ONLINE
CRD0030088,CARD0541,P00061,5411,1934.31,IN,2026-07-14 22:00:18,ONLINE
CRD0030089,CARD0541,P00061,5411,12001.55,IN,2026-07-05 11:12:50,ONLINE
CRD0030091,CARD0541,P00139,5311,7067.02,IN,2026-09-03 09:41:41,ONLINE
CRD0030098,CARD0541,P00048,5812,989.92,IN,2026-07-30 13:49:54,POS7895
CRD0030102,CARD0541,P00235,4722,40703.09,IN,2026-08-28 18:51:59,POS7440
CRD0030108,CARD0541,P00113,6513,15605.25,IN,2026-07-20 22:33:53,ONLINE
CRD0030111,CARD0541,P00235,4722,14212.77,IN,2026-07-16 15:09:28,POS9862
CRD0030114,CARD0541,P00048,5812,1713.78,IN,2026-08-13 09:56:12,ONLINE
CRD0030115,CARD0541,P00119,5812,4693.74,IN,2026-07-23 13:49:05,ONLINE
CRD0030128,CARD0541,P00048,5812,5412.33,IN,2026-07-07 02:53:48,POS7769
CRD0030130,CARD0541,P00386,6012,2320.06,IN,2026-08-17 10:49:39,ONLINE
CRD0030136,CARD0541,P00193,5311,4731.04,IN,2026-07-20 19:49:35,ONLINE
CRD0030149,CARD0542,P00335,6513,10930.77,IN,2026-08-27 10:10:08,ONLINE
CRD0030152,CARD0542,P00261,6012,3658.69,IN,2026-09-09 18:15:57,POS8538
CRD0030154,CARD0542,P00030,8011,3217.43,IN,2026-07-06 20:16:24,POS9457
CRD0030157,CARD0542,P00083,5311,5358.32,IN,2026-08-08 07:31:17,POS1333
CRD0030158,CARD0542,P00261,6012,2641.41,IN,2026-08-09 01:29:55,POS6451
CRD0030168,CARD0542,P00183,7832,832.06,IN,2026-07-15 01:49:20,POS6384
CRD0030170,CARD0542,P00083,5311,3989.39,IN,2026-07-11 20:02:08,POS9558
CRD0030180,CARD0542,P00167,5812,1063.02,IN,2026-09-08 11:24:20,POS6077
CRD0030198,CARD0543,P00257,6012,1053.39,IN,2026-08-12 17:10:39,ONLINE
CRD0030205,CARD0543,P00036,5411,1505.3,IN,2026-07-09 06:29:13,ONLINE
CRD0030211,CARD0543,P00036,5411,4406.09,IN,2026-07-30 21:14:01,POS9094
CRD0030213,CARD0543,P00297,8011,3211.82,IN,2026-07-22 14:07:58,POS5501
CRD0030214,CARD0543,P00149,5311,2716.57,IN,2026-07-10 20:13:27,POS1229
CRD0030219,CARD0543,P00378,5411,1426.07,IN,2026-08-11 17:01:53,POS6359
CRD0030222,CARD0543,P00378,5411,2012.52,IN,2026-07-23 21:48:36,POS2293
CRD0030224,CARD0543,P00378,5411,2403.54,IN,2026-08-15 05:27:50,POS4225
CRD0030230,CARD0543,P00378,5411,971.29,IN,2026-08-31 22:33:09,POS5929
CRD0030231,CARD0543,P00011,6012,2960.55,IN,2026-08-04 13:25:37,POS7494
CRD0030232,CARD0543,P00036,5411,954.26,IN,2026-07-15 16:28:38,ONLINE
CRD0030233,CARD0543,P00036,5411,1239.39,IN,2026-08-30 23:58:29,POS4862
CRD0030234,CARD0543,P00318,6513,9516.23,IN,2026-09-12 02:45:36,POS6498
CRD0030242,CARD0543,P00376,5812,1393.77,IN,2026-07-02 20:49:11,POS8427
CRD0030244,CARD0543,P00149,5311,6534.87,IN,2026-08-27 13:44:50,POS4041
CRD0030245,CARD0543,P00202,5541,2489.92,IN,2026-09-13 07:49:58,ONLINE
CRD0030257,CARD0543,P00042,5311,7374.01,IN,2026-08-04 23:54:09,POS6432
CRD0030259,CARD0543,P00253,4814,806.05,IN,2026-07-15 13:54:06,ONLINE
CRD0030264,CARD0543,P00036,5411,2465.79,IN,2026-09-13 09:22:53,ONLINE
CRD0030270,CARD0543,P00144,7832,840.56,IN,2026-09-02 12:22:05,ONLINE
CRD0030279,CARD0543,P00267,5812,423.26,IN,2026-08-05 08:22:11,ONLINE
CRD0030284,CARD0543,P00247,6012,3150.5,IN,2026-09-06 09:54:15,ONLINE
CRD0030287,CARD0543,P00297,8011,2501.32,IN,2026-09-06 17:38:07,ONLINE
CRD0030288,CARD0543,P00202,5541,1720.57,IN,2026-07-03 20:53:31,POS3367
CRD0030295,CARD0543,P00267,5812,937.0,IN,2026-09-11 09:47:23,POS8553
CRD0030298,CARD0543,P00202,5541,2858.6,IN,2026-08-05 09:20:01,ONLINE
CRD0030299,CARD0543,P00378,5411,1324.26,IN,2026-09-11 15:25:09,ONLINE
CRD0030301,CARD0543,P00144,7832,476.65,IN,2026-09-11 17:13:17,POS7000
CRD0030304,CARD0543,P00259,6513,6255.93,IN,2026-09-05 08:13:20,ONLINE
CRD0030305,CARD0543,P00202,5541,2665.82,IN,2026-07-04 08:37:32,POS5295
CRD0030314,CARD0544,P00278,5541,2904.41,IN,2026-07-15 20:15:51,POS9906
CRD0030317,CARD0544,P00173,4814,880.07,IN,2026-07-10 09:02:48,ONLINE
CRD0030323,CARD0544,P00249,4814,1363.39,IN,2026-07-06 18:29:44,POS9962
CRD0030324,CARD0544,P00270,4722,3826.68,IN,2026-07-26 15:53:36,POS4321
CRD0030328,CARD0544,P00175,5311,1888.42,IN,2026-09-04 12:43:31,ONLINE
CRD0030336,CARD0544,P00355,4814,561.39,IN,2026-08-25 23:24:02,ONLINE
CRD0030341,CARD0545,P00022,6012,2053.82,IN,2026-08-16 18:50:45,ONLINE
CRD0030349,CARD0545,P00076,5411,1073.0,IN,2026-07-30 22:05:01,ONLINE
CRD0030350,CARD0545,P00085,4900,2222.28,IN,2026-07-27 12:44:22,POS2165
CRD0030351,CARD0545,P00076,5411,490.61,IN,2026-07-15 15:45:31,ONLINE
CRD0030352,CARD0545,P00167,5812,286.57,IN,2026-08-15 16:17:33,POS3586
CRD0030353,CARD0545,P00378,5411,3435.93,IN,2026-09-08 07:01:43,POS3417
CRD0030363,CARD0545,P00182,4722,5987.4,IN,2026-07-25 08:06:20,ONLINE
CRD0030365,CARD0545,P00085,4900,5693.45,IN,2026-09-04 18:14:08,POS4795
CRD0030367,CARD0545,P00305,5812,1940.64,IN,2026-08-14 10:00:06,ONLINE
CRD0030380,CARD0545,P00076,5411,3305.4,IN,2026-08-01 12:22:49,POS4842
CRD0030393,CARD0545,P00208,6012,2795.36,IN,2026-07-04 19:38:38,ONLINE
CRD0030398,CARD0546,P00157,6513,28249.46,IN,2026-09-13 16:20:30,ONLINE
CRD0030399,CARD0546,P00157,6513,9992.95,IN,2026-08-15 10:50:24,ONLINE
CRD0030405,CARD0546,P00019,4814,1359.78,IN,2026-08-27 14:31:06,ONLINE
CRD0030414,CARD0546,P00355,4814,2287.28,IN,2026-09-09 19:08:47,ONLINE
CRD0030415,CARD0546,P00273,5411,3605.65,IN,2026-08-24 15:22:19,POS3317
CRD0030418,CARD0546,P00355,4814,3945.05,IN,2026-08-02 11:43:29,ONLINE
CRD0030423,CARD0546,P00157,6513,6988.3,IN,2026-07-01 11:35:58,ONLINE
CRD0030428,CARD0546,P00360,5541,2199.54,IN,2026-09-09 17:55:58,ONLINE
CRD0030434,CARD0546,P00273,5411,613.64,IN,2026-07-18 14:00:45,ONLINE
CRD0030448,CARD0547,P00207,5411,2098.04,IN,2026-07-02 11:44:12,POS8370
CRD0030449,CARD0547,P00233,5411,2384.5,IN,2026-08-24 16:57:56,ONLINE
CRD0030453,CARD0547,P00207,5411,1157.81,IN,2026-09-08 20:07:38,POS6414
CRD0030469,CARD0547,P00388,5411,2848.86,IN,2026-08-15 20:38:11,ONLINE
CRD0030472,CARD0547,P00202,5541,1999.48,IN,2026-08-29 10:21:42,POS5609
CRD0030473,CARD0547,P00205,6012,5723.95,IN,2026-08-26 15:48:51,ONLINE
CRD0030474,CARD0547,P00285,4900,5014.33,IN,2026-09-12 08:50:52,POS2683
CRD0030475,CARD0547,P00207,5411,3532.68,IN,2026-07-25 05:30:09,POS7667
CRD0030480,CARD0547,P00205,6012,1028.86,IN,2026-07-23 11:28:42,POS2781
CRD0030495,CARD0547,P00101,5311,3584.95,IN,2026-07-07 18:32:34,POS3880
CRD0030496,CARD0547,P00233,5411,1056.8,IN,2026-08-22 11:40:46,POS1061
CRD0030499,CARD0547,P00388,5411,2507.78,IN,2026-08-25 15:27:05,POS8729
CRD0030505,CARD0547,P00101,5311,1130.79,IN,2026-09-10 18:11:49,ONLINE
CRD0030508,CARD0547,P00335,6513,18757.43,IN,2026-07-05 10:45:42,POS7587
CRD0030510,CARD0547,P00285,4900,5264.23,IN,2026-07-22 13:09:19,ONLINE
CRD0030511,CARD0547,P00388,5411,3834.82,IN,2026-07-20 21:25:30,ONLINE
CRD0030517,CARD0547,P00202,5541,1539.16,IN,2026-08-13 16:17:41,ONLINE
CRD0030518,CARD0547,P00205,6012,1575.98,IN,2026-08-23 17:49:54,ONLINE
CRD0030522,CARD0547,P00202,5541,6516.66,IN,2026-08-13 16:26:17,POS7932
CRD0030524,CARD0547,P00106,5411,1654.4,IN,2026-08-25 18:45:16,POS5231
CRD0030529,CARD0547,P00233,5411,4555.61,IN,2026-09-13 12:26:56,POS2842
CRD0030532,CARD0547,P00106,5411,930.07,IN,2026-07-31 10:22:45,ONLINE
CRD0030539,CARD0547,P00388,5411,536.99,IN,2026-07-17 00:39:41,POS4750
CRD0030546,CARD0548,P00111,6513,5945.63,IN,2026-08-07 20:58:23,ONLINE
CRD0030550,CARD0548,P00103,5311,1118.26,IN,2026-07-05 10:28:22,POS7737
CRD0030552,CARD0548,P00102,4722,2346.04,IN,2026-08-15 11:38:27,POS4734
CRD0030554,CARD0548,P00102,4722,3385.64,IN,2026-09-10 12:49:53,POS4750
CRD0030559,CARD0548,P00114,4814,280.62,IN,2026-08-03 22:17:27,ONLINE
CRD0030561,CARD0548,P00099,5411,406.4,IN,2026-07-12 17:54:10,POS6037
CRD0030562,CARD0548,P00114,4814,417.06,IN,2026-07-01 13:21:00,ONLINE
CRD0030568,CARD0548,P00099,5411,1119.8,IN,2026-08-19 09:14:32,POS9982
CRD0030569,CARD0548,P00114,4814,540.86,IN,2026-07-26 17:08:55,ONLINE
CRD0030580,CARD0548,P00036,5411,4555.41,IN,2026-07-07 15:08:19,ONLINE
CRD0030592,CARD0548,P00103,5311,2693.54,IN,2026-08-05 23:45:36,POS1775
CRD0030594,CARD0548,P00099,5411,955.84,IN,2026-08-13 19:08:13,POS4668
CRD0030597,CARD0548,P00265,5411,1267.85,IN,2026-09-12 19:21:14,POS4807
CRD0030602,CARD0548,P00252,5411,1358.3,IN,2026-09-10 07:22:47,POS3999
CRD0030609,CARD0549,P00059,6012,1532.01,IN,2026-08-27 09:20:41,ONLINE
CRD0030611,CARD0549,P00009,6012,632.11,IN,2026-08-23 18:39:46,POS3813
CRD0030614,CARD0549,P00009,6012,923.55,IN,2026-09-04 19:00:03,POS5993
CRD0030620,CARD0549,P00090,5812,156.83,IN,2026-08-23 15:15:27,ONLINE
CRD0030623,CARD0549,P00184,5812,300.32,IN,2026-07-30 10:37:57,ONLINE
CRD0030629,CARD0549,P00123,5812,314.08,IN,2026-07-28 21:47:43,POS9469
CRD0030634,CARD0549,P00045,5311,1969.46,IN,2026-09-07 18:17:47,ONLINE
CRD0030638,CARD0549,P00029,5411,755.61,IN,2026-07-12 17:57:19,POS6700
CRD0030640,CARD0549,P00045,5311,1917.03,IN,2026-08-10 13:40:21,POS4826
CRD0030643,CARD0549,P00009,6012,550.17,IN,2026-09-02 02:45:04,ONLINE
CRD0030644,CARD0549,P00234,6012,1716.38,IN,2026-07-11 18:54:10,POS6979
CRD0030645,CARD0549,P00160,4722,1876.07,IN,2026-09-02 17:08:38,ONLINE
CRD0030652,CARD0549,P00090,5812,167.51,IN,2026-08-01 16:37:50,ONLINE
CRD0030662,CARD0550,P00102,4722,3167.74,IN,2026-07-28 09:10:48,POS6269
CRD0030663,CARD0550,P00332,5311,1842.8,IN,2026-07-15 09:31:28,POS7310
CRD0030668,CARD0550,P00311,5411,890.85,IN,2026-09-04 18:35:32,ONLINE
CRD0030675,CARD0550,P00311,5411,3206.2,IN,2026-07-11 20:31:37,POS8375
CRD0030678,CARD0550,P00195,6012,2576.1,IN,2026-09-06 13:24:47,POS5083
CRD0030681,CARD0550,P00198,5411,2216.07,IN,2026-08-08 19:36:56,ONLINE
CRD0030683,CARD0550,P00347,7832,2428.8,IN,2026-07-05 12:12:03,POS9811
CRD0030684,CARD0550,P00347,7832,1619.68,IN,2026-09-05 09:18:23,ONLINE
CRD0030689,CARD0550,P00379,4814,1749.59,IN,2026-08-30 11:02:46,ONLINE
CRD0030695,CARD0550,P00141,4900,4427.07,IN,2026-07-31 23:29:51,ONLINE
CRD0030700,CARD0550,P00297,8011,4904.45,IN,2026-07-11 09:33:25,ONLINE
CRD0030706,CARD0550,P00383,5812,4012.61,IN,2026-07-03 21:13:27,ONLINE
CRD0030708,CARD0550,P00105,5541,1476.43,IN,2026-08-27 12:25:47,ONLINE
CRD0030709,CARD0550,P00311,5411,1019.26,IN,2026-08-29 12:37:36,ONLINE
CRD0030711,CARD0550,P00323,4722,7120.42,IN,2026-08-13 18:42:15,ONLINE
CRD0030715,CARD0550,P00311,5411,3331.34,IN,2026-07-09 08:07:25,POS5753
CRD0030718,CARD0550,P00004,5411,2968.66,IN,2026-08-23 12:05:06,POS9807
CRD0030725,CARD0551,P00295,8011,2652.19,IN,2026-08-21 22:08:06,POS9577
CRD0030728,CARD0551,P00032,5812,6889.73,IN,2026-07-19 21:44:28,ONLINE
CRD0030729,CARD0551,P00265,5411,2592.37,IN,2026-08-06 16:07:04,POS7298
CRD0030732,CARD0551,P00144,7832,3542.52,IN,2026-07-18 13:03:53,POS3387
CRD0030741,CARD0551,P00371,5411,1819.83,IN,2026-08-22 21:38:02,ONLINE
CRD0030745,CARD0551,P00163,5411,4970.63,IN,2026-07-21 13:32:53,POS9100
CRD0030746,CARD0551,P00386,6012,4912.61,IN,2026-07-19 08:37:21,ONLINE
CRD0030749,CARD0551,P00032,5812,831.75,IN,2026-08-20 18:14:35,ONLINE
CRD0030759,CARD0552,P00265,5411,396.06,IN,2026-07-17 15:47:02,ONLINE
CRD0030763,CARD0552,P00140,5411,315.45,IN,2026-09-06 18:06:53,POS6749
CRD0030766,CARD0552,P00344,5411,674.41,IN,2026-08-17 10:51:16,ONLINE
CRD0030777,CARD0552,P00199,5812,208.98,IN,2026-07-23 10:53:01,ONLINE
CRD0030787,CARD0552,P00289,5812,251.32,IN,2026-09-07 18:38:41,POS8509
CRD0030789,CARD0552,P00289,5812,339.8,IN,2026-09-11 06:49:40,ONLINE
CRD0030792,CARD0552,P00358,6513,2919.92,IN,2026-07-31 09:53:46,ONLINE
CRD0030793,CARD0552,P00358,6513,2053.29,IN,2026-07-05 08:52:42,POS5174
CRD0030796,CARD0552,P00239,5411,619.97,IN,2026-08-26 09:13:39,POS3451
CRD0030798,CARD0552,P00161,5812,1054.2,IN,2026-09-05 11:12:48,POS9468
CRD0030802,CARD0552,P00289,5812,434.16,IN,2026-07-08 17:20:29,POS3943
CRD0030807,CARD0552,P00239,5411,371.57,IN,2026-07-07 07:26:37,POS7137
CRD0030811,CARD0552,P00239,5411,1962.26,IN,2026-09-10 16:10:01,POS3084
CRD0030813,CARD0552,P00358,6513,2306.76,IN,2026-08-14 13:22:10,ONLINE
CRD0030816,CARD0552,P00239,5411,1266.76,IN,2026-07-09 09:48:23,ONLINE
CRD0030822,CARD0552,P00051,6012,1467.52,IN,2026-08-24 20:14:58,ONLINE
CRD0030828,CARD0552,P00289,5812,271.95,IN,2026-08-01 11:12:11,ONLINE
CRD0030831,CARD0552,P00043,5311,821.42,IN,2026-09-11 19:03:43,ONLINE
CRD0030837,CARD0553,P00107,4900,2095.41,IN,2026-09-06 22:34:34,POS4255
CRD0030839,CARD0553,P00144,7832,1326.49,IN,2026-09-12 20:42:30,ONLINE
CRD0030848,CARD0553,P00129,5311,3933.17,IN,2026-07-11 20:44:35,ONLINE
CRD0030852,CARD0553,P00107,4900,3778.61,IN,2026-08-10 21:09:19,POS8842
CRD0030867,CARD0553,P00193,5311,5167.98,IN,2026-08-24 11:00:40,ONLINE
CRD0030868,CARD0553,P00209,5411,1962.52,IN,2026-08-15 09:10:58,POS1667
CRD0030881,CARD0554,P00177,5812,1227.21,IN,2026-07-03 18:07:45,POS3762
CRD0030882,CARD0554,P00074,4722,12258.15,IN,2026-07-06 11:45:31,ONLINE
CRD0030884,CARD0554,P00174,5812,1119.22,IN,2026-09-08 18:33:42,POS8485
CRD0030890,CARD0554,P00143,5411,1348.08,IN,2026-08-14 10:04:33,ONLINE
CRD0030892,CARD0554,P00063,5812,533.58,IN,2026-08-17 10:44:10,ONLINE
CRD0030895,CARD0554,P00241,5411,1062.63,IN,2026-08-10 16:05:42,ONLINE
CRD0030896,CARD0554,P00063,5812,355.39,IN,2026-08-01 15:26:35,POS9515
CRD0030909,CARD0554,P00329,8011,2475.44,IN,2026-07-22 13:48:20,ONLINE
CRD0030915,CARD0554,P00057,5812,147.91,IN,2026-08-30 19:49:35,ONLINE
CRD0030919,CARD0554,P00329,8011,676.57,IN,2026-09-06 20:12:37,ONLINE
CRD0030922,CARD0554,P00072,5812,1290.49,IN,2026-08-25 07:31:53,ONLINE
CRD0030923,CARD0554,P00241,5411,691.88,IN,2026-07-13 15:01:20,ONLINE
CRD0030924,CARD0554,P00074,4722,5984.24,IN,2026-08-02 16:39:42,ONLINE
CRD0030933,CARD0555,P00109,8011,2261.96,IN,2026-08-03 08:04:28,ONLINE
CRD0030942,CARD0555,P00255,5311,691.28,IN,2026-08-27 19:43:32,ONLINE
CRD0030943,CARD0555,P00255,5311,4839.75,IN,2026-08-13 08:38:29,POS8426
CRD0030945,CARD0555,P00069,5311,3940.04,IN,2026-07-03 18:10:36,ONLINE
CRD0030950,CARD0555,P00043,5311,2693.59,IN,2026-09-04 17:00:01,ONLINE
CRD0030964,CARD0556,P00139,5311,6854.88,IN,2026-08-20 11:13:32,ONLINE
CRD0030965,CARD0556,P00139,5311,4458.3,IN,2026-08-06 21:33:01,ONLINE
CRD0030968,CARD0556,P00005,4814,583.83,IN,2026-09-02 19:01:26,POS9576
CRD0030969,CARD0556,P00005,4814,667.74,IN,2026-08-19 12:32:50,POS9270
CRD0030970,CARD0556,P00005,4814,669.18,IN,2026-09-10 08:13:46,ONLINE
CRD0030971,CARD0556,P00073,6012,3091.28,IN,2026-08-28 19:56:29,ONLINE
CRD0030975,CARD0556,P00358,6513,6820.29,IN,2026-08-31 08:22:42,ONLINE
CRD0030982,CARD0556,P00361,5411,2616.99,IN,2026-08-02 19:09:51,POS8543
CRD0030984,CARD0556,P00134,5541,6605.1,IN,2026-07-05 22:40:36,ONLINE
CRD0030989,CARD0556,P00139,5311,1884.13,IN,2026-07-31 09:22:34,POS7758
CRD0030992,CARD0556,P00168,5411,2098.53,IN,2026-08-05 13:50:26,POS1782
CRD0030993,CARD0556,P00361,5411,2843.48,IN,2026-09-13 07:07:58,ONLINE
CRD0030995,CARD0556,P00299,5411,1099.86,IN,2026-07-05 13:04:35,ONLINE
CRD0030996,CARD0556,P00361,5411,3360.07,IN,2026-09-03 23:49:16,POS5231
CRD0030998,CARD0556,P00138,5411,1963.1,IN,2026-08-15 18:52:54,ONLINE
CRD0031002,CARD0556,P00202,5541,3311.03,IN,2026-08-16 07:10:36,ONLINE
CRD0031006,CARD0556,P00138,5411,1862.15,IN,2026-09-04 18:06:01,POS7146
CRD0031009,CARD0556,P00358,6513,5348.03,IN,2026-08-28 18:30:39,ONLINE
CRD0031010,CARD0556,P00358,6513,2073.92,IN,2026-08-13 08:16:48,POS7307
CRD0031011,CARD0556,P00358,6513,5944.87,IN,2026-09-06 20:49:47,ONLINE
CRD0031015,CARD0556,P00005,4814,1355.27,IN,2026-08-30 13:58:17,ONLINE
CRD0031020,CARD0556,P00358,6513,12817.43,IN,2026-08-03 20:48:15,ONLINE
CRD0031022,CARD0556,P00202,5541,817.89,IN,2026-07-25 18:49:46,POS9463
CRD0031027,CARD0557,P00319,6012,1856.29,IN,2026-07-07 10:50:13,POS4286
CRD0031030,CARD0557,P00319,6012,1565.84,IN,2026-07-22 21:33:12,ONLINE
CRD0031032,CARD0557,P00223,5812,705.93,IN,2026-07-13 14:41:25,POS9068
CRD0031035,CARD0557,P00188,5812,679.5,IN,2026-08-19 09:01:06,ONLINE
CRD0031041,CARD0557,P00136,5812,832.8,IN,2026-07-15 18:44:50,POS2749
CRD0031047,CARD0557,P00319,6012,1282.68,IN,2026-08-21 15:15:10,ONLINE
CRD0031049,CARD0557,P00393,5411,525.87,IN,2026-07-09 04:14:36,POS9329
CRD0031052,CARD0557,P00155,7832,1373.01,IN,2026-07-11 09:04:10,POS9060
CRD0031057,CARD0557,P00184,5812,273.82,IN,2026-08-09 15:37:27,POS1922
CRD0031062,CARD0557,P00392,5812,270.42,IN,2026-09-05 10:26:22,POS3760
CRD0031072,CARD0557,P00184,5812,389.27,IN,2026-07-05 20:32:06,POS9652
CRD0031075,CARD0557,P00153,5411,409.96,IN,2026-08-30 19:41:02,ONLINE
CRD0031076,CARD0557,P00223,5812,491.96,IN,2026-07-24 08:29:24,ONLINE
CRD0031079,CARD0557,P00134,5541,524.15,IN,2026-07-26 15:05:04,ONLINE
CRD0031092,CARD0558,P00145,5411,2268.22,IN,2026-07-09 21:09:01,ONLINE
CRD0031095,CARD0558,P00216,7832,1593.54,IN,2026-08-08 19:09:49,POS6236
CRD0031101,CARD0558,P00145,5411,1578.09,IN,2026-07-23 17:35:41,POS5000
CRD0031103,CARD0558,P00161,5812,234.74,IN,2026-09-04 11:48:20,ONLINE
CRD0031107,CARD0558,P00391,5541,1086.55,IN,2026-08-13 01:32:28,POS6029
CRD0031110,CARD0558,P00070,7832,695.67,IN,2026-08-07 22:02:35,POS5881
CRD0031113,CARD0558,P00152,4900,725.25,IN,2026-08-11 08:17:32,ONLINE
CRD0031115,CARD0558,P00161,5812,313.07,IN,2026-08-26 17:22:25,ONLINE
CRD0031117,CARD0558,P00070,7832,368.74,IN,2026-09-10 00:41:15,ONLINE
CRD0031118,CARD0558,P00399,4814,405.69,IN,2026-09-02 23:07:24,POS1652
CRD0031122,CARD0558,P00161,5812,368.89,IN,2026-08-16 12:46:57,ONLINE
CRD0031124,CARD0558,P00145,5411,663.93,IN,2026-07-30 11:07:13,POS1207
CRD0031128,CARD0558,P00152,4900,1140.88,IN,2026-08-08 20:44:01,ONLINE
CRD0031130,CARD0558,P00058,4814,202.05,IN,2026-09-12 19:25:16,POS4635
CRD0031131,CARD0558,P00076,5411,585.28,IN,2026-08-22 11:08:54,POS5049
CRD0031133,CARD0558,P00070,7832,172.15,IN,2026-07-15 12:53:33,POS8792
CRD0031135,CARD0558,P00391,5541,655.76,IN,2026-08-23 17:37:34,POS4588
CRD0031144,CARD0558,P00202,5541,1643.76,IN,2026-09-05 18:06:19,POS8348
CRD0031145,CARD0558,P00300,6012,794.67,IN,2026-07-18 18:30:32,POS7174
CRD0031146,CARD0558,P00159,5541,878.07,IN,2026-07-21 16:04:05,ONLINE
CRD0031148,CARD0558,P00300,6012,627.36,IN,2026-07-19 10:19:49,POS7607
CRD0031151,CARD0558,P00152,4900,1108.32,IN,2026-07-05 19:45:06,POS6717
CRD0031155,CARD0558,P00300,6012,788.3,IN,2026-08-09 21:00:01,ONLINE
CRD0031173,CARD0559,P00298,4814,373.85,IN,2026-08-31 10:52:43,ONLINE
CRD0031183,CARD0559,P00173,4814,620.22,IN,2026-07-01 19:16:13,ONLINE
CRD0031193,CARD0559,P00177,5812,525.66,IN,2026-08-29 22:01:07,ONLINE
CRD0031195,CARD0559,P00268,5541,2739.23,IN,2026-07-23 17:52:45,ONLINE
CRD0031197,CARD0559,P00298,4814,1161.24,IN,2026-09-11 11:49:10,POS1632
CRD0031198,CARD0559,P00001,6012,663.73,IN,2026-08-09 23:00:12,ONLINE
CRD0031200,CARD0559,P00374,6513,5744.33,IN,2026-07-17 19:20:17,ONLINE
CRD0031215,CARD0560,P00020,7832,420.92,IN,2026-07-17 02:38:47,ONLINE
CRD0031222,CARD0560,P00305,5812,1597.35,IN,2026-07-18 17:30:43,POS1225
CRD0031227,CARD0560,P00225,5411,1261.97,IN,2026-07-29 18:39:45,POS4639
CRD0031233,CARD0560,P00057,5812,2307.24,IN,2026-07-27 17:33:18,POS2981
CRD0031235,CARD0560,P00305,5812,1255.33,IN,2026-08-07 15:36:43,ONLINE
CRD0031250,CARD0560,P00230,5812,1371.64,IN,2026-08-05 17:31:32,POS7214
CRD0031251,CARD0560,P00231,4814,551.5,IN,2026-07-14 20:25:13,POS8524
CRD0031253,CARD0560,P00190,4814,3261.35,IN,2026-07-04 17:16:21,ONLINE
CRD0031254,CARD0560,P00225,5411,2755.78,IN,2026-07-29 09:00:02,ONLINE
CRD0031256,CARD0560,P00351,4814,1544.53,IN,2026-08-17 12:07:03,ONLINE
CRD0031257,CARD0560,P00190,4814,1198.96,IN,2026-08-16 12:13:40,ONLINE
CRD0031258,CARD0560,P00020,7832,5381.58,IN,2026-07-10 20:35:39,ONLINE
CRD0031261,CARD0560,P00218,5812,860.78,IN,2026-08-31 17:51:38,POS2080
CRD0031268,CARD0560,P00230,5812,898.13,IN,2026-07-10 09:25:32,ONLINE
CRD0031271,CARD0560,P00230,5812,3297.38,IN,2026-07-08 18:14:21,POS3497
CRD0031273,CARD0560,P00230,5812,1014.22,IN,2026-07-03 12:36:26,POS7682
CRD0031274,CARD0560,P00218,5812,1265.49,IN,2026-07-02 14:59:11,ONLINE
CRD0031280,CARD0560,P00376,5812,764.78,IN,2026-08-22 17:28:09,ONLINE
CRD0031282,CARD0560,P00305,5812,600.94,IN,2026-07-03 08:24:05,POS7714
CRD0031291,CARD0560,P00020,7832,357.99,IN,2026-07-14 13:54:26,ONLINE
CRD0031294,CARD0560,P00176,6012,2349.66,IN,2026-08-06 12:13:43,ONLINE
CRD0031303,CARD0561,P00324,5311,7851.72,IN,2026-08-31 08:32:30,ONLINE
CRD0031304,CARD0561,P00204,4900,2497.06,IN,2026-08-28 10:22:27,POS6566
CRD0031305,CARD0561,P00316,5311,1802.92,IN,2026-09-01 13:01:31,POS7898
CRD0031306,CARD0561,P00324,5311,1527.43,IN,2026-08-15 20:54:52,POS9482
CRD0031308,CARD0561,P00024,5411,446.66,IN,2026-09-04 16:12:11,POS4271
CRD0031309,CARD0561,P00006,5411,1158.16,IN,2026-07-02 20:50:59,ONLINE
CRD0031316,CARD0561,P00277,6012,1141.4,IN,2026-08-04 11:18:44,POS5157
CRD0031317,CARD0561,P00170,6012,916.16,IN,2026-09-12 21:33:33,ONLINE
CRD0031318,CARD0561,P00277,6012,1311.43,IN,2026-09-03 12:49:45,ONLINE
CRD0031321,CARD0561,P00221,5812,836.83,IN,2026-07-16 07:34:17,ONLINE
CRD0031323,CARD0561,P00024,5411,1270.47,IN,2026-07-04 14:47:11,ONLINE
CRD0031325,CARD0561,P00138,5411,941.55,IN,2026-08-20 20:49:19,ONLINE
CRD0031327,CARD0561,P00006,5411,1624.01,IN,2026-07-09 18:31:40,POS9946
CRD0031330,CARD0561,P00082,5411,1617.37,IN,2026-07-04 21:05:46,ONLINE
CRD0031332,CARD0561,P00324,5311,1540.52,IN,2026-09-12 18:18:13,POS5795
CRD0031335,CARD0561,P00024,5411,2573.17,IN,2026-07-13 22:17:57,ONLINE
CRD0031336,CARD0561,P00221,5812,1055.02,IN,2026-07-03 15:32:44,ONLINE
CRD0031342,CARD0561,P00324,5311,884.71,IN,2026-07-13 20:00:15,POS9988
CRD0031343,CARD0561,P00170,6012,1414.57,IN,2026-08-16 16:46:43,POS7226
CRD0031344,CARD0561,P00006,5411,1617.56,IN,2026-08-07 13:19:05,ONLINE
CRD0031345,CARD0561,P00316,5311,4655.84,IN,2026-07-05 18:01:03,ONLINE
CRD0031347,CARD0561,P00204,4900,1275.62,IN,2026-09-11 14:13:14,POS5425
CRD0031349,CARD0561,P00085,4900,1815.04,IN,2026-07-05 15:29:20,POS9426
CRD0031360,CARD0562,P00090,5812,2792.72,IN,2026-08-26 14:12:15,POS6306
CRD0031369,CARD0562,P00091,5541,2687.3,IN,2026-08-12 20:51:09,POS2832
CRD0031375,CARD0562,P00090,5812,476.39,IN,2026-07-25 19:22:09,POS5693
CRD0031382,CARD0562,P00156,6012,1693.72,IN,2026-08-22 21:17:21,ONLINE
CRD0031387,CARD0562,P00186,4900,3727.78,IN,2026-07-24 12:26:33,POS8197
CRD0031389,CARD0562,P00326,5812,571.39,IN,2026-08-04 21:05:45,POS3105
CRD0031390,CARD0562,P00225,5411,738.09,IN,2026-09-13 08:17:04,POS5523
CRD0031393,CARD0562,P00326,5812,259.36,IN,2026-07-01 22:51:30,ONLINE
CRD0031394,CARD0562,P00249,4814,265.88,IN,2026-08-03 18:06:10,POS2847
CRD0031397,CARD0562,P00224,5812,251.02,IN,2026-09-07 16:28:08,ONLINE
CRD0031400,CARD0562,P00324,5311,1372.87,IN,2026-08-31 15:43:31,POS4598
CRD0031401,CARD0562,P00383,5812,1261.37,IN,2026-09-07 16:05:25,ONLINE
CRD0031402,CARD0562,P00324,5311,4029.68,IN,2026-08-02 05:40:01,ONLINE
CRD0031417,CARD0562,P00090,5812,716.26,IN,2026-08-22 10:38:13,ONLINE
CRD0031418,CARD0562,P00249,4814,526.94,IN,2026-09-02 09:41:27,ONLINE
CRD0031423,CARD0562,P00145,5411,1516.74,IN,2026-09-05 19:50:37,POS3518
CRD0031425,CARD0562,P00249,4814,1323.34,IN,2026-08-28 20:51:18,ONLINE
CRD0031426,CARD0562,P00090,5812,420.65,IN,2026-07-13 01:52:22,POS4481
CRD0031430,CARD0562,P00326,5812,415.66,IN,2026-07-15 09:20:10,POS5073
CRD0031431,CARD0562,P00353,5311,11294.82,IN,2026-07-05 18:39:57,ONLINE
CRD0031432,CARD0562,P00090,5812,1100.24,IN,2026-08-29 08:18:46,POS1525
CRD0031433,CARD0562,P00090,5812,358.31,IN,2026-07-09 10:42:28,POS6600
CRD0031437,CARD0562,P00142,6012,3214.25,IN,2026-09-06 18:35:38,POS8615
CRD0031438,CARD0562,P00324,5311,1314.27,IN,2026-08-07 20:57:02,POS3424
CRD0031440,CARD0562,P00326,5812,1981.65,IN,2026-07-04 18:37:48,POS5476
CRD0031442,CARD0562,P00324,5311,937.98,IN,2026-08-30 10:45:40,POS6117
CRD0031443,CARD0562,P00249,4814,637.1,IN,2026-08-04 14:18:29,ONLINE
CRD0031445,CARD0562,P00326,5812,1077.82,IN,2026-08-20 18:36:15,ONLINE
CRD0031452,CARD0562,P00156,6012,2392.43,IN,2026-07-28 07:49:37,ONLINE
CRD0031454,CARD0562,P00249,4814,975.62,IN,2026-08-29 23:05:58,ONLINE
CRD0031472,CARD0563,P00167,5812,163.73,IN,2026-08-08 17:13:22,POS6211
CRD0031474,CARD0563,P00182,4722,820.54,IN,2026-08-07 16:31:22,ONLINE
CRD0031476,CARD0563,P00096,7832,266.98,IN,2026-08-07 20:12:42,POS5287
CRD0031478,CARD0563,P00376,5812,223.17,IN,2026-08-16 06:01:50,POS9308
CRD0031480,CARD0563,P00029,5411,659.89,IN,2026-09-05 17:12:25,ONLINE
CRD0031487,CARD0563,P00221,5812,689.91,IN,2026-07-20 20:53:48,ONLINE
CRD0031488,CARD0563,P00276,7832,596.96,IN,2026-07-13 12:56:44,ONLINE
CRD0031489,CARD0563,P00376,5812,302.95,IN,2026-09-09 19:00:12,POS3299
CRD0031495,CARD0563,P00011,6012,321.28,IN,2026-07-26 17:38:53,POS3589
CRD0031496,CARD0563,P00096,7832,380.96,IN,2026-08-21 21:16:06,ONLINE
CRD0031499,CARD0563,P00035,7832,739.77,IN,2026-07-08 19:17:59,ONLINE
CRD0031500,CARD0563,P00167,5812,1148.32,IN,2026-08-31 02:53:02,POS8067
CRD0031511,CARD0563,P00096,7832,893.29,IN,2026-09-09 08:53:57,POS7655
CRD0031516,CARD0563,P00096,7832,364.37,IN,2026-07-19 13:59:02,ONLINE
CRD0031520,CARD0563,P00321,5812,224.37,IN,2026-09-04 14:29:01,ONLINE
CRD0031523,CARD0563,P00276,7832,902.37,IN,2026-07-23 10:05:58,ONLINE
CRD0031525,CARD0563,P00096,7832,724.35,IN,2026-07-02 12:05:25,POS8971
CRD0031528,CARD0563,P00371,5411,2405.8,IN,2026-07-09 18:20:45,POS6718
CRD0031534,CARD0563,P00029,5411,1245.16,IN,2026-07-24 15:53:28,ONLINE
CRD0031538,CARD0563,P00221,5812,126.8,IN,2026-08-31 18:41:44,ONLINE
CRD0031548,CARD0563,P00029,5411,1990.56,IN,2026-07-23 15:40:23,POS4699
CRD0031551,CARD0563,P00193,5311,1667.11,IN,2026-07-14 20:40:52,ONLINE
CRD0031560,CARD0564,P00180,4900,3722.45,IN,2026-07-07 18:54:51,ONLINE
CRD0031565,CARD0564,P00062,6012,4136.28,IN,2026-08-28 19:00:41,POS6298
CRD0031569,CARD0564,P00238,5812,1142.15,IN,2026-08-12 12:37:39,POS6606
CRD0031571,CARD0564,P00309,5812,1307.64,IN,2026-07-17 07:59:13,ONLINE
CRD0031574,CARD0564,P00062,6012,1057.85,IN,2026-09-06 18:22:33,ONLINE
CRD0031588,CARD0564,P00128,5541,1555.16,IN,2026-08-18 09:28:54,ONLINE
CRD0031589,CARD0564,P00124,4814,1411.87,IN,2026-07-15 14:32:50,ONLINE
CRD0031592,CARD0564,P00309,5812,1621.05,IN,2026-07-29 20:00:58,POS9009
CRD0031597,CARD0564,P00360,5541,9672.26,IN,2026-08-23 11:14:15,POS2092
CRD0031601,CARD0564,P00107,4900,15417.79,IN,2026-08-02 19:52:26,ONLINE
CRD0031603,CARD0564,P00180,4900,20310.32,IN,2026-08-17 18:05:03,ONLINE
CRD0031608,CARD0564,P00360,5541,13276.31,IN,2026-08-22 14:43:01,POS6963
CRD0031623,CARD0565,P00042,5311,17463.71,IN,2026-09-12 09:22:56,POS4572
CRD0031627,CARD0565,P00088,5812,1476.24,IN,2026-08-13 01:02:18,ONLINE
CRD0031629,CARD0565,P00049,5411,2236.53,IN,2026-09-01 07:49:57,ONLINE
CRD0031631,CARD0565,P00253,4814,438.57,IN,2026-07-27 09:48:42,POS6474
CRD0031637,CARD0565,P00009,6012,1741.03,IN,2026-09-03 20:12:18,ONLINE
CRD0031641,CARD0565,P00009,6012,2242.42,IN,2026-07-17 15:12:48,POS7176
CRD0031642,CARD0565,P00001,6012,1806.27,IN,2026-07-26 17:28:25,ONLINE
CRD0031645,CARD0565,P00253,4814,2235.94,IN,2026-07-28 12:12:29,POS1144
CRD0031646,CARD0565,P00287,4900,38020.99,IN,2026-07-23 17:08:36,POS6692
CRD0031653,CARD0565,P00048,5812,1319.03,IN,2026-09-10 10:53:17,ONLINE
CRD0031656,CARD0565,P00391,5541,11016.17,IN,2026-09-12 21:48:02,POS2763
CRD0031658,CARD0565,P00132,4900,13527.52,IN,2026-07-25 10:09:44,POS3218
CRD0031660,CARD0565,P00132,4900,6628.84,IN,2026-08-23 09:08:20,POS5439
CRD0031664,CARD0565,P00132,4900,4896.16,IN,2026-07-08 08:10:21,ONLINE
CRD0031665,CARD0565,P00042,5311,6914.82,IN,2026-08-29 13:03:20,ONLINE
CRD0031671,CARD0565,P00001,6012,1966.95,IN,2026-08-23 15:20:00,POS1428
CRD0031681,CARD0565,P00223,5812,2644.91,IN,2026-07-08 10:32:28,POS2744
CRD0031683,CARD0565,P00391,5541,2838.62,IN,2026-08-26 20:17:25,POS8865
CRD0031696,CARD0565,P00052,5311,3395.0,IN,2026-08-24 17:13:21,ONLINE
CRD0031699,CARD0565,P00001,6012,7581.82,IN,2026-07-12 15:04:40,ONLINE
CRD0031703,CARD0565,P00009,6012,2552.71,IN,2026-07-11 20:29:10,POS2581
CRD0031704,CARD0565,P00337,6513,39563.34,IN,2026-07-23 16:44:25,ONLINE
CRD0031705,CARD0565,P00042,5311,6748.71,IN,2026-08-26 19:37:29,ONLINE
CRD0031706,CARD0565,P00088,5812,3224.03,IN,2026-08-10 12:46:18,ONLINE
CRD0031713,CARD0566,P00281,6513,4712.52,IN,2026-07-14 16:30:51,ONLINE
CRD0031717,CARD0566,P00227,4814,2458.65,IN,2026-07-09 07:06:00,ONLINE
CRD0031719,CARD0566,P00269,4900,8470.97,IN,2026-07-21 21:55:23,POS6087
CRD0031720,CARD0566,P00384,6513,20508.57,IN,2026-07-05 07:26:23,POS1117
CRD0031721,CARD0566,P00058,4814,974.51,IN,2026-07-09 00:17:22,ONLINE
CRD0031730,CARD0566,P00281,6513,13770.47,IN,2026-07-11 10:34:29,ONLINE
CRD0031731,CARD0566,P00379,4814,974.66,IN,2026-08-23 20:50:49,POS2884
CRD0031735,CARD0566,P00185,5541,2492.04,IN,2026-07-24 14:57:59,ONLINE
CRD0031738,CARD0566,P00282,5411,1902.72,IN,2026-08-09 14:45:30,ONLINE
CRD0031739,CARD0566,P00144,7832,590.06,IN,2026-07-21 17:39:35,POS2966
CRD0031752,CARD0567,P00283,5311,1447.34,IN,2026-08-12 17:34:05,POS9276
CRD0031755,CARD0567,P00289,5812,357.6,IN,2026-08-15 12:58:27,POS8928
CRD0031757,CARD0567,P00166,5411,1922.35,IN,2026-07-16 19:01:40,ONLINE
CRD0031758,CARD0567,P00166,5411,1353.47,IN,2026-07-16 16:48:30,ONLINE
CRD0031759,CARD0567,P00023,4722,2497.87,IN,2026-07-14 08:15:34,ONLINE
CRD0031762,CARD0567,P00350,6012,4724.6,IN,2026-09-09 19:46:23,ONLINE
CRD0031765,CARD0567,P00378,5411,2854.9,IN,2026-09-12 17:00:23,ONLINE
CRD0031766,CARD0567,P00283,5311,6640.78,IN,2026-09-06 19:33:28,ONLINE
CRD0031769,CARD0567,P00289,5812,1209.29,IN,2026-08-05 14:55:25,ONLINE
CRD0031775,CARD0567,P00283,5311,1385.98,IN,2026-09-07 09:36:06,ONLINE
CRD0031778,CARD0567,P00317,5812,2771.28,IN,2026-07-06 09:03:25,POS5262
CRD0031788,CARD0568,P00292,5541,5452.93,IN,2026-08-16 16:42:22,POS9040
CRD0031789,CARD0568,P00220,8011,2986.05,IN,2026-07-09 21:20:52,POS1777
CRD0031791,CARD0568,P00104,5541,4309.64,IN,2026-08-30 21:28:42,POS9184
CRD0031792,CARD0568,P00208,6012,1231.92,IN,2026-08-24 21:10:43,POS6119
CRD0031793,CARD0568,P00349,5812,556.18,IN,2026-07-27 15:49:01,ONLINE
CRD0031794,CARD0568,P00388,5411,3303.19,IN,2026-08-24 09:14:26,ONLINE
CRD0031796,CARD0568,P00111,6513,1887.97,IN,2026-07-05 19:54:42,ONLINE
CRD0031800,CARD0568,P00220,8011,2018.38,IN,2026-07-14 19:46:12,POS7054
CRD0031801,CARD0568,P00031,6012,2155.57,IN,2026-09-07 20:35:43,ONLINE
CRD0031802,CARD0568,P00147,8011,2830.88,IN,2026-07-06 14:16:18,ONLINE
CRD0031804,CARD0568,P00349,5812,375.54,IN,2026-07-26 16:16:07,POS2278
CRD0031810,CARD0568,P00292,5541,1212.55,IN,2026-08-02 11:00:27,ONLINE
CRD0031811,CARD0568,P00147,8011,4651.27,IN,2026-07-17 18:44:24,ONLINE
CRD0031816,CARD0568,P00147,8011,1190.22,IN,2026-09-13 18:59:43,ONLINE
CRD0031817,CARD0568,P00111,6513,5093.8,IN,2026-08-21 09:56:34,POS2281
CRD0031818,CARD0568,P00147,8011,1618.01,IN,2026-07-12 11:47:43,POS7987
CRD0031823,CARD0568,P00220,8011,6150.54,IN,2026-08-23 10:53:29,POS9167
CRD0031824,CARD0568,P00292,5541,5710.05,IN,2026-08-30 18:15:02,ONLINE
CRD0031841,CARD0569,P00361,5411,2152.0,IN,2026-08-27 18:38:27,ONLINE
CRD0031844,CARD0569,P00121,5812,405.48,IN,2026-08-18 13:12:30,POS4831
CRD0031851,CARD0569,P00336,5812,1039.86,IN,2026-08-15 09:31:25,ONLINE
CRD0031853,CARD0569,P00243,6012,2234.21,IN,2026-07-16 09:38:33,ONLINE
CRD0031856,CARD0569,P00338,5311,4876.33,IN,2026-07-13 04:49:21,POS4197
CRD0031862,CARD0569,P00264,5812,1498.78,IN,2026-07-25 12:11:17,ONLINE
CRD0031866,CARD0569,P00338,5311,3263.05,IN,2026-07-22 09:56:22,ONLINE
CRD0031868,CARD0569,P00068,5411,1434.01,IN,2026-08-22 08:09:11,ONLINE
CRD0031878,CARD0570,P00058,4814,689.5,IN,2026-08-30 10:28:49,POS5547
CRD0031879,CARD0570,P00288,5812,715.16,IN,2026-08-18 19:40:31,POS1011
CRD0031888,CARD0570,P00122,8011,7777.27,IN,2026-08-22 13:05:12,ONLINE
CRD0031891,CARD0570,P00029,5411,819.28,IN,2026-08-05 09:32:00,ONLINE
CRD0031892,CARD0570,P00219,5411,1344.19,IN,2026-07-22 08:28:11,ONLINE
CRD0031897,CARD0570,P00122,8011,1080.06,IN,2026-09-09 15:51:50,POS4449
CRD0031902,CARD0570,P00122,8011,1940.87,IN,2026-09-12 15:32:53,POS5768
CRD0031907,CARD0570,P00019,4814,388.96,IN,2026-08-06 17:45:25,POS1577
CRD0031918,CARD0570,P00122,8011,610.63,IN,2026-07-06 17:26:01,ONLINE
CRD0031927,CARD0570,P00311,5411,1209.29,IN,2026-07-26 18:21:23,POS7736
CRD0031936,CARD0571,P00061,5411,1096.9,IN,2026-08-26 12:02:00,POS6400
CRD0031939,CARD0571,P00158,5311,12031.8,IN,2026-07-03 13:36:02,POS2888
CRD0031941,CARD0571,P00302,7832,1055.08,IN,2026-09-13 19:17:56,ONLINE
CRD0031943,CARD0571,P00042,5311,1796.56,IN,2026-08-18 11:31:51,ONLINE
CRD0031945,CARD0571,P00042,5311,2002.27,IN,2026-09-01 20:02:46,ONLINE
CRD0031948,CARD0571,P00152,4900,7851.53,IN,2026-08-20 20:56:29,ONLINE
CRD0031957,CARD0571,P00370,5812,639.7,IN,2026-08-24 18:06:26,POS1989
CRD0031958,CARD0571,P00370,5812,708.18,IN,2026-07-08 10:13:53,POS6303
CRD0031960,CARD0571,P00095,5812,2040.43,IN,2026-08-08 13:34:41,ONLINE
CRD0031965,CARD0571,P00095,5812,467.91,IN,2026-07-14 15:51:03,ONLINE
CRD0031966,CARD0571,P00370,5812,2126.88,IN,2026-07-24 12:51:52,POS5206
CRD0031974,CARD0571,P00049,5411,1415.68,IN,2026-07-17 19:03:42,ONLINE
CRD0031984,CARD0572,P00313,5541,7023.92,IN,2026-08-12 12:21:56,POS6864
CRD0031985,CARD0572,P00283,5311,8233.16,IN,2026-08-11 14:07:38,ONLINE
CRD0031990,CARD0572,P00227,4814,1448.01,IN,2026-07-29 09:01:30,POS1755
CRD0031999,CARD0572,P00283,5311,8094.0,IN,2026-07-15 14:57:18,POS2913
CRD0032001,CARD0572,P00274,6012,1976.2,IN,2026-08-31 16:28:13,POS8518
CRD0032002,CARD0572,P00014,6012,7615.64,IN,2026-08-20 07:30:41,POS5572
CRD0032007,CARD0572,P00299,5411,12961.07,IN,2026-08-05 19:31:35,POS7303
CRD0032008,CARD0572,P00024,5411,4412.65,IN,2026-08-30 19:37:01,POS3452
CRD0032018,CARD0573,P00162,5411,1621.22,IN,2026-08-04 11:09:21,ONLINE
CRD0032026,CARD0573,P00400,8011,1171.33,IN,2026-07-31 12:04:24,ONLINE
CRD0032030,CARD0573,P00043,5311,4702.03,IN,2026-08-09 17:25:31,ONLINE
CRD0032031,CARD0573,P00081,5411,880.41,IN,2026-07-10 12:35:21,ONLINE
CRD0032033,CARD0573,P00101,5311,5229.85,IN,2026-07-24 23:03:15,POS6975
CRD0032041,CARD0573,P00162,5411,1424.86,IN,2026-09-09 15:39:45,POS1943
CRD0032054,CARD0573,P00134,5541,3499.77,IN,2026-07-24 21:38:39,POS9269
CRD0032061,CARD0573,P00149,5311,3606.21,IN,2026-08-25 08:43:54,ONLINE
CRD0032063,CARD0573,P00134,5541,2765.46,IN,2026-08-04 10:26:14,ONLINE
CRD0032075,CARD0574,P00116,6012,2961.2,IN,2026-09-02 10:15:43,ONLINE
CRD0032081,CARD0574,P00225,5411,1778.0,IN,2026-08-16 23:06:08,POS8234
CRD0032084,CARD0574,P00219,5411,1589.47,IN,2026-09-02 21:35:50,POS7073
CRD0032086,CARD0574,P00247,6012,2835.73,IN,2026-07-26 08:20:29,ONLINE
CRD0032091,CARD0574,P00258,5812,754.45,IN,2026-08-06 17:32:01,POS9449
CRD0032095,CARD0574,P00071,5411,1796.43,IN,2026-07-27 22:35:49,ONLINE
CRD0032099,CARD0574,P00013,5311,9055.74,IN,2026-08-07 11:03:16,ONLINE
CRD0032105,CARD0575,P00154,7832,1127.32,IN,2026-07-21 19:50:49,ONLINE
CRD0032110,CARD0575,P00109,8011,4644.42,IN,2026-07-14 18:53:16,ONLINE
CRD0032111,CARD0575,P00198,5411,1224.39,IN,2026-08-17 20:06:08,ONLINE
CRD0032115,CARD0575,P00068,5411,2320.12,IN,2026-08-26 09:03:01,ONLINE
CRD0032120,CARD0575,P00198,5411,526.32,IN,2026-07-29 12:36:36,ONLINE
CRD0032125,CARD0575,P00204,4900,3907.88,IN,2026-08-01 19:27:08,ONLINE
CRD0032127,CARD0575,P00067,8011,4967.31,IN,2026-08-15 11:48:27,ONLINE
CRD0032128,CARD0575,P00305,5812,527.55,IN,2026-07-24 15:56:29,POS6154
CRD0032130,CARD0575,P00067,8011,2541.1,IN,2026-08-04 13:31:46,POS1822
CRD0032131,CARD0575,P00067,8011,2324.0,IN,2026-08-08 16:52:07,ONLINE
CRD0032138,CARD0576,P00213,4900,3217.31,IN,2026-08-15 08:48:41,ONLINE
CRD0032141,CARD0576,P00332,5311,1283.96,IN,2026-07-27 10:05:26,POS8453
CRD0032144,CARD0576,P00213,4900,2273.3,IN,2026-08-25 16:29:58,POS9469
CRD0032146,CARD0576,P00337,6513,1048.16,IN,2026-07-15 13:54:18,POS6599
CRD0032147,CARD0576,P00337,6513,3768.61,IN,2026-09-12 18:29:56,ONLINE
CRD0032148,CARD0576,P00359,5411,977.85,IN,2026-08-24 02:14:36,POS4076
CRD0032154,CARD0576,P00271,5541,985.85,IN,2026-08-21 18:58:02,ONLINE
CRD0032155,CARD0576,P00337,6513,1309.85,IN,2026-08-06 12:09:06,ONLINE
CRD0032158,CARD0576,P00121,5812,206.98,IN,2026-09-02 08:23:11,ONLINE
CRD0032159,CARD0576,P00121,5812,362.83,IN,2026-07-11 11:12:38,POS6999
CRD0032161,CARD0576,P00010,5812,902.18,IN,2026-08-25 19:26:13,POS8673
CRD0032162,CARD0576,P00359,5411,496.92,IN,2026-09-04 14:10:12,POS5479
CRD0032164,CARD0576,P00213,4900,4195.53,IN,2026-08-26 10:56:46,POS1149
CRD0032168,CARD0576,P00359,5411,410.65,IN,2026-08-16 18:49:27,POS6927
CRD0032169,CARD0576,P00337,6513,2206.68,IN,2026-07-23 17:25:27,POS3578
CRD0032174,CARD0576,P00121,5812,376.47,IN,2026-08-10 23:52:44,POS5324
CRD0032175,CARD0576,P00337,6513,1218.12,IN,2026-08-05 21:35:26,ONLINE
CRD0032176,CARD0576,P00121,5812,395.55,IN,2026-07-07 16:17:32,POS7577
CRD0032178,CARD0576,P00010,5812,982.9,IN,2026-08-24 18:00:40,POS6136
CRD0032179,CARD0576,P00337,6513,2896.46,IN,2026-08-23 13:30:37,ONLINE
CRD0032187,CARD0577,P00133,4900,14571.88,IN,2026-07-06 14:03:47,ONLINE
CRD0032190,CARD0577,P00383,5812,3114.29,IN,2026-08-05 20:24:20,POS6416
CRD0032191,CARD0577,P00344,5411,2084.64,IN,2026-08-24 19:54:50,ONLINE
CRD0032193,CARD0577,P00230,5812,394.71,IN,2026-09-08 19:53:44,ONLINE
CRD0032196,CARD0577,P00135,6012,2807.04,IN,2026-07-12 18:31:36,POS2395
CRD0032198,CARD0577,P00130,5411,9099.64,IN,2026-08-13 14:19:43,POS2509
CRD0032200,CARD0577,P00383,5812,1934.56,IN,2026-09-12 15:29:16,ONLINE
CRD0032209,CARD0577,P00355,4814,1199.72,IN,2026-07-31 08:02:46,ONLINE
CRD0032212,CARD0577,P00344,5411,2328.76,IN,2026-08-08 19:53:19,POS8140
CRD0032213,CARD0577,P00160,4722,5353.96,IN,2026-09-01 19:14:49,POS4330
CRD0032214,CARD0577,P00094,6012,4758.66,IN,2026-08-26 07:33:48,POS7221
CRD0032215,CARD0577,P00133,4900,6049.51,IN,2026-07-02 06:36:37,POS7737
CRD0032216,CARD0577,P00160,4722,28556.04,IN,2026-07-31 16:44:48,POS9471
CRD0032220,CARD0577,P00355,4814,1983.34,IN,2026-08-26 13:57:41,ONLINE
CRD0032226,CARD0577,P00045,5311,9822.77,IN,2026-09-01 18:34:26,ONLINE
CRD0032227,CARD0577,P00135,6012,5755.59,IN,2026-07-21 13:40:04,ONLINE
CRD0032229,CARD0577,P00133,4900,7000.14,IN,2026-09-08 09:57:41,POS9063
CRD0032236,CARD0577,P00130,5411,1721.82,IN,2026-08-04 21:50:50,POS1666
CRD0032237,CARD0577,P00135,6012,5121.61,IN,2026-08-28 18:23:28,ONLINE
CRD0032243,CARD0577,P00094,6012,2573.57,IN,2026-08-04 12:42:59,ONLINE
CRD0032244,CARD0577,P00160,4722,13108.65,IN,2026-07-12 19:40:46,POS5027
CRD0032245,CARD0577,P00130,5411,4570.04,IN,2026-07-28 20:35:18,ONLINE
CRD0032247,CARD0577,P00045,5311,4058.5,IN,2026-08-26 20:46:22,ONLINE
CRD0032249,CARD0577,P00383,5812,5273.01,IN,2026-07-23 13:31:02,POS5306
CRD0032252,CARD0577,P00355,4814,4034.75,IN,2026-08-27 21:11:56,POS9975
CRD0032253,CARD0577,P00045,5311,8989.82,IN,2026-07-03 09:27:50,ONLINE
CRD0032254,CARD0577,P00045,5311,4657.7,IN,2026-08-07 13:13:25,ONLINE
CRD0032265,CARD0578,P00199,5812,199.23,IN,2026-07-29 10:15:20,POS5846
CRD0032268,CARD0578,P00310,5411,530.03,IN,2026-07-20 09:38:26,POS7823
CRD0032276,CARD0578,P00011,6012,800.01,IN,2026-09-05 05:08:02,ONLINE
CRD0032277,CARD0578,P00016,5411,469.18,IN,2026-09-04 20:12:03,POS1892
CRD0032280,CARD0578,P00162,5411,785.49,IN,2026-09-06 18:39:36,ONLINE
CRD0032287,CARD0578,P00310,5411,1455.79,IN,2026-07-21 17:28:37,POS5573
CRD0032288,CARD0578,P00137,7832,420.05,IN,2026-07-02 14:35:31,POS1744
CRD0032290,CARD0578,P00016,5411,510.14,IN,2026-08-15 08:12:17,ONLINE
CRD0032295,CARD0578,P00016,5411,1540.77,IN,2026-09-09 19:19:33,POS8027
CRD0032299,CARD0578,P00016,5411,592.31,IN,2026-09-04 14:15:48,ONLINE
CRD0032300,CARD0578,P00310,5411,242.82,IN,2026-09-07 13:26:10,ONLINE
CRD0032301,CARD0578,P00256,4900,1362.13,IN,2026-07-02 19:14:26,ONLINE
CRD0032304,CARD0578,P00137,7832,767.52,IN,2026-07-06 07:18:33,POS3628
CRD0032309,CARD0578,P00256,4900,3312.15,IN,2026-07-22 17:57:05,POS3436
CRD0032311,CARD0578,P00375,5812,305.13,IN,2026-07-06 15:36:09,ONLINE
CRD0032317,CARD0578,P00375,5812,221.81,IN,2026-07-06 09:38:57,POS6911
CRD0032318,CARD0578,P00310,5411,1219.69,IN,2026-07-31 08:48:33,POS1244
CRD0032319,CARD0578,P00070,7832,549.18,IN,2026-08-09 17:13:19,POS7922
CRD0032327,CARD0579,P00240,6012,2761.94,IN,2026-09-08 12:48:10,ONLINE
CRD0032328,CARD0579,P00117,5411,2122.46,IN,2026-08-07 09:55:34,ONLINE
CRD0032340,CARD0579,P00240,6012,2775.57,IN,2026-08-23 17:59:49,POS5404
CRD0032352,CARD0579,P00358,6513,7504.87,IN,2026-09-04 22:06:53,ONLINE
CRD0032354,CARD0579,P00240,6012,2001.54,IN,2026-07-05 08:19:51,POS8798
CRD0032356,CARD0579,P00312,5411,1295.92,IN,2026-09-10 11:23:48,POS6746
CRD0032358,CARD0579,P00240,6012,2052.61,IN,2026-07-13 08:43:10,POS7251
CRD0032361,CARD0579,P00319,6012,2623.5,IN,2026-09-12 15:06:33,ONLINE
CRD0032364,CARD0579,P00020,7832,1114.93,IN,2026-07-19 10:23:02,POS3401
CRD0032367,CARD0579,P00117,5411,962.27,IN,2026-09-06 18:17:38,POS7439
CRD0032370,CARD0579,P00312,5411,639.83,IN,2026-08-12 10:19:25,POS7542
CRD0032371,CARD0579,P00319,6012,1388.04,IN,2026-09-01 20:51:49,POS5435
CRD0032375,CARD0579,P00319,6012,1629.16,IN,2026-08-28 08:44:41,ONLINE
CRD0032382,CARD0579,P00117,5411,1477.75,IN,2026-07-19 16:51:42,ONLINE
CRD0032385,CARD0579,P00175,5311,3221.29,IN,2026-07-04 19:51:24,POS4625
CRD0032387,CARD0579,P00362,5411,768.31,IN,2026-08-02 15:54:52,POS4745
CRD0032389,CARD0579,P00358,6513,2784.7,IN,2026-07-20 22:11:26,ONLINE
CRD0032398,CARD0580,P00354,7832,5206.45,IN,2026-08-19 11:37:05,POS3120
CRD0032399,CARD0580,P00209,5411,2795.18,IN,2026-07-04 21:26:52,POS5759
CRD0032404,CARD0580,P00041,4722,9692.31,IN,2026-09-03 14:03:11,ONLINE
CRD0032405,CARD0580,P00254,6012,3069.11,IN,2026-07-12 16:38:13,POS9961
CRD0032406,CARD0580,P00211,7832,2662.38,IN,2026-08-09 15:15:13,POS6483
CRD0032407,CARD0580,P00220,8011,2604.25,IN,2026-07-02 15:39:08,ONLINE
CRD0032418,CARD0580,P00220,8011,9482.86,IN,2026-07-20 13:11:37,ONLINE
CRD0032423,CARD0580,P00241,5411,7924.93,IN,2026-09-08 14:39:59,POS4487
CRD0032426,CARD0580,P00311,5411,4250.52,IN,2026-08-19 02:50:04,POS2221
CRD0032430,CARD0580,P00254,6012,4337.75,IN,2026-08-06 07:28:17,POS8403
CRD0032431,CARD0580,P00360,5541,1979.99,IN,2026-08-21 09:17:45,ONLINE
CRD0032434,CARD0580,P00302,7832,2995.16,IN,2026-08-03 15:18:25,POS1344
CRD0032440,CARD0580,P00360,5541,3926.73,IN,2026-08-19 17:19:14,POS2248
CRD0032443,CARD0580,P00302,7832,1440.74,IN,2026-09-07 16:06:49,POS8642
CRD0032444,CARD0580,P00276,7832,6737.02,IN,2026-09-09 11:45:06,ONLINE
CRD0032445,CARD0580,P00220,8011,8397.14,IN,2026-09-07 14:58:29,ONLINE
CRD0032446,CARD0580,P00302,7832,1008.93,IN,2026-09-07 08:45:13,ONLINE
CRD0032453,CARD0580,P00220,8011,3801.14,IN,2026-07-17 10:20:10,ONLINE
CRD0032459,CARD0580,P00186,4900,5625.33,IN,2026-09-02 12:00:13,ONLINE
CRD0032464,CARD0581,P00184,5812,4039.87,IN,2026-09-10 17:38:03,POS5471
CRD0032479,CARD0581,P00304,5541,4691.2,IN,2026-07-18 08:53:41,POS7937
CRD0032484,CARD0581,P00373,6012,3682.6,IN,2026-08-02 10:59:07,POS2698
CRD0032486,CARD0581,P00033,6513,13370.72,IN,2026-08-06 08:06:12,ONLINE
CRD0032488,CARD0581,P00217,5812,1925.76,IN,2026-07-22 10:00:42,ONLINE
CRD0032490,CARD0581,P00324,5311,8082.14,IN,2026-07-22 11:20:53,POS9937
CRD0032491,CARD0581,P00117,5411,5626.44,IN,2026-09-02 19:33:29,ONLINE
CRD0032495,CARD0581,P00193,5311,2885.11,IN,2026-07-20 19:19:10,POS3274
CRD0032500,CARD0581,P00333,5812,572.0,IN,2026-09-10 10:16:40,POS9496
CRD0032511,CARD0582,P00332,5311,3609.0,IN,2026-08-16 20:20:50,ONLINE
CRD0032513,CARD0582,P00079,5541,1722.39,IN,2026-07-16 18:26:47,ONLINE
CRD0032517,CARD0582,P00321,5812,1346.49,IN,2026-08-12 08:21:48,POS9557
CRD0032518,CARD0582,P00364,5411,660.43,IN,2026-08-17 20:52:20,POS8219
CRD0032519,CARD0582,P00292,5541,1737.12,IN,2026-07-23 21:13:34,ONLINE
CRD0032526,CARD0582,P00172,5541,1582.97,IN,2026-08-18 12:21:45,ONLINE
CRD0032533,CARD0582,P00400,8011,3561.67,IN,2026-07-17 23:40:21,POS2370
CRD0032535,CARD0582,P00024,5411,1059.74,IN,2026-09-13 21:04:50,ONLINE
CRD0032542,CARD0582,P00364,5411,1708.57,IN,2026-07-01 08:00:07,ONLINE
CRD0032552,CARD0582,P00172,5541,1213.35,IN,2026-08-03 16:35:14,POS5337
CRD0032568,CARD0582,P00321,5812,1203.34,IN,2026-08-07 17:10:01,POS2648
CRD0032575,CARD0582,P00400,8011,1159.66,IN,2026-08-29 20:36:25,POS5314
CRD0032586,CARD0582,P00061,5411,973.96,IN,2026-07-25 14:14:33,POS6239
CRD0032587,CARD0582,P00024,5411,1650.75,IN,2026-07-03 18:13:06,ONLINE
CRD0032588,CARD0582,P00292,5541,410.12,IN,2026-07-16 20:07:42,POS8206
CRD0032589,CARD0582,P00079,5541,627.07,IN,2026-09-09 18:05:31,ONLINE
CRD0032590,CARD0582,P00292,5541,911.23,IN,2026-09-11 08:54:28,POS7909
CRD0032597,CARD0583,P00387,4722,2425.78,IN,2026-08-18 00:52:21,POS6090
CRD0032598,CARD0583,P00368,4814,824.83,IN,2026-08-23 23:54:02,ONLINE
CRD0032603,CARD0583,P00032,5812,806.89,IN,2026-09-04 18:53:34,POS6032
CRD0032610,CARD0583,P00236,5411,2362.43,IN,2026-08-31 15:43:34,ONLINE
CRD0032613,CARD0583,P00236,5411,1981.13,IN,2026-07-22 12:41:29,POS7593
CRD0032619,CARD0583,P00198,5411,2461.17,IN,2026-07-10 18:27:30,ONLINE
CRD0032623,CARD0583,P00061,5411,787.37,IN,2026-07-20 13:09:40,POS7553
CRD0032628,CARD0583,P00387,4722,6204.39,IN,2026-08-31 20:43:56,POS9243
CRD0032633,CARD0584,P00312,5411,1843.67,IN,2026-08-17 14:42:23,ONLINE
CRD0032637,CARD0584,P00249,4814,286.7,IN,2026-08-02 06:38:04,POS8009
CRD0032643,CARD0584,P00249,4814,1112.76,IN,2026-07-28 17:57:09,ONLINE
CRD0032646,CARD0584,P00035,7832,775.23,IN,2026-07-07 11:17:38,POS2292
CRD0032650,CARD0584,P00035,7832,866.79,IN,2026-08-22 12:58:58,ONLINE
CRD0032660,CARD0584,P00312,5411,2743.09,IN,2026-08-10 19:53:52,POS2125
CRD0032661,CARD0584,P00205,6012,3188.69,IN,2026-08-24 11:47:49,POS8358
CRD0032662,CARD0584,P00205,6012,1116.17,IN,2026-09-11 23:19:23,ONLINE
CRD0032667,CARD0584,P00035,7832,324.69,IN,2026-08-09 20:36:24,POS6499
CRD0032675,CARD0584,P00130,5411,4114.19,IN,2026-07-18 15:53:14,ONLINE
CRD0032676,CARD0584,P00368,4814,712.41,IN,2026-08-06 00:19:04,ONLINE
CRD0032677,CARD0584,P00239,5411,1437.57,IN,2026-09-02 09:54:28,ONLINE
CRD0032678,CARD0584,P00092,5411,3418.52,IN,2026-09-11 09:21:18,ONLINE
CRD0032685,CARD0584,P00239,5411,869.72,IN,2026-07-15 21:27:29,ONLINE
CRD0032688,CARD0584,P00130,5411,2239.56,IN,2026-08-02 09:48:19,POS4277
CRD0032689,CARD0584,P00249,4814,666.42,IN,2026-07-16 16:49:56,ONLINE
CRD0032690,CARD0584,P00070,7832,1034.47,IN,2026-07-22 13:16:33,POS2875
CRD0032696,CARD0585,P00168,5411,1084.78,IN,2026-07-25 14:42:27,ONLINE
CRD0032699,CARD0585,P00100,8011,5294.16,IN,2026-09-11 17:47:08,ONLINE
CRD0032706,CARD0585,P00389,5812,579.41,IN,2026-07-06 18:17:56,POS1009
CRD0032708,CARD0585,P00243,6012,1376.05,IN,2026-09-11 12:02:35,ONLINE
CRD0032709,CARD0585,P00168,5411,3822.2,IN,2026-08-04 10:10:24,POS8656
CRD0032718,CARD0585,P00100,8011,1471.92,IN,2026-08-23 11:42:50,ONLINE
CRD0032724,CARD0586,P00080,5812,2972.27,IN,2026-07-13 10:33:36,POS4021
CRD0032726,CARD0586,P00260,5311,4223.33,IN,2026-08-19 13:55:57,POS1526
CRD0032728,CARD0586,P00113,6513,4405.12,IN,2026-07-19 19:29:32,ONLINE
CRD0032730,CARD0586,P00186,4900,4294.95,IN,2026-08-06 19:06:17,POS1154
CRD0032736,CARD0586,P00307,5311,2077.34,IN,2026-07-18 19:10:16,ONLINE
CRD0032737,CARD0586,P00235,4722,6423.59,IN,2026-08-16 09:11:56,ONLINE
CRD0032739,CARD0586,P00260,5311,1031.71,IN,2026-07-27 11:29:25,ONLINE
CRD0032745,CARD0586,P00260,5311,1691.49,IN,2026-07-31 09:02:31,POS4671
CRD0032746,CARD0586,P00216,7832,188.58,IN,2026-09-02 19:13:57,ONLINE
CRD0032748,CARD0586,P00078,7832,584.69,IN,2026-08-18 14:48:59,ONLINE
CRD0032756,CARD0586,P00262,5812,225.48,IN,2026-09-11 12:21:33,POS6046
CRD0032758,CARD0586,P00235,4722,5945.35,IN,2026-08-31 19:11:10,ONLINE
CRD0032760,CARD0586,P00113,6513,3984.37,IN,2026-07-07 12:26:53,ONLINE
CRD0032762,CARD0586,P00216,7832,254.98,IN,2026-08-23 19:27:29,ONLINE
CRD0032767,CARD0586,P00260,5311,2992.46,IN,2026-08-16 09:26:21,POS8585
CRD0032777,CARD0587,P00231,4814,853.94,IN,2026-09-06 15:43:54,ONLINE
CRD0032786,CARD0587,P00040,5411,1356.45,IN,2026-07-25 14:18:59,POS9958
CRD0032787,CARD0587,P00231,4814,1781.37,IN,2026-07-20 17:47:20,ONLINE
CRD0032790,CARD0587,P00114,4814,1111.68,IN,2026-09-07 20:25:01,ONLINE
CRD0032791,CARD0587,P00124,4814,2348.53,IN,2026-08-22 09:02:15,ONLINE
CRD0032796,CARD0587,P00002,6012,4634.72,IN,2026-07-12 08:05:01,POS6229
CRD0032802,CARD0587,P00268,5541,7510.97,IN,2026-08-28 16:24:44,POS4370
CRD0032805,CARD0587,P00017,5411,5978.7,IN,2026-07-12 19:02:15,ONLINE
CRD0032808,CARD0587,P00237,7832,1942.17,IN,2026-08-15 19:05:40,POS5098
CRD0032813,CARD0587,P00040,5411,3518.19,IN,2026-07-23 21:36:48,POS1411
CRD0032815,CARD0587,P00093,5812,1114.98,IN,2026-07-07 11:25:32,POS1485
CRD0032817,CARD0587,P00093,5812,847.05,IN,2026-08-11 15:51:21,ONLINE
CRD0032818,CARD0587,P00093,5812,2188.47,IN,2026-08-19 20:07:41,ONLINE
CRD0032828,CARD0588,P00164,6513,11367.21,IN,2026-08-30 14:47:53,ONLINE
CRD0032838,CARD0588,P00389,5812,687.55,IN,2026-08-26 17:41:25,ONLINE
CRD0032846,CARD0588,P00217,5812,866.39,IN,2026-07-22 23:05:48,ONLINE
CRD0032862,CARD0588,P00317,5812,2261.87,IN,2026-07-31 01:37:55,ONLINE
CRD0032863,CARD0588,P00336,5812,1726.73,IN,2026-07-24 18:25:56,POS4588
CRD0032876,CARD0589,P00248,4900,4114.05,IN,2026-08-30 16:36:41,POS4517
CRD0032878,CARD0589,P00080,5812,697.85,IN,2026-09-03 09:58:34,POS9948
CRD0032879,CARD0589,P00270,4722,1750.95,IN,2026-09-11 04:34:57,POS8114
CRD0032881,CARD0589,P00080,5812,490.2,IN,2026-07-06 14:24:49,ONLINE
CRD0032887,CARD0589,P00213,4900,1793.99,IN,2026-08-03 18:29:37,ONLINE
CRD0032892,CARD0589,P00132,4900,3267.01,IN,2026-07-08 08:42:06,POS4848
CRD0032898,CARD0589,P00395,5311,2705.12,IN,2026-08-08 14:09:01,POS8467
CRD0032901,CARD0589,P00138,5411,469.17,IN,2026-08-31 10:32:25,POS3901
CRD0032905,CARD0589,P00224,5812,573.67,IN,2026-09-02 01:03:19,ONLINE
CRD0032908,CARD0589,P00372,4814,311.19,IN,2026-09-01 11:24:58,POS2442
CRD0032910,CARD0589,P00376,5812,360.96,IN,2026-08-21 15:10:50,POS7044
CRD0032916,CARD0589,P00284,6012,1679.45,IN,2026-09-01 11:38:42,ONLINE
CRD0032917,CARD0589,P00213,4900,1268.86,IN,2026-08-09 18:03:28,POS8392
CRD0032922,CARD0590,P00320,4900,1819.55,IN,2026-07-29 11:21:35,POS5020
CRD0032925,CARD0590,P00168,5411,1114.81,IN,2026-07-07 17:00:41,ONLINE
CRD0032927,CARD0590,P00178,8011,2470.1,IN,2026-08-04 18:18:28,POS3452
CRD0032934,CARD0590,P00072,5812,470.19,IN,2026-08-19 11:52:08,ONLINE
CRD0032938,CARD0590,P00278,5541,2720.54,IN,2026-08-26 19:09:15,ONLINE
CRD0032947,CARD0590,P00083,5311,10985.24,IN,2026-07-26 17:08:20,ONLINE
CRD0032948,CARD0590,P00178,8011,1703.69,IN,2026-08-07 17:29:01,ONLINE
CRD0032954,CARD0590,P00172,5541,1739.02,IN,2026-07-07 10:43:12,POS9113
CRD0032956,CARD0590,P00083,5311,3358.04,IN,2026-08-16 11:28:25,POS6296
CRD0032961,CARD0590,P00168,5411,678.03,IN,2026-07-23 08:38:07,ONLINE
CRD0032962,CARD0590,P00280,6012,1147.06,IN,2026-07-22 11:35:38,ONLINE
CRD0032964,CARD0590,P00046,6012,1512.81,IN,2026-08-10 17:15:27,ONLINE
CRD0032966,CARD0590,P00083,5311,729.28,IN,2026-08-30 20:47:15,POS1484
CRD0032967,CARD0590,P00297,8011,2138.5,IN,2026-07-06 08:23:21,ONLINE
CRD0032970,CARD0590,P00108,5311,4145.4,IN,2026-07-04 23:23:08,POS3154
CRD0032975,CARD0590,P00168,5411,2189.82,IN,2026-08-12 18:59:44,POS2391
CRD0032979,CARD0590,P00083,5311,1136.37,IN,2026-07-10 19:53:08,POS7504
CRD0032981,CARD0590,P00178,8011,1978.24,IN,2026-08-01 16:03:43,POS1507
CRD0032983,CARD0590,P00297,8011,2064.7,IN,2026-08-31 18:50:39,ONLINE
CRD0032986,CARD0590,P00178,8011,3594.18,IN,2026-09-08 16:41:41,ONLINE
CRD0032988,CARD0590,P00262,5812,1176.85,IN,2026-09-12 09:54:10,ONLINE
CRD0032994,CARD0591,P00237,7832,1484.6,IN,2026-07-20 21:22:06,ONLINE
CRD0032995,CARD0591,P00154,7832,1150.67,IN,2026-07-12 18:54:34,ONLINE
CRD0032998,CARD0591,P00193,5311,4622.42,IN,2026-07-20 16:32:06,ONLINE
CRD0032999,CARD0591,P00110,7832,3023.97,IN,2026-08-31 21:00:28,POS7996
CRD0033003,CARD0591,P00026,6012,5771.04,IN,2026-07-25 15:50:34,ONLINE
CRD0033015,CARD0591,P00146,5411,1998.99,IN,2026-08-26 23:38:20,ONLINE
CRD0033025,CARD0591,P00164,6513,6909.94,IN,2026-08-23 18:22:25,POS5701
CRD0033029,CARD0591,P00170,6012,3708.51,IN,2026-08-02 09:26:35,POS7157
CRD0033031,CARD0591,P00237,7832,1603.9,IN,2026-08-20 09:46:35,POS5824
CRD0033032,CARD0591,P00193,5311,2798.5,IN,2026-07-02 13:08:23,ONLINE
CRD0033033,CARD0591,P00193,5311,3595.64,IN,2026-08-16 21:39:22,ONLINE
CRD0033034,CARD0591,P00030,8011,818.49,IN,2026-07-24 14:55:11,POS8015
CRD0033038,CARD0591,P00193,5311,2334.63,IN,2026-07-06 17:00:45,ONLINE
CRD0033045,CARD0592,P00110,7832,439.33,IN,2026-08-31 21:11:21,ONLINE
CRD0033046,CARD0592,P00110,7832,873.87,IN,2026-08-06 15:04:20,POS6558
CRD0033050,CARD0592,P00369,5411,895.08,IN,2026-07-15 20:08:36,ONLINE
CRD0033052,CARD0592,P00107,4900,924.21,IN,2026-08-22 20:34:38,ONLINE
CRD0033054,CARD0592,P00230,5812,1287.43,IN,2026-07-28 22:35:40,ONLINE
CRD0033057,CARD0592,P00270,4722,6171.21,IN,2026-08-04 16:42:23,POS9896
CRD0033058,CARD0592,P00188,5812,516.61,IN,2026-07-29 21:31:19,ONLINE
CRD0033060,CARD0592,P00246,5411,2171.33,IN,2026-08-21 20:52:32,ONLINE
CRD0033068,CARD0592,P00132,4900,11102.23,IN,2026-08-25 12:50:52,ONLINE
CRD0033079,CARD0592,P00110,7832,1027.23,IN,2026-07-25 19:23:06,POS6794
CRD0033085,CARD0593,P00245,5311,2459.82,IN,2026-07-05 11:32:27,ONLINE
CRD0033086,CARD0593,P00175,5311,2290.79,IN,2026-08-28 13:05:45,POS5094
CRD0033087,CARD0593,P00361,5411,1579.45,IN,2026-09-03 16:07:56,POS5784
CRD0033095,CARD0593,P00190,4814,1709.4,IN,2026-09-02 19:06:18,ONLINE
CRD0033098,CARD0593,P00034,5812,1358.77,IN,2026-09-05 21:55:29,ONLINE
CRD0033109,CARD0593,P00361,5411,2237.98,IN,2026-08-13 16:09:42,POS4554
CRD0033119,CARD0593,P00114,4814,2023.67,IN,2026-08-13 18:14:13,ONLINE
CRD0033122,CARD0593,P00167,5812,797.17,IN,2026-07-25 13:54:15,POS4168
CRD0033124,CARD0593,P00114,4814,358.84,IN,2026-08-17 20:13:29,ONLINE
CRD0033126,CARD0593,P00398,5541,1688.09,IN,2026-07-17 20:43:06,POS6699
CRD0033131,CARD0594,P00059,6012,1749.14,IN,2026-09-10 13:55:07,POS1114
CRD0033140,CARD0594,P00124,4814,495.53,IN,2026-07-31 10:04:59,POS2947
CRD0033142,CARD0594,P00013,5311,2320.64,IN,2026-08-14 17:28:33,POS4159
CRD0033145,CARD0594,P00138,5411,724.78,IN,2026-09-03 09:37:31,POS5851
CRD0033150,CARD0594,P00250,4814,1047.76,IN,2026-07-31 16:34:51,ONLINE
CRD0033153,CARD0594,P00386,6012,700.57,IN,2026-08-10 01:49:46,ONLINE
CRD0033165,CARD0594,P00250,4814,565.93,IN,2026-09-09 12:38:14,POS4849
CRD0033167,CARD0594,P00310,5411,734.92,IN,2026-08-18 17:54:10,ONLINE
CRD0033170,CARD0594,P00310,5411,1062.48,IN,2026-08-09 11:30:22,POS8749
CRD0033171,CARD0594,P00234,6012,821.72,IN,2026-08-28 06:16:21,POS6504
CRD0033174,CARD0594,P00049,5411,715.96,IN,2026-07-28 08:45:39,ONLINE
CRD0033175,CARD0594,P00039,5311,2424.42,IN,2026-07-21 11:14:38,POS7168
CRD0033182,CARD0594,P00272,5812,1076.03,IN,2026-07-18 12:00:23,POS4805
CRD0033192,CARD0594,P00078,7832,697.61,IN,2026-08-06 21:55:24,ONLINE
CRD0033194,CARD0594,P00124,4814,300.81,IN,2026-07-20 02:34:50,ONLINE
CRD0033196,CARD0594,P00250,4814,660.87,IN,2026-08-26 17:39:04,POS6313
CRD0033203,CARD0595,P00325,4722,12636.03,IN,2026-08-10 20:46:03,ONLINE
CRD0033207,CARD0595,P00048,5812,1255.08,IN,2026-08-15 09:22:18,ONLINE
CRD0033216,CARD0595,P00252,5411,1014.15,IN,2026-08-19 16:46:13,ONLINE
CRD0033218,CARD0595,P00049,5411,597.02,IN,2026-08-06 14:26:25,ONLINE
CRD0033221,CARD0595,P00136,5812,1172.67,IN,2026-07-14 10:10:30,ONLINE
CRD0033222,CARD0595,P00136,5812,376.92,IN,2026-08-19 12:39:22,POS9783
CRD0033234,CARD0596,P00230,5812,104.73,IN,2026-07-28 17:57:27,POS6525
CRD0033242,CARD0596,P00384,6513,6250.42,IN,2026-08-09 12:17:56,ONLINE
CRD0033246,CARD0596,P00003,4814,252.46,IN,2026-09-06 13:49:53,ONLINE
CRD0033248,CARD0596,P00175,5311,1473.24,IN,2026-07-17 19:35:57,POS3247
CRD0033249,CARD0596,P00384,6513,2866.12,IN,2026-08-29 12:30:14,POS1328
CRD0033252,CARD0596,P00106,5411,1790.78,IN,2026-07-01 07:35:03,POS4375
CRD0033253,CARD0596,P00340,4900,2871.17,IN,2026-08-02 09:27:54,ONLINE
CRD0033254,CARD0596,P00384,6513,4012.2,IN,2026-07-06 21:16:36,POS8477
CRD0033256,CARD0596,P00003,4814,485.89,IN,2026-07-03 19:50:59,POS9176
CRD0033261,CARD0596,P00230,5812,314.73,IN,2026-08-27 14:32:33,POS3559
CRD0033262,CARD0596,P00340,4900,2965.19,IN,2026-08-08 14:21:38,POS4602
CRD0033265,CARD0596,P00021,4900,2481.3,IN,2026-09-05 07:58:48,ONLINE
CRD0033269,CARD0596,P00349,5812,263.64,IN,2026-07-26 10:28:11,ONLINE
CRD0033274,CARD0596,P00237,7832,829.13,IN,2026-09-09 16:51:29,ONLINE
CRD0033290,CARD0597,P00063,5812,409.18,IN,2026-07-06 20:23:01,POS4996
CRD0033291,CARD0597,P00247,6012,662.83,IN,2026-09-11 16:28:47,ONLINE
CRD0033298,CARD0597,P00174,5812,485.55,IN,2026-09-12 10:42:07,POS5489
CRD0033299,CARD0597,P00063,5812,375.59,IN,2026-08-17 08:42:16,ONLINE
CRD0033301,CARD0597,P00385,6012,653.19,IN,2026-07-14 20:26:52,POS1280
CRD0033303,CARD0597,P00060,7832,766.95,IN,2026-08-03 07:22:49,POS7097
CRD0033304,CARD0597,P00368,4814,510.65,IN,2026-07-31 14:51:07,ONLINE
CRD0033309,CARD0597,P00229,5411,318.72,IN,2026-08-21 09:30:53,POS5875
CRD0033311,CARD0597,P00257,6012,968.69,IN,2026-08-01 21:41:56,ONLINE
CRD0033317,CARD0597,P00050,5311,2522.1,IN,2026-08-14 09:38:57,POS7402
CRD0033321,CARD0597,P00385,6012,8801.45,IN,2026-09-07 11:37:40,ONLINE
CRD0033323,CARD0597,P00385,6012,2175.04,IN,2026-09-01 21:34:28,POS6559
CRD0033327,CARD0597,P00174,5812,1659.59,IN,2026-08-20 10:13:03,ONLINE
CRD0033330,CARD0597,P00063,5812,847.15,IN,2026-07-30 08:29:19,ONLINE
CRD0033331,CARD0597,P00160,4722,2086.04,IN,2026-08-04 10:17:20,ONLINE
CRD0033337,CARD0597,P00050,5311,1324.14,IN,2026-07-27 19:23:53,ONLINE
CRD0033343,CARD0597,P00063,5812,484.67,IN,2026-08-18 21:36:16,POS5703
CRD0033358,CARD0598,P00086,4900,2966.08,IN,2026-08-25 09:48:41,ONLINE
CRD0033363,CARD0598,P00349,5812,1676.55,IN,2026-08-11 01:17:59,ONLINE
CRD0033366,CARD0598,P00200,5411,1682.24,IN,2026-07-30 15:16:13,POS3494
CRD0033377,CARD0599,P00383,5812,818.02,IN,2026-07-15 10:34:45,ONLINE
CRD0033379,CARD0599,P00214,6012,1522.16,IN,2026-07-26 17:54:31,ONLINE
CRD0033389,CARD0599,P00307,5311,3760.62,IN,2026-09-01 10:53:39,POS8350
CRD0033390,CARD0599,P00166,5411,3086.88,IN,2026-07-05 21:44:52,POS4112
CRD0033391,CARD0599,P00168,5411,3642.42,IN,2026-08-15 09:42:46,ONLINE
CRD0033394,CARD0599,P00255,5311,4351.86,IN,2026-08-15 13:37:46,POS8741
CRD0033396,CARD0599,P00142,6012,3871.82,IN,2026-07-06 01:19:24,POS5162
CRD0033397,CARD0599,P00397,5311,4257.47,IN,2026-08-21 21:53:23,POS1994
CRD0033408,CARD0600,P00053,5411,292.42,IN,2026-08-15 18:33:37,ONLINE
CRD0033410,CARD0600,P00233,5411,955.07,IN,2026-07-09 11:26:50,POS1970
CRD0033413,CARD0600,P00263,5311,4741.39,IN,2026-07-04 17:54:14,POS3976
CRD0033414,CARD0600,P00147,8011,1583.24,IN,2026-07-22 15:23:18,POS7608
CRD0033415,CARD0600,P00277,6012,2717.58,IN,2026-08-23 07:11:50,POS3986
CRD0033420,CARD0600,P00078,7832,486.41,IN,2026-08-27 22:19:13,ONLINE
CRD0033424,CARD0600,P00290,5812,341.91,IN,2026-07-02 09:19:13,POS1425
CRD0033427,CARD0600,P00290,5812,834.29,IN,2026-08-25 20:35:38,ONLINE
CRD0033434,CARD0600,P00290,5812,235.61,IN,2026-08-20 09:00:19,ONLINE
CRD0033439,CARD0600,P00081,5411,1316.99,IN,2026-08-31 15:29:59,ONLINE
CRD0033450,CARD0601,P00094,6012,1218.9,IN,2026-08-02 17:12:27,ONLINE
CRD0033451,CARD0601,P00364,5411,913.04,IN,2026-07-07 09:02:18,POS4299
CRD0033454,CARD0601,P00250,4814,469.73,IN,2026-07-01 12:44:25,POS1094
CRD0033461,CARD0601,P00325,4722,3087.97,IN,2026-07-07 13:28:22,ONLINE
CRD0033462,CARD0601,P00260,5311,1010.37,IN,2026-09-06 15:14:59,POS3244
CRD0033463,CARD0601,P00266,5541,741.04,IN,2026-07-31 19:43:15,ONLINE
CRD0033469,CARD0601,P00021,4900,3721.03,IN,2026-08-28 16:08:52,POS3831
CRD0033470,CARD0601,P00364,5411,851.17,IN,2026-08-12 11:00:48,POS2206
CRD0033477,CARD0602,P00291,5812,552.74,IN,2026-07-22 18:58:54,POS8660
CRD0033485,CARD0602,P00241,5411,1439.13,IN,2026-07-24 18:20:50,POS4828
CRD0033506,CARD0603,P00274,6012,3463.43,IN,2026-08-26 19:10:45,ONLINE
CRD0033511,CARD0603,P00104,5541,3173.15,IN,2026-08-18 09:28:17,ONLINE
CRD0033513,CARD0603,P00324,5311,6629.93,IN,2026-08-13 20:13:02,POS8458
CRD0033515,CARD0603,P00285,4900,6161.88,IN,2026-08-17 12:13:19,POS3484
CRD0033525,CARD0603,P00134,5541,7099.21,IN,2026-09-05 08:09:53,POS8141
CRD0033530,CARD0603,P00274,6012,2225.57,IN,2026-09-06 20:35:58,ONLINE
CRD0033547,CARD0604,P00396,5411,690.31,IN,2026-09-07 19:14:11,POS8697
CRD0033548,CARD0604,P00035,7832,280.0,IN,2026-07-15 19:23:16,ONLINE
CRD0033550,CARD0604,P00068,5411,671.44,IN,2026-07-17 19:55:05,ONLINE
CRD0033552,CARD0604,P00255,5311,999.04,IN,2026-07-01 11:36:49,POS2289
CRD0033555,CARD0604,P00050,5311,981.38,IN,2026-07-26 19:11:01,ONLINE
CRD0033556,CARD0604,P00100,8011,734.77,IN,2026-08-23 20:39:56,ONLINE
CRD0033561,CARD0604,P00047,6012,571.84,IN,2026-07-19 07:26:50,POS7722
CRD0033564,CARD0604,P00047,6012,622.71,IN,2026-07-12 12:37:25,POS9910
CRD0033566,CARD0604,P00050,5311,2152.45,IN,2026-08-04 16:55:02,POS2592
CRD0033570,CARD0604,P00047,6012,628.13,IN,2026-07-20 17:53:48,POS8398
CRD0033571,CARD0604,P00255,5311,1171.32,IN,2026-08-18 15:17:17,ONLINE
CRD0033572,CARD0604,P00084,7832,421.71,IN,2026-07-06 08:04:09,ONLINE
CRD0033573,CARD0604,P00329,8011,534.08,IN,2026-08-10 14:27:54,POS6687
CRD0033588,CARD0604,P00084,7832,525.0,IN,2026-08-08 15:37:01,ONLINE
CRD0033595,CARD0605,P00298,4814,690.14,IN,2026-09-08 15:44:30,ONLINE
CRD0033602,CARD0605,P00032,5812,593.37,IN,2026-08-14 13:18:35,ONLINE
CRD0033619,CARD0605,P00211,7832,6838.92,IN,2026-07-08 13:30:42,POS9552
CRD0033627,CARD0605,P00249,4814,745.6,IN,2026-09-08 18:16:05,POS8435
CRD0033632,CARD0605,P00171,5411,2213.21,IN,2026-09-10 11:24:02,POS6522
CRD0033633,CARD0605,P00217,5812,894.99,IN,2026-09-06 23:22:16,ONLINE
CRD0033635,CARD0605,P00087,5812,876.79,IN,2026-08-06 18:18:37,POS7327
CRD0033644,CARD0605,P00160,4722,3348.09,IN,2026-08-16 16:08:29,POS9174
CRD0033652,CARD0605,P00256,4900,2286.84,IN,2026-07-31 13:43:12,ONLINE
CRD0033663,CARD0606,P00380,5411,569.14,IN,2026-08-12 08:50:57,POS7421
CRD0033666,CARD0606,P00263,5311,2377.69,IN,2026-09-02 09:36:37,ONLINE
CRD0033674,CARD0606,P00263,5311,2004.0,IN,2026-08-16 14:43:33,POS6366
CRD0033683,CARD0606,P00257,6012,1035.33,IN,2026-08-09 20:30:35,POS7473
CRD0033697,CARD0606,P00369,5411,523.55,IN,2026-07-08 20:36:04,ONLINE
CRD0033698,CARD0606,P00052,5311,2109.77,IN,2026-08-23 05:59:31,ONLINE
CRD0033699,CARD0606,P00052,5311,1741.05,IN,2026-07-12 14:32:28,POS4290
CRD0033702,CARD0606,P00081,5411,603.28,IN,2026-08-23 09:32:41,ONLINE
CRD0033705,CARD0606,P00194,4814,369.6,IN,2026-08-21 12:05:22,ONLINE
CRD0033707,CARD0606,P00257,6012,3272.57,IN,2026-08-17 18:41:08,ONLINE
CRD0033708,CARD0606,P00081,5411,661.91,IN,2026-09-12 18:53:02,POS8452
CRD0033721,CARD0607,P00013,5311,3810.31,IN,2026-07-16 18:12:15,ONLINE
CRD0033722,CARD0607,P00228,5541,838.75,IN,2026-08-17 13:05:44,POS1924
CRD0033732,CARD0607,P00178,8011,2453.24,IN,2026-07-26 10:33:46,POS8526
CRD0033746,CARD0607,P00188,5812,173.27,IN,2026-08-03 17:37:45,ONLINE
CRD0033752,CARD0607,P00013,5311,1073.97,IN,2026-07-19 19:27:31,ONLINE
CRD0033759,CARD0608,P00307,5311,1970.47,IN,2026-07-21 22:23:09,ONLINE
CRD0033760,CARD0608,P00322,6012,3371.91,IN,2026-08-29 18:35:07,ONLINE
CRD0033761,CARD0608,P00307,5311,2039.7,IN,2026-07-26 13:16:11,ONLINE
CRD0033767,CARD0608,P00156,6012,2614.38,IN,2026-07-27 20:45:26,POS8601
CRD0033769,CARD0608,P00329,8011,3019.33,IN,2026-08-27 20:31:00,ONLINE
CRD0033772,CARD0608,P00253,4814,324.48,IN,2026-08-16 14:49:27,POS3480
CRD0033776,CARD0608,P00322,6012,1643.7,IN,2026-08-19 21:13:47,POS2799
CRD0033777,CARD0608,P00393,5411,1163.42,IN,2026-07-29 19:51:13,POS4040
CRD0033778,CARD0608,P00291,5812,1329.27,IN,2026-08-09 19:05:37,POS9211
CRD0033787,CARD0608,P00067,8011,1489.6,IN,2026-08-30 19:46:54,ONLINE
CRD0033792,CARD0608,P00124,4814,293.71,IN,2026-09-01 12:57:51,POS3029
CRD0033793,CARD0608,P00124,4814,239.59,IN,2026-09-02 18:10:00,POS8818
CRD0033800,CARD0608,P00316,5311,1933.34,IN,2026-08-11 11:16:59,POS6649
CRD0033801,CARD0608,P00156,6012,1056.26,IN,2026-08-02 18:59:58,POS5928
CRD0033811,CARD0608,P00393,5411,505.47,IN,2026-09-08 11:38:00,ONLINE
CRD0033820,CARD0609,P00370,5812,430.16,IN,2026-07-01 16:17:26,ONLINE
CRD0033821,CARD0609,P00370,5812,210.46,IN,2026-07-26 19:42:42,ONLINE
CRD0033825,CARD0609,P00207,5411,3319.4,IN,2026-08-15 18:33:07,POS6860
CRD0033829,CARD0609,P00095,5812,1615.6,IN,2026-07-15 16:12:38,ONLINE
CRD0033830,CARD0609,P00400,8011,1691.39,IN,2026-09-11 15:30:09,POS1592
CRD0033834,CARD0609,P00196,5812,424.89,IN,2026-08-23 10:36:24,ONLINE
CRD0033836,CARD0609,P00359,5411,2517.15,IN,2026-09-08 19:43:48,POS8440
CRD0033841,CARD0609,P00095,5812,359.64,IN,2026-08-20 18:01:54,ONLINE
CRD0033843,CARD0609,P00041,4722,2309.33,IN,2026-07-20 19:34:26,POS6698
CRD0033846,CARD0609,P00041,4722,1758.0,IN,2026-08-27 10:34:35,ONLINE
CRD0033850,CARD0609,P00186,4900,3841.59,IN,2026-07-08 22:17:05,POS2278
CRD0033854,CARD0609,P00095,5812,356.57,IN,2026-08-02 11:43:39,POS8050
CRD0033855,CARD0609,P00207,5411,537.71,IN,2026-07-18 21:34:37,ONLINE
CRD0033857,CARD0609,P00186,4900,1867.81,IN,2026-09-13 14:35:02,POS5756
CRD0033858,CARD0609,P00360,5541,2967.66,IN,2026-08-08 20:34:05,ONLINE
CRD0033859,CARD0609,P00196,5812,301.14,IN,2026-08-19 19:19:00,POS2093
CRD0033870,CARD0609,P00095,5812,276.04,IN,2026-07-04 13:20:00,ONLINE
CRD0033872,CARD0609,P00359,5411,1011.75,IN,2026-08-24 18:40:15,POS7334
CRD0033878,CARD0610,P00272,5812,2817.9,IN,2026-07-01 22:02:19,POS6868
CRD0033883,CARD0610,P00383,5812,793.7,IN,2026-08-15 13:52:23,POS9977
CRD0033885,CARD0610,P00004,5411,591.3,IN,2026-08-15 11:42:33,ONLINE
CRD0033889,CARD0610,P00257,6012,4923.83,IN,2026-09-13 16:57:35,ONLINE
CRD0033900,CARD0610,P00383,5812,534.01,IN,2026-08-02 14:46:50,ONLINE
CRD0033909,CARD0610,P00231,4814,224.9,IN,2026-07-11 18:57:45,ONLINE
CRD0033911,CARD0610,P00133,4900,814.02,IN,2026-07-18 18:38:11,POS6058
CRD0033914,CARD0610,P00133,4900,1887.68,IN,2026-07-17 13:46:51,ONLINE
CRD0033928,CARD0611,P00077,5812,1295.84,IN,2026-08-08 19:48:37,ONLINE
CRD0033929,CARD0611,P00119,5812,2646.94,IN,2026-08-03 11:08:01,POS1692
CRD0033931,CARD0611,P00252,5411,3393.27,IN,2026-08-18 09:57:53,POS3503
CRD0033934,CARD0611,P00252,5411,1669.07,IN,2026-07-09 21:05:45,ONLINE
CRD0033935,CARD0611,P00117,5411,1147.32,IN,2026-08-11 21:04:14,ONLINE
CRD0033944,CARD0611,P00318,6513,9790.85,IN,2026-09-04 14:46:48,POS3740
CRD0033945,CARD0611,P00077,5812,510.66,IN,2026-09-03 13:13:17,ONLINE
CRD0033946,CARD0611,P00119,5812,1402.6,IN,2026-09-13 08:05:59,POS9686
CRD0033948,CARD0611,P00077,5812,1814.97,IN,2026-08-11 18:29:40,ONLINE
CRD0033951,CARD0611,P00384,6513,7831.83,IN,2026-07-22 10:22:18,POS1484
CRD0033956,CARD0611,P00033,6513,16376.43,IN,2026-08-25 10:31:32,POS4320
CRD0033957,CARD0611,P00278,5541,5885.87,IN,2026-08-22 19:11:24,POS6613
CRD0033958,CARD0611,P00077,5812,1977.7,IN,2026-07-12 06:33:03,ONLINE
CRD0033965,CARD0612,P00159,5541,3645.14,IN,2026-08-02 12:25:58,ONLINE
CRD0033966,CARD0612,P00144,7832,907.4,IN,2026-07-07 05:10:19,ONLINE
CRD0033976,CARD0612,P00049,5411,528.72,IN,2026-08-20 13:15:15,ONLINE
CRD0033977,CARD0612,P00038,5411,564.95,IN,2026-07-04 01:08:02,POS4958
CRD0033979,CARD0612,P00049,5411,1636.14,IN,2026-07-13 07:26:27,POS7787
CRD0033983,CARD0612,P00244,5541,1612.16,IN,2026-07-20 17:26:43,POS3072
CRD0033989,CARD0613,P00286,5812,246.77,IN,2026-08-12 21:16:55,ONLINE
CRD0033995,CARD0613,P00060,7832,1384.98,IN,2026-09-05 19:54:37,POS7033
CRD0034000,CARD0613,P00116,6012,539.44,IN,2026-08-03 13:44:15,POS8305
CRD0034001,CARD0613,P00392,5812,487.44,IN,2026-08-23 14:53:14,ONLINE
CRD0034003,CARD0613,P00035,7832,370.78,IN,2026-09-08 13:35:50,POS1494
CRD0034005,CARD0613,P00286,5812,212.48,IN,2026-07-17 16:17:45,POS8632
CRD0034009,CARD0613,P00116,6012,581.51,IN,2026-07-09 17:20:34,POS4151
CRD0034010,CARD0613,P00016,5411,883.9,IN,2026-07-23 10:38:08,ONLINE
CRD0034011,CARD0613,P00219,5411,489.17,IN,2026-08-20 18:08:25,ONLINE
CRD0034015,CARD0613,P00219,5411,2251.06,IN,2026-09-10 17:03:25,ONLINE
CRD0034016,CARD0613,P00219,5411,407.4,IN,2026-09-03 08:26:18,ONLINE
CRD0034023,CARD0613,P00236,5411,1555.26,IN,2026-07-21 16:49:40,POS8873
CRD0034029,CARD0614,P00265,5411,1422.16,IN,2026-08-06 12:20:01,ONLINE
CRD0034030,CARD0614,P00291,5812,1545.97,IN,2026-07-26 14:56:52,ONLINE
CRD0034033,CARD0614,P00169,5411,2155.13,IN,2026-07-27 17:40:29,POS3739
CRD0034034,CARD0614,P00121,5812,751.38,IN,2026-07-25 16:25:41,POS6427
CRD0034035,CARD0614,P00205,6012,5337.12,IN,2026-08-23 18:40:44,ONLINE
CRD0034042,CARD0614,P00059,6012,2256.47,IN,2026-07-20 20:21:29,ONLINE
CRD0034043,CARD0614,P00167,5812,446.81,IN,2026-09-08 18:39:34,POS2925
CRD0034044,CARD0614,P00169,5411,2158.86,IN,2026-08-23 08:35:52,ONLINE
CRD0034047,CARD0614,P00332,5311,7774.78,IN,2026-07-02 12:21:15,ONLINE
CRD0034051,CARD0614,P00059,6012,7456.75,IN,2026-07-24 19:02:54,POS7901
CRD0034052,CARD0614,P00121,5812,823.3,IN,2026-07-17 15:06:59,ONLINE
CRD0034063,CARD0614,P00265,5411,966.32,IN,2026-07-22 18:43:03,ONLINE
CRD0034068,CARD0614,P00059,6012,1962.85,IN,2026-08-25 19:17:53,POS8807
CRD0034071,CARD0614,P00121,5812,3216.92,IN,2026-09-03 02:18:33,ONLINE
CRD0034079,CARD0614,P00204,4900,2289.41,IN,2026-07-11 12:26:53,ONLINE
CRD0034080,CARD0614,P00220,8011,4058.93,IN,2026-08-26 14:01:16,POS3930
CRD0034083,CARD0614,P00059,6012,3545.53,IN,2026-07-05 12:37:41,ONLINE
CRD0034087,CARD0614,P00065,5541,2118.48,IN,2026-07-16 17:10:02,ONLINE
CRD0034094,CARD0615,P00380,5411,3553.73,IN,2026-08-21 17:44:27,POS2388
CRD0034095,CARD0615,P00201,4722,8689.98,IN,2026-07-11 18:56:22,ONLINE
CRD0034100,CARD0615,P00057,5812,2215.47,IN,2026-08-23 12:27:35,ONLINE
CRD0034112,CARD0615,P00235,4722,16733.93,IN,2026-07-30 13:04:44,ONLINE
CRD0034122,CARD0615,P00397,5311,8688.11,IN,2026-07-09 13:08:58,POS1309
CRD0034129,CARD0615,P00107,4900,2636.05,IN,2026-08-13 19:48:53,POS1117
CRD0034131,CARD0615,P00397,5311,4393.14,IN,2026-07-17 09:37:56,POS6094
CRD0034132,CARD0615,P00107,4900,3825.95,IN,2026-07-16 11:13:37,ONLINE
CRD0034134,CARD0615,P00341,5812,2626.34,IN,2026-07-07 08:02:24,POS3256
CRD0034155,CARD0616,P00388,5411,1374.16,IN,2026-08-06 12:40:59,POS3630
CRD0034157,CARD0616,P00109,8011,2102.99,IN,2026-08-01 20:56:25,POS9620
CRD0034159,CARD0616,P00109,8011,5009.56,IN,2026-09-09 02:39:04,POS3749
CRD0034162,CARD0616,P00126,4722,11443.94,IN,2026-09-11 14:18:51,ONLINE
CRD0034165,CARD0616,P00126,4722,14320.45,IN,2026-08-24 16:29:25,POS5870
CRD0034167,CARD0616,P00188,5812,1313.76,IN,2026-07-07 18:44:09,POS7981
CRD0034168,CARD0616,P00109,8011,4119.67,IN,2026-07-23 14:56:38,ONLINE
CRD0034171,CARD0616,P00388,5411,5218.63,IN,2026-07-16 01:49:35,POS8483
CRD0034172,CARD0616,P00129,5311,4512.86,IN,2026-08-07 10:36:47,POS1285
CRD0034177,CARD0616,P00191,6513,14760.05,IN,2026-07-07 19:36:45,POS1585
CRD0034182,CARD0616,P00396,5411,758.63,IN,2026-08-29 14:45:24,POS6192
CRD0034186,CARD0616,P00388,5411,4901.49,IN,2026-09-03 14:41:53,ONLINE
CRD0034187,CARD0616,P00109,8011,2949.83,IN,2026-08-31 06:38:22,POS1339
CRD0034197,CARD0617,P00240,6012,648.04,IN,2026-07-22 09:43:36,ONLINE
CRD0034201,CARD0617,P00172,5541,1967.19,IN,2026-08-25 10:31:25,ONLINE
CRD0034207,CARD0617,P00240,6012,1033.39,IN,2026-07-16 19:13:54,ONLINE
CRD0034214,CARD0617,P00097,5541,2376.51,IN,2026-07-26 08:58:34,POS9267
CRD0034219,CARD0617,P00055,5311,1590.53,IN,2026-08-13 17:26:06,ONLINE
CRD0034224,CARD0617,P00177,5812,288.34,IN,2026-08-24 19:49:45,POS8253
CRD0034231,CARD0617,P00306,4814,308.98,IN,2026-07-26 06:23:08,ONLINE
CRD0034232,CARD0617,P00376,5812,457.02,IN,2026-08-23 09:05:28,POS9822
CRD0034236,CARD0617,P00097,5541,2262.0,IN,2026-09-02 21:11:55,POS4168
CRD0034237,CARD0617,P00177,5812,1082.41,IN,2026-07-27 15:46:45,POS5173
CRD0034248,CARD0618,P00352,4814,1635.56,IN,2026-08-08 08:48:57,ONLINE
CRD0034249,CARD0618,P00352,4814,1008.69,IN,2026-08-02 01:41:53,ONLINE
CRD0034254,CARD0618,P00220,8011,4860.06,IN,2026-07-29 12:03:38,POS5958
CRD0034266,CARD0618,P00338,5311,2462.5,IN,2026-07-14 13:03:00,ONLINE
CRD0034270,CARD0618,P00382,5812,1590.65,IN,2026-07-04 16:05:14,ONLINE
CRD0034278,CARD0618,P00194,4814,412.45,IN,2026-07-12 09:22:33,POS7358
CRD0034281,CARD0618,P00141,4900,12331.84,IN,2026-08-08 19:00:38,ONLINE
CRD0034290,CARD0618,P00383,5812,2296.42,IN,2026-07-13 16:02:30,POS2027
CRD0034293,CARD0618,P00256,4900,2826.95,IN,2026-09-10 12:41:14,ONLINE
CRD0034294,CARD0618,P00365,6012,20095.35,IN,2026-07-23 10:00:59,ONLINE
CRD0034295,CARD0618,P00078,7832,243.91,IN,2026-07-08 22:15:48,ONLINE
CRD0034296,CARD0618,P00220,8011,6478.43,IN,2026-08-15 13:24:37,ONLINE
CRD0034298,CARD0618,P00338,5311,5166.32,IN,2026-08-10 10:17:55,POS5686
CRD0034299,CARD0618,P00317,5812,583.28,IN,2026-09-04 18:13:49,ONLINE
CRD0034300,CARD0618,P00078,7832,1921.8,IN,2026-09-08 02:26:41,ONLINE
CRD0034305,CARD0618,P00004,5411,3821.52,IN,2026-08-30 13:42:02,ONLINE
CRD0034307,CARD0618,P00317,5812,538.62,IN,2026-08-10 11:04:24,ONLINE
CRD0034309,CARD0618,P00365,6012,2699.02,IN,2026-07-27 10:11:26,POS4784
CRD0034310,CARD0618,P00295,8011,1719.59,IN,2026-08-19 08:19:17,POS5489
CRD0034311,CARD0618,P00092,5411,1043.78,IN,2026-07-19 21:23:57,POS9568
CRD0034323,CARD0619,P00369,5411,2123.16,IN,2026-08-01 08:17:15,POS6460
CRD0034332,CARD0619,P00018,5812,2221.88,IN,2026-08-31 18:52:48,ONLINE
CRD0034335,CARD0619,P00163,5411,312.94,IN,2026-09-06 02:33:13,ONLINE
CRD0034336,CARD0619,P00314,7832,876.43,IN,2026-09-01 15:42:14,ONLINE
CRD0034338,CARD0619,P00143,5411,1242.79,IN,2026-08-04 13:17:26,ONLINE
CRD0034341,CARD0619,P00269,4900,6748.52,IN,2026-09-13 10:14:06,ONLINE
CRD0034355,CARD0619,P00143,5411,5479.6,IN,2026-08-21 09:03:58,ONLINE
CRD0034365,CARD0619,P00284,6012,3696.08,IN,2026-08-26 18:38:14,ONLINE
CRD0034368,CARD0619,P00219,5411,1698.83,IN,2026-07-28 15:18:35,ONLINE
CRD0034382,CARD0620,P00266,5541,878.89,IN,2026-07-29 17:56:06,ONLINE
CRD0034383,CARD0620,P00366,5812,144.65,IN,2026-08-12 03:34:16,ONLINE
CRD0034384,CARD0620,P00283,5311,1984.47,IN,2026-07-12 14:27:50,ONLINE
CRD0034396,CARD0620,P00342,5311,1457.48,IN,2026-08-01 09:41:26,ONLINE
CRD0034402,CARD0620,P00255,5311,1491.34,IN,2026-08-04 15:02:50,POS4117
CRD0034403,CARD0620,P00255,5311,876.69,IN,2026-09-04 16:10:27,POS3063
CRD0034409,CARD0620,P00253,4814,369.03,IN,2026-07-24 07:06:12,ONLINE
CRD0034410,CARD0620,P00266,5541,2450.32,IN,2026-08-09 18:02:27,ONLINE
CRD0034413,CARD0620,P00266,5541,909.29,IN,2026-09-12 16:28:23,ONLINE
CRD0034416,CARD0620,P00070,7832,592.54,IN,2026-07-10 06:34:55,ONLINE
CRD0034422,CARD0621,P00289,5812,479.07,IN,2026-08-24 13:05:52,POS3556
CRD0034426,CARD0621,P00288,5812,626.95,IN,2026-07-02 13:11:19,POS4247
CRD0034435,CARD0621,P00289,5812,1018.91,IN,2026-08-12 20:42:07,ONLINE
CRD0034447,CARD0621,P00034,5812,2327.33,IN,2026-07-01 03:13:03,ONLINE
CRD0034448,CARD0621,P00342,5311,3176.15,IN,2026-08-31 15:44:57,POS2334
CRD0034454,CARD0621,P00057,5812,1020.9,IN,2026-08-06 19:27:19,ONLINE
CRD0034461,CARD0622,P00338,5311,4383.97,IN,2026-09-01 08:17:24,POS4855
CRD0034469,CARD0622,P00044,5411,4947.18,IN,2026-08-31 07:43:38,POS7865
CRD0034470,CARD0622,P00331,7832,624.77,IN,2026-08-05 16:09:38,POS6842
CRD0034471,CARD0622,P00245,5311,3281.09,IN,2026-07-04 00:45:54,ONLINE
CRD0034475,CARD0622,P00331,7832,372.96,IN,2026-08-31 09:24:46,POS9840
CRD0034476,CARD0622,P00256,4900,4705.43,IN,2026-08-20 14:58:28,ONLINE
CRD0034479,CARD0622,P00265,5411,2558.62,IN,2026-07-20 16:47:59,ONLINE
CRD0034480,CARD0622,P00236,5411,840.0,IN,2026-07-03 18:03:37,ONLINE
CRD0034481,CARD0622,P00265,5411,375.05,IN,2026-07-07 09:09:26,ONLINE
CRD0034488,CARD0622,P00174,5812,205.77,IN,2026-07-22 10:23:24,POS8809
CRD0034491,CARD0622,P00331,7832,986.26,IN,2026-07-10 13:44:27,POS5611
CRD0034501,CARD0623,P00277,6012,2015.55,IN,2026-07-08 09:21:44,ONLINE
CRD0034503,CARD0623,P00249,4814,1433.12,IN,2026-08-06 18:51:08,ONLINE
CRD0034508,CARD0623,P00186,4900,19160.68,IN,2026-08-29 12:52:10,POS2732
CRD0034509,CARD0623,P00062,6012,6194.88,IN,2026-07-28 01:56:42,ONLINE
CRD0034512,CARD0623,P00007,5812,4966.18,IN,2026-08-26 14:24:57,POS2320
CRD0034515,CARD0623,P00062,6012,6701.53,IN,2026-09-05 10:21:14,ONLINE
CRD0034516,CARD0623,P00030,8011,6325.61,IN,2026-09-12 04:41:11,POS2815
CRD0034531,CARD0624,P00182,4722,19185.81,IN,2026-07-19 10:47:20,POS2282
CRD0034535,CARD0624,P00036,5411,4647.36,IN,2026-07-24 08:41:42,POS7353
CRD0034542,CARD0624,P00036,5411,6490.25,IN,2026-08-13 01:21:05,ONLINE
CRD0034543,CARD0624,P00211,7832,3211.37,IN,2026-08-24 11:42:09,ONLINE
CRD0034547,CARD0624,P00346,5541,6743.29,IN,2026-07-17 12:56:33,POS2688
CRD0034556,CARD0624,P00368,4814,1802.72,IN,2026-08-19 12:19:32,ONLINE
CRD0034562,CARD0624,P00123,5812,2959.61,IN,2026-08-16 23:56:47,POS3662
CRD0034566,CARD0624,P00377,5311,14487.13,IN,2026-08-23 16:04:39,ONLINE
CRD0034571,CARD0624,P00044,5411,2899.88,IN,2026-08-21 09:25:30,POS4598
CRD0034573,CARD0624,P00060,7832,6738.79,IN,2026-08-05 11:59:23,ONLINE
CRD0034575,CARD0624,P00036,5411,2716.95,IN,2026-09-11 17:05:52,ONLINE
CRD0034584,CARD0624,P00115,5411,11226.0,IN,2026-08-03 12:12:06,ONLINE
CRD0034589,CARD0624,P00378,5411,6971.11,IN,2026-07-15 16:04:45,POS9027
CRD0034597,CARD0624,P00189,5812,1486.13,IN,2026-08-13 13:04:22,ONLINE
CRD0034599,CARD0624,P00036,5411,5264.16,IN,2026-08-20 13:34:11,POS8531
CRD0034600,CARD0624,P00125,5812,982.39,IN,2026-09-01 18:00:00,POS4074
CRD0034604,CARD0624,P00211,7832,1550.08,IN,2026-07-06 20:19:26,ONLINE
CRD0034606,CARD0624,P00211,7832,3531.85,IN,2026-07-28 07:37:37,ONLINE
CRD0034619,CARD0624,P00111,6513,12351.82,IN,2026-07-21 08:42:37,POS5075
CRD0034632,CARD0625,P00155,7832,199.44,IN,2026-07-06 23:44:57,ONLINE
CRD0034635,CARD0625,P00148,5311,2538.36,IN,2026-07-08 18:30:05,ONLINE
CRD0034636,CARD0625,P00363,5541,2688.36,IN,2026-08-24 08:25:44,POS1912
CRD0034639,CARD0625,P00042,5311,4074.94,IN,2026-08-25 08:54:55,ONLINE
CRD0034640,CARD0625,P00233,5411,890.39,IN,2026-07-19 23:49:51,ONLINE
CRD0034651,CARD0625,P00048,5812,230.33,IN,2026-09-12 12:09:53,POS3835
CRD0034656,CARD0625,P00344,5411,838.08,IN,2026-07-17 19:01:25,POS6577
CRD0034663,CARD0626,P00329,8011,4532.51,IN,2026-07-21 12:30:39,ONLINE
CRD0034670,CARD0626,P00072,5812,1181.66,IN,2026-07-20 17:33:10,POS6461
CRD0034672,CARD0626,P00184,5812,1612.07,IN,2026-08-20 13:21:59,ONLINE
CRD0034673,CARD0626,P00364,5411,4867.51,IN,2026-07-07 20:34:56,POS5390
CRD0034680,CARD0626,P00364,5411,5577.97,IN,2026-07-21 11:58:48,POS2041
CRD0034689,CARD0626,P00273,5411,7767.12,IN,2026-08-11 15:01:30,POS7526
CRD0034690,CARD0626,P00329,8011,3908.81,IN,2026-07-03 09:26:30,POS3738
CRD0034692,CARD0626,P00058,4814,2203.66,IN,2026-08-02 11:26:09,POS1030
CRD0034694,CARD0626,P00095,5812,2477.7,IN,2026-08-31 20:43:49,ONLINE
CRD0034711,CARD0626,P00262,5812,911.29,IN,2026-07-24 01:43:04,POS7231
CRD0034717,CARD0627,P00209,5411,814.02,IN,2026-09-08 00:37:20,POS4470
CRD0034720,CARD0627,P00002,6012,265.11,IN,2026-09-08 07:29:44,POS5752
CRD0034722,CARD0627,P00256,4900,1250.01,IN,2026-07-31 17:08:28,POS1648
CRD0034724,CARD0627,P00177,5812,288.47,IN,2026-09-07 22:44:48,POS2454
CRD0034731,CARD0627,P00165,5812,269.38,IN,2026-09-11 11:10:46,ONLINE
CRD0034737,CARD0627,P00177,5812,445.56,IN,2026-08-05 12:02:27,ONLINE
CRD0034739,CARD0627,P00274,6012,1450.86,IN,2026-08-26 09:17:22,ONLINE
CRD0034744,CARD0627,P00209,5411,665.77,IN,2026-07-15 16:46:21,ONLINE
CRD0034745,CARD0627,P00177,5812,1492.39,IN,2026-07-25 09:51:56,ONLINE
CRD0034746,CARD0627,P00274,6012,222.88,IN,2026-08-10 21:30:16,POS1960
CRD0034751,CARD0627,P00209,5411,755.51,IN,2026-08-21 20:08:12,POS6832
CRD0034757,CARD0628,P00218,5812,2631.33,IN,2026-08-23 22:27:17,ONLINE
CRD0034766,CARD0628,P00218,5812,1453.5,IN,2026-07-13 10:00:07,ONLINE
CRD0034767,CARD0628,P00351,4814,3278.84,IN,2026-08-04 14:24:09,POS5385
CRD0034769,CARD0628,P00095,5812,1374.45,IN,2026-09-07 12:24:19,POS3172
CRD0034770,CARD0628,P00288,5812,4658.79,IN,2026-08-26 21:52:15,ONLINE
CRD0034772,CARD0628,P00344,5411,2713.94,IN,2026-07-11 20:33:35,POS6186
CRD0034774,CARD0628,P00013,5311,3045.01,IN,2026-08-27 17:30:21,POS7591
CRD0034779,CARD0628,P00245,5311,12686.16,IN,2026-08-25 17:13:40,ONLINE
CRD0034783,CARD0628,P00351,4814,4530.75,IN,2026-08-18 13:36:50,POS9243
CRD0034784,CARD0628,P00218,5812,860.74,IN,2026-08-27 22:13:49,POS8257
CRD0034787,CARD0628,P00294,5311,6668.76,IN,2026-07-14 10:12:21,ONLINE
CRD0034798,CARD0628,P00384,6513,13318.77,IN,2026-07-22 18:38:12,POS1659
CRD0034802,CARD0628,P00351,4814,1335.63,IN,2026-09-05 19:01:25,POS6575
CRD0034807,CARD0628,P00375,5812,2949.96,IN,2026-07-07 15:21:35,POS4400
CRD0034809,CARD0628,P00245,5311,6805.66,IN,2026-07-23 11:08:44,POS8800
CRD0034810,CARD0628,P00004,5411,8971.2,IN,2026-09-07 16:15:34,ONLINE
CRD0034812,CARD0628,P00351,4814,690.04,IN,2026-07-20 13:31:27,ONLINE
CRD0034814,CARD0628,P00334,5812,1031.85,IN,2026-07-02 00:49:22,ONLINE
CRD0034815,CARD0628,P00090,5812,2137.31,IN,2026-08-27 19:43:01,POS6994
CRD0034816,CARD0628,P00245,5311,6882.23,IN,2026-08-27 08:53:56,POS9647
CRD0034820,CARD0628,P00245,5311,23932.07,IN,2026-08-24 18:20:33,ONLINE
CRD0034827,CARD0628,P00245,5311,7372.1,IN,2026-07-27 12:38:51,POS6370
CRD0034829,CARD0628,P00245,5311,3490.56,IN,2026-07-17 13:49:48,POS9825
CRD0034830,CARD0628,P00351,4814,913.04,IN,2026-09-11 22:05:30,POS7586
CRD0034832,CARD0628,P00131,5411,4819.49,IN,2026-07-31 19:20:08,POS9537
CRD0034835,CARD0628,P00274,6012,1726.22,IN,2026-08-07 17:40:45,POS3908
CRD0034836,CARD0628,P00131,5411,2420.21,IN,2026-07-16 17:34:59,POS2958
CRD0034839,CARD0628,P00224,5812,3116.26,IN,2026-09-06 07:43:20,POS6285
CRD0034841,CARD0628,P00090,5812,822.15,IN,2026-08-07 15:07:10,POS7483
CRD0034847,CARD0629,P00109,8011,5847.38,IN,2026-08-19 18:15:36,POS6530
CRD0034851,CARD0629,P00296,5812,3217.81,IN,2026-07-21 10:21:14,ONLINE
CRD0034860,CARD0629,P00065,5541,5468.29,IN,2026-09-08 14:04:16,POS3511
CRD0034861,CARD0629,P00295,8011,5609.48,IN,2026-07-30 11:40:33,ONLINE
CRD0034871,CARD0629,P00376,5812,2442.62,IN,2026-07-05 14:48:25,ONLINE
CRD0034872,CARD0629,P00093,5812,981.65,IN,2026-07-20 08:16:52,ONLINE
CRD0034883,CARD0629,P00347,7832,1248.05,IN,2026-08-21 12:58:30,ONLINE
CRD0034894,CARD0629,P00086,4900,5415.31,IN,2026-07-08 09:02:56,ONLINE
CRD0034895,CARD0629,P00310,5411,990.49,IN,2026-08-04 22:42:20,POS1437
CRD0034897,CARD0629,P00136,5812,737.95,IN,2026-08-03 15:57:52,POS2675
CRD0034923,CARD0629,P00055,5311,1701.89,IN,2026-07-20 19:09:37,POS5403
CRD0034924,CARD0629,P00310,5411,4167.09,IN,2026-07-02 07:02:59,ONLINE
CRD0034925,CARD0629,P00055,5311,7731.43,IN,2026-08-18 18:57:45,POS4997
CRD0034936,CARD0630,P00372,4814,226.64,IN,2026-08-26 09:25:06,POS2826
CRD0034937,CARD0630,P00304,5541,2213.91,IN,2026-08-30 02:31:16,POS6463
CRD0034938,CARD0630,P00326,5812,246.74,IN,2026-07-14 22:20:11,ONLINE
CRD0034942,CARD0630,P00245,5311,3353.29,IN,2026-07-06 17:35:00,ONLINE
CRD0034946,CARD0630,P00118,4722,1944.16,IN,2026-07-16 17:12:06,ONLINE
CRD0034947,CARD0630,P00330,5812,182.22,IN,2026-08-03 15:43:53,POS4246
CRD0034953,CARD0630,P00118,4722,2003.24,IN,2026-07-26 08:02:06,POS7875
CRD0034959,CARD0630,P00118,4722,897.48,IN,2026-07-10 14:37:08,ONLINE
CRD0034961,CARD0630,P00144,7832,990.59,IN,2026-08-09 07:05:06,ONLINE
CRD0034964,CARD0630,P00301,5812,513.52,IN,2026-08-17 05:42:28,ONLINE
CRD0034966,CARD0630,P00245,5311,1346.28,IN,2026-07-17 19:30:21,ONLINE
CRD0034967,CARD0630,P00326,5812,545.68,IN,2026-07-12 10:14:28,POS8056
CRD0034970,CARD0630,P00144,7832,463.12,IN,2026-07-05 16:38:03,POS2972
CRD0034973,CARD0630,P00144,7832,1014.2,IN,2026-07-29 20:24:02,POS3547
CRD0034975,CARD0630,P00330,5812,669.44,IN,2026-07-24 12:42:17,POS3097
CRD0034981,CARD0630,P00304,5541,1835.89,IN,2026-09-06 18:53:40,POS8465
CRD0034982,CARD0630,P00333,5812,329.68,IN,2026-07-11 18:39:10,POS5454
CRD0034988,CARD0631,P00202,5541,2823.01,IN,2026-08-29 19:16:49,POS3400
CRD0034992,CARD0631,P00110,7832,948.97,IN,2026-08-07 11:34:58,POS1731
CRD0034994,CARD0631,P00393,5411,2614.82,IN,2026-07-14 12:11:58,POS8870
CRD0034998,CARD0631,P00371,5411,3479.84,IN,2026-07-12 14:55:29,POS7183
CRD0035005,CARD0631,P00194,4814,694.97,IN,2026-08-27 11:16:03,ONLINE
CRD0035013,CARD0631,P00002,6012,2060.84,IN,2026-08-19 10:28:48,POS8297
CRD0035014,CARD0631,P00132,4900,3208.16,IN,2026-07-24 09:50:48,ONLINE
CRD0035019,CARD0631,P00143,5411,2415.98,IN,2026-08-07 17:16:21,POS8287
CRD0035022,CARD0631,P00317,5812,1543.52,IN,2026-08-10 11:54:16,ONLINE
CRD0035025,CARD0631,P00024,5411,855.53,IN,2026-07-04 12:29:16,ONLINE
CRD0035026,CARD0631,P00132,4900,1352.03,IN,2026-08-09 01:53:35,POS7108
CRD0035027,CARD0631,P00024,5411,1316.67,IN,2026-09-03 01:02:30,ONLINE
CRD0035030,CARD0631,P00371,5411,1509.12,IN,2026-08-31 16:42:04,POS2264
CRD0035035,CARD0632,P00307,5311,3787.21,IN,2026-07-14 14:00:21,ONLINE
CRD0035038,CARD0632,P00030,8011,5256.89,IN,2026-08-15 15:54:25,ONLINE
CRD0035041,CARD0632,P00291,5812,828.53,IN,2026-08-01 15:25:01,POS3320
CRD0035043,CARD0632,P00047,6012,1580.52,IN,2026-08-13 11:40:03,ONLINE
CRD0035044,CARD0632,P00290,5812,1469.28,IN,2026-09-06 21:51:40,POS9234
CRD0035047,CARD0632,P00307,5311,3908.7,IN,2026-09-07 18:47:04,ONLINE
CRD0035050,CARD0632,P00306,4814,1011.7,IN,2026-07-26 23:40:24,POS2857
CRD0035052,CARD0632,P00006,5411,1804.13,IN,2026-08-20 16:50:49,ONLINE
CRD0035057,CARD0632,P00283,5311,1992.79,IN,2026-09-08 15:35:49,ONLINE
CRD0035060,CARD0632,P00195,6012,704.87,IN,2026-08-13 09:56:30,ONLINE
CRD0035065,CARD0632,P00315,4900,9019.91,IN,2026-08-26 15:54:30,ONLINE
CRD0035072,CARD0632,P00195,6012,1604.55,IN,2026-07-27 21:48:18,ONLINE
CRD0035076,CARD0633,P00249,4814,315.91,IN,2026-07-14 15:45:11,POS8718
CRD0035078,CARD0633,P00249,4814,2167.79,IN,2026-09-04 10:39:14,ONLINE
CRD0035087,CARD0633,P00362,5411,1412.96,IN,2026-07-16 06:50:34,POS6381
CRD0035096,CARD0633,P00051,6012,4700.28,IN,2026-08-02 12:09:04,POS8638
CRD0035099,CARD0633,P00323,4722,14605.35,IN,2026-07-01 13:36:24,ONLINE
CRD0035108,CARD0633,P00362,5411,4168.85,IN,2026-08-22 15:23:52,POS2709
CRD0035109,CARD0633,P00334,5812,766.89,IN,2026-07-05 21:57:35,POS6002
CRD0035120,CARD0633,P00362,5411,979.87,IN,2026-07-30 13:23:02,POS9151
CRD0035122,CARD0633,P00142,6012,2519.01,IN,2026-08-22 18:03:39,POS8388
CRD0035123,CARD0633,P00362,5411,797.21,IN,2026-09-02 16:11:36,POS8377
CRD0035125,CARD0633,P00362,5411,2216.16,IN,2026-08-09 22:39:23,ONLINE
CRD0035129,CARD0634,P00166,5411,2875.25,IN,2026-08-30 08:48:08,POS4422
CRD0035131,CARD0634,P00226,5541,3505.16,IN,2026-07-05 12:12:12,ONLINE
CRD0035137,CARD0634,P00392,5812,436.03,IN,2026-08-16 09:39:29,POS7784
CRD0035138,CARD0634,P00302,7832,661.94,IN,2026-08-24 18:41:41,POS8491
CRD0035143,CARD0634,P00355,4814,1823.46,IN,2026-08-31 13:07:29,POS1252
CRD0035149,CARD0634,P00348,6012,1643.03,IN,2026-07-13 12:41:16,ONLINE
CRD0035157,CARD0634,P00310,5411,2999.62,IN,2026-08-23 15:52:30,POS4579
CRD0035175,CARD0634,P00017,5411,2330.33,IN,2026-07-04 21:42:19,ONLINE
CRD0035176,CARD0634,P00348,6012,2427.06,IN,2026-08-17 12:41:55,POS5269
CRD0035180,CARD0635,P00208,6012,2119.55,IN,2026-07-15 14:26:20,POS5500
CRD0035187,CARD0635,P00135,6012,2197.72,IN,2026-07-21 17:57:21,POS7445
CRD0035201,CARD0635,P00023,4722,9463.78,IN,2026-08-04 21:39:17,POS8255
CRD0035202,CARD0635,P00267,5812,810.87,IN,2026-08-22 10:49:06,ONLINE
CRD0035212,CARD0635,P00028,5411,1704.51,IN,2026-08-24 13:28:12,POS1693
CRD0035215,CARD0635,P00178,8011,1962.3,IN,2026-09-11 18:57:53,POS6787
CRD0035221,CARD0635,P00183,7832,1183.29,IN,2026-09-10 15:44:43,POS6770
CRD0035225,CARD0635,P00273,5411,2541.07,IN,2026-08-29 10:42:36,ONLINE
CRD0035231,CARD0635,P00267,5812,897.63,IN,2026-07-20 19:55:50,ONLINE
CRD0035240,CARD0636,P00005,4814,1377.19,IN,2026-07-27 15:57:52,POS3876
CRD0035241,CARD0636,P00231,4814,1197.12,IN,2026-07-25 18:01:40,POS2588
CRD0035245,CARD0636,P00164,6513,4871.9,IN,2026-09-05 13:19:56,POS5514
CRD0035250,CARD0636,P00304,5541,2065.99,IN,2026-08-29 22:43:42,ONLINE
CRD0035254,CARD0636,P00342,5311,4866.78,IN,2026-07-21 08:28:13,ONLINE
CRD0035261,CARD0636,P00164,6513,9128.79,IN,2026-07-29 20:02:51,ONLINE
CRD0035263,CARD0636,P00078,7832,669.58,IN,2026-09-11 13:28:19,ONLINE
CRD0035268,CARD0636,P00180,4900,3820.71,IN,2026-07-14 14:17:39,ONLINE
CRD0035271,CARD0636,P00231,4814,965.06,IN,2026-07-06 11:42:40,ONLINE
CRD0035272,CARD0636,P00005,4814,1626.04,IN,2026-08-11 17:41:51,ONLINE
CRD0035276,CARD0636,P00072,5812,680.67,IN,2026-08-26 10:00:36,POS5808
CRD0035279,CARD0636,P00078,7832,822.1,IN,2026-08-01 19:57:19,POS8540
CRD0035281,CARD0636,P00214,6012,948.74,IN,2026-08-24 10:46:53,ONLINE
CRD0035290,CARD0637,P00151,6513,11442.75,IN,2026-07-03 09:56:45,ONLINE
CRD0035298,CARD0637,P00151,6513,1415.16,IN,2026-07-07 12:57:29,POS5355
CRD0035300,CARD0637,P00370,5812,653.28,IN,2026-08-09 20:34:04,ONLINE
CRD0035301,CARD0637,P00144,7832,620.87,IN,2026-09-09 15:32:19,ONLINE
CRD0035302,CARD0637,P00337,6513,5580.8,IN,2026-08-13 16:50:22,POS7316
CRD0035303,CARD0637,P00219,5411,590.32,IN,2026-07-28 17:45:06,ONLINE
CRD0035304,CARD0637,P00149,5311,848.17,IN,2026-07-25 07:09:21,ONLINE
CRD0035305,CARD0637,P00149,5311,2005.93,IN,2026-08-11 07:25:51,ONLINE
CRD0035317,CARD0637,P00374,6513,3743.21,IN,2026-07-29 12:12:58,POS5866
CRD0035318,CARD0637,P00034,5812,678.03,IN,2026-07-07 08:24:49,ONLINE
CRD0035328,CARD0637,P00034,5812,1433.31,IN,2026-07-05 09:52:40,POS7518
CRD0035333,CARD0637,P00303,6012,1431.4,IN,2026-07-30 16:59:51,ONLINE
CRD0035338,CARD0637,P00337,6513,9541.63,IN,2026-08-19 20:42:12,POS3053
CRD0035344,CARD0638,P00056,5812,1473.63,IN,2026-07-31 11:58:56,ONLINE
CRD0035348,CARD0638,P00020,7832,2777.16,IN,2026-09-09 09:49:33,ONLINE
CRD0035351,CARD0638,P00339,7832,3510.73,IN,2026-07-14 14:35:23,ONLINE
CRD0035357,CARD0638,P00156,6012,3814.57,IN,2026-07-08 12:31:35,POS5939
CRD0035361,CARD0638,P00396,5411,4143.7,IN,2026-07-18 13:11:34,POS5992
CRD0035363,CARD0638,P00234,6012,4040.71,IN,2026-08-12 14:52:45,ONLINE
CRD0035375,CARD0638,P00020,7832,1123.57,IN,2026-08-17 10:53:04,ONLINE
CRD0035377,CARD0638,P00056,5812,3696.64,IN,2026-07-13 12:27:22,ONLINE
CRD0035380,CARD0638,P00012,5541,2927.88,IN,2026-09-08 15:43:14,POS2637
CRD0035382,CARD0638,P00130,5411,3254.32,IN,2026-09-01 01:10:22,POS4720
CRD0035388,CARD0638,P00056,5812,1082.37,IN,2026-08-14 10:37:17,ONLINE
CRD0035390,CARD0638,P00130,5411,3415.88,IN,2026-08-09 14:50:14,ONLINE
CRD0035391,CARD0638,P00107,4900,3555.23,IN,2026-07-30 18:18:11,ONLINE
CRD0035399,CARD0638,P00020,7832,1935.89,IN,2026-09-07 01:33:49,POS4188
CRD0035400,CARD0638,P00020,7832,2079.8,IN,2026-09-10 18:31:36,ONLINE
CRD0035415,CARD0639,P00173,4814,367.87,IN,2026-07-29 18:46:46,ONLINE
CRD0035418,CARD0639,P00031,6012,1686.23,IN,2026-07-30 08:52:12,POS6381
CRD0035420,CARD0639,P00238,5812,481.25,IN,2026-07-30 18:27:32,POS8206
CRD0035421,CARD0639,P00031,6012,1255.75,IN,2026-07-31 16:20:21,POS6300
CRD0035422,CARD0639,P00031,6012,1205.93,IN,2026-07-02 11:41:45,ONLINE
CRD0035439,CARD0639,P00298,4814,799.17,IN,2026-07-25 16:10:10,ONLINE
CRD0035450,CARD0639,P00098,6012,2108.65,IN,2026-08-15 08:46:31,POS7470
CRD0035457,CARD0639,P00089,4722,5906.81,IN,2026-07-20 18:40:57,POS8735
CRD0035459,CARD0639,P00114,4814,719.57,IN,2026-08-25 02:59:59,POS9607
CRD0035461,CARD0639,P00298,4814,2164.73,IN,2026-08-25 06:54:59,POS2763
CRD0035462,CARD0639,P00298,4814,1048.09,IN,2026-07-03 06:32:39,POS4367
CRD0035467,CARD0640,P00061,5411,4354.76,IN,2026-09-04 19:30:09,POS9905
CRD0035468,CARD0640,P00244,5541,6575.45,IN,2026-07-16 14:24:03,ONLINE
CRD0035474,CARD0640,P00123,5812,897.17,IN,2026-07-21 17:11:49,POS1080
CRD0035482,CARD0640,P00187,4722,26889.63,IN,2026-07-06 07:04:03,POS4718
CRD0035485,CARD0640,P00061,5411,2295.5,IN,2026-07-07 17:06:37,POS2988
CRD0035487,CARD0640,P00094,6012,6282.13,IN,2026-08-26 11:42:15,ONLINE
CRD0035498,CARD0640,P00094,6012,8449.23,IN,2026-09-01 08:26:42,POS7160
CRD0035499,CARD0640,P00094,6012,4526.46,IN,2026-07-13 10:59:03,ONLINE
CRD0035502,CARD0640,P00123,5812,1194.8,IN,2026-08-30 19:38:22,ONLINE
CRD0035511,CARD0640,P00061,5411,724.08,IN,2026-07-14 18:15:30,ONLINE
CRD0035516,CARD0640,P00064,5311,9949.37,IN,2026-08-20 21:30:06,ONLINE
CRD0035517,CARD0640,P00100,8011,2704.76,IN,2026-07-03 10:10:26,ONLINE
CRD0035531,CARD0640,P00107,4900,3914.22,IN,2026-09-12 06:12:30,POS6767
CRD0035534,CARD0640,P00398,5541,2455.27,IN,2026-09-01 09:07:04,ONLINE
CRD0035538,CARD0640,P00398,5541,2669.59,IN,2026-09-09 16:02:28,ONLINE
CRD0035539,CARD0640,P00273,5411,4450.33,IN,2026-08-06 13:05:41,ONLINE
CRD0035542,CARD0640,P00069,5311,19554.77,IN,2026-08-15 09:08:58,POS3223
CRD0035545,CARD0640,P00244,5541,2005.87,IN,2026-08-06 13:41:13,POS3263
CRD0035548,CARD0640,P00061,5411,821.26,IN,2026-09-13 22:19:24,POS6461
CRD0035550,CARD0640,P00123,5812,1253.57,IN,2026-08-20 12:25:25,ONLINE
CRD0035552,CARD0640,P00323,4722,9290.02,IN,2026-07-02 10:53:24,POS1198
CRD0035553,CARD0640,P00123,5812,1307.71,IN,2026-08-18 16:26:57,POS1297
CRD0035554,CARD0640,P00194,4814,1969.17,IN,2026-08-26 13:55:48,ONLINE
CRD0035556,CARD0640,P00244,5541,4159.73,IN,2026-07-30 15:31:22,ONLINE
CRD0035564,CARD0641,P00368,4814,328.06,IN,2026-09-07 09:50:58,ONLINE
CRD0035570,CARD0641,P00185,5541,793.64,IN,2026-08-04 20:55:22,ONLINE
CRD0035575,CARD0641,P00368,4814,200.31,IN,2026-08-13 15:54:30,POS6731
CRD0035577,CARD0641,P00019,4814,238.11,IN,2026-08-30 07:42:08,ONLINE
CRD0035588,CARD0641,P00085,4900,1198.27,IN,2026-08-01 11:02:08,POS6330
CRD0035594,CARD0641,P00085,4900,2747.3,IN,2026-08-23 10:35:52,POS9223
CRD0035600,CARD0642,P00300,6012,1337.99,IN,2026-08-18 18:02:19,ONLINE
CRD0035604,CARD0642,P00225,5411,690.47,IN,2026-08-03 08:25:31,POS8115
CRD0035605,CARD0642,P00275,5541,587.37,IN,2026-09-01 20:56:44,POS9261
CRD0035606,CARD0642,P00225,5411,1307.92,IN,2026-08-19 18:53:59,POS7503
CRD0035610,CARD0642,P00300,6012,429.95,IN,2026-08-07 17:37:05,POS3391
CRD0035612,CARD0642,P00310,5411,181.49,IN,2026-07-01 14:44:13,ONLINE
CRD0035618,CARD0642,P00275,5541,277.75,IN,2026-07-15 18:12:44,POS1359
CRD0035622,CARD0642,P00275,5541,872.05,IN,2026-07-03 18:43:36,POS1809
CRD0035628,CARD0642,P00009,6012,1586.32,IN,2026-07-15 13:33:28,POS1824
CRD0035629,CARD0642,P00227,4814,158.74,IN,2026-09-07 19:55:41,POS3429
CRD0035631,CARD0642,P00275,5541,496.2,IN,2026-08-14 13:04:28,ONLINE
CRD0035632,CARD0642,P00227,4814,401.74,IN,2026-08-25 17:32:08,ONLINE
CRD0035638,CARD0642,P00137,7832,359.34,IN,2026-07-19 13:25:08,ONLINE
CRD0035646,CARD0642,P00225,5411,519.79,IN,2026-08-30 16:36:10,ONLINE
CRD0035647,CARD0642,P00043,5311,946.08,IN,2026-08-22 17:33:07,POS2880
CRD0035653,CARD0642,P00310,5411,320.07,IN,2026-07-15 13:21:39,POS7564
CRD0035662,CARD0643,P00399,4814,874.68,IN,2026-07-18 16:23:38,ONLINE
CRD0035664,CARD0643,P00025,5311,1456.95,IN,2026-08-29 09:29:14,POS7854
CRD0035670,CARD0643,P00068,5411,2573.06,IN,2026-08-31 23:18:12,ONLINE
CRD0035671,CARD0643,P00029,5411,729.25,IN,2026-07-23 15:39:46,ONLINE
CRD0035677,CARD0643,P00068,5411,1566.5,IN,2026-08-24 22:48:59,POS8884
CRD0035680,CARD0643,P00081,5411,1438.43,IN,2026-07-03 12:52:52,ONLINE
CRD0035685,CARD0644,P00168,5411,3190.44,IN,2026-08-18 15:03:48,POS1740
CRD0035688,CARD0644,P00257,6012,2164.22,IN,2026-07-16 08:58:03,ONLINE
CRD0035706,CARD0644,P00257,6012,3924.69,IN,2026-08-29 06:48:28,POS1465
CRD0035709,CARD0644,P00072,5812,862.58,IN,2026-08-20 19:01:23,POS6865
CRD0035714,CARD0644,P00253,4814,4111.73,IN,2026-07-02 09:24:49,POS6774
CRD0035717,CARD0644,P00394,4814,762.89,IN,2026-07-29 00:04:50,ONLINE
CRD0035729,CARD0645,P00186,4900,4119.69,IN,2026-07-28 16:19:17,ONLINE
CRD0035732,CARD0645,P00088,5812,700.54,IN,2026-09-09 09:54:01,POS7811
CRD0035735,CARD0645,P00355,4814,2822.74,IN,2026-07-31 08:26:54,POS3229
CRD0035742,CARD0645,P00061,5411,4106.02,IN,2026-07-17 19:09:12,POS6089
CRD0035746,CARD0645,P00088,5812,1601.66,IN,2026-07-18 23:03:45,POS3274
CRD0035752,CARD0645,P00252,5411,740.36,IN,2026-08-06 16:34:51,POS2587
CRD0035761,CARD0645,P00189,5812,759.11,IN,2026-08-06 11:39:09,POS7477
CRD0035764,CARD0645,P00082,5411,1617.93,IN,2026-09-09 22:14:58,ONLINE
CRD0035771,CARD0645,P00253,4814,530.73,IN,2026-07-28 21:13:35,ONLINE
CRD0035788,CARD0646,P00262,5812,996.67,IN,2026-09-09 11:45:31,POS2186
CRD0035800,CARD0646,P00262,5812,786.52,IN,2026-07-21 14:13:07,ONLINE
CRD0035804,CARD0646,P00164,6513,50442.3,IN,2026-08-27 18:33:45,ONLINE
CRD0035813,CARD0646,P00076,5411,2522.19,IN,2026-09-02 23:53:02,ONLINE
CRD0035817,CARD0647,P00313,5541,1765.66,IN,2026-08-29 12:20:25,ONLINE
CRD0035818,CARD0647,P00101,5311,6849.83,IN,2026-08-07 08:14:00,POS1736
CRD0035820,CARD0647,P00362,5411,641.15,IN,2026-08-31 19:50:35,POS4559
CRD0035823,CARD0647,P00313,5541,2152.93,IN,2026-08-30 10:51:58,ONLINE
CRD0035824,CARD0647,P00037,6012,747.76,IN,2026-08-31 10:50:21,POS7503
CRD0035833,CARD0647,P00362,5411,3888.04,IN,2026-07-13 09:01:15,POS8025
CRD0035835,CARD0647,P00101,5311,4528.85,IN,2026-07-11 21:55:52,POS8489
CRD0035837,CARD0647,P00037,6012,1621.92,IN,2026-09-03 12:55:27,ONLINE
CRD0035838,CARD0647,P00362,5411,1303.62,IN,2026-07-01 20:22:04,POS2236
CRD0035845,CARD0647,P00071,5411,2379.31,IN,2026-07-29 08:16:41,ONLINE
CRD0035856,CARD0647,P00258,5812,283.37,IN,2026-08-06 14:15:09,POS5029
CRD0035863,CARD0647,P00172,5541,1764.11,IN,2026-07-12 10:45:57,POS8125
CRD0035864,CARD0647,P00144,7832,440.49,IN,2026-08-20 21:29:43,ONLINE
CRD0035867,CARD0647,P00319,6012,3130.23,IN,2026-09-08 17:07:42,ONLINE
CRD0035875,CARD0647,P00037,6012,985.92,IN,2026-08-19 12:18:24,ONLINE
CRD0035878,CARD0647,P00002,6012,1772.75,IN,2026-07-13 15:45:05,POS1101
CRD0035881,CARD0647,P00319,6012,1841.95,IN,2026-07-30 23:32:46,ONLINE
CRD0035882,CARD0647,P00101,5311,2431.35,IN,2026-07-15 09:54:48,ONLINE
CRD0035884,CARD0647,P00362,5411,727.52,IN,2026-08-27 18:15:04,ONLINE
CRD0035886,CARD0647,P00282,5411,1958.03,IN,2026-07-03 14:51:34,POS9959
CRD0035887,CARD0647,P00222,5812,673.91,IN,2026-08-12 09:14:15,POS6672
CRD0035898,CARD0648,P00032,5812,2038.56,IN,2026-07-24 16:27:48,ONLINE
CRD0035900,CARD0648,P00375,5812,523.27,IN,2026-09-06 18:26:09,POS9903
CRD0035908,CARD0648,P00032,5812,2493.28,IN,2026-08-03 18:48:45,POS1899
CRD0035913,CARD0648,P00289,5812,2046.86,IN,2026-08-22 20:10:02,ONLINE
CRD0035914,CARD0648,P00375,5812,3794.91,IN,2026-09-03 08:18:42,POS2493
CRD0035920,CARD0648,P00349,5812,624.77,IN,2026-07-09 12:43:22,ONLINE
CRD0035927,CARD0648,P00349,5812,1347.35,IN,2026-09-02 08:45:34,POS3019
CRD0035934,CARD0648,P00180,4900,1374.46,IN,2026-09-12 21:16:16,ONLINE
CRD0035936,CARD0648,P00148,5311,5281.85,IN,2026-08-17 16:45:05,POS7278
CRD0035941,CARD0648,P00180,4900,3333.35,IN,2026-08-28 17:56:48,POS3957
CRD0035946,CARD0648,P00148,5311,4974.0,IN,2026-07-23 11:16:47,ONLINE
CRD0035952,CARD0648,P00375,5812,587.35,IN,2026-07-11 13:33:32,POS4706
CRD0035954,CARD0648,P00180,4900,2836.15,IN,2026-07-01 13:28:33,ONLINE
CRD0035956,CARD0648,P00148,5311,2430.51,IN,2026-09-07 16:26:34,ONLINE
CRD0035967,CARD0649,P00141,4900,14256.05,IN,2026-08-16 21:21:59,ONLINE
CRD0035971,CARD0649,P00290,5812,811.45,IN,2026-08-23 08:44:35,POS8888
CRD0035973,CARD0649,P00132,4900,1299.63,IN,2026-08-16 23:20:43,ONLINE
CRD0035976,CARD0649,P00382,5812,1677.9,IN,2026-07-11 11:59:59,ONLINE
CRD0035977,CARD0649,P00037,6012,1903.21,IN,2026-07-04 06:48:06,POS7024
CRD0035981,CARD0649,P00382,5812,1203.22,IN,2026-07-01 08:02:28,ONLINE
CRD0035982,CARD0649,P00290,5812,1427.91,IN,2026-08-28 21:42:25,ONLINE
CRD0035988,CARD0649,P00060,7832,1691.93,IN,2026-08-05 12:20:49,ONLINE
CRD0035989,CARD0649,P00307,5311,3237.71,IN,2026-08-09 17:30:29,POS9011
CRD0035992,CARD0649,P00307,5311,4320.12,IN,2026-08-05 18:06:09,POS8869
CRD0035998,CARD0649,P00211,7832,3579.32,IN,2026-08-11 18:19:13,ONLINE
CRD0036002,CARD0649,P00211,7832,1577.81,IN,2026-08-07 12:54:43,POS8769
CRD0036003,CARD0649,P00015,4722,5749.97,IN,2026-08-18 15:36:20,ONLINE
CRD0036009,CARD0649,P00290,5812,1743.19,IN,2026-07-20 11:35:12,POS5889
CRD0036012,CARD0649,P00388,5411,1316.87,IN,2026-09-06 10:37:10,ONLINE
CRD0036014,CARD0649,P00359,5411,2889.09,IN,2026-07-11 18:10:44,ONLINE
CRD0036015,CARD0649,P00060,7832,2839.29,IN,2026-09-05 07:25:49,ONLINE
CRD0036022,CARD0649,P00141,4900,2521.0,IN,2026-08-10 14:28:50,ONLINE
CRD0036027,CARD0649,P00333,5812,2228.02,IN,2026-08-24 14:51:45,POS7710
CRD0036028,CARD0649,P00132,4900,1579.61,IN,2026-07-21 14:35:22,ONLINE
CRD0036030,CARD0649,P00141,4900,18908.52,IN,2026-07-03 07:59:11,ONLINE
CRD0036037,CARD0650,P00122,8011,2052.76,IN,2026-08-19 10:43:56,POS2721
CRD0036039,CARD0650,P00178,8011,2351.51,IN,2026-09-03 17:13:15,POS8083
CRD0036048,CARD0650,P00143,5411,5531.35,IN,2026-08-06 23:58:13,POS9204
CRD0036058,CARD0650,P00292,5541,1540.85,IN,2026-08-01 12:42:18,POS4022
CRD0036065,CARD0650,P00224,5812,1220.55,IN,2026-07-07 22:27:11,ONLINE
CRD0036067,CARD0650,P00116,6012,2246.46,IN,2026-07-20 12:11:36,POS1460
CRD0036074,CARD0650,P00143,5411,712.36,IN,2026-09-02 07:25:49,POS5170
CRD0036081,CARD0650,P00116,6012,3089.03,IN,2026-07-12 20:32:10,ONLINE
CRD0036086,CARD0650,P00242,4900,2306.35,IN,2026-08-09 12:25:07,POS2584
CRD0036087,CARD0650,P00294,5311,2747.54,IN,2026-07-12 13:57:06,POS8571
CRD0036090,CARD0650,P00143,5411,3698.59,IN,2026-08-28 08:21:52,POS1178
CRD0036097,CARD0651,P00007,5812,934.4,IN,2026-08-22 21:30:27,ONLINE
CRD0036098,CARD0651,P00336,5812,1293.1,IN,2026-07-20 14:33:13,ONLINE
CRD0036102,CARD0651,P00363,5541,6052.41,IN,2026-08-07 15:54:10,POS8800
CRD0036111,CARD0651,P00363,5541,1361.63,IN,2026-08-10 14:03:12,POS6615
CRD0036116,CARD0651,P00007,5812,245.03,IN,2026-07-12 15:46:40,ONLINE
CRD0036125,CARD0651,P00261,6012,883.24,IN,2026-07-14 02:22:52,ONLINE
CRD0036130,CARD0651,P00167,5812,388.78,IN,2026-08-12 09:33:13,ONLINE
CRD0036133,CARD0651,P00349,5812,533.71,IN,2026-08-26 02:51:17,POS6685
CRD0036144,CARD0652,P00041,4722,16161.92,IN,2026-08-09 23:55:35,POS8107
CRD0036146,CARD0652,P00337,6513,20863.23,IN,2026-09-10 20:16:31,ONLINE
CRD0036148,CARD0652,P00337,6513,11956.26,IN,2026-08-24 14:25:29,ONLINE
CRD0036152,CARD0652,P00110,7832,725.11,IN,2026-07-16 16:43:34,ONLINE
CRD0036157,CARD0652,P00041,4722,3432.25,IN,2026-07-27 07:54:09,ONLINE
CRD0036160,CARD0652,P00092,5411,2163.82,IN,2026-09-10 20:23:45,ONLINE
CRD0036166,CARD0652,P00044,5411,2802.49,IN,2026-08-01 16:37:19,POS2200
CRD0036171,CARD0653,P00191,6513,1791.41,IN,2026-07-24 06:08:56,ONLINE
CRD0036174,CARD0653,P00175,5311,2096.19,IN,2026-08-01 18:01:45,POS2828
CRD0036175,CARD0653,P00120,5411,1510.81,IN,2026-09-05 08:06:23,POS8205
CRD0036177,CARD0653,P00323,4722,3756.2,IN,2026-07-29 22:34:28,ONLINE
CRD0036180,CARD0653,P00332,5311,3818.13,IN,2026-07-31 13:40:40,POS5378
CRD0036181,CARD0653,P00084,7832,579.85,IN,2026-07-30 12:26:03,ONLINE
CRD0036188,CARD0653,P00191,6513,6084.93,IN,2026-09-03 19:10:18,POS5982
CRD0036190,CARD0653,P00084,7832,715.96,IN,2026-08-09 16:25:50,ONLINE
CRD0036193,CARD0653,P00363,5541,1091.3,IN,2026-08-18 13:08:03,POS4503
CRD0036195,CARD0653,P00069,5311,2304.49,IN,2026-07-28 16:55:32,ONLINE
CRD0036203,CARD0653,P00313,5541,1896.37,IN,2026-07-23 11:50:55,POS1382
CRD0036206,CARD0653,P00061,5411,374.97,IN,2026-08-16 09:08:37,POS5374
CRD0036209,CARD0653,P00279,5812,741.13,IN,2026-07-09 11:42:42,ONLINE
CRD0036211,CARD0653,P00323,4722,3700.36,IN,2026-08-14 11:00:35,POS7525
CRD0036212,CARD0653,P00310,5411,787.08,IN,2026-08-04 22:22:16,POS9891
CRD0036224,CARD0653,P00069,5311,6456.4,IN,2026-08-07 20:06:05,POS5761
CRD0036237,CARD0654,P00298,4814,2682.37,IN,2026-07-11 22:07:43,POS4887
CRD0036240,CARD0654,P00298,4814,974.14,IN,2026-07-15 09:46:47,POS1626
CRD0036244,CARD0654,P00283,5311,4874.15,IN,2026-09-04 19:46:24,ONLINE
CRD0036248,CARD0654,P00004,5411,4057.18,IN,2026-07-26 11:06:13,POS3468
CRD0036260,CARD0654,P00283,5311,5127.64,IN,2026-08-30 08:32:38,ONLINE
CRD0036269,CARD0654,P00172,5541,872.95,IN,2026-07-18 01:27:22,ONLINE
CRD0036274,CARD0654,P00172,5541,6718.59,IN,2026-07-23 07:31:32,ONLINE
CRD0036279,CARD0654,P00367,5411,2462.83,IN,2026-07-07 18:54:49,POS6475
CRD0036285,CARD0654,P00172,5541,2872.99,IN,2026-08-15 13:27:13,POS8603
CRD0036297,CARD0655,P00340,4900,2916.08,IN,2026-09-02 13:35:01,POS4097
CRD0036300,CARD0655,P00071,5411,2989.47,IN,2026-07-23 07:55:50,ONLINE
CRD0036304,CARD0655,P00286,5812,668.06,IN,2026-07-29 12:51:50,POS5740
CRD0036306,CARD0655,P00113,6513,2024.13,IN,2026-09-05 21:33:45,ONLINE
CRD0036308,CARD0655,P00023,4722,1279.64,IN,2026-08-04 08:27:42,POS2478
CRD0036311,CARD0655,P00346,5541,1070.26,IN,2026-07-15 12:37:12,POS9160
CRD0036313,CARD0655,P00006,5411,477.93,IN,2026-08-30 19:34:15,POS2232
CRD0036316,CARD0655,P00286,5812,509.61,IN,2026-08-02 09:47:34,POS9359
CRD0036322,CARD0655,P00086,4900,4870.74,IN,2026-07-31 12:15:05,ONLINE
CRD0036325,CARD0655,P00004,5411,1321.18,IN,2026-07-03 12:50:37,POS5312
CRD0036329,CARD0655,P00340,4900,2214.14,IN,2026-09-07 18:10:27,POS7393
CRD0036332,CARD0655,P00346,5541,1998.64,IN,2026-08-13 10:44:37,POS8500
CRD0036336,CARD0655,P00292,5541,1161.16,IN,2026-07-16 16:26:25,ONLINE
CRD0036344,CARD0656,P00274,6012,989.79,IN,2026-07-02 21:08:14,POS2017
CRD0036353,CARD0656,P00066,4722,3939.92,IN,2026-08-11 23:56:42,ONLINE
CRD0036363,CARD0656,P00104,5541,2220.82,IN,2026-07-22 11:32:32,ONLINE
CRD0036364,CARD0656,P00037,6012,973.12,IN,2026-07-20 20:31:48,ONLINE
CRD0036366,CARD0656,P00350,6012,738.75,IN,2026-08-27 21:01:01,POS5228
CRD0036376,CARD0656,P00350,6012,899.0,IN,2026-08-18 18:06:04,POS3354
CRD0036383,CARD0656,P00025,5311,2902.68,IN,2026-07-14 17:29:58,ONLINE
CRD0036386,CARD0656,P00382,5812,883.55,IN,2026-07-05 21:29:13,POS1676
CRD0036387,CARD0656,P00274,6012,2121.83,IN,2026-07-12 22:13:08,POS7445
CRD0036394,CARD0657,P00206,5541,585.71,IN,2026-07-14 12:08:05,ONLINE
CRD0036399,CARD0657,P00131,5411,516.27,IN,2026-09-08 08:15:27,ONLINE
CRD0036401,CARD0657,P00130,5411,394.29,IN,2026-07-13 11:02:06,ONLINE
CRD0036402,CARD0657,P00341,5812,692.59,IN,2026-07-13 08:17:36,ONLINE
CRD0036403,CARD0657,P00143,5411,1257.79,IN,2026-07-29 22:54:24,ONLINE
CRD0036405,CARD0657,P00348,6012,1122.21,IN,2026-09-09 12:48:41,ONLINE
CRD0036407,CARD0657,P00117,5411,1149.94,IN,2026-07-19 21:22:24,ONLINE
CRD0036408,CARD0657,P00341,5812,193.19,IN,2026-07-05 17:16:11,ONLINE
CRD0036412,CARD0657,P00336,5812,83.71,IN,2026-08-09 21:16:33,ONLINE
CRD0036413,CARD0657,P00363,5541,1215.38,IN,2026-09-09 11:53:45,ONLINE
CRD0036416,CARD0657,P00117,5411,263.41,IN,2026-07-25 08:24:23,ONLINE
CRD0036418,CARD0657,P00046,6012,1373.19,IN,2026-07-20 15:00:06,ONLINE
CRD0036419,CARD0657,P00117,5411,189.68,IN,2026-07-23 15:46:43,POS4503
CRD0036421,CARD0657,P00117,5411,752.42,IN,2026-07-23 08:20:57,ONLINE
CRD0036424,CARD0657,P00131,5411,461.2,IN,2026-08-19 16:00:44,POS8967
CRD0036436,CARD0657,P00348,6012,1298.55,IN,2026-08-25 13:37:07,POS4486
CRD0036439,CARD0657,P00131,5411,720.09,IN,2026-07-09 17:49:41,ONLINE
CRD0036445,CARD0657,P00341,5812,301.88,IN,2026-07-07 09:32:09,ONLINE
CRD0036450,CARD0658,P00335,6513,11935.09,IN,2026-09-11 15:12:50,POS4213
CRD0036451,CARD0658,P00354,7832,670.03,IN,2026-08-02 10:35:47,POS6744
CRD0036452,CARD0658,P00353,5311,4926.18,IN,2026-07-17 20:16:54,ONLINE
CRD0036453,CARD0658,P00276,7832,3462.93,IN,2026-08-01 19:37:41,POS1761
CRD0036456,CARD0658,P00020,7832,1531.41,IN,2026-09-13 18:10:14,ONLINE
CRD0036457,CARD0658,P00314,7832,1774.03,IN,2026-07-13 13:17:02,POS5136
CRD0036464,CARD0658,P00371,5411,3664.14,IN,2026-08-17 18:22:59,ONLINE
CRD0036469,CARD0658,P00250,4814,894.67,IN,2026-09-08 15:51:31,ONLINE
CRD0036471,CARD0658,P00009,6012,5713.18,IN,2026-07-06 11:38:47,POS9526
CRD0036472,CARD0658,P00353,5311,2038.56,IN,2026-09-01 18:55:49,ONLINE
CRD0036481,CARD0658,P00371,5411,1370.15,IN,2026-08-13 14:36:37,POS7684
CRD0036486,CARD0658,P00354,7832,953.26,IN,2026-07-27 13:09:13,POS5178
CRD0036495,CARD0658,P00184,5812,1393.07,IN,2026-07-10 13:43:52,ONLINE
CRD0036496,CARD0658,P00380,5411,2143.07,IN,2026-08-19 22:56:20,ONLINE
CRD0036498,CARD0658,P00354,7832,1627.28,IN,2026-08-09 20:31:59,POS1485
CRD0036499,CARD0658,P00371,5411,2333.22,IN,2026-07-23 12:46:13,POS3031
CRD0036501,CARD0658,P00070,7832,1552.72,IN,2026-08-15 09:37:14,ONLINE
CRD0036516,CARD0659,P00303,6012,1293.7,IN,2026-07-26 19:52:06,ONLINE
CRD0036517,CARD0659,P00153,5411,670.4,IN,2026-08-06 17:35:20,ONLINE
CRD0036522,CARD0659,P00129,5311,1254.4,IN,2026-08-07 06:54:19,ONLINE
CRD0036523,CARD0659,P00144,7832,941.37,IN,2026-07-15 10:38:08,ONLINE
CRD0036529,CARD0659,P00312,5411,583.93,IN,2026-08-18 00:00:29,POS5162
CRD0036533,CARD0659,P00087,5812,551.44,IN,2026-07-21 20:34:18,ONLINE
CRD0036535,CARD0659,P00062,6012,1048.67,IN,2026-08-08 14:30:26,ONLINE
CRD0036538,CARD0659,P00254,6012,1066.19,IN,2026-07-15 18:54:58,ONLINE
CRD0036547,CARD0659,P00216,7832,270.34,IN,2026-07-26 21:19:50,POS3887
CRD0036560,CARD0660,P00383,5812,2593.67,IN,2026-07-26 23:30:20,ONLINE
CRD0036568,CARD0660,P00263,5311,14135.62,IN,2026-07-15 16:19:02,POS7558
CRD0036578,CARD0660,P00263,5311,17873.01,IN,2026-08-03 14:28:29,ONLINE
CRD0036590,CARD0660,P00263,5311,8880.0,IN,2026-09-04 19:49:31,ONLINE
CRD0036594,CARD0660,P00228,5541,22317.24,IN,2026-07-28 23:05:11,POS5640
CRD0036595,CARD0660,P00067,8011,15995.58,IN,2026-09-06 19:49:32,ONLINE
CRD0036599,CARD0660,P00243,6012,17114.67,IN,2026-07-20 16:00:01,ONLINE
CRD0036605,CARD0660,P00317,5812,3923.21,IN,2026-09-01 12:57:26,ONLINE
CRD0036607,CARD0660,P00067,8011,13330.12,IN,2026-07-17 12:29:10,POS2319
CRD0036619,CARD0660,P00382,5812,1416.33,IN,2026-07-24 16:36:20,ONLINE
CRD0036627,CARD0660,P00126,4722,16567.66,IN,2026-08-02 18:30:33,POS9534
CRD0036630,CARD0660,P00299,5411,16593.9,IN,2026-09-02 20:22:34,ONLINE
CRD0036634,CARD0660,P00228,5541,8407.25,IN,2026-08-23 17:33:11,ONLINE
CRD0036644,CARD0661,P00108,5311,2159.32,IN,2026-08-21 16:35:08,POS5193
CRD0036646,CARD0661,P00169,5411,594.03,IN,2026-08-17 11:24:57,POS4022
CRD0036649,CARD0661,P00099,5411,674.97,IN,2026-07-03 13:03:47,POS8148
CRD0036657,CARD0661,P00203,5541,528.83,IN,2026-07-22 12:14:54,POS6316
CRD0036660,CARD0661,P00031,6012,420.77,IN,2026-08-24 18:25:29,POS8474
CRD0036663,CARD0661,P00108,5311,1091.33,IN,2026-07-27 10:41:42,ONLINE
CRD0036670,CARD0661,P00056,5812,469.3,IN,2026-07-27 09:56:10,ONLINE
CRD0036674,CARD0661,P00045,5311,2534.35,IN,2026-08-24 10:06:07,POS8905
CRD0036676,CARD0661,P00045,5311,847.03,IN,2026-08-10 21:01:23,POS6942
CRD0036681,CARD0661,P00184,5812,111.98,IN,2026-07-22 12:22:26,POS8299
CRD0036683,CARD0661,P00169,5411,177.15,IN,2026-09-07 09:35:26,ONLINE
CRD0036684,CARD0661,P00096,7832,397.94,IN,2026-07-17 22:42:32,ONLINE
CRD0036698,CARD0662,P00277,6012,1322.75,IN,2026-07-27 17:51:29,POS5454
CRD0036699,CARD0662,P00176,6012,1128.39,IN,2026-07-04 13:18:58,POS2782
CRD0036700,CARD0662,P00026,6012,878.66,IN,2026-07-19 21:52:11,ONLINE
CRD0036704,CARD0662,P00366,5812,113.56,IN,2026-07-27 09:22:57,ONLINE
CRD0036712,CARD0662,P00026,6012,1134.92,IN,2026-08-07 07:57:34,ONLINE
CRD0036716,CARD0662,P00176,6012,772.04,IN,2026-07-07 14:03:38,POS6479
CRD0036724,CARD0662,P00286,5812,679.32,IN,2026-07-10 08:42:07,ONLINE
CRD0036726,CARD0662,P00366,5812,736.67,IN,2026-07-22 15:34:05,POS9350
CRD0036733,CARD0663,P00073,6012,2410.58,IN,2026-07-11 12:24:56,POS3577
CRD0036736,CARD0663,P00157,6513,6249.86,IN,2026-07-03 16:45:28,ONLINE
CRD0036737,CARD0663,P00222,5812,1478.19,IN,2026-08-23 14:41:45,POS2340
CRD0036741,CARD0663,P00168,5411,2877.97,IN,2026-07-05 21:35:01,POS6237
CRD0036743,CARD0663,P00157,6513,7752.73,IN,2026-07-12 11:38:37,ONLINE
CRD0036745,CARD0663,P00073,6012,825.25,IN,2026-08-29 18:58:17,ONLINE
CRD0036747,CARD0663,P00070,7832,660.25,IN,2026-08-21 17:10:48,ONLINE
CRD0036750,CARD0663,P00314,7832,2001.87,IN,2026-07-10 18:30:55,POS8582
CRD0036751,CARD0663,P00314,7832,2271.41,IN,2026-09-02 11:19:51,POS1895
CRD0036766,CARD0663,P00314,7832,2025.98,IN,2026-07-21 20:33:46,POS7030
CRD0036767,CARD0663,P00031,6012,1856.48,IN,2026-08-15 13:12:22,POS2188
CRD0036771,CARD0663,P00157,6513,16757.67,IN,2026-08-02 17:49:35,POS9373
CRD0036772,CARD0663,P00073,6012,1700.22,IN,2026-08-19 15:27:34,ONLINE
CRD0036773,CARD0663,P00031,6012,2731.81,IN,2026-09-10 20:40:57,ONLINE
CRD0036778,CARD0664,P00222,5812,1766.89,IN,2026-09-05 21:31:01,ONLINE
CRD0036789,CARD0664,P00296,5812,2817.04,IN,2026-09-01 12:20:16,ONLINE
CRD0036790,CARD0664,P00163,5411,3459.02,IN,2026-07-14 18:05:39,ONLINE
CRD0036791,CARD0664,P00260,5311,18019.56,IN,2026-08-31 15:26:02,ONLINE
CRD0036795,CARD0664,P00163,5411,4369.42,IN,2026-08-27 13:01:48,POS7433
CRD0036798,CARD0664,P00089,4722,28294.71,IN,2026-08-16 08:02:12,ONLINE
CRD0036804,CARD0664,P00246,5411,10691.39,IN,2026-08-04 01:08:19,POS5485
CRD0036805,CARD0664,P00296,5812,2683.75,IN,2026-08-24 10:38:49,ONLINE
CRD0036809,CARD0664,P00163,5411,2211.05,IN,2026-07-02 19:59:46,ONLINE
CRD0036814,CARD0665,P00014,6012,1356.08,IN,2026-07-12 16:44:28,POS2691
CRD0036815,CARD0665,P00107,4900,6391.95,IN,2026-07-02 20:18:38,ONLINE
CRD0036817,CARD0665,P00086,4900,2162.56,IN,2026-07-15 21:17:19,POS6353
CRD0036818,CARD0665,P00221,5812,1528.75,IN,2026-08-11 07:32:55,ONLINE
CRD0036820,CARD0665,P00332,5311,3095.59,IN,2026-08-09 18:17:45,POS1950
CRD0036833,CARD0666,P00201,4722,5756.1,IN,2026-07-22 21:04:34,ONLINE
CRD0036834,CARD0666,P00201,4722,6772.63,IN,2026-07-31 17:36:34,ONLINE
CRD0036835,CARD0666,P00070,7832,1388.78,IN,2026-07-20 20:27:45,POS6864
CRD0036836,CARD0666,P00094,6012,2852.07,IN,2026-08-26 08:10:10,POS9685
CRD0036840,CARD0666,P00263,5311,2937.06,IN,2026-07-03 17:33:04,POS9730
CRD0036849,CARD0666,P00400,8011,5411.12,IN,2026-08-16 17:42:09,POS3268
CRD0036851,CARD0666,P00078,7832,1162.71,IN,2026-08-27 09:34:22,ONLINE
CRD0036854,CARD0666,P00078,7832,888.58,IN,2026-07-30 06:51:44,ONLINE
CRD0036858,CARD0666,P00201,4722,6892.98,IN,2026-08-29 15:06:21,POS4307
CRD0036861,CARD0666,P00260,5311,2911.94,IN,2026-08-02 18:54:36,POS5582
CRD0036874,CARD0667,P00107,4900,890.14,IN,2026-08-20 18:21:12,POS7605
CRD0036878,CARD0667,P00342,5311,2569.52,IN,2026-09-02 14:58:07,POS9714
CRD0036880,CARD0667,P00222,5812,263.23,IN,2026-07-11 22:38:50,POS2680
CRD0036881,CARD0667,P00044,5411,437.28,IN,2026-08-07 16:23:14,ONLINE
CRD0036885,CARD0667,P00200,5411,1931.19,IN,2026-08-19 20:02:37,POS9974
CRD0036891,CARD0667,P00017,5411,489.26,IN,2026-08-27 08:01:49,POS9344
CRD0036894,CARD0667,P00200,5411,803.46,IN,2026-08-26 10:13:08,POS6915
CRD0036895,CARD0667,P00342,5311,459.13,IN,2026-09-03 19:39:31,POS3525
CRD0036898,CARD0667,P00331,7832,236.79,IN,2026-07-02 10:19:57,ONLINE
CRD0036899,CARD0667,P00374,6513,1401.23,IN,2026-08-07 20:00:50,ONLINE
CRD0036900,CARD0667,P00353,5311,3463.82,IN,2026-08-21 11:55:20,ONLINE
CRD0036913,CARD0667,P00017,5411,261.8,IN,2026-07-20 13:49:50,ONLINE
CRD0036915,CARD0667,P00374,6513,2820.97,IN,2026-08-02 13:00:46,ONLINE
CRD0036920,CARD0667,P00022,6012,641.68,IN,2026-08-12 15:21:26,ONLINE
CRD0036928,CARD0667,P00374,6513,1630.94,IN,2026-08-02 13:29:11,POS1938
CRD0036930,CARD0667,P00374,6513,1992.88,IN,2026-07-10 15:42:34,POS5274
CRD0036934,CARD0668,P00278,5541,2284.93,IN,2026-07-24 13:12:01,ONLINE
CRD0036944,CARD0668,P00182,4722,1771.62,IN,2026-07-03 16:52:49,POS8676
CRD0036948,CARD0668,P00378,5411,858.56,IN,2026-07-05 18:01:28,POS6004
CRD0036951,CARD0668,P00378,5411,685.77,IN,2026-07-01 20:36:59,POS3178
CRD0036959,CARD0668,P00164,6513,1993.43,IN,2026-08-13 09:28:55,ONLINE
CRD0036960,CARD0668,P00071,5411,1135.68,IN,2026-08-04 17:42:26,ONLINE
CRD0036970,CARD0669,P00294,5311,315.08,IN,2026-07-27 11:22:53,ONLINE
CRD0036971,CARD0669,P00110,7832,752.66,IN,2026-08-13 03:30:47,ONLINE
CRD0036978,CARD0669,P00386,6012,938.44,IN,2026-07-20 02:30:21,POS5735
CRD0036980,CARD0669,P00294,5311,1116.57,IN,2026-08-30 14:26:43,ONLINE
CRD0036994,CARD0669,P00177,5812,723.43,IN,2026-07-17 20:21:12,ONLINE
CRD0037003,CARD0669,P00040,5411,405.6,IN,2026-08-15 12:30:09,POS7812
CRD0037009,CARD0669,P00047,6012,2009.12,IN,2026-07-08 19:42:13,POS8515
CRD0037014,CARD0669,P00047,6012,652.18,IN,2026-08-12 16:39:46,ONLINE
CRD0037017,CARD0669,P00315,4900,1919.85,IN,2026-07-20 17:19:33,POS8351
CRD0037018,CARD0669,P00047,6012,566.73,IN,2026-09-07 19:34:26,ONLINE
CRD0037033,CARD0670,P00093,5812,73.32,IN,2026-08-22 16:49:29,ONLINE
CRD0037036,CARD0670,P00199,5812,196.73,IN,2026-09-05 18:58:43,ONLINE
CRD0037038,CARD0670,P00123,5812,220.85,IN,2026-07-26 13:00:37,ONLINE
CRD0037040,CARD0670,P00296,5812,359.64,IN,2026-08-21 18:15:38,POS5482
CRD0037041,CARD0670,P00249,4814,710.87,IN,2026-09-03 00:14:43,POS1112
CRD0037051,CARD0670,P00330,5812,126.99,IN,2026-07-30 07:02:37,ONLINE
CRD0037056,CARD0670,P00093,5812,142.2,IN,2026-08-03 14:28:20,ONLINE
CRD0037059,CARD0670,P00330,5812,197.29,IN,2026-07-18 10:13:01,ONLINE
CRD0037073,CARD0671,P00226,5541,811.96,IN,2026-07-05 20:35:52,POS9128
CRD0037079,CARD0671,P00398,5541,1086.86,IN,2026-07-22 13:58:34,ONLINE
CRD0037090,CARD0671,P00226,5541,4095.67,IN,2026-07-26 14:53:12,ONLINE
CRD0037091,CARD0671,P00073,6012,2221.3,IN,2026-07-18 09:04:17,ONLINE
CRD0037093,CARD0671,P00398,5541,843.13,IN,2026-08-22 21:10:05,POS6850
CRD0037102,CARD0671,P00269,4900,4616.49,IN,2026-07-23 23:57:52,POS6205
CRD0037103,CARD0671,P00256,4900,1918.42,IN,2026-07-06 16:08:09,ONLINE
CRD0037106,CARD0671,P00200,5411,2757.05,IN,2026-09-07 16:48:48,POS7511
CRD0037110,CARD0671,P00001,6012,1500.87,IN,2026-07-16 07:09:54,ONLINE
CRD0037122,CARD0672,P00366,5812,218.65,IN,2026-07-12 16:36:38,ONLINE
CRD0037123,CARD0672,P00360,5541,2617.93,IN,2026-09-09 16:29:20,POS2229
CRD0037130,CARD0672,P00201,4722,1086.07,IN,2026-07-20 15:17:58,ONLINE
CRD0037132,CARD0672,P00098,6012,1161.85,IN,2026-07-21 10:23:12,POS5615
CRD0037136,CARD0672,P00201,4722,2661.42,IN,2026-07-02 13:04:17,POS7485
CRD0037143,CARD0672,P00360,5541,362.0,IN,2026-08-31 13:42:28,ONLINE
CRD0037144,CARD0672,P00038,5411,525.34,IN,2026-08-14 14:03:30,POS2866
CRD0037148,CARD0672,P00089,4722,3040.46,IN,2026-09-13 21:56:50,ONLINE
CRD0037150,CARD0672,P00201,4722,737.57,IN,2026-08-06 20:37:37,POS6866
CRD0037152,CARD0672,P00016,5411,657.07,IN,2026-08-07 07:41:15,POS7099
CRD0037154,CARD0672,P00360,5541,972.17,IN,2026-07-12 21:33:25,ONLINE
CRD0037162,CARD0672,P00201,4722,610.98,IN,2026-08-16 12:24:02,POS7054
CRD0037163,CARD0672,P00380,5411,833.76,IN,2026-09-05 15:52:25,POS3009
CRD0037168,CARD0672,P00089,4722,1951.1,IN,2026-08-14 08:28:39,ONLINE
CRD0037170,CARD0672,P00089,4722,2415.49,IN,2026-07-24 20:09:27,POS2724
CRD0037174,CARD0673,P00322,6012,557.18,IN,2026-08-22 09:03:18,ONLINE
CRD0037177,CARD0673,P00352,4814,209.59,IN,2026-07-21 19:35:11,POS5757
CRD0037180,CARD0673,P00025,5311,1808.32,IN,2026-08-10 08:04:57,ONLINE
CRD0037181,CARD0673,P00188,5812,111.89,IN,2026-09-03 20:38:21,POS9130
CRD0037182,CARD0673,P00322,6012,564.69,IN,2026-09-04 08:36:20,POS2488
CRD0037184,CARD0673,P00024,5411,207.55,IN,2026-08-07 18:10:24,POS1103
CRD0037188,CARD0673,P00025,5311,491.46,IN,2026-07-17 16:32:49,ONLINE
CRD0037192,CARD0673,P00382,5812,311.5,IN,2026-08-31 23:24:39,ONLINE
CRD0037197,CARD0673,P00376,5812,209.74,IN,2026-07-15 11:23:56,POS8360
CRD0037198,CARD0673,P00024,5411,1426.03,IN,2026-08-05 16:43:08,POS4745
CRD0037207,CARD0674,P00281,6513,3608.84,IN,2026-08-31 11:03:38,ONLINE
CRD0037208,CARD0674,P00229,5411,1165.08,IN,2026-09-06 13:09:38,ONLINE
CRD0037209,CARD0674,P00398,5541,702.72,IN,2026-07-07 15:17:24,ONLINE
CRD0037210,CARD0674,P00110,7832,423.5,IN,2026-08-27 18:43:25,ONLINE
CRD0037212,CARD0674,P00068,5411,1010.72,IN,2026-08-16 10:26:27,ONLINE
CRD0037216,CARD0674,P00074,4722,3674.02,IN,2026-07-03 08:14:01,POS5959
CRD0037217,CARD0674,P00028,5411,747.02,IN,2026-08-17 07:42:22,POS8760
CRD0037228,CARD0674,P00074,4722,4263.37,IN,2026-07-10 10:00:50,POS5118
CRD0037237,CARD0674,P00125,5812,227.13,IN,2026-07-12 09:28:20,ONLINE
CRD0037242,CARD0674,P00068,5411,2372.5,IN,2026-09-08 19:10:46,POS7526
CRD0037243,CARD0674,P00281,6513,20569.03,IN,2026-08-10 08:47:43,POS1350
CRD0037245,CARD0674,P00028,5411,175.39,IN,2026-07-17 10:29:12,POS1368
CRD0037246,CARD0674,P00079,5541,1000.76,IN,2026-08-15 16:36:56,ONLINE
CRD0037247,CARD0674,P00110,7832,1177.38,IN,2026-07-20 13:44:36,ONLINE
CRD0037252,CARD0674,P00079,5541,3635.36,IN,2026-07-21 23:20:07,POS9419
CRD0037255,CARD0674,P00194,4814,922.75,IN,2026-08-18 12:02:51,ONLINE
CRD0037259,CARD0674,P00110,7832,665.63,IN,2026-08-23 18:23:40,ONLINE
CRD0037262,CARD0674,P00077,5812,577.37,IN,2026-09-01 12:57:17,POS1947
CRD0037269,CARD0674,P00094,6012,733.4,IN,2026-07-31 13:37:13,POS6939
CRD0037272,CARD0674,P00077,5812,608.29,IN,2026-08-01 07:24:29,POS9799
CRD0037274,CARD0674,P00028,5411,933.46,IN,2026-08-16 13:19:20,POS7533
CRD0037275,CARD0674,P00079,5541,4769.8,IN,2026-09-07 12:54:42,POS4614
CRD0037276,CARD0674,P00194,4814,600.3,IN,2026-08-10 15:43:39,ONLINE
CRD0037282,CARD0674,P00028,5411,2349.8,IN,2026-08-04 20:09:12,POS2715
CRD0037289,CARD0675,P00138,5411,1605.31,IN,2026-07-23 12:23:44,ONLINE
CRD0037296,CARD0675,P00128,5541,216.63,IN,2026-07-30 02:48:18,ONLINE
CRD0037298,CARD0675,P00128,5541,600.66,IN,2026-07-15 07:51:47,ONLINE
CRD0037299,CARD0675,P00011,6012,856.15,IN,2026-07-19 16:51:30,POS9111
CRD0037309,CARD0675,P00173,4814,539.42,IN,2026-08-27 18:42:13,ONLINE
CRD0037313,CARD0675,P00044,5411,419.37,IN,2026-07-12 06:11:15,ONLINE
CRD0037317,CARD0675,P00128,5541,1186.86,IN,2026-07-13 12:18:54,POS3434
CRD0037323,CARD0675,P00055,5311,706.83,IN,2026-07-20 22:30:58,POS2853
CRD0037335,CARD0675,P00394,4814,422.32,IN,2026-07-08 17:50:33,ONLINE
CRD0037339,CARD0675,P00173,4814,259.42,IN,2026-09-01 08:19:31,ONLINE
CRD0037343,CARD0675,P00213,4900,1004.79,IN,2026-09-01 08:26:28,ONLINE
CRD0037354,CARD0676,P00379,4814,1869.81,IN,2026-08-02 09:58:21,ONLINE
CRD0037357,CARD0676,P00298,4814,651.09,IN,2026-07-12 23:17:13,POS1829
CRD0037359,CARD0676,P00321,5812,967.76,IN,2026-07-10 18:29:13,ONLINE
CRD0037364,CARD0676,P00050,5311,4868.38,IN,2026-07-29 15:53:10,POS9057
CRD0037366,CARD0676,P00319,6012,1073.31,IN,2026-07-12 20:13:18,ONLINE
CRD0037370,CARD0676,P00262,5812,1264.44,IN,2026-07-10 12:33:15,POS7298
CRD0037371,CARD0676,P00321,5812,1254.14,IN,2026-07-31 09:19:25,POS5022
CRD0037374,CARD0676,P00050,5311,2639.63,IN,2026-08-18 14:30:40,POS4013
CRD0037377,CARD0676,P00385,6012,2966.13,IN,2026-08-18 12:46:24,ONLINE
CRD0037391,CARD0676,P00379,4814,982.82,IN,2026-08-07 10:42:38,ONLINE
CRD0037393,CARD0676,P00298,4814,2624.05,IN,2026-08-28 10:23:22,POS5962
CRD0037404,CARD0677,P00023,4722,5591.51,IN,2026-07-15 21:58:45,POS4998
CRD0037408,CARD0677,P00111,6513,2264.75,IN,2026-07-14 18:27:06,POS4297
CRD0037409,CARD0677,P00037,6012,2513.88,IN,2026-07-11 11:30:04,POS9434
CRD0037424,CARD0677,P00285,4900,5044.55,IN,2026-09-05 11:58:59,ONLINE
CRD0037428,CARD0677,P00205,6012,2451.47,IN,2026-08-31 14:32:03,POS9277
CRD0037429,CARD0677,P00358,6513,4300.15,IN,2026-07-05 17:06:28,ONLINE
CRD0037430,CARD0677,P00378,5411,841.61,IN,2026-07-23 20:02:22,POS8777
CRD0037431,CARD0677,P00205,6012,2581.02,IN,2026-08-27 19:30:51,POS2118
CRD0037444,CARD0677,P00037,6012,1821.51,IN,2026-07-22 13:58:47,POS9970
CRD0037445,CARD0677,P00285,4900,1864.97,IN,2026-09-05 18:25:43,POS5410
CRD0037450,CARD0678,P00089,4722,23981.75,IN,2026-08-02 00:34:51,ONLINE
CRD0037458,CARD0678,P00252,5411,2636.87,IN,2026-08-14 14:37:41,POS1761
CRD0037462,CARD0678,P00079,5541,1777.86,IN,2026-08-01 19:13:37,POS3314
CRD0037469,CARD0678,P00094,6012,2092.46,IN,2026-07-09 17:15:01,ONLINE
CRD0037477,CARD0678,P00094,6012,3235.63,IN,2026-08-30 01:40:43,ONLINE
CRD0037483,CARD0678,P00270,4722,6307.45,IN,2026-08-26 20:20:58,POS9348
CRD0037484,CARD0678,P00269,4900,20678.54,IN,2026-07-05 18:55:33,POS3862
CRD0037490,CARD0678,P00164,6513,7812.48,IN,2026-08-21 07:47:13,POS7878
CRD0037492,CARD0678,P00094,6012,4851.68,IN,2026-09-06 19:05:13,ONLINE
CRD0037500,CARD0678,P00232,4722,13330.86,IN,2026-07-13 08:47:56,ONLINE
CRD0037501,CARD0678,P00252,5411,2310.84,IN,2026-07-02 12:20:08,POS3428
CRD0037505,CARD0679,P00116,6012,1843.8,IN,2026-07-23 12:06:26,ONLINE
CRD0037508,CARD0679,P00126,4722,6180.17,IN,2026-07-04 00:01:22,POS4470
CRD0037514,CARD0679,P00152,4900,3620.01,IN,2026-08-12 04:35:31,ONLINE
CRD0037516,CARD0679,P00216,7832,1418.82,IN,2026-08-29 21:04:51,POS7911
CRD0037521,CARD0679,P00216,7832,1906.9,IN,2026-07-16 15:12:57,POS9868
CRD0037522,CARD0679,P00216,7832,856.43,IN,2026-08-06 19:41:13,POS2156
CRD0037527,CARD0679,P00237,7832,866.74,IN,2026-07-17 08:37:21,POS5377
CRD0037530,CARD0679,P00216,7832,2430.73,IN,2026-07-21 16:05:23,POS9987
CRD0037531,CARD0679,P00126,4722,4317.62,IN,2026-09-12 06:51:19,POS1180
CRD0037532,CARD0679,P00164,6513,10246.95,IN,2026-08-04 09:44:12,POS2781
CRD0037533,CARD0679,P00311,5411,3316.79,IN,2026-07-26 19:56:50,ONLINE
CRD0037540,CARD0679,P00025,5311,4574.65,IN,2026-07-01 13:22:40,ONLINE
CRD0037553,CARD0680,P00393,5411,4563.22,IN,2026-07-22 13:46:05,ONLINE
CRD0037556,CARD0680,P00030,8011,6265.49,IN,2026-07-30 05:35:46,ONLINE
CRD0037559,CARD0680,P00041,4722,12444.65,IN,2026-08-28 10:53:27,POS8038
CRD0037566,CARD0680,P00388,5411,3408.02,IN,2026-07-01 15:14:58,ONLINE
CRD0037567,CARD0680,P00109,8011,3586.66,IN,2026-09-09 11:59:48,ONLINE
CRD0037570,CARD0680,P00109,8011,12284.71,IN,2026-09-09 14:51:49,ONLINE
CRD0037571,CARD0680,P00342,5311,15140.08,IN,2026-09-06 06:59:41,POS5043
CRD0037574,CARD0680,P00124,4814,1031.31,IN,2026-09-12 11:34:21,ONLINE
CRD0037577,CARD0680,P00030,8011,5079.19,IN,2026-08-05 23:24:07,ONLINE
CRD0037588,CARD0680,P00124,4814,966.73,IN,2026-07-18 10:53:38,ONLINE
CRD0037593,CARD0680,P00041,4722,29785.42,IN,2026-09-10 18:35:55,ONLINE
CRD0037596,CARD0680,P00393,5411,1862.34,IN,2026-08-28 16:13:46,POS7451
CRD0037601,CARD0680,P00398,5541,4655.08,IN,2026-08-04 18:52:01,POS7206
CRD0037609,CARD0680,P00124,4814,1011.95,IN,2026-08-10 17:23:17,POS2874
CRD0037621,CARD0681,P00308,5812,200.08,IN,2026-08-18 08:28:24,ONLINE
CRD0037622,CARD0681,P00219,5411,966.08,IN,2026-08-01 13:51:47,POS1538
CRD0037627,CARD0681,P00356,4814,1881.84,IN,2026-09-02 15:26:23,ONLINE
CRD0037631,CARD0681,P00124,4814,432.24,IN,2026-07-05 18:31:30,POS8802
CRD0037635,CARD0681,P00024,5411,253.57,IN,2026-07-19 21:48:00,ONLINE
CRD0037641,CARD0681,P00084,7832,874.61,IN,2026-07-17 18:51:11,ONLINE
CRD0037643,CARD0681,P00219,5411,1412.09,IN,2026-07-07 13:43:29,POS4398
CRD0037644,CARD0681,P00023,4722,9742.74,IN,2026-07-08 21:13:22,POS9807
CRD0037645,CARD0681,P00084,7832,678.93,IN,2026-08-06 17:37:25,ONLINE
CRD0037649,CARD0681,P00243,6012,3916.01,IN,2026-08-26 15:27:16,POS6084
CRD0037654,CARD0681,P00023,4722,5659.89,IN,2026-07-30 20:11:29,POS2171
CRD0037658,CARD0681,P00221,5812,999.15,IN,2026-07-18 19:39:31,ONLINE
CRD0037662,CARD0681,P00314,7832,1310.64,IN,2026-09-07 19:27:39,POS2147
CRD0037665,CARD0681,P00228,5541,1055.21,IN,2026-08-30 13:42:37,ONLINE
CRD0037674,CARD0681,P00356,4814,1113.85,IN,2026-07-13 16:09:58,POS9724
CRD0037676,CARD0681,P00228,5541,2150.29,IN,2026-08-06 21:21:25,POS6173
CRD0037682,CARD0681,P00081,5411,1008.58,IN,2026-07-03 19:54:35,POS4030
CRD0037695,CARD0682,P00021,4900,12302.8,IN,2026-08-26 20:13:26,ONLINE
CRD0037706,CARD0682,P00065,5541,6557.35,IN,2026-08-24 11:00:01,POS8800
CRD0037707,CARD0682,P00391,5541,2941.8,IN,2026-07-26 12:09:26,ONLINE
CRD0037711,CARD0682,P00276,7832,1007.97,IN,2026-09-03 21:13:13,POS9403
CRD0037721,CARD0682,P00021,4900,2824.69,IN,2026-08-11 15:30:43,ONLINE
CRD0037724,CARD0682,P00231,4814,1774.57,IN,2026-08-11 15:28:19,ONLINE
CRD0037739,CARD0682,P00391,5541,2621.46,IN,2026-08-07 12:27:34,ONLINE
CRD0037740,CARD0682,P00021,4900,2623.05,IN,2026-08-03 14:06:42,ONLINE
CRD0037749,CARD0683,P00027,5311,9443.15,IN,2026-08-19 13:21:06,ONLINE
CRD0037755,CARD0683,P00350,6012,876.09,IN,2026-09-04 14:52:43,ONLINE
CRD0037757,CARD0683,P00009,6012,3950.13,IN,2026-08-31 12:33:32,POS7535
CRD0037758,CARD0683,P00189,5812,1567.65,IN,2026-08-03 13:09:43,ONLINE
CRD0037759,CARD0683,P00165,5812,690.98,IN,2026-08-09 20:44:46,ONLINE
CRD0037766,CARD0683,P00009,6012,3026.8,IN,2026-07-30 19:19:50,ONLINE
CRD0037769,CARD0683,P00189,5812,567.86,IN,2026-08-22 09:22:16,POS7232
CRD0037771,CARD0683,P00309,5812,312.6,IN,2026-08-24 18:20:26,ONLINE
CRD0037775,CARD0683,P00365,6012,1261.98,IN,2026-07-15 23:29:48,ONLINE
CRD0037776,CARD0683,P00265,5411,1007.48,IN,2026-08-04 18:43:10,POS8692
CRD0037786,CARD0683,P00010,5812,656.27,IN,2026-07-12 10:45:33,POS8891
CRD0037790,CARD0683,P00265,5411,2111.29,IN,2026-08-12 19:14:34,ONLINE
CRD0037791,CARD0683,P00274,6012,547.25,IN,2026-08-27 19:24:33,POS3752
CRD0037795,CARD0683,P00309,5812,753.76,IN,2026-07-28 08:09:22,ONLINE
CRD0037798,CARD0683,P00027,5311,1952.86,IN,2026-09-03 21:57:33,ONLINE
CRD0037806,CARD0684,P00114,4814,2138.02,IN,2026-07-17 19:37:09,ONLINE
CRD0037808,CARD0684,P00129,5311,4939.73,IN,2026-08-27 16:35:07,POS7873
CRD0037812,CARD0684,P00129,5311,3129.97,IN,2026-08-18 16:09:31,POS3065
CRD0037817,CARD0684,P00382,5812,183.14,IN,2026-07-16 09:44:08,ONLINE
CRD0037818,CARD0684,P00129,5311,5643.59,IN,2026-07-29 20:11:23,POS8106
CRD0037827,CARD0684,P00370,5812,279.57,IN,2026-08-24 09:55:23,ONLINE
CRD0037832,CARD0684,P00340,4900,4133.04,IN,2026-08-19 10:09:46,ONLINE
CRD0037837,CARD0684,P00129,5311,9722.42,IN,2026-08-05 14:32:44,POS1759
CRD0037843,CARD0684,P00323,4722,24590.48,IN,2026-08-26 20:59:29,POS4531
CRD0037844,CARD0684,P00261,6012,592.43,IN,2026-09-10 10:27:33,ONLINE
CRD0037845,CARD0684,P00395,5311,7329.28,IN,2026-08-31 22:12:48,POS3936
CRD0037848,CARD0684,P00340,4900,4106.83,IN,2026-09-10 09:11:01,POS2075
CRD0037855,CARD0685,P00086,4900,1104.15,IN,2026-08-07 03:46:13,ONLINE
CRD0037856,CARD0685,P00352,4814,895.13,IN,2026-07-14 14:40:54,POS3138
CRD0037859,CARD0685,P00352,4814,542.26,IN,2026-07-15 23:11:56,POS7050
CRD0037861,CARD0685,P00089,4722,16243.37,IN,2026-07-12 10:57:41,POS2502
CRD0037863,CARD0685,P00086,4900,4547.41,IN,2026-09-07 02:45:42,ONLINE
CRD0037868,CARD0685,P00391,5541,1917.2,IN,2026-08-10 16:08:09,POS9264
CRD0037875,CARD0685,P00258,5812,450.77,IN,2026-07-14 09:14:19,ONLINE
CRD0037892,CARD0685,P00230,5812,865.13,IN,2026-08-11 08:39:38,POS6289
CRD0037901,CARD0685,P00363,5541,700.15,IN,2026-08-04 20:37:40,POS7908
CRD0037902,CARD0685,P00270,4722,4994.97,IN,2026-08-04 17:55:48,POS6774
CRD0037906,CARD0685,P00258,5812,416.96,IN,2026-08-24 18:12:06,POS6289
CRD0037917,CARD0686,P00324,5311,1776.33,IN,2026-08-07 08:57:48,ONLINE
CRD0037918,CARD0686,P00107,4900,4229.19,IN,2026-07-23 20:19:50,ONLINE
CRD0037921,CARD0686,P00256,4900,1984.34,IN,2026-09-11 02:14:14,ONLINE
CRD0037925,CARD0686,P00107,4900,2034.6,IN,2026-07-06 03:43:30,POS4123
CRD0037926,CARD0686,P00395,5311,2385.34,IN,2026-08-24 22:24:15,POS4583
CRD0037927,CARD0686,P00012,5541,1637.38,IN,2026-08-22 10:33:47,ONLINE
CRD0037929,CARD0686,P00237,7832,309.84,IN,2026-08-08 20:30:43,ONLINE
CRD0037930,CARD0686,P00237,7832,806.73,IN,2026-09-01 10:38:18,ONLINE
CRD0037934,CARD0686,P00382,5812,475.67,IN,2026-08-03 16:16:34,POS1327
CRD0037935,CARD0686,P00035,7832,1028.45,IN,2026-08-20 13:23:06,POS7032
CRD0037942,CARD0687,P00141,4900,1745.51,IN,2026-07-08 18:58:09,POS7838
CRD0037952,CARD0687,P00130,5411,520.73,IN,2026-07-14 16:40:16,POS5622
CRD0037953,CARD0687,P00021,4900,1637.81,IN,2026-08-01 16:16:24,ONLINE
CRD0037954,CARD0687,P00027,5311,996.21,IN,2026-08-29 19:37:43,POS7159
CRD0037961,CARD0687,P00021,4900,1711.17,IN,2026-07-02 10:46:18,ONLINE
CRD0037963,CARD0687,P00021,4900,787.52,IN,2026-07-31 17:02:46,ONLINE
CRD0037969,CARD0687,P00250,4814,519.24,IN,2026-07-19 11:19:59,ONLINE
CRD0037970,CARD0687,P00021,4900,1146.71,IN,2026-08-07 18:46:01,POS7293
CRD0037973,CARD0687,P00027,5311,1625.56,IN,2026-08-12 09:38:59,ONLINE
CRD0037974,CARD0687,P00270,4722,1540.55,IN,2026-07-28 19:34:31,POS3318
CRD0037979,CARD0687,P00376,5812,462.2,IN,2026-09-08 12:36:58,ONLINE
CRD0037980,CARD0687,P00055,5311,674.55,IN,2026-08-22 16:32:19,POS6988
CRD0037981,CARD0687,P00130,5411,689.72,IN,2026-08-02 11:30:09,ONLINE
CRD0037983,CARD0687,P00021,4900,834.8,IN,2026-07-26 12:26:26,ONLINE
CRD0037985,CARD0687,P00215,4722,2090.09,IN,2026-08-24 05:33:16,POS1201
CRD0037989,CARD0687,P00027,5311,1846.23,IN,2026-07-03 15:20:50,POS7777
CRD0037998,CARD0687,P00055,5311,1249.77,IN,2026-07-11 12:09:29,ONLINE
CRD0037999,CARD0687,P00027,5311,4517.56,IN,2026-08-17 14:38:25,POS8921
CRD0038002,CARD0687,P00130,5411,341.97,IN,2026-07-15 12:55:38,ONLINE
CRD0038008,CARD0687,P00141,4900,728.61,IN,2026-07-31 20:31:59,ONLINE
CRD0038009,CARD0687,P00141,4900,1491.93,IN,2026-07-16 13:50:06,POS2107
CRD0038010,CARD0687,P00058,4814,608.25,IN,2026-07-17 21:00:41,POS1039
CRD0038012,CARD0687,P00055,5311,4339.93,IN,2026-08-01 16:28:46,ONLINE
CRD0038014,CARD0687,P00021,4900,1168.37,IN,2026-07-23 19:05:52,POS7332
CRD0038016,CARD0687,P00130,5411,523.04,IN,2026-09-12 19:33:58,POS2609
CRD0038019,CARD0687,P00376,5812,1008.54,IN,2026-08-09 19:17:16,POS1736
CRD0038021,CARD0687,P00027,5311,2278.31,IN,2026-09-13 10:11:55,ONLINE
CRD0038024,CARD0687,P00113,6513,2624.51,IN,2026-09-04 12:14:04,POS4839
CRD0038030,CARD0687,P00380,5411,575.86,IN,2026-07-22 20:38:17,POS1572
CRD0038032,CARD0687,P00270,4722,2839.24,IN,2026-08-31 20:59:56,ONLINE
CRD0038034,CARD0687,P00021,4900,4181.4,IN,2026-07-12 23:48:36,ONLINE
CRD0038041,CARD0688,P00217,5812,226.2,IN,2026-07-10 18:42:52,ONLINE
CRD0038042,CARD0688,P00261,6012,2094.32,IN,2026-07-15 13:35:59,ONLINE
CRD0038045,CARD0688,P00049,5411,1473.11,IN,2026-07-15 18:37:23,POS1575
CRD0038054,CARD0688,P00235,4722,5250.36,IN,2026-09-08 12:43:01,ONLINE
CRD0038063,CARD0688,P00261,6012,699.41,IN,2026-09-01 11:44:21,POS2244
CRD0038065,CARD0688,P00049,5411,1980.42,IN,2026-07-03 19:56:57,POS6732
CRD0038066,CARD0688,P00006,5411,850.19,IN,2026-08-10 12:49:35,ONLINE
CRD0038069,CARD0688,P00174,5812,997.83,IN,2026-07-28 10:28:44,ONLINE
CRD0038075,CARD0688,P00217,5812,241.83,IN,2026-08-04 00:13:48,POS4572
CRD0038079,CARD0688,P00004,5411,2536.81,IN,2026-07-28 07:28:07,POS2008
CRD0038080,CARD0688,P00049,5411,1369.42,IN,2026-08-05 21:58:53,ONLINE
CRD0038087,CARD0689,P00371,5411,887.95,IN,2026-07-26 19:56:48,ONLINE
CRD0038088,CARD0689,P00042,5311,1769.51,IN,2026-07-05 08:17:38,ONLINE
CRD0038090,CARD0689,P00042,5311,860.06,IN,2026-08-20 12:21:07,ONLINE
CRD0038091,CARD0689,P00309,5812,822.49,IN,2026-08-24 10:13:05,POS1610
CRD0038097,CARD0689,P00309,5812,863.04,IN,2026-07-05 08:03:09,ONLINE
CRD0038104,CARD0689,P00368,4814,242.57,IN,2026-08-13 19:00:23,ONLINE
CRD0038105,CARD0689,P00241,5411,369.7,IN,2026-09-06 12:12:22,ONLINE
CRD0038127,CARD0689,P00042,5311,3542.48,IN,2026-07-20 16:41:50,POS8461
CRD0038130,CARD0689,P00042,5311,691.96,IN,2026-07-23 19:22:05,POS4784
CRD0038132,CARD0689,P00212,5411,444.54,IN,2026-09-13 21:28:27,POS9748
CRD0038134,CARD0689,P00241,5411,837.01,IN,2026-08-25 18:14:11,POS4657
CRD0038137,CARD0689,P00042,5311,2537.52,IN,2026-08-22 18:38:21,ONLINE
CRD0038146,CARD0689,P00088,5812,206.8,IN,2026-09-02 11:20:47,ONLINE
CRD0038147,CARD0689,P00260,5311,4605.37,IN,2026-07-08 09:03:52,ONLINE
CRD0038151,CARD0689,P00319,6012,684.8,IN,2026-07-14 21:11:34,POS6247
CRD0038153,CARD0689,P00261,6012,1401.49,IN,2026-08-19 23:05:03,ONLINE
CRD0038154,CARD0689,P00309,5812,544.56,IN,2026-08-21 09:21:32,ONLINE
CRD0038155,CARD0689,P00319,6012,814.72,IN,2026-07-25 16:36:47,POS2888
CRD0038160,CARD0689,P00042,5311,985.57,IN,2026-07-01 17:29:03,POS1689
CRD0038164,CARD0690,P00154,7832,415.97,IN,2026-07-03 07:46:49,ONLINE
CRD0038167,CARD0690,P00367,5411,1127.19,IN,2026-07-02 11:15:37,POS8783
CRD0038168,CARD0690,P00275,5541,827.28,IN,2026-07-21 10:54:43,ONLINE
CRD0038169,CARD0690,P00105,5541,1351.97,IN,2026-07-23 21:42:03,ONLINE
CRD0038177,CARD0690,P00137,7832,925.2,IN,2026-07-12 19:03:33,POS1930
CRD0038185,CARD0690,P00137,7832,340.08,IN,2026-07-20 08:09:05,POS9006
CRD0038187,CARD0690,P00137,7832,600.64,IN,2026-07-13 11:47:53,ONLINE
CRD0038188,CARD0690,P00185,5541,1529.82,IN,2026-08-28 19:06:10,ONLINE
CRD0038191,CARD0690,P00103,5311,1097.22,IN,2026-07-07 23:00:14,ONLINE
CRD0038198,CARD0690,P00367,5411,455.82,IN,2026-08-30 13:01:49,ONLINE
CRD0038209,CARD0690,P00359,5411,736.17,IN,2026-08-29 12:07:42,ONLINE
CRD0038214,CARD0691,P00197,6012,1453.67,IN,2026-07-12 12:48:17,POS8353
CRD0038216,CARD0691,P00197,6012,467.76,IN,2026-08-03 10:44:07,POS3219
CRD0038217,CARD0691,P00262,5812,203.23,IN,2026-08-16 18:47:27,ONLINE
CRD0038218,CARD0691,P00050,5311,2802.21,IN,2026-08-07 09:05:05,POS3089
CRD0038223,CARD0691,P00144,7832,739.23,IN,2026-08-26 12:10:19,POS3859
CRD0038229,CARD0691,P00245,5311,1787.4,IN,2026-07-04 08:10:34,ONLINE
CRD0038230,CARD0691,P00295,8011,2872.94,IN,2026-08-19 10:34:24,ONLINE
CRD0038251,CARD0691,P00262,5812,606.82,IN,2026-08-14 14:16:51,POS5521
CRD0038252,CARD0691,P00144,7832,1746.68,IN,2026-07-06 18:10:52,POS1812
CRD0038256,CARD0691,P00374,6513,3899.64,IN,2026-09-03 11:01:59,ONLINE
CRD0038261,CARD0691,P00136,5812,1178.82,IN,2026-08-16 08:44:46,ONLINE
CRD0038268,CARD0691,P00138,5411,544.7,IN,2026-09-10 16:03:01,ONLINE
CRD0038271,CARD0691,P00308,5812,1024.73,IN,2026-07-18 11:56:54,ONLINE
CRD0038278,CARD0691,P00083,5311,4159.73,IN,2026-07-21 18:02:50,ONLINE
CRD0038297,CARD0692,P00056,5812,394.7,IN,2026-08-14 19:54:36,POS1899
CRD0038298,CARD0692,P00234,6012,1218.97,IN,2026-08-14 13:06:39,POS9762
CRD0038299,CARD0692,P00090,5812,540.7,IN,2026-09-08 10:07:48,ONLINE
CRD0038304,CARD0692,P00128,5541,750.92,IN,2026-07-15 16:34:35,ONLINE
CRD0038305,CARD0692,P00051,6012,735.08,IN,2026-07-23 12:28:29,ONLINE
CRD0038309,CARD0692,P00082,5411,557.46,IN,2026-08-19 09:00:25,ONLINE
CRD0038311,CARD0692,P00234,6012,567.21,IN,2026-08-04 10:21:07,POS9380
CRD0038316,CARD0692,P00243,6012,368.75,IN,2026-07-13 00:14:38,ONLINE
CRD0038321,CARD0692,P00346,5541,750.44,IN,2026-07-06 16:37:48,ONLINE
CRD0038322,CARD0692,P00074,4722,1647.89,IN,2026-07-13 19:09:49,POS7404
CRD0038324,CARD0692,P00072,5812,129.72,IN,2026-07-18 13:03:11,ONLINE
CRD0038325,CARD0692,P00090,5812,156.89,IN,2026-07-06 12:24:05,ONLINE
CRD0038334,CARD0692,P00082,5411,1056.51,IN,2026-08-20 19:01:43,ONLINE
CRD0038341,CARD0692,P00056,5812,677.7,IN,2026-08-25 13:35:56,POS4756
CRD0038347,CARD0692,P00089,4722,1428.54,IN,2026-08-10 19:29:02,ONLINE
CRD0038352,CARD0693,P00119,5812,535.92,IN,2026-09-02 14:57:01,POS2184
CRD0038355,CARD0693,P00086,4900,1905.3,IN,2026-08-20 11:01:09,ONLINE
CRD0038359,CARD0693,P00044,5411,1826.91,IN,2026-08-31 15:22:58,POS3899
CRD0038360,CARD0693,P00119,5812,2304.32,IN,2026-07-24 18:08:01,ONLINE
CRD0038361,CARD0693,P00044,5411,2651.6,IN,2026-07-21 14:15:06,POS8592
CRD0038362,CARD0693,P00256,4900,5020.19,IN,2026-09-05 10:29:08,POS6040
CRD0038366,CARD0693,P00131,5411,3017.02,IN,2026-07-26 10:03:01,POS9692
CRD0038367,CARD0693,P00205,6012,2876.09,IN,2026-08-05 18:12:54,ONLINE
CRD0038369,CARD0693,P00168,5411,1413.14,IN,2026-09-02 19:16:26,POS2765
CRD0038370,CARD0693,P00116,6012,3286.48,IN,2026-09-11 08:16:10,ONLINE
CRD0038374,CARD0693,P00168,5411,2157.78,IN,2026-08-28 20:50:35,POS5620
CRD0038377,CARD0693,P00125,5812,2485.08,IN,2026-07-04 18:28:34,ONLINE
CRD0038378,CARD0693,P00125,5812,1959.24,IN,2026-07-22 13:06:43,POS3394
CRD0038379,CARD0693,P00044,5411,4229.39,IN,2026-07-10 16:22:26,POS8264
CRD0038384,CARD0694,P00352,4814,736.78,IN,2026-08-06 17:50:36,POS1331
CRD0038385,CARD0694,P00353,5311,6391.54,IN,2026-07-15 15:36:07,ONLINE
CRD0038394,CARD0694,P00024,5411,2180.07,IN,2026-07-18 10:37:29,ONLINE
CRD0038397,CARD0694,P00024,5411,2568.68,IN,2026-07-25 15:17:09,POS8079
CRD0038399,CARD0694,P00099,5411,2175.65,IN,2026-09-08 20:41:09,POS4804
CRD0038403,CARD0694,P00357,6012,2317.96,IN,2026-08-03 11:57:50,ONLINE
CRD0038404,CARD0694,P00294,5311,7290.61,IN,2026-07-30 19:27:05,POS6907
CRD0038406,CARD0694,P00352,4814,2120.45,IN,2026-07-01 18:53:01,POS8036
CRD0038411,CARD0694,P00166,5411,2067.11,IN,2026-07-05 00:08:13,ONLINE
CRD0038413,CARD0694,P00294,5311,3838.54,IN,2026-08-31 08:43:59,ONLINE
CRD0038419,CARD0694,P00094,6012,2247.61,IN,2026-09-07 18:00:02,POS7084
CRD0038420,CARD0694,P00172,5541,6173.05,IN,2026-09-03 10:19:35,ONLINE
CRD0038421,CARD0694,P00294,5311,5933.81,IN,2026-08-27 21:03:57,ONLINE
CRD0038422,CARD0694,P00024,5411,2881.25,IN,2026-09-01 15:56:16,POS8492
CRD0038432,CARD0695,P00389,5812,202.11,IN,2026-09-02 07:46:37,POS5642
CRD0038436,CARD0695,P00071,5411,1313.57,IN,2026-07-10 17:11:08,ONLINE
CRD0038438,CARD0695,P00071,5411,910.93,IN,2026-08-16 19:42:50,POS3953
CRD0038445,CARD0695,P00071,5411,1700.58,IN,2026-07-02 07:56:22,ONLINE
CRD0038459,CARD0695,P00071,5411,384.74,IN,2026-09-06 11:22:33,POS2145
CRD0038460,CARD0695,P00071,5411,278.44,IN,2026-08-03 16:47:47,POS2629
CRD0038465,CARD0695,P00337,6513,4179.23,IN,2026-08-07 23:59:42,ONLINE
CRD0038473,CARD0696,P00229,5411,1972.82,IN,2026-08-05 19:09:24,POS2152
CRD0038475,CARD0696,P00275,5541,1149.81,IN,2026-08-07 07:55:29,ONLINE
CRD0038483,CARD0696,P00344,5411,4144.29,IN,2026-08-16 20:37:35,POS7103
CRD0038486,CARD0696,P00392,5812,638.41,IN,2026-09-02 16:20:48,POS3359
CRD0038489,CARD0696,P00392,5812,513.97,IN,2026-07-13 01:52:34,POS6271
CRD0038493,CARD0696,P00344,5411,1754.75,IN,2026-09-05 13:00:18,POS1940
CRD0038498,CARD0696,P00275,5541,2091.84,IN,2026-08-03 20:31:31,ONLINE
CRD0038501,CARD0696,P00148,5311,4408.2,IN,2026-08-30 12:28:59,ONLINE
CRD0038502,CARD0696,P00193,5311,4324.45,IN,2026-07-17 20:34:15,POS1514
CRD0038507,CARD0696,P00082,5411,6584.17,IN,2026-07-04 12:38:14,POS7475
CRD0038514,CARD0697,P00306,4814,451.34,IN,2026-07-25 22:53:43,ONLINE
CRD0038517,CARD0697,P00142,6012,1202.73,IN,2026-09-13 19:23:44,ONLINE
CRD0038518,CARD0697,P00291,5812,305.51,IN,2026-07-06 22:15:09,POS9028
CRD0038521,CARD0697,P00249,4814,242.66,IN,2026-09-13 19:32:12,POS4232
CRD0038527,CARD0697,P00249,4814,247.89,IN,2026-07-01 07:29:13,POS9154
CRD0038535,CARD0697,P00318,6513,2631.1,IN,2026-08-11 22:26:25,POS6874
CRD0038536,CARD0697,P00130,5411,814.31,IN,2026-08-22 08:28:36,POS6490
CRD0038542,CARD0697,P00204,4900,1632.56,IN,2026-08-06 19:54:53,POS5286
CRD0038547,CARD0697,P00204,4900,2088.13,IN,2026-08-06 19:34:57,POS4169
CRD0038554,CARD0697,P00124,4814,357.44,IN,2026-07-14 22:17:51,ONLINE
CRD0038559,CARD0697,P00266,5541,4477.12,IN,2026-08-17 16:09:34,POS2365
CRD0038568,CARD0698,P00372,4814,331.84,IN,2026-07-07 23:20:16,POS2441
CRD0038576,CARD0698,P00227,4814,132.11,IN,2026-07-08 11:56:26,ONLINE
CRD0038583,CARD0698,P00232,4722,3866.1,IN,2026-07-20 16:39:56,ONLINE
CRD0038584,CARD0698,P00360,5541,1158.03,IN,2026-07-04 17:03:59,POS4479
CRD0038587,CARD0698,P00014,6012,544.16,IN,2026-08-26 23:17:07,POS4370
CRD0038590,CARD0698,P00031,6012,1122.66,IN,2026-08-27 15:16:11,POS2539
CRD0038604,CARD0698,P00148,5311,1202.44,IN,2026-07-13 21:20:51,POS9564
CRD0038611,CARD0698,P00232,4722,4538.19,IN,2026-07-21 21:45:02,ONLINE
CRD0038617,CARD0698,P00054,6012,2260.65,IN,2026-09-13 21:23:16,ONLINE
CRD0038618,CARD0698,P00227,4814,227.1,IN,2026-07-20 19:58:06,POS5703
CRD0038621,CARD0698,P00290,5812,619.88,IN,2026-07-17 12:55:14,POS1222
CRD0038631,CARD0699,P00218,5812,735.13,IN,2026-07-26 04:29:27,ONLINE
CRD0038634,CARD0699,P00361,5411,4357.21,IN,2026-09-02 12:14:47,ONLINE
CRD0038638,CARD0699,P00397,5311,5226.47,IN,2026-08-08 23:39:28,ONLINE
CRD0038643,CARD0699,P00353,5311,5920.68,IN,2026-08-16 16:39:30,ONLINE
CRD0038654,CARD0699,P00278,5541,851.2,IN,2026-07-17 20:00:43,POS1832
CRD0038666,CARD0699,P00278,5541,1615.96,IN,2026-07-08 07:59:50,ONLINE
CRD0038677,CARD0699,P00217,5812,1188.54,IN,2026-07-06 15:48:21,POS8943
CRD0038679,CARD0699,P00360,5541,2714.37,IN,2026-07-24 09:34:32,ONLINE
CRD0038687,CARD0699,P00172,5541,3438.91,IN,2026-07-17 18:54:39,POS3126
CRD0038710,CARD0700,P00249,4814,1570.02,IN,2026-09-04 12:28:16,ONLINE
CRD0038711,CARD0700,P00024,5411,898.32,IN,2026-07-15 18:30:33,POS2211
CRD0038714,CARD0700,P00144,7832,789.89,IN,2026-08-13 09:04:25,POS7356
CRD0038723,CARD0700,P00176,6012,782.24,IN,2026-08-01 05:56:50,POS8853
CRD0038727,CARD0700,P00241,5411,1361.36,IN,2026-07-18 22:37:31,POS7396
CRD0038731,CARD0700,P00241,5411,924.94,IN,2026-08-16 12:16:13,POS1334
CRD0038743,CARD0700,P00357,6012,581.94,IN,2026-07-01 16:22:00,POS7097
CRD0038744,CARD0700,P00241,5411,1912.72,IN,2026-07-28 08:41:09,ONLINE
CRD0038746,CARD0700,P00244,5541,2583.81,IN,2026-09-13 08:09:50,POS4812
CRD0038749,CARD0700,P00357,6012,1992.0,IN,2026-08-03 09:46:57,ONLINE
CRD0038753,CARD0701,P00230,5812,664.1,IN,2026-07-18 17:03:50,ONLINE
CRD0038758,CARD0701,P00230,5812,130.4,IN,2026-08-20 23:54:30,ONLINE
CRD0038763,CARD0701,P00344,5411,642.52,IN,2026-08-07 08:05:53,ONLINE
CRD0038764,CARD0701,P00202,5541,1675.62,IN,2026-07-13 08:28:44,POS4439
CRD0038766,CARD0701,P00257,6012,311.24,IN,2026-08-14 13:19:44,POS8291
CRD0038768,CARD0701,P00324,5311,5086.0,IN,2026-08-26 08:44:30,POS5806
CRD0038772,CARD0701,P00344,5411,514.66,IN,2026-08-29 10:46:36,ONLINE
CRD0038773,CARD0701,P00344,5411,3686.95,IN,2026-07-02 16:00:15,POS7596
CRD0038774,CARD0701,P00201,4722,2872.55,IN,2026-08-30 11:02:07,POS9111
CRD0038776,CARD0701,P00234,6012,645.07,IN,2026-07-09 21:54:57,ONLINE
CRD0038777,CARD0701,P00201,4722,3736.71,IN,2026-08-10 08:04:43,ONLINE
CRD0038779,CARD0701,P00297,8011,766.53,IN,2026-07-30 20:07:57,ONLINE
CRD0038782,CARD0701,P00308,5812,707.92,IN,2026-08-10 20:51:15,ONLINE
CRD0038786,CARD0701,P00296,5812,318.34,IN,2026-09-03 18:00:30,POS7455
CRD0038788,CARD0701,P00109,8011,1032.01,IN,2026-07-30 17:22:15,ONLINE
CRD0038789,CARD0701,P00202,5541,2181.72,IN,2026-09-07 15:07:01,POS5046
CRD0038792,CARD0701,P00109,8011,1407.43,IN,2026-09-10 20:02:36,POS3560
CRD0038801,CARD0702,P00316,5311,8088.26,IN,2026-07-01 15:38:27,POS1922
CRD0038802,CARD0702,P00043,5311,3056.15,IN,2026-08-23 12:54:26,POS6389
CRD0038809,CARD0702,P00041,4722,10784.58,IN,2026-07-12 14:09:54,ONLINE
CRD0038811,CARD0702,P00230,5812,673.69,IN,2026-07-04 21:49:50,POS8966
CRD0038814,CARD0702,P00230,5812,1776.77,IN,2026-07-24 07:00:37,ONLINE
CRD0038840,CARD0702,P00009,6012,4589.43,IN,2026-07-04 20:24:41,ONLINE
CRD0038845,CARD0703,P00189,5812,645.0,IN,2026-08-16 17:19:20,ONLINE
CRD0038849,CARD0703,P00305,5812,1918.73,IN,2026-07-02 10:39:20,ONLINE
CRD0038850,CARD0703,P00014,6012,3448.2,IN,2026-07-11 20:38:27,ONLINE
CRD0038858,CARD0703,P00014,6012,6719.6,IN,2026-07-16 19:01:58,POS5433
CRD0038863,CARD0703,P00014,6012,2343.8,IN,2026-09-02 20:24:01,ONLINE
CRD0038866,CARD0703,P00305,5812,1248.35,IN,2026-09-10 09:57:05,POS5659
CRD0038870,CARD0703,P00139,5311,4188.84,IN,2026-08-21 12:31:35,ONLINE
CRD0038872,CARD0703,P00014,6012,2687.83,IN,2026-07-31 16:32:25,POS5995
CRD0038873,CARD0703,P00395,5311,3119.29,IN,2026-08-29 14:53:29,ONLINE
CRD0038878,CARD0704,P00053,5411,464.31,IN,2026-07-30 09:51:09,POS5258
CRD0038880,CARD0704,P00205,6012,2188.98,IN,2026-07-24 17:08:23,POS3890
CRD0038881,CARD0704,P00390,4900,1572.08,IN,2026-08-26 13:55:53,POS7150
CRD0038882,CARD0704,P00225,5411,1160.5,IN,2026-07-20 17:05:27,POS6559
CRD0038885,CARD0704,P00336,5812,221.62,IN,2026-07-10 18:20:25,POS6595
CRD0038887,CARD0704,P00225,5411,1612.34,IN,2026-07-04 13:03:48,POS1046
CRD0038888,CARD0704,P00230,5812,467.04,IN,2026-07-31 22:56:36,ONLINE
CRD0038892,CARD0704,P00373,6012,467.57,IN,2026-08-19 07:01:08,POS5133
CRD0038895,CARD0704,P00225,5411,1075.97,IN,2026-09-06 19:03:40,POS8216
CRD0038896,CARD0704,P00092,5411,521.11,IN,2026-07-13 19:36:57,ONLINE
CRD0038897,CARD0704,P00001,6012,341.87,IN,2026-09-07 07:17:24,POS8819
CRD0038899,CARD0704,P00060,7832,468.1,IN,2026-07-25 16:25:23,ONLINE
CRD0038915,CARD0704,P00205,6012,1323.79,IN,2026-07-04 14:04:30,POS9840
CRD0038923,CARD0704,P00183,7832,762.84,IN,2026-07-18 22:19:42,POS3290
CRD0038926,CARD0704,P00221,5812,282.56,IN,2026-07-18 09:42:58,ONLINE
CRD0038937,CARD0705,P00397,5311,2524.78,IN,2026-07-04 22:23:00,ONLINE
CRD0038938,CARD0705,P00121,5812,370.65,IN,2026-07-13 10:47:31,ONLINE
CRD0038946,CARD0705,P00131,5411,300.67,IN,2026-08-04 12:53:11,ONLINE
CRD0038949,CARD0705,P00345,4722,6922.62,IN,2026-07-07 11:47:26,POS5406
CRD0038953,CARD0705,P00121,5812,247.54,IN,2026-09-01 19:08:55,ONLINE
CRD0038959,CARD0705,P00375,5812,454.59,IN,2026-08-05 21:38:02,ONLINE
CRD0038970,CARD0705,P00119,5812,102.97,IN,2026-09-01 23:17:07,POS9499
CRD0038986,CARD0706,P00055,5311,6291.27,IN,2026-08-02 18:14:59,POS6767
CRD0038992,CARD0706,P00229,5411,1241.74,IN,2026-08-19 17:45:15,POS3486
CRD0038994,CARD0706,P00171,5411,1177.75,IN,2026-08-09 19:47:12,POS1181
CRD0038997,CARD0706,P00287,4900,13164.29,IN,2026-08-26 06:53:31,ONLINE
CRD0039001,CARD0706,P00229,5411,986.76,IN,2026-08-13 16:01:52,ONLINE
CRD0039006,CARD0706,P00100,8011,1789.05,IN,2026-07-06 20:37:52,ONLINE
CRD0039010,CARD0706,P00287,4900,9859.62,IN,2026-09-04 09:28:21,POS7621
CRD0039014,CARD0706,P00309,5812,644.67,IN,2026-08-18 12:01:41,POS8183
CRD0039017,CARD0706,P00286,5812,639.06,IN,2026-09-06 16:35:03,ONLINE
CRD0039021,CARD0706,P00118,4722,7716.53,IN,2026-07-07 11:56:44,POS4701
CRD0039023,CARD0706,P00226,5541,540.58,IN,2026-07-19 16:58:17,POS9077
CRD0039029,CARD0706,P00054,6012,1593.64,IN,2026-07-06 17:04:26,ONLINE
CRD0039030,CARD0706,P00352,4814,599.93,IN,2026-07-20 09:43:05,ONLINE
CRD0039043,CARD0707,P00190,4814,553.08,IN,2026-08-27 09:07:45,POS5260
CRD0039044,CARD0707,P00056,5812,704.57,IN,2026-07-17 17:16:17,ONLINE
CRD0039045,CARD0707,P00238,5812,505.37,IN,2026-07-21 21:02:26,POS7693
CRD0039046,CARD0707,P00190,4814,1097.41,IN,2026-09-05 22:28:00,POS7966
CRD0039052,CARD0707,P00302,7832,848.06,IN,2026-07-21 21:00:50,POS3205
CRD0039055,CARD0707,P00337,6513,7901.2,IN,2026-08-15 09:58:53,ONLINE
CRD0039058,CARD0707,P00190,4814,1266.7,IN,2026-07-09 23:24:23,POS2695
CRD0039059,CARD0707,P00161,5812,932.06,IN,2026-09-10 17:24:24,ONLINE
CRD0039065,CARD0707,P00190,4814,1198.99,IN,2026-09-10 12:40:38,POS6557
CRD0039067,CARD0707,P00161,5812,529.74,IN,2026-08-19 14:03:00,POS5724
CRD0039072,CARD0707,P00002,6012,4162.93,IN,2026-08-28 11:05:37,POS9580
CRD0039073,CARD0707,P00161,5812,482.33,IN,2026-07-22 14:30:15,POS5693
CRD0039079,CARD0707,P00225,5411,2635.93,IN,2026-08-02 14:51:09,ONLINE
CRD0039087,CARD0707,P00164,6513,16783.93,IN,2026-08-19 16:35:04,ONLINE
CRD0039089,CARD0707,P00137,7832,784.06,IN,2026-08-03 22:52:33,POS2365
CRD0039093,CARD0707,P00056,5812,2160.72,IN,2026-07-03 23:02:21,ONLINE
CRD0039094,CARD0707,P00058,4814,238.89,IN,2026-07-23 18:17:00,ONLINE
CRD0039095,CARD0707,P00136,5812,774.57,IN,2026-07-15 12:49:13,ONLINE
CRD0039097,CARD0707,P00002,6012,3686.84,IN,2026-07-16 19:39:01,ONLINE
CRD0039098,CARD0707,P00058,4814,855.36,IN,2026-07-18 13:55:29,ONLINE
CRD0039102,CARD0707,P00056,5812,933.59,IN,2026-07-27 20:55:06,ONLINE
CRD0039113,CARD0707,P00056,5812,716.3,IN,2026-08-25 08:41:17,POS6135
CRD0039123,CARD0707,P00164,6513,6837.26,IN,2026-07-09 18:01:13,POS4416
CRD0039124,CARD0707,P00313,5541,1818.82,IN,2026-08-13 11:17:22,POS4535
CRD0039128,CARD0707,P00190,4814,307.44,IN,2026-07-12 08:06:58,POS4692
CRD0039131,CARD0707,P00164,6513,8057.48,IN,2026-07-15 20:50:09,POS7244
CRD0039141,CARD0707,P00190,4814,1390.94,IN,2026-08-26 13:57:23,POS1581
CRD0039143,CARD0707,P00190,4814,1479.22,IN,2026-08-19 10:52:55,POS8320
CRD0039159,CARD0708,P00293,5812,1960.36,IN,2026-08-29 17:41:04,POS5638
CRD0039162,CARD0708,P00090,5812,5856.32,IN,2026-07-31 19:59:10,ONLINE
CRD0039163,CARD0708,P00241,5411,5922.5,IN,2026-08-03 16:11:00,ONLINE
CRD0039167,CARD0708,P00014,6012,8224.09,IN,2026-08-26 16:13:46,POS1154
CRD0039173,CARD0708,P00369,5411,4851.12,IN,2026-08-07 15:04:26,POS5358
CRD0039177,CARD0708,P00090,5812,5236.62,IN,2026-08-27 14:00:05,ONLINE
CRD0039186,CARD0708,P00090,5812,3767.59,IN,2026-07-12 16:35:12,POS1635
CRD0039198,CARD0709,P00163,5411,1645.14,IN,2026-08-09 00:55:17,POS5332
CRD0039206,CARD0709,P00388,5411,2045.88,IN,2026-07-18 19:22:47,POS2606
CRD0039212,CARD0709,P00226,5541,1439.44,IN,2026-07-05 07:51:00,POS5122
CRD0039213,CARD0709,P00388,5411,1571.0,IN,2026-09-03 14:59:20,ONLINE
CRD0039214,CARD0709,P00199,5812,439.22,IN,2026-08-31 06:53:03,ONLINE
CRD0039216,CARD0709,P00110,7832,1551.97,IN,2026-07-17 16:33:25,ONLINE
CRD0039218,CARD0709,P00097,5541,2245.29,IN,2026-09-11 17:31:27,POS1429
CRD0039220,CARD0709,P00314,7832,1144.52,IN,2026-08-06 00:52:26,POS3817
CRD0039221,CARD0709,P00097,5541,2447.11,IN,2026-08-14 17:15:54,POS5993
CRD0039224,CARD0709,P00110,7832,925.85,IN,2026-09-08 17:19:39,ONLINE
CRD0039227,CARD0709,P00110,7832,585.99,IN,2026-09-01 10:59:02,ONLINE
CRD0039228,CARD0709,P00081,5411,1392.88,IN,2026-07-11 08:08:15,ONLINE
CRD0039229,CARD0709,P00314,7832,397.69,IN,2026-09-03 19:44:42,ONLINE
CRD0039230,CARD0709,P00388,5411,4695.84,IN,2026-08-31 19:18:45,POS1212
CRD0039253,CARD0710,P00028,5411,834.55,IN,2026-08-11 10:15:50,ONLINE
CRD0039257,CARD0710,P00260,5311,391.2,IN,2026-07-24 18:13:08,ONLINE
CRD0039260,CARD0710,P00028,5411,284.43,IN,2026-08-05 15:08:51,POS7241
CRD0039270,CARD0711,P00352,4814,975.79,IN,2026-08-01 16:50:44,ONLINE
CRD0039273,CARD0711,P00176,6012,4861.45,IN,2026-07-04 15:42:02,ONLINE
CRD0039283,CARD0711,P00095,5812,1207.33,IN,2026-08-26 12:35:33,POS9295
CRD0039286,CARD0711,P00176,6012,1851.16,IN,2026-08-23 12:36:34,ONLINE
CRD0039288,CARD0711,P00095,5812,478.43,IN,2026-07-29 11:32:32,ONLINE
CRD0039290,CARD0711,P00277,6012,568.54,IN,2026-09-04 21:21:42,POS5882
CRD0039292,CARD0711,P00384,6513,3402.59,IN,2026-07-22 22:49:27,POS9678
CRD0039295,CARD0711,P00064,5311,2242.93,IN,2026-07-10 17:35:21,POS4615
CRD0039302,CARD0712,P00120,5411,6052.01,IN,2026-08-04 04:08:20,POS2957
CRD0039303,CARD0712,P00127,6012,7696.65,IN,2026-09-04 14:01:01,ONLINE
CRD0039311,CARD0712,P00127,6012,10420.79,IN,2026-07-04 09:26:27,POS6652
CRD0039313,CARD0712,P00302,7832,3416.85,IN,2026-07-31 14:41:43,POS1020
CRD0039314,CARD0712,P00275,5541,3541.95,IN,2026-07-15 11:51:21,ONLINE
CRD0039315,CARD0712,P00120,5411,1593.2,IN,2026-08-18 19:46:24,POS8649
CRD0039318,CARD0712,P00155,7832,1844.08,IN,2026-07-04 09:02:01,POS8571
CRD0039321,CARD0712,P00357,6012,3921.74,IN,2026-07-16 17:57:45,ONLINE
CRD0039324,CARD0712,P00369,5411,2047.95,IN,2026-08-22 19:54:03,ONLINE
CRD0039326,CARD0712,P00092,5411,2010.65,IN,2026-07-12 17:15:07,POS3602
CRD0039328,CARD0712,P00120,5411,2292.58,IN,2026-09-02 07:26:08,ONLINE
CRD0039335,CARD0713,P00121,5812,1518.92,IN,2026-08-13 02:06:34,POS1704
CRD0039339,CARD0713,P00382,5812,1627.17,IN,2026-08-22 08:57:24,ONLINE
CRD0039341,CARD0713,P00240,6012,6607.13,IN,2026-07-14 15:31:02,POS1975
CRD0039343,CARD0713,P00382,5812,1997.13,IN,2026-07-03 13:57:26,POS3693
CRD0039346,CARD0713,P00382,5812,1169.59,IN,2026-09-11 20:58:14,ONLINE
CRD0039347,CARD0713,P00283,5311,3719.87,IN,2026-08-04 16:26:07,POS3011
CRD0039351,CARD0713,P00257,6012,5670.43,IN,2026-09-03 10:00:10,POS7275
CRD0039353,CARD0713,P00061,5411,2239.4,IN,2026-08-26 12:12:36,POS6028
CRD0039360,CARD0713,P00260,5311,11116.76,IN,2026-08-03 15:53:20,ONLINE
CRD0039366,CARD0713,P00240,6012,2914.18,IN,2026-08-05 12:32:43,POS2049
CRD0039374,CARD0713,P00029,5411,4799.94,IN,2026-07-17 09:30:26,POS9493
CRD0039384,CARD0713,P00121,5812,1312.83,IN,2026-08-27 06:46:53,ONLINE
CRD0039395,CARD0714,P00093,5812,2927.89,IN,2026-08-24 14:25:39,POS1579
CRD0039405,CARD0714,P00132,4900,10970.29,IN,2026-08-02 18:13:21,POS9808
CRD0039407,CARD0714,P00295,8011,1770.02,IN,2026-08-06 08:49:05,POS3163
CRD0039415,CARD0714,P00265,5411,3448.92,IN,2026-09-12 21:16:14,POS5992
CRD0039416,CARD0714,P00129,5311,7202.34,IN,2026-08-16 18:10:27,ONLINE
CRD0039418,CARD0714,P00129,5311,11349.64,IN,2026-07-11 12:12:59,ONLINE
CRD0039429,CARD0715,P00314,7832,1098.7,IN,2026-09-10 18:57:36,POS4450
CRD0039433,CARD0715,P00325,4722,1717.08,IN,2026-09-04 07:38:06,ONLINE
CRD0039441,CARD0715,P00359,5411,1712.45,IN,2026-07-07 16:53:02,ONLINE
CRD0039444,CARD0715,P00272,5812,246.14,IN,2026-07-05 20:54:31,POS6346
CRD0039445,CARD0715,P00306,4814,621.03,IN,2026-07-31 10:12:22,ONLINE
CRD0039447,CARD0715,P00137,7832,818.99,IN,2026-07-29 10:40:46,ONLINE
CRD0039449,CARD0715,P00279,5812,416.56,IN,2026-07-16 17:57:23,ONLINE
CRD0039451,CARD0715,P00205,6012,1184.24,IN,2026-07-19 10:57:40,ONLINE
CRD0039460,CARD0715,P00383,5812,335.13,IN,2026-08-16 14:27:41,POS1654
CRD0039461,CARD0715,P00306,4814,68.08,IN,2026-07-10 12:08:45,POS1503
CRD0039465,CARD0715,P00383,5812,969.63,IN,2026-07-04 09:15:01,ONLINE
CRD0039467,CARD0715,P00205,6012,1120.2,IN,2026-09-05 12:52:25,ONLINE
CRD0039471,CARD0715,P00007,5812,138.11,IN,2026-07-01 10:21:25,POS1049
CRD0039490,CARD0716,P00273,5411,2044.95,IN,2026-09-07 14:40:02,POS4346
CRD0039492,CARD0716,P00273,5411,663.4,IN,2026-08-12 16:58:24,ONLINE
CRD0039497,CARD0716,P00021,4900,5855.58,IN,2026-08-01 13:10:48,POS2002
CRD0039504,CARD0716,P00202,5541,1430.7,IN,2026-07-25 21:42:54,ONLINE
CRD0039507,CARD0716,P00111,6513,2770.29,IN,2026-09-09 14:13:30,ONLINE
CRD0039509,CARD0716,P00209,5411,1029.27,IN,2026-07-06 06:56:18,POS2736
CRD0039512,CARD0716,P00209,5411,2742.72,IN,2026-07-20 16:10:41,ONLINE
CRD0039517,CARD0716,P00021,4900,1867.96,IN,2026-08-02 02:17:17,ONLINE
CRD0039519,CARD0716,P00142,6012,10165.1,IN,2026-07-31 07:10:00,POS8264
CRD0039521,CARD0716,P00049,5411,4063.45,IN,2026-08-13 10:55:20,ONLINE
CRD0039526,CARD0716,P00273,5411,4037.06,IN,2026-07-10 21:02:57,ONLINE
CRD0039530,CARD0716,P00139,5311,16207.59,IN,2026-07-17 09:22:12,ONLINE
CRD0039542,CARD0717,P00260,5311,6407.43,IN,2026-07-24 19:08:44,ONLINE
CRD0039549,CARD0717,P00107,4900,1077.65,IN,2026-09-11 20:40:29,ONLINE
CRD0039552,CARD0717,P00102,4722,4649.34,IN,2026-08-04 20:46:21,POS2242
CRD0039553,CARD0717,P00260,5311,5725.87,IN,2026-08-12 08:54:38,ONLINE
CRD0039561,CARD0717,P00152,4900,1610.83,IN,2026-07-11 07:58:28,POS9612
CRD0039563,CARD0717,P00395,5311,1024.17,IN,2026-09-02 11:54:13,ONLINE
CRD0039566,CARD0717,P00339,7832,1872.28,IN,2026-07-18 20:23:30,ONLINE
CRD0039572,CARD0717,P00395,5311,4758.31,IN,2026-07-07 21:34:19,ONLINE
CRD0039576,CARD0717,P00368,4814,468.0,IN,2026-07-14 23:56:32,ONLINE
CRD0039578,CARD0717,P00111,6513,1408.91,IN,2026-07-13 09:55:03,POS6422
CRD0039579,CARD0717,P00185,5541,3429.75,IN,2026-09-01 14:59:24,ONLINE
CRD0039586,CARD0717,P00154,7832,1199.05,IN,2026-09-05 15:23:47,POS9568
CRD0039588,CARD0717,P00154,7832,470.78,IN,2026-07-14 10:32:28,ONLINE
CRD0039591,CARD0717,P00233,5411,1386.59,IN,2026-07-15 19:08:07,ONLINE
CRD0039597,CARD0717,P00118,4722,6722.3,IN,2026-07-10 09:11:50,ONLINE
CRD0039602,CARD0717,P00395,5311,2033.75,IN,2026-08-30 14:07:31,POS5552
CRD0039603,CARD0717,P00102,4722,2068.6,IN,2026-09-13 20:12:11,ONLINE
CRD0039604,CARD0717,P00107,4900,2187.07,IN,2026-07-26 10:17:13,ONLINE
CRD0039611,CARD0718,P00048,5812,815.96,IN,2026-07-26 13:12:17,POS1436
CRD0039612,CARD0718,P00183,7832,206.17,IN,2026-08-03 19:34:44,ONLINE
CRD0039615,CARD0718,P00048,5812,443.56,IN,2026-09-09 08:16:57,ONLINE
CRD0039621,CARD0718,P00337,6513,7974.87,IN,2026-07-10 08:07:43,ONLINE
CRD0039622,CARD0718,P00268,5541,1411.92,IN,2026-07-18 16:34:29,POS5575
CRD0039626,CARD0718,P00376,5812,1344.11,IN,2026-07-12 13:50:30,ONLINE
CRD0039629,CARD0718,P00356,4814,911.0,IN,2026-07-03 13:36:01,ONLINE
CRD0039631,CARD0718,P00356,4814,732.54,IN,2026-08-29 17:56:17,POS3853
CRD0039634,CARD0718,P00199,5812,1636.07,IN,2026-07-14 21:47:25,ONLINE
CRD0039635,CARD0718,P00184,5812,621.59,IN,2026-07-12 16:38:05,POS6957
CRD0039636,CARD0718,P00376,5812,1636.28,IN,2026-09-09 13:41:58,POS4792
CRD0039639,CARD0718,P00048,5812,1209.77,IN,2026-08-29 21:35:33,ONLINE
CRD0039642,CARD0718,P00350,6012,2546.25,IN,2026-07-11 01:47:06,POS6358
CRD0039643,CARD0718,P00318,6513,5231.66,IN,2026-07-23 15:10:18,POS1034
CRD0039650,CARD0718,P00184,5812,685.36,IN,2026-08-30 08:53:40,POS2012
CRD0039657,CARD0718,P00160,4722,3663.94,IN,2026-07-02 04:50:40,POS5229
CRD0039667,CARD0718,P00199,5812,262.69,IN,2026-08-11 15:44:32,POS5701
CRD0039679,CARD0719,P00008,4722,2527.69,IN,2026-07-09 08:43:43,ONLINE
CRD0039686,CARD0719,P00238,5812,275.31,IN,2026-08-20 18:26:44,ONLINE
CRD0039687,CARD0719,P00399,4814,74.08,IN,2026-07-26 18:31:00,ONLINE
CRD0039690,CARD0719,P00399,4814,134.07,IN,2026-08-09 09:33:16,ONLINE
CRD0039693,CARD0719,P00287,4900,2860.64,IN,2026-09-11 07:36:16,POS4851
CRD0039696,CARD0719,P00397,5311,2473.84,IN,2026-09-10 10:23:17,ONLINE
CRD0039704,CARD0719,P00006,5411,328.02,IN,2026-08-16 18:59:26,POS8869
CRD0039707,CARD0719,P00238,5812,316.25,IN,2026-07-02 11:22:24,POS6144
CRD0039709,CARD0719,P00287,4900,511.15,IN,2026-08-31 17:16:46,ONLINE
CRD0039711,CARD0719,P00287,4900,1334.59,IN,2026-08-14 15:22:13,POS6456
CRD0039720,CARD0720,P00287,4900,1923.97,IN,2026-07-17 20:26:24,ONLINE
CRD0039726,CARD0720,P00030,8011,925.36,IN,2026-08-27 21:57:15,POS5038
CRD0039727,CARD0720,P00272,5812,475.23,IN,2026-07-14 16:59:25,ONLINE
CRD0039728,CARD0720,P00164,6513,3632.67,IN,2026-07-23 17:50:54,POS2112
CRD0039729,CARD0720,P00075,5812,776.13,IN,2026-07-15 11:37:34,POS1768
CRD0039730,CARD0720,P00287,4900,2059.21,IN,2026-07-21 20:38:47,ONLINE
CRD0039734,CARD0720,P00154,7832,220.58,IN,2026-08-23 15:35:20,POS2978
CRD0039735,CARD0720,P00272,5812,732.25,IN,2026-07-22 17:59:15,POS3940
CRD0039736,CARD0720,P00323,4722,1511.32,IN,2026-07-01 19:48:41,POS3833
CRD0039740,CARD0720,P00030,8011,1246.45,IN,2026-08-15 10:15:04,POS8553
CRD0039741,CARD0720,P00018,5812,562.54,IN,2026-09-12 19:33:43,POS1203
CRD0039748,CARD0720,P00199,5812,748.62,IN,2026-09-05 19:36:56,ONLINE
CRD0039749,CARD0720,P00355,4814,506.85,IN,2026-08-29 15:09:49,POS2520
CRD0039754,CARD0720,P00287,4900,2615.22,IN,2026-09-04 16:04:16,ONLINE
CRD0039760,CARD0720,P00323,4722,1039.61,IN,2026-07-29 18:24:37,ONLINE
CRD0039762,CARD0720,P00030,8011,3793.11,IN,2026-08-16 19:14:27,POS8489
CRD0039763,CARD0720,P00199,5812,784.84,IN,2026-08-29 12:59:56,ONLINE
CRD0039764,CARD0720,P00154,7832,820.34,IN,2026-08-09 22:59:49,POS8372
CRD0039765,CARD0720,P00272,5812,275.38,IN,2026-07-19 21:06:19,POS3717
CRD0039767,CARD0720,P00323,4722,4400.39,IN,2026-08-19 13:25:17,ONLINE
CRD0039773,CARD0720,P00075,5812,424.68,IN,2026-07-10 19:53:53,ONLINE
CRD0039778,CARD0721,P00319,6012,3303.05,IN,2026-09-12 12:36:53,POS1313
CRD0039780,CARD0721,P00136,5812,590.88,IN,2026-09-08 20:30:27,ONLINE
CRD0039781,CARD0721,P00319,6012,2073.26,IN,2026-09-03 16:14:58,ONLINE
CRD0039783,CARD0721,P00255,5311,1720.42,IN,2026-08-20 14:25:14,ONLINE
CRD0039791,CARD0721,P00327,5541,2558.42,IN,2026-07-10 13:27:02,POS6657
CRD0039797,CARD0721,P00319,6012,1610.22,IN,2026-08-16 17:05:59,ONLINE
CRD0039798,CARD0721,P00327,5541,1731.19,IN,2026-08-25 06:09:22,POS9459
CRD0039800,CARD0721,P00177,5812,591.79,IN,2026-08-22 18:05:56,POS4963
CRD0039806,CARD0721,P00136,5812,1097.47,IN,2026-07-27 21:58:43,ONLINE
CRD0039808,CARD0721,P00318,6513,10633.82,IN,2026-08-18 07:47:55,POS6410
CRD0039815,CARD0721,P00009,6012,1070.86,IN,2026-07-24 09:02:25,POS7090
CRD0039816,CARD0721,P00022,6012,1418.68,IN,2026-08-10 10:55:19,ONLINE
CRD0039825,CARD0722,P00174,5812,427.14,IN,2026-07-14 12:43:34,POS5487
CRD0039828,CARD0722,P00011,6012,6282.01,IN,2026-07-01 19:49:01,POS2707
CRD0039829,CARD0722,P00056,5812,904.76,IN,2026-08-29 12:25:00,POS5493
CRD0039830,CARD0722,P00275,5541,4259.89,IN,2026-08-24 23:02:49,POS1863
CRD0039832,CARD0722,P00325,4722,19326.38,IN,2026-07-06 20:09:50,ONLINE
CRD0039834,CARD0722,P00130,5411,3207.89,IN,2026-08-25 12:07:28,ONLINE
CRD0039835,CARD0722,P00387,4722,33827.64,IN,2026-07-31 21:16:39,POS4156
CRD0039843,CARD0722,P00130,5411,970.86,IN,2026-07-09 19:06:41,ONLINE
CRD0039852,CARD0722,P00154,7832,2257.09,IN,2026-07-13 20:40:19,ONLINE
CRD0039860,CARD0722,P00166,5411,3756.29,IN,2026-08-17 11:53:22,ONLINE
CRD0039861,CARD0722,P00275,5541,5029.67,IN,2026-07-22 09:48:19,ONLINE
CRD0039866,CARD0722,P00056,5812,1095.77,IN,2026-08-10 17:45:08,POS9873
CRD0039877,CARD0723,P00135,6012,2776.63,IN,2026-08-28 16:29:40,ONLINE
CRD0039883,CARD0723,P00400,8011,3618.58,IN,2026-09-04 05:23:02,ONLINE
CRD0039888,CARD0723,P00235,4722,19893.59,IN,2026-07-17 16:31:49,ONLINE
CRD0039889,CARD0723,P00392,5812,1312.72,IN,2026-07-13 08:20:17,ONLINE
CRD0039894,CARD0723,P00023,4722,2229.98,IN,2026-07-23 09:24:26,ONLINE
CRD0039895,CARD0723,P00243,6012,3274.92,IN,2026-07-11 19:17:14,ONLINE
CRD0039907,CARD0723,P00170,6012,3370.15,IN,2026-08-16 20:27:16,ONLINE
CRD0039909,CARD0723,P00044,5411,3606.17,IN,2026-07-01 21:41:39,POS7489
CRD0039916,CARD0723,P00318,6513,7501.79,IN,2026-07-02 16:34:01,POS9554
CRD0039917,CARD0723,P00149,5311,3027.5,IN,2026-09-11 09:36:02,ONLINE
CRD0039920,CARD0723,P00170,6012,1175.99,IN,2026-08-11 23:34:23,POS5994
CRD0039925,CARD0724,P00171,5411,2411.97,IN,2026-09-08 18:18:12,POS7507
CRD0039935,CARD0724,P00034,5812,514.16,IN,2026-09-10 17:05:19,POS3829
CRD0039947,CARD0724,P00004,5411,1281.22,IN,2026-09-08 12:10:13,POS4791
CRD0039948,CARD0724,P00045,5311,878.78,IN,2026-08-18 08:29:26,ONLINE
CRD0039949,CARD0724,P00306,4814,358.73,IN,2026-09-04 19:21:58,POS1754
CRD0039951,CARD0724,P00364,5411,1681.1,IN,2026-09-10 11:22:32,POS2040
CRD0039955,CARD0724,P00003,4814,1328.66,IN,2026-07-01 12:06:47,POS6074
CRD0039957,CARD0724,P00003,4814,1262.58,IN,2026-09-06 09:30:04,ONLINE
CRD0039964,CARD0724,P00210,4900,1535.52,IN,2026-08-05 17:31:49,POS3433
CRD0039965,CARD0724,P00257,6012,907.66,IN,2026-07-18 13:08:02,POS5185
CRD0039973,CARD0724,P00210,4900,3814.57,IN,2026-09-13 23:38:17,ONLINE
CRD0039975,CARD0724,P00364,5411,1627.62,IN,2026-08-29 16:06:31,POS4801
CRD0039983,CARD0725,P00103,5311,718.02,IN,2026-08-06 16:09:32,POS6555
CRD0039986,CARD0725,P00220,8011,293.61,IN,2026-07-18 12:37:31,POS4176
CRD0039987,CARD0725,P00319,6012,2420.86,IN,2026-08-24 09:43:05,ONLINE
CRD0039989,CARD0725,P00235,4722,2167.2,IN,2026-07-16 13:37:42,POS5519
CRD0039995,CARD0725,P00113,6513,3049.6,IN,2026-08-14 08:09:53,POS6832
CRD0040006,CARD0725,P00235,4722,299.66,IN,2026-08-19 18:38:28,POS9052
CRD0040007,CARD0725,P00168,5411,774.25,IN,2026-08-17 19:18:22,ONLINE
CRD0040008,CARD0725,P00220,8011,636.8,IN,2026-08-31 13:45:30,POS7597
CRD0040014,CARD0725,P00319,6012,1124.78,IN,2026-08-17 10:01:10,POS2309
CRD0040025,CARD0726,P00362,5411,1296.73,IN,2026-07-22 16:29:49,POS6682
CRD0040033,CARD0726,P00165,5812,463.46,IN,2026-07-01 18:28:52,ONLINE
CRD0040035,CARD0726,P00341,5812,1116.28,IN,2026-08-08 01:15:55,ONLINE
CRD0040046,CARD0726,P00048,5812,568.36,IN,2026-07-02 15:37:04,POS7895
CRD0040050,CARD0726,P00251,5411,511.86,IN,2026-09-09 12:19:12,ONLINE
CRD0040051,CARD0726,P00065,5541,663.04,IN,2026-08-12 08:19:39,ONLINE
CRD0040057,CARD0726,P00165,5812,199.15,IN,2026-08-03 20:26:43,POS3277
CRD0040058,CARD0726,P00065,5541,1481.05,IN,2026-09-07 12:28:53,ONLINE
CRD0040062,CARD0726,P00048,5812,544.88,IN,2026-08-15 11:27:56,POS4097
CRD0040066,CARD0727,P00259,6513,1919.19,IN,2026-09-10 14:20:39,ONLINE
CRD0040067,CARD0727,P00376,5812,1641.22,IN,2026-07-03 14:46:34,ONLINE
CRD0040068,CARD0727,P00294,5311,799.21,IN,2026-08-10 19:50:04,POS5445
CRD0040069,CARD0727,P00294,5311,1816.43,IN,2026-08-28 15:48:48,POS2023
CRD0040070,CARD0727,P00348,6012,1102.5,IN,2026-07-15 12:29:22,POS5299
CRD0040076,CARD0727,P00040,5411,485.54,IN,2026-08-30 14:29:03,ONLINE
CRD0040077,CARD0727,P00093,5812,675.14,IN,2026-09-01 07:20:39,ONLINE
CRD0040078,CARD0727,P00259,6513,13347.94,IN,2026-07-02 17:46:15,ONLINE
CRD0040087,CARD0727,P00141,4900,1486.4,IN,2026-07-01 19:04:47,POS8477
CRD0040097,CARD0727,P00380,5411,431.94,IN,2026-07-19 16:31:12,POS1488
CRD0040099,CARD0727,P00357,6012,995.25,IN,2026-08-25 15:20:55,POS2353
CRD0040100,CARD0727,P00348,6012,1008.51,IN,2026-07-10 10:23:03,ONLINE
CRD0040102,CARD0727,P00259,6513,4076.31,IN,2026-08-29 15:21:40,POS7203
CRD0040106,CARD0727,P00348,6012,891.82,IN,2026-09-12 18:04:20,ONLINE
CRD0040112,CARD0727,P00294,5311,1141.84,IN,2026-07-01 22:30:51,POS1327
CRD0040113,CARD0727,P00141,4900,792.18,IN,2026-08-20 19:31:47,ONLINE
CRD0040122,CARD0728,P00036,5411,5479.98,IN,2026-08-09 17:45:16,ONLINE
CRD0040127,CARD0728,P00195,6012,3769.28,IN,2026-07-12 01:24:35,POS9061
CRD0040130,CARD0728,P00195,6012,8368.69,IN,2026-08-30 14:05:56,ONLINE
CRD0040132,CARD0728,P00380,5411,568.6,IN,2026-08-30 20:01:34,POS5364
CRD0040133,CARD0728,P00195,6012,10166.19,IN,2026-09-13 19:52:04,POS1773
CRD0040134,CARD0728,P00293,5812,1282.84,IN,2026-08-10 13:23:16,POS8244
CRD0040141,CARD0728,P00041,4722,8092.69,IN,2026-07-30 11:23:20,ONLINE
CRD0040145,CARD0728,P00285,4900,4132.01,IN,2026-07-25 14:34:33,POS1920
CRD0040148,CARD0728,P00368,4814,4966.21,IN,2026-07-02 11:14:54,POS8691
CRD0040154,CARD0728,P00192,5311,9892.4,IN,2026-08-20 20:01:02,POS9736
CRD0040161,CARD0728,P00110,7832,1896.01,IN,2026-07-27 08:12:13,ONLINE
CRD0040162,CARD0728,P00293,5812,747.43,IN,2026-07-20 13:49:21,ONLINE
CRD0040166,CARD0728,P00126,4722,4145.05,IN,2026-07-18 08:29:35,POS3919
CRD0040167,CARD0728,P00368,4814,736.54,IN,2026-08-21 15:21:03,POS4945
CRD0040168,CARD0728,P00368,4814,594.59,IN,2026-08-04 09:00:48,ONLINE
CRD0040172,CARD0728,P00126,4722,4527.98,IN,2026-07-07 14:16:33,ONLINE
CRD0040175,CARD0728,P00192,5311,6224.99,IN,2026-09-08 12:10:10,POS5563
CRD0040179,CARD0728,P00192,5311,3901.09,IN,2026-07-11 13:47:04,POS2390
CRD0040180,CARD0728,P00041,4722,14031.53,IN,2026-09-04 10:15:42,ONLINE
CRD0040184,CARD0729,P00194,4814,700.71,IN,2026-08-31 16:15:10,POS8354
CRD0040194,CARD0729,P00117,5411,1238.02,IN,2026-08-01 19:24:26,ONLINE
CRD0040195,CARD0729,P00072,5812,1849.46,IN,2026-07-08 18:38:41,POS4968
CRD0040202,CARD0729,P00195,6012,2625.59,IN,2026-09-03 18:46:07,ONLINE
CRD0040203,CARD0729,P00195,6012,4707.84,IN,2026-07-09 12:50:13,ONLINE
CRD0040209,CARD0729,P00011,6012,1535.1,IN,2026-07-16 19:06:46,ONLINE
CRD0040212,CARD0729,P00245,5311,4136.53,IN,2026-08-13 12:20:55,ONLINE
CRD0040213,CARD0729,P00072,5812,2190.01,IN,2026-09-09 19:04:50,POS4523
CRD0040214,CARD0729,P00072,5812,2090.98,IN,2026-08-24 12:56:55,ONLINE
CRD0040215,CARD0729,P00114,4814,2989.06,IN,2026-07-06 23:00:30,ONLINE
CRD0040219,CARD0729,P00128,5541,2388.7,IN,2026-08-09 08:49:44,POS6252
CRD0040223,CARD0729,P00021,4900,5890.66,IN,2026-08-31 17:17:23,ONLINE
CRD0040225,CARD0729,P00128,5541,2025.06,IN,2026-08-18 17:35:09,ONLINE
CRD0040227,CARD0729,P00194,4814,1051.02,IN,2026-08-19 20:35:01,ONLINE
CRD0040229,CARD0729,P00021,4900,5008.89,IN,2026-07-11 10:55:18,ONLINE
CRD0040232,CARD0729,P00055,5311,5065.15,IN,2026-08-19 08:54:36,POS8660
CRD0040236,CARD0729,P00031,6012,5314.3,IN,2026-08-20 07:30:41,ONLINE
CRD0040237,CARD0729,P00031,6012,2636.25,IN,2026-07-14 12:31:16,ONLINE
CRD0040245,CARD0730,P00252,5411,4118.19,IN,2026-07-14 19:06:39,ONLINE
CRD0040254,CARD0730,P00169,5411,2620.1,IN,2026-08-26 07:40:43,POS3744
CRD0040255,CARD0730,P00252,5411,3069.45,IN,2026-08-29 21:56:27,ONLINE
CRD0040262,CARD0730,P00169,5411,3441.4,IN,2026-07-05 16:09:55,POS9525
CRD0040268,CARD0730,P00373,6012,3275.09,IN,2026-09-04 21:31:11,ONLINE
CRD0040270,CARD0730,P00373,6012,5331.2,IN,2026-07-28 17:28:51,ONLINE
CRD0040275,CARD0730,P00343,4900,21633.24,IN,2026-08-30 10:12:18,ONLINE
CRD0040281,CARD0730,P00224,5812,1077.33,IN,2026-07-28 12:47:40,POS7313
CRD0040287,CARD0730,P00105,5541,4136.66,IN,2026-08-08 16:54:22,ONLINE
CRD0040289,CARD0730,P00269,4900,9513.7,IN,2026-07-25 10:01:52,POS9880
CRD0040290,CARD0730,P00252,5411,4389.65,IN,2026-09-13 19:58:54,ONLINE
CRD0040292,CARD0730,P00252,5411,1728.71,IN,2026-08-07 09:56:15,ONLINE
CRD0040294,CARD0730,P00269,4900,3957.37,IN,2026-09-09 09:27:07,POS8526
CRD0040297,CARD0730,P00373,6012,3850.69,IN,2026-08-03 14:10:23,POS6518
CRD0040301,CARD0730,P00343,4900,5472.35,IN,2026-08-31 19:24:41,ONLINE
CRD0040306,CARD0730,P00208,6012,2262.35,IN,2026-08-30 16:36:19,ONLINE
CRD0040313,CARD0730,P00174,5812,3023.85,IN,2026-07-13 09:29:03,POS1840
CRD0040322,CARD0730,P00252,5411,6343.23,IN,2026-07-27 10:22:39,ONLINE
CRD0040324,CARD0730,P00224,5812,585.65,IN,2026-08-06 21:24:42,POS9490
CRD0040331,CARD0731,P00246,5411,742.66,IN,2026-08-16 19:37:29,POS8275
CRD0040332,CARD0731,P00112,5411,720.28,IN,2026-09-05 22:33:31,POS9994
CRD0040333,CARD0731,P00249,4814,751.78,IN,2026-09-05 16:19:19,ONLINE
CRD0040336,CARD0731,P00112,5411,702.85,IN,2026-08-01 08:17:52,POS1559
CRD0040337,CARD0731,P00035,7832,1274.51,IN,2026-08-10 21:06:29,POS5007
CRD0040339,CARD0731,P00264,5812,704.25,IN,2026-09-10 22:42:25,ONLINE
CRD0040345,CARD0731,P00318,6513,6007.11,IN,2026-08-18 10:49:00,POS8885
CRD0040348,CARD0731,P00112,5411,2643.67,IN,2026-07-13 19:43:40,ONLINE
CRD0040355,CARD0731,P00234,6012,2048.24,IN,2026-07-10 07:44:57,POS2381
CRD0040357,CARD0731,P00126,4722,14767.09,IN,2026-07-17 09:49:49,ONLINE
CRD0040358,CARD0731,P00126,4722,6369.87,IN,2026-09-03 15:57:29,ONLINE
CRD0040365,CARD0732,P00378,5411,371.34,IN,2026-07-24 00:41:21,POS7080
CRD0040367,CARD0732,P00342,5311,920.42,IN,2026-07-19 20:03:58,POS8043
CRD0040370,CARD0732,P00098,6012,959.02,IN,2026-07-11 17:59:04,POS3786
CRD0040372,CARD0732,P00187,4722,2298.74,IN,2026-07-09 13:22:16,ONLINE
CRD0040379,CARD0732,P00001,6012,499.01,IN,2026-08-14 16:37:47,ONLINE
CRD0040386,CARD0732,P00187,4722,841.96,IN,2026-08-02 10:18:56,ONLINE
CRD0040387,CARD0732,P00311,5411,140.97,IN,2026-07-27 21:18:28,POS6524
CRD0040389,CARD0732,P00187,4722,1464.91,IN,2026-08-28 22:55:31,POS1604
CRD0040394,CARD0732,P00098,6012,1921.26,IN,2026-08-23 20:39:27,ONLINE
CRD0040410,CARD0733,P00099,5411,1190.55,IN,2026-08-08 07:03:58,POS8838
CRD0040411,CARD0733,P00325,4722,2199.64,IN,2026-08-18 19:59:09,ONLINE
CRD0040415,CARD0733,P00098,6012,917.3,IN,2026-08-18 13:17:33,ONLINE
CRD0040425,CARD0733,P00092,5411,770.83,IN,2026-07-23 22:50:58,ONLINE
CRD0040431,CARD0733,P00083,5311,1531.54,IN,2026-07-18 10:40:09,POS3995
CRD0040432,CARD0733,P00092,5411,911.61,IN,2026-08-25 20:11:32,POS3666
CRD0040435,CARD0733,P00092,5411,910.48,IN,2026-09-11 02:41:44,ONLINE
CRD0040438,CARD0733,P00196,5812,642.9,IN,2026-08-16 09:40:35,POS2940
CRD0040439,CARD0733,P00291,5812,872.91,IN,2026-07-27 00:38:35,POS7645
CRD0040440,CARD0733,P00275,5541,781.37,IN,2026-09-09 19:06:25,POS1660
CRD0040450,CARD0733,P00325,4722,10258.87,IN,2026-08-11 18:38:20,ONLINE
CRD0040451,CARD0733,P00005,4814,316.51,IN,2026-09-07 12:15:49,POS8521
CRD0040457,CARD0733,P00400,8011,358.45,IN,2026-07-31 12:19:11,ONLINE
CRD0040458,CARD0733,P00099,5411,721.95,IN,2026-08-26 12:52:11,POS1306
CRD0040463,CARD0734,P00051,6012,4570.23,IN,2026-09-02 18:18:39,POS4387
CRD0040469,CARD0734,P00201,4722,16364.71,IN,2026-07-25 19:00:45,ONLINE
CRD0040472,CARD0734,P00258,5812,1380.24,IN,2026-07-29 14:44:17,POS6422
CRD0040474,CARD0734,P00062,6012,9339.0,IN,2026-08-18 09:55:01,ONLINE
CRD0040476,CARD0734,P00050,5311,6195.53,IN,2026-07-09 18:34:01,POS6204
CRD0040481,CARD0734,P00195,6012,6690.65,IN,2026-08-21 14:52:02,POS4261
CRD0040483,CARD0734,P00062,6012,10965.58,IN,2026-07-23 20:27:15,POS2830
CRD0040487,CARD0734,P00062,6012,1673.69,IN,2026-08-27 13:10:32,POS6618
CRD0040488,CARD0734,P00106,5411,1589.24,IN,2026-08-06 21:45:11,POS6741
CRD0040491,CARD0734,P00050,5311,5025.92,IN,2026-09-01 12:44:24,POS7459
CRD0040494,CARD0734,P00284,6012,3469.95,IN,2026-09-02 15:46:15,POS8902
CRD0040497,CARD0734,P00142,6012,4051.37,IN,2026-07-27 18:46:32,ONLINE
CRD0040507,CARD0734,P00034,5812,3401.04,IN,2026-08-17 12:56:55,ONLINE
CRD0040516,CARD0734,P00165,5812,569.24,IN,2026-07-21 09:56:49,POS5763
CRD0040517,CARD0734,P00284,6012,4125.47,IN,2026-09-03 13:11:10,POS7988
CRD0040519,CARD0734,P00349,5812,2140.96,IN,2026-07-19 16:50:28,ONLINE
CRD0040520,CARD0734,P00113,6513,19575.71,IN,2026-08-30 18:10:00,ONLINE
CRD0040525,CARD0735,P00029,5411,2026.92,IN,2026-07-05 12:44:14,ONLINE
CRD0040539,CARD0735,P00167,5812,328.96,IN,2026-07-19 10:43:29,ONLINE
CRD0040544,CARD0735,P00119,5812,318.81,IN,2026-08-04 10:38:47,ONLINE
CRD0040549,CARD0735,P00029,5411,1749.9,IN,2026-08-02 14:38:59,POS2703
CRD0040552,CARD0735,P00093,5812,657.73,IN,2026-09-13 12:23:13,POS2259
CRD0040553,CARD0735,P00029,5411,1532.95,IN,2026-08-28 13:32:01,ONLINE
CRD0040557,CARD0735,P00021,4900,2174.67,IN,2026-07-26 11:39:35,POS3276
CRD0040565,CARD0735,P00085,4900,1518.37,IN,2026-07-26 12:42:08,POS8597
CRD0040566,CARD0735,P00021,4900,3114.64,IN,2026-07-18 11:58:28,POS2424
CRD0040567,CARD0735,P00021,4900,6717.17,IN,2026-07-07 17:20:51,ONLINE
CRD0040575,CARD0736,P00284,6012,6990.61,IN,2026-08-24 12:48:31,ONLINE
CRD0040577,CARD0736,P00096,7832,1369.11,IN,2026-08-14 19:28:38,ONLINE
CRD0040578,CARD0736,P00083,5311,1372.93,IN,2026-07-28 18:52:49,POS5231
CRD0040585,CARD0736,P00265,5411,1055.53,IN,2026-07-30 07:28:35,ONLINE
CRD0040587,CARD0736,P00131,5411,855.38,IN,2026-09-10 23:07:31,POS6895
CRD0040593,CARD0736,P00394,4814,721.07,IN,2026-07-11 19:52:21,ONLINE
CRD0040594,CARD0736,P00014,6012,1004.83,IN,2026-08-24 17:56:28,POS8914
CRD0040605,CARD0736,P00083,5311,1081.61,IN,2026-07-25 19:06:17,POS9187
CRD0040607,CARD0736,P00083,5311,2152.59,IN,2026-08-20 14:33:55,POS7162
CRD0040612,CARD0736,P00014,6012,1338.68,IN,2026-08-26 09:59:27,POS8092
CRD0040615,CARD0736,P00284,6012,2290.06,IN,2026-07-01 09:39:20,ONLINE
CRD0040618,CARD0736,P00284,6012,699.43,IN,2026-07-07 16:07:49,ONLINE
CRD0040621,CARD0736,P00014,6012,5110.72,IN,2026-08-25 07:37:21,ONLINE
CRD0040624,CARD0736,P00033,6513,9551.74,IN,2026-07-07 12:21:53,POS6651
CRD0040626,CARD0736,P00206,5541,8084.06,IN,2026-09-11 11:12:57,POS4965
CRD0040630,CARD0736,P00387,4722,3417.93,IN,2026-08-14 14:25:13,ONLINE
CRD0040634,CARD0736,P00083,5311,4190.34,IN,2026-08-01 11:21:10,POS3827
CRD0040661,CARD0737,P00253,4814,1409.61,IN,2026-08-01 12:52:07,POS5471
CRD0040663,CARD0737,P00360,5541,6038.34,IN,2026-07-02 18:13:38,POS5089
CRD0040667,CARD0737,P00137,7832,12876.5,IN,2026-08-16 20:02:44,ONLINE
CRD0040677,CARD0737,P00284,6012,6058.37,IN,2026-07-23 19:30:44,POS8401
CRD0040678,CARD0737,P00374,6513,16124.85,IN,2026-08-23 12:02:47,ONLINE
CRD0040688,CARD0738,P00384,6513,7543.07,IN,2026-08-07 17:16:56,POS5836
CRD0040700,CARD0738,P00041,4722,10334.9,IN,2026-08-27 13:32:37,POS8872
CRD0040703,CARD0738,P00041,4722,23150.02,IN,2026-08-27 07:48:04,ONLINE
CRD0040706,CARD0738,P00090,5812,1231.71,IN,2026-07-23 13:44:00,ONLINE
CRD0040711,CARD0738,P00297,8011,2479.21,IN,2026-09-05 13:59:52,POS9649
CRD0040715,CARD0738,P00090,5812,350.27,IN,2026-08-18 21:41:02,ONLINE
CRD0040716,CARD0738,P00144,7832,1439.93,IN,2026-07-16 01:03:27,ONLINE
CRD0040718,CARD0738,P00298,4814,356.47,IN,2026-08-27 11:56:22,ONLINE
CRD0040719,CARD0738,P00041,4722,7747.45,IN,2026-07-20 21:32:06,ONLINE
CRD0040724,CARD0738,P00090,5812,1196.25,IN,2026-08-24 16:26:07,POS9176
CRD0040733,CARD0739,P00265,5411,2280.81,IN,2026-08-01 11:20:26,ONLINE
CRD0040738,CARD0739,P00347,7832,370.04,IN,2026-08-18 23:00:18,POS9511
CRD0040739,CARD0739,P00173,4814,705.55,IN,2026-07-26 17:19:59,ONLINE
CRD0040740,CARD0739,P00347,7832,1283.89,IN,2026-07-22 08:20:49,ONLINE
CRD0040748,CARD0739,P00347,7832,425.86,IN,2026-08-28 16:32:55,ONLINE
CRD0040750,CARD0739,P00208,6012,715.83,IN,2026-08-26 10:43:57,POS4198
CRD0040754,CARD0739,P00084,7832,364.66,IN,2026-08-26 10:30:11,ONLINE
CRD0040762,CARD0739,P00023,4722,5178.55,IN,2026-08-01 21:36:03,ONLINE
CRD0040769,CARD0740,P00392,5812,1097.04,IN,2026-09-03 18:33:25,POS6234
CRD0040772,CARD0740,P00251,5411,2073.17,IN,2026-07-20 00:02:26,ONLINE
CRD0040781,CARD0740,P00251,5411,1119.7,IN,2026-08-22 07:42:22,POS3488
CRD0040786,CARD0740,P00392,5812,243.26,IN,2026-08-16 16:37:19,POS9229
CRD0040789,CARD0740,P00305,5812,2272.91,IN,2026-07-10 14:31:51,POS8498
CRD0040793,CARD0740,P00263,5311,6280.29,IN,2026-08-02 22:27:31,ONLINE
CRD0040803,CARD0740,P00263,5311,3164.68,IN,2026-08-16 11:41:11,POS6338
CRD0040805,CARD0740,P00225,5411,765.64,IN,2026-09-13 18:54:22,POS6697
CRD0040806,CARD0740,P00225,5411,697.0,IN,2026-07-24 12:15:50,ONLINE
CRD0040809,CARD0740,P00263,5311,5205.79,IN,2026-08-04 08:49:06,ONLINE
CRD0040812,CARD0740,P00113,6513,11834.29,IN,2026-09-10 18:35:15,POS1564
CRD0040818,CARD0740,P00318,6513,6046.47,IN,2026-08-28 13:05:51,ONLINE
CRD0040828,CARD0740,P00144,7832,808.66,IN,2026-08-05 09:12:10,POS5539
CRD0040835,CARD0740,P00318,6513,6815.16,IN,2026-07-11 16:01:53,ONLINE
CRD0040837,CARD0740,P00305,5812,576.6,IN,2026-08-13 19:14:16,ONLINE
CRD0040838,CARD0740,P00318,6513,8361.56,IN,2026-07-11 21:12:55,ONLINE
CRD0040839,CARD0740,P00305,5812,1069.78,IN,2026-09-06 15:00:00,ONLINE
CRD0040846,CARD0740,P00395,5311,1629.58,IN,2026-07-23 10:36:03,POS7847
CRD0040849,CARD0740,P00111,6513,3220.25,IN,2026-07-18 10:59:00,POS5566
CRD0040858,CARD0740,P00376,5812,1122.81,IN,2026-07-19 17:51:38,POS4020
CRD0040863,CARD0740,P00318,6513,6407.39,IN,2026-09-01 17:13:39,POS1878
CRD0040875,CARD0741,P00121,5812,1460.97,IN,2026-07-26 08:54:12,POS1162
CRD0040876,CARD0741,P00292,5541,1216.93,IN,2026-07-23 10:49:59,POS8758
CRD0040885,CARD0741,P00292,5541,2073.95,IN,2026-08-29 21:52:17,ONLINE
CRD0040892,CARD0741,P00292,5541,8506.44,IN,2026-07-30 06:33:23,ONLINE
CRD0040893,CARD0741,P00031,6012,1186.36,IN,2026-07-28 10:10:47,ONLINE
CRD0040894,CARD0741,P00272,5812,603.24,IN,2026-07-31 11:12:57,POS2183
CRD0040896,CARD0741,P00102,4722,1492.71,IN,2026-09-04 14:03:30,POS7479
CRD0040900,CARD0741,P00010,5812,909.06,IN,2026-07-21 12:31:52,POS1126
CRD0040908,CARD0741,P00292,5541,2603.75,IN,2026-08-20 16:09:02,POS5868
CRD0040912,CARD0741,P00292,5541,4199.89,IN,2026-07-12 11:06:18,POS8277
CRD0040914,CARD0741,P00117,5411,1212.04,IN,2026-08-21 18:24:33,POS7565
CRD0040915,CARD0741,P00292,5541,3689.7,IN,2026-08-27 14:30:52,ONLINE
CRD0040933,CARD0742,P00206,5541,1695.85,IN,2026-08-19 19:56:40,ONLINE
CRD0040934,CARD0742,P00130,5411,1152.23,IN,2026-07-06 15:35:31,POS9026
CRD0040935,CARD0742,P00132,4900,2112.4,IN,2026-07-30 20:08:13,ONLINE
CRD0040938,CARD0742,P00094,6012,1768.3,IN,2026-08-18 15:38:50,ONLINE
CRD0040941,CARD0742,P00056,5812,856.26,IN,2026-08-15 18:15:32,ONLINE
CRD0040942,CARD0742,P00056,5812,1688.6,IN,2026-09-07 10:29:20,POS1784
CRD0040943,CARD0742,P00306,4814,799.77,IN,2026-09-02 13:38:01,POS6282
CRD0040946,CARD0742,P00306,4814,1308.55,IN,2026-07-11 07:19:31,ONLINE
CRD0040947,CARD0742,P00307,5311,1985.21,IN,2026-08-14 20:01:05,ONLINE
CRD0040953,CARD0742,P00130,5411,1289.5,IN,2026-08-19 09:19:14,POS9927
CRD0040955,CARD0742,P00355,4814,428.48,IN,2026-08-19 09:02:39,ONLINE
CRD0040965,CARD0742,P00239,5411,2899.24,IN,2026-08-08 18:37:19,POS9416
CRD0040978,CARD0742,P00112,5411,851.45,IN,2026-08-10 10:09:35,POS8232
CRD0040983,CARD0742,P00355,4814,1257.09,IN,2026-09-02 16:10:25,POS1377
CRD0040987,CARD0742,P00239,5411,2943.92,IN,2026-09-01 19:41:32,POS1567
CRD0040991,CARD0743,P00238,5812,3876.32,IN,2026-08-25 14:35:28,ONLINE
CRD0040992,CARD0743,P00317,5812,1965.4,IN,2026-08-30 15:37:32,POS8882
CRD0040995,CARD0743,P00277,6012,8772.87,IN,2026-09-08 21:03:15,POS4703
CRD0041001,CARD0743,P00342,5311,5842.61,IN,2026-08-31 16:58:53,ONLINE
CRD0041012,CARD0743,P00277,6012,14457.14,IN,2026-07-12 19:34:43,POS3615
CRD0041017,CARD0743,P00201,4722,3867.55,IN,2026-07-09 16:11:21,ONLINE
CRD0041019,CARD0743,P00167,5812,1561.18,IN,2026-08-10 11:29:43,ONLINE
CRD0041034,CARD0744,P00390,4900,1721.93,IN,2026-07-16 14:02:36,ONLINE
CRD0041035,CARD0744,P00391,5541,2162.31,IN,2026-07-08 21:16:03,ONLINE
CRD0041037,CARD0744,P00128,5541,2451.48,IN,2026-07-08 12:10:34,ONLINE
CRD0041038,CARD0744,P00267,5812,756.0,IN,2026-07-07 01:02:19,POS1207
CRD0041049,CARD0744,P00070,7832,760.57,IN,2026-08-13 19:36:01,POS8622
CRD0041054,CARD0744,P00267,5812,437.78,IN,2026-08-14 13:48:03,POS9803
CRD0041057,CARD0744,P00086,4900,1127.59,IN,2026-08-10 13:27:05,ONLINE
CRD0041061,CARD0744,P00391,5541,2030.09,IN,2026-09-05 18:11:09,POS6826
CRD0041063,CARD0744,P00180,4900,1223.29,IN,2026-07-22 19:27:42,POS9079
CRD0041069,CARD0744,P00394,4814,230.15,IN,2026-08-07 19:17:51,ONLINE
CRD0041075,CARD0744,P00267,5812,1126.78,IN,2026-08-22 08:39:33,POS5438
CRD0041080,CARD0744,P00180,4900,3120.41,IN,2026-08-26 13:15:21,ONLINE
CRD0041082,CARD0744,P00169,5411,678.88,IN,2026-07-07 15:37:48,ONLINE
CRD0041084,CARD0744,P00070,7832,381.92,IN,2026-09-05 13:46:41,ONLINE
CRD0041085,CARD0744,P00205,6012,597.61,IN,2026-08-27 17:32:01,ONLINE
CRD0041100,CARD0744,P00016,5411,1329.14,IN,2026-07-31 21:31:59,POS9342
CRD0041102,CARD0744,P00070,7832,1264.01,IN,2026-07-23 18:56:12,POS9249
CRD0041103,CARD0744,P00391,5541,1737.71,IN,2026-09-06 17:59:19,POS8942
CRD0041116,CARD0745,P00340,4900,3863.76,IN,2026-08-15 12:14:15,ONLINE
CRD0041119,CARD0745,P00214,6012,4203.16,IN,2026-07-28 09:16:43,ONLINE
CRD0041127,CARD0745,P00372,4814,689.03,IN,2026-08-13 05:04:40,POS4192
CRD0041129,CARD0745,P00016,5411,2039.04,IN,2026-07-24 13:18:29,ONLINE
CRD0041134,CARD0745,P00126,4722,3856.77,IN,2026-07-30 09:40:38,POS2485
CRD0041137,CARD0745,P00226,5541,4594.65,IN,2026-08-19 20:23:41,POS3993
CRD0041140,CARD0745,P00143,5411,2755.29,IN,2026-08-02 12:57:03,POS8718
CRD0041144,CARD0746,P00162,5411,866.82,IN,2026-08-07 07:28:55,POS4912
CRD0041145,CARD0746,P00156,6012,7112.75,IN,2026-08-03 20:15:41,ONLINE
CRD0041147,CARD0746,P00162,5411,2945.93,IN,2026-07-07 17:22:31,ONLINE
CRD0041148,CARD0746,P00121,5812,282.33,IN,2026-09-07 11:09:50,ONLINE
CRD0041155,CARD0746,P00121,5812,1181.75,IN,2026-08-22 17:50:09,ONLINE
CRD0041159,CARD0746,P00033,6513,15479.59,IN,2026-08-26 17:18:27,ONLINE
CRD0041167,CARD0746,P00121,5812,5959.89,IN,2026-07-01 07:51:36,POS8207
CRD0041172,CARD0746,P00216,7832,2653.65,IN,2026-09-04 10:26:40,ONLINE
CRD0041174,CARD0746,P00003,4814,2479.47,IN,2026-07-30 19:34:21,POS7226
CRD0041178,CARD0746,P00162,5411,1626.11,IN,2026-07-04 19:24:01,ONLINE
CRD0041185,CARD0746,P00373,6012,7186.36,IN,2026-08-15 20:17:37,POS3938
CRD0041193,CARD0747,P00050,5311,3103.84,IN,2026-07-02 19:18:22,ONLINE
CRD0041197,CARD0747,P00232,4722,5171.44,IN,2026-08-12 19:57:39,ONLINE
CRD0041198,CARD0747,P00050,5311,698.83,IN,2026-08-12 07:32:11,ONLINE
CRD0041204,CARD0747,P00278,5541,1361.77,IN,2026-08-31 20:34:05,POS6631
CRD0041209,CARD0747,P00278,5541,737.46,IN,2026-08-27 15:35:59,ONLINE
CRD0041211,CARD0747,P00337,6513,1366.35,IN,2026-08-15 19:08:04,ONLINE
CRD0041213,CARD0747,P00232,4722,1698.67,IN,2026-08-14 14:03:26,ONLINE
CRD0041217,CARD0747,P00038,5411,1809.99,IN,2026-08-15 15:56:40,POS8731
CRD0041218,CARD0747,P00275,5541,746.11,IN,2026-08-26 16:58:10,ONLINE
CRD0041221,CARD0747,P00149,5311,1639.7,IN,2026-07-25 15:05:38,ONLINE
CRD0041223,CARD0747,P00359,5411,457.95,IN,2026-09-12 14:39:09,ONLINE
CRD0041227,CARD0747,P00294,5311,2587.44,IN,2026-07-04 12:14:08,POS4360
CRD0041230,CARD0747,P00232,4722,2405.71,IN,2026-08-06 14:24:18,ONLINE
CRD0041232,CARD0747,P00278,5541,3606.0,IN,2026-07-24 19:59:55,ONLINE
CRD0041233,CARD0747,P00278,5541,1022.62,IN,2026-07-19 17:07:13,ONLINE
CRD0041234,CARD0747,P00060,7832,441.47,IN,2026-09-09 19:21:25,ONLINE
CRD0041235,CARD0747,P00337,6513,5323.33,IN,2026-08-28 00:09:47,ONLINE
CRD0041246,CARD0747,P00337,6513,3179.39,IN,2026-08-09 11:02:14,POS7045
CRD0041255,CARD0748,P00118,4722,5763.29,IN,2026-07-28 23:57:23,POS8354
CRD0041256,CARD0748,P00080,5812,1737.4,IN,2026-07-12 18:39:48,POS5528
CRD0041258,CARD0748,P00267,5812,1403.77,IN,2026-08-29 23:59:10,ONLINE
CRD0041259,CARD0748,P00228,5541,6270.7,IN,2026-07-28 20:30:22,POS5259
CRD0041264,CARD0748,P00072,5812,2427.54,IN,2026-08-24 20:43:24,ONLINE
CRD0041270,CARD0748,P00118,4722,15469.26,IN,2026-08-26 16:01:18,ONLINE
CRD0041271,CARD0748,P00317,5812,3037.77,IN,2026-09-05 18:37:34,POS4822
CRD0041272,CARD0748,P00317,5812,6316.47,IN,2026-07-08 11:03:06,ONLINE
CRD0041281,CARD0748,P00188,5812,788.5,IN,2026-07-29 18:59:24,POS6679
CRD0041284,CARD0748,P00185,5541,10995.89,IN,2026-07-08 13:45:41,POS6512
CRD0041294,CARD0749,P00179,5812,718.15,IN,2026-09-06 21:30:35,POS4743
CRD0041296,CARD0749,P00179,5812,741.8,IN,2026-07-04 22:15:01,POS7745
CRD0041300,CARD0749,P00271,5541,1688.34,IN,2026-08-02 12:56:50,ONLINE
CRD0041305,CARD0749,P00280,6012,438.64,IN,2026-07-30 09:21:11,ONLINE
CRD0041306,CARD0749,P00271,5541,1375.8,IN,2026-08-27 14:41:12,ONLINE
CRD0041311,CARD0749,P00268,5541,1560.99,IN,2026-08-30 17:18:59,POS3629
CRD0041313,CARD0749,P00271,5541,2910.13,IN,2026-09-13 20:09:43,POS8459
CRD0041316,CARD0749,P00080,5812,1470.03,IN,2026-07-26 16:35:43,POS7687
CRD0041322,CARD0749,P00271,5541,781.17,IN,2026-07-15 20:58:56,POS6701
CRD0041328,CARD0749,P00011,6012,2483.2,IN,2026-08-18 09:28:29,POS6127
CRD0041332,CARD0749,P00179,5812,1002.36,IN,2026-07-25 19:14:41,POS9767
CRD0041340,CARD0749,P00178,8011,4357.22,IN,2026-08-05 19:41:33,ONLINE
CRD0041348,CARD0749,P00080,5812,304.6,IN,2026-07-23 14:08:04,POS5018
CRD0041351,CARD0749,P00135,6012,1468.21,IN,2026-08-09 12:49:52,POS5913
CRD0041361,CARD0750,P00378,5411,1936.06,IN,2026-07-11 21:50:32,ONLINE
CRD0041365,CARD0750,P00396,5411,545.11,IN,2026-08-02 08:04:56,POS1362
CRD0041368,CARD0750,P00300,6012,215.53,IN,2026-09-12 14:36:16,POS9774
CRD0041373,CARD0750,P00396,5411,450.16,IN,2026-07-20 10:45:27,POS8196
CRD0041377,CARD0750,P00287,4900,433.49,IN,2026-07-15 15:10:12,ONLINE
CRD0041385,CARD0750,P00287,4900,2584.32,IN,2026-08-21 18:53:28,ONLINE
CRD0041397,CARD0751,P00235,4722,1609.36,IN,2026-08-13 08:29:26,POS8324
CRD0041404,CARD0751,P00180,4900,1282.3,IN,2026-08-14 13:25:15,ONLINE
CRD0041406,CARD0751,P00301,5812,247.98,IN,2026-08-01 19:48:34,ONLINE
CRD0041407,CARD0751,P00034,5812,108.0,IN,2026-07-09 16:19:55,ONLINE
CRD0041410,CARD0751,P00342,5311,2549.63,IN,2026-08-31 20:27:17,POS5411
CRD0041412,CARD0751,P00192,5311,1046.62,IN,2026-07-15 15:06:38,ONLINE
CRD0041421,CARD0751,P00238,5812,140.15,IN,2026-08-10 10:18:28,ONLINE
CRD0041424,CARD0751,P00034,5812,250.72,IN,2026-07-20 17:20:52,POS3755
CRD0041425,CARD0751,P00256,4900,630.43,IN,2026-07-05 09:12:16,POS5999
CRD0041428,CARD0751,P00238,5812,156.59,IN,2026-07-07 15:01:59,ONLINE
CRD0041430,CARD0751,P00148,5311,2233.94,IN,2026-07-27 06:32:46,POS8971
CRD0041431,CARD0751,P00256,4900,927.53,IN,2026-09-02 17:38:15,POS6340
CRD0041432,CARD0751,P00256,4900,470.44,IN,2026-08-25 21:35:07,ONLINE
CRD0041435,CARD0751,P00235,4722,1132.1,IN,2026-08-23 18:42:20,ONLINE
CRD0041437,CARD0751,P00238,5812,492.01,IN,2026-08-02 10:21:33,POS9480
CRD0041450,CARD0751,P00180,4900,1442.33,IN,2026-08-31 18:03:58,ONLINE
CRD0041451,CARD0751,P00330,5812,209.82,IN,2026-08-20 17:30:40,POS1311
CRD0041453,CARD0751,P00395,5311,471.3,IN,2026-07-07 18:45:18,POS9419
CRD0041456,CARD0751,P00192,5311,1136.02,IN,2026-09-07 11:12:24,POS8082
CRD0041464,CARD0752,P00148,5311,1905.53,IN,2026-08-16 19:31:23,POS3598
CRD0041468,CARD0752,P00029,5411,1276.58,IN,2026-07-10 16:14:17,POS5102
CRD0041471,CARD0752,P00240,6012,613.18,IN,2026-07-26 14:28:24,POS6111
CRD0041476,CARD0752,P00366,5812,426.32,IN,2026-09-06 15:07:34,ONLINE
CRD0041479,CARD0752,P00293,5812,769.77,IN,2026-07-09 11:46:56,ONLINE
CRD0041480,CARD0752,P00209,5411,911.67,IN,2026-07-06 09:04:31,ONLINE
CRD0041483,CARD0752,P00189,5812,180.72,IN,2026-07-04 22:52:06,POS4221
CRD0041485,CARD0752,P00148,5311,633.86,IN,2026-07-28 10:34:10,ONLINE
CRD0041491,CARD0752,P00366,5812,741.93,IN,2026-07-04 19:37:33,POS4290
CRD0041496,CARD0752,P00320,4900,1223.76,IN,2026-08-07 14:13:26,ONLINE
CRD0041502,CARD0752,P00366,5812,412.62,IN,2026-09-07 13:15:56,ONLINE
CRD0041507,CARD0752,P00189,5812,725.76,IN,2026-08-02 17:13:12,ONLINE
CRD0041513,CARD0753,P00040,5411,1316.49,IN,2026-07-12 02:27:33,ONLINE
CRD0041515,CARD0753,P00113,6513,5223.54,IN,2026-08-05 15:30:34,POS9048
CRD0041520,CARD0753,P00270,4722,7309.94,IN,2026-08-12 20:43:43,POS8191
CRD0041526,CARD0753,P00370,5812,204.32,IN,2026-07-10 20:27:52,POS1630
CRD0041535,CARD0754,P00233,5411,2649.76,IN,2026-08-12 20:29:51,POS5999
CRD0041539,CARD0754,P00242,4900,3255.65,IN,2026-09-01 16:28:26,POS5551
CRD0041547,CARD0754,P00240,6012,1287.74,IN,2026-09-02 11:06:43,ONLINE
CRD0041548,CARD0754,P00382,5812,1441.68,IN,2026-08-16 10:30:02,ONLINE
CRD0041550,CARD0754,P00382,5812,765.73,IN,2026-08-16 16:13:17,POS8832
CRD0041553,CARD0754,P00078,7832,615.23,IN,2026-07-30 17:49:27,ONLINE
CRD0041554,CARD0754,P00110,7832,768.83,IN,2026-07-27 06:11:07,POS1762
CRD0041556,CARD0754,P00295,8011,1290.84,IN,2026-07-02 16:24:08,POS5712
CRD0041557,CARD0754,P00233,5411,3744.55,IN,2026-07-08 21:18:29,ONLINE
CRD0041573,CARD0754,P00062,6012,4479.52,IN,2026-08-13 22:48:25,ONLINE
CRD0041575,CARD0754,P00295,8011,989.11,IN,2026-08-20 18:41:45,ONLINE
CRD0041578,CARD0754,P00240,6012,6164.89,IN,2026-08-07 18:23:17,POS7624
CRD0041582,CARD0755,P00161,5812,469.32,IN,2026-09-08 14:08:28,ONLINE
CRD0041583,CARD0755,P00231,4814,798.91,IN,2026-07-31 13:41:07,POS6357
CRD0041592,CARD0755,P00288,5812,676.2,IN,2026-08-28 12:50:10,POS2678
CRD0041593,CARD0755,P00225,5411,2314.95,IN,2026-08-13 19:54:08,POS3370
CRD0041597,CARD0755,P00049,5411,923.97,IN,2026-08-22 19:56:17,POS6249
CRD0041604,CARD0755,P00184,5812,708.96,IN,2026-07-09 10:46:25,POS5281
CRD0041612,CARD0755,P00291,5812,636.85,IN,2026-08-07 20:53:42,ONLINE
CRD0041620,CARD0755,P00221,5812,778.36,IN,2026-07-01 12:44:51,POS7419
CRD0041621,CARD0755,P00250,4814,240.32,IN,2026-09-13 16:38:00,ONLINE
CRD0041625,CARD0755,P00123,5812,824.21,IN,2026-07-05 18:20:17,ONLINE
CRD0041636,CARD0756,P00182,4722,4416.72,IN,2026-07-26 14:10:27,POS2675
CRD0041642,CARD0756,P00282,5411,957.3,IN,2026-07-18 17:51:54,POS7927
CRD0041646,CARD0756,P00182,4722,10691.56,IN,2026-07-07 17:07:48,POS3418
CRD0041647,CARD0756,P00083,5311,14448.38,IN,2026-08-10 01:01:08,POS6402
CRD0041649,CARD0756,P00182,4722,7494.89,IN,2026-07-19 10:06:59,POS5625
CRD0041651,CARD0756,P00199,5812,1819.23,IN,2026-07-30 09:05:22,POS1102
CRD0041656,CARD0756,P00314,7832,1515.22,IN,2026-08-17 15:19:11,POS3932
CRD0041660,CARD0756,P00083,5311,3186.16,IN,2026-07-17 20:57:25,ONLINE
CRD0041661,CARD0756,P00266,5541,9992.31,IN,2026-08-25 18:19:18,POS9899
CRD0041662,CARD0756,P00083,5311,7226.88,IN,2026-07-31 10:05:57,POS1124
CRD0041676,CARD0756,P00199,5812,2545.2,IN,2026-08-21 08:31:33,POS9925
CRD0041684,CARD0756,P00314,7832,862.83,IN,2026-07-13 21:37:08,POS4826
CRD0041693,CARD0757,P00348,6012,1031.22,IN,2026-07-04 14:22:50,ONLINE
CRD0041701,CARD0757,P00348,6012,3299.4,IN,2026-07-20 01:36:51,POS7028
CRD0041702,CARD0757,P00348,6012,750.69,IN,2026-07-26 16:10:26,POS8812
CRD0041711,CARD0757,P00348,6012,961.19,IN,2026-08-12 13:25:28,ONLINE
CRD0041712,CARD0757,P00324,5311,5240.0,IN,2026-08-28 09:57:00,ONLINE
CRD0041713,CARD0757,P00333,5812,834.37,IN,2026-07-10 08:53:38,POS8747
CRD0041714,CARD0757,P00172,5541,1320.84,IN,2026-08-11 09:16:56,POS6078
CRD0041718,CARD0757,P00065,5541,1963.2,IN,2026-08-10 20:21:05,POS7035
CRD0041719,CARD0757,P00324,5311,3015.03,IN,2026-08-18 11:37:02,POS4198
CRD0041739,CARD0758,P00386,6012,2571.76,IN,2026-07-14 10:50:54,ONLINE
CRD0041742,CARD0758,P00030,8011,5326.42,IN,2026-07-09 17:17:46,ONLINE
CRD0041748,CARD0758,P00386,6012,2643.31,IN,2026-08-13 07:15:16,POS9523
CRD0041751,CARD0758,P00238,5812,634.48,IN,2026-08-17 07:41:03,POS4418
CRD0041756,CARD0758,P00176,6012,8258.42,IN,2026-08-11 20:36:46,ONLINE
CRD0041759,CARD0758,P00176,6012,5578.26,IN,2026-08-21 17:29:03,ONLINE
CRD0041767,CARD0758,P00157,6513,7187.68,IN,2026-08-06 16:01:48,POS6053
CRD0041769,CARD0758,P00333,5812,1381.7,IN,2026-07-05 20:30:01,ONLINE
CRD0041771,CARD0758,P00238,5812,1366.11,IN,2026-08-29 16:17:48,POS2254
CRD0041781,CARD0758,P00197,6012,805.35,IN,2026-09-09 08:22:46,POS5850
CRD0041782,CARD0758,P00395,5311,3507.53,IN,2026-07-30 20:48:52,POS4476
CRD0041787,CARD0758,P00333,5812,858.83,IN,2026-08-20 20:13:47,ONLINE
CRD0041790,CARD0758,P00176,6012,1819.13,IN,2026-08-08 06:06:04,ONLINE
CRD0041798,CARD0759,P00366,5812,886.39,IN,2026-08-02 19:40:13,ONLINE
CRD0041801,CARD0759,P00104,5541,1482.19,IN,2026-09-01 00:59:28,ONLINE
CRD0041804,CARD0759,P00029,5411,1059.21,IN,2026-09-08 18:34:45,POS1302
CRD0041807,CARD0759,P00379,4814,1056.4,IN,2026-09-11 11:09:10,POS4024
CRD0041813,CARD0759,P00379,4814,2354.03,IN,2026-08-08 11:58:45,ONLINE
CRD0041822,CARD0759,P00219,5411,1590.88,IN,2026-09-10 12:03:34,POS2210
CRD0041827,CARD0759,P00155,7832,2272.32,IN,2026-08-09 14:29:15,POS7124
CRD0041828,CARD0759,P00015,4722,8738.17,IN,2026-08-02 07:07:49,POS7354
CRD0041830,CARD0759,P00211,7832,4338.43,IN,2026-09-11 10:08:58,POS5886
CRD0041832,CARD0759,P00160,4722,4245.35,IN,2026-07-13 08:28:16,POS9404
CRD0041834,CARD0759,P00160,4722,2334.27,IN,2026-07-02 12:46:45,ONLINE
CRD0041839,CARD0760,P00135,6012,1550.95,IN,2026-08-21 21:59:53,POS4037
CRD0041845,CARD0760,P00211,7832,1542.66,IN,2026-08-09 16:14:29,POS1476
CRD0041846,CARD0760,P00260,5311,1507.14,IN,2026-09-03 07:03:07,ONLINE
CRD0041849,CARD0760,P00211,7832,909.96,IN,2026-07-03 18:50:38,POS3380
CRD0041850,CARD0760,P00321,5812,319.53,IN,2026-07-11 19:02:05,POS2260
CRD0041855,CARD0760,P00035,7832,503.09,IN,2026-08-14 16:28:09,ONLINE
CRD0041857,CARD0760,P00114,4814,292.71,IN,2026-07-20 17:06:35,POS2789
CRD0041859,CARD0760,P00356,4814,433.26,IN,2026-08-16 22:01:13,ONLINE
CRD0041863,CARD0760,P00320,4900,2160.95,IN,2026-08-11 13:21:37,ONLINE
CRD0041864,CARD0760,P00327,5541,2586.46,IN,2026-09-07 15:57:27,ONLINE
CRD0041866,CARD0760,P00135,6012,468.88,IN,2026-08-28 18:51:18,POS2643
CRD0041871,CARD0760,P00156,6012,4672.75,IN,2026-07-14 20:42:13,ONLINE
CRD0041873,CARD0760,P00260,5311,1366.39,IN,2026-09-02 12:24:12,POS8122
CRD0041885,CARD0760,P00320,4900,3057.0,IN,2026-09-04 15:55:36,POS9043
CRD0041892,CARD0761,P00083,5311,2193.69,IN,2026-08-29 08:34:38,POS3714
CRD0041895,CARD0761,P00027,5311,3599.31,IN,2026-07-15 07:20:55,ONLINE
CRD0041897,CARD0761,P00331,7832,871.98,IN,2026-08-31 07:02:11,ONLINE
CRD0041900,CARD0761,P00395,5311,8085.87,IN,2026-08-19 11:57:24,ONLINE
CRD0041904,CARD0761,P00019,4814,404.61,IN,2026-07-12 12:33:39,POS3027
CRD0041906,CARD0761,P00395,5311,4301.03,IN,2026-07-18 20:52:29,ONLINE
CRD0041908,CARD0761,P00019,4814,746.08,IN,2026-07-29 18:46:19,POS5200
CRD0041914,CARD0761,P00069,5311,1258.11,IN,2026-07-23 19:44:35,ONLINE
CRD0041915,CARD0761,P00253,4814,911.6,IN,2026-08-10 09:19:40,POS5999
CRD0041937,CARD0762,P00385,6012,1074.92,IN,2026-07-04 23:24:20,ONLINE
CRD0041952,CARD0762,P00146,5411,534.26,IN,2026-07-21 12:21:06,POS6811
CRD0041958,CARD0762,P00123,5812,378.03,IN,2026-08-06 23:36:29,POS5536
CRD0041959,CARD0762,P00123,5812,233.85,IN,2026-09-03 11:07:59,POS3929
CRD0041965,CARD0762,P00322,6012,440.4,IN,2026-08-22 15:41:53,POS6609
CRD0041971,CARD0762,P00391,5541,434.77,IN,2026-08-09 13:16:53,POS2541
CRD0041973,CARD0762,P00123,5812,645.25,IN,2026-08-08 22:16:00,POS9071
CRD0041984,CARD0763,P00231,4814,710.85,IN,2026-08-05 09:05:28,POS8508
CRD0041987,CARD0763,P00155,7832,1115.68,IN,2026-08-24 19:12:46,ONLINE
CRD0041989,CARD0763,P00397,5311,14951.96,IN,2026-08-05 15:26:55,POS7483
CRD0041991,CARD0763,P00329,8011,5342.34,IN,2026-07-15 19:43:30,POS5635
CRD0041998,CARD0763,P00064,5311,4610.52,IN,2026-08-13 11:09:41,ONLINE
CRD0042004,CARD0763,P00220,8011,5978.91,IN,2026-09-10 18:30:33,ONLINE
CRD0042006,CARD0763,P00048,5812,522.13,IN,2026-08-13 20:46:33,POS4737
CRD0042010,CARD0763,P00307,5311,3753.59,IN,2026-08-12 14:36:24,ONLINE
CRD0042012,CARD0763,P00329,8011,4177.71,IN,2026-08-08 19:48:14,ONLINE
CRD0042015,CARD0763,P00387,4722,9691.97,IN,2026-08-16 18:37:12,ONLINE
CRD0042017,CARD0763,P00146,5411,1486.45,IN,2026-07-01 23:57:26,POS2992
CRD0042021,CARD0763,P00220,8011,3441.73,IN,2026-08-19 21:01:16,ONLINE
CRD0042022,CARD0763,P00397,5311,10061.16,IN,2026-08-14 09:47:43,ONLINE
CRD0042023,CARD0763,P00397,5311,8075.04,IN,2026-07-13 15:09:21,ONLINE
CRD0042024,CARD0763,P00300,6012,5677.76,IN,2026-08-16 18:02:16,ONLINE
CRD0042030,CARD0764,P00206,5541,3185.73,IN,2026-07-15 04:30:51,POS5107
CRD0042031,CARD0764,P00328,5311,1309.84,IN,2026-08-13 14:16:13,POS5379
CRD0042035,CARD0764,P00066,4722,1235.75,IN,2026-08-31 18:56:34,ONLINE
CRD0042036,CARD0764,P00320,4900,2316.66,IN,2026-08-01 12:32:58,POS1604
CRD0042037,CARD0764,P00206,5541,1069.45,IN,2026-07-31 20:05:57,POS9850
CRD0042041,CARD0764,P00229,5411,336.12,IN,2026-07-04 15:47:11,ONLINE
CRD0042044,CARD0764,P00044,5411,367.38,IN,2026-07-08 20:41:14,ONLINE
CRD0042048,CARD0764,P00337,6513,13939.78,IN,2026-08-05 13:37:30,ONLINE
CRD0042059,CARD0764,P00229,5411,1399.04,IN,2026-09-11 07:10:05,POS8730
CRD0042061,CARD0764,P00047,6012,4939.61,IN,2026-09-10 12:01:53,ONLINE
CRD0042068,CARD0764,P00252,5411,1927.48,IN,2026-07-06 21:47:43,ONLINE
CRD0042070,CARD0764,P00369,5411,274.38,IN,2026-07-27 18:00:33,POS9689
CRD0042073,CARD0764,P00066,4722,1435.83,IN,2026-08-15 17:22:32,ONLINE
CRD0042082,CARD0764,P00206,5541,1717.38,IN,2026-09-03 18:50:34,ONLINE
CRD0042094,CARD0765,P00235,4722,7784.16,IN,2026-08-28 09:12:53,ONLINE
CRD0042106,CARD0765,P00235,4722,11900.66,IN,2026-08-25 16:07:42,POS6900
CRD0042109,CARD0765,P00033,6513,34018.97,IN,2026-07-03 18:40:25,ONLINE
CRD0042123,CARD0765,P00035,7832,2930.06,IN,2026-08-15 18:43:36,POS3731
CRD0042125,CARD0765,P00033,6513,25302.12,IN,2026-08-19 12:52:25,POS3179
CRD0042128,CARD0765,P00319,6012,8867.94,IN,2026-08-02 11:13:35,POS4588
CRD0042131,CARD0765,P00035,7832,3116.25,IN,2026-07-19 21:46:45,POS3721
CRD0042139,CARD0766,P00038,5411,655.03,IN,2026-09-06 20:54:34,ONLINE
CRD0042143,CARD0766,P00243,6012,4102.95,IN,2026-08-19 11:08:24,POS2967
CRD0042147,CARD0766,P00020,7832,1162.6,IN,2026-07-27 21:57:25,ONLINE
CRD0042154,CARD0766,P00250,4814,797.0,IN,2026-07-30 09:24:34,POS4383
CRD0042156,CARD0766,P00040,5411,656.43,IN,2026-09-04 14:48:43,ONLINE
CRD0042159,CARD0766,P00103,5311,702.17,IN,2026-07-24 13:27:23,POS6143
CRD0042160,CARD0766,P00038,5411,674.17,IN,2026-09-10 10:23:54,POS5765
CRD0042164,CARD0766,P00038,5411,3349.48,IN,2026-08-15 08:01:59,ONLINE
CRD0042166,CARD0766,P00253,4814,1151.34,IN,2026-08-17 13:47:50,POS3623
CRD0042172,CARD0767,P00093,5812,903.76,IN,2026-08-23 14:08:06,POS4926
CRD0042181,CARD0767,P00212,5411,440.43,IN,2026-07-01 08:28:44,POS1295
CRD0042183,CARD0767,P00212,5411,1370.87,IN,2026-07-04 09:37:30,ONLINE
CRD0042187,CARD0767,P00042,5311,3748.91,IN,2026-08-13 12:55:04,ONLINE
CRD0042189,CARD0767,P00349,5812,396.36,IN,2026-08-11 17:45:02,ONLINE
CRD0042191,CARD0767,P00040,5411,1433.64,IN,2026-08-31 10:24:42,ONLINE
CRD0042203,CARD0767,P00349,5812,1620.39,IN,2026-09-13 23:15:38,POS7310
CRD0042207,CARD0767,P00053,5411,2770.07,IN,2026-08-26 18:29:00,POS9935
CRD0042208,CARD0767,P00212,5411,3193.12,IN,2026-09-02 18:04:58,ONLINE
CRD0042209,CARD0767,P00212,5411,864.43,IN,2026-09-09 22:52:44,POS6642
CRD0042210,CARD0767,P00040,5411,2075.39,IN,2026-07-25 13:09:37,POS6635
CRD0042211,CARD0767,P00349,5812,1260.04,IN,2026-08-27 13:55:50,POS7955
CRD0042213,CARD0767,P00349,5812,1138.21,IN,2026-08-12 14:11:15,ONLINE
CRD0042219,CARD0767,P00212,5411,2311.96,IN,2026-07-24 20:10:35,POS3340
CRD0042228,CARD0768,P00035,7832,1589.36,IN,2026-07-22 13:42:47,POS3306
CRD0042237,CARD0768,P00110,7832,826.49,IN,2026-09-04 14:00:16,POS6741
CRD0042246,CARD0768,P00035,7832,1424.39,IN,2026-08-07 21:26:09,ONLINE
CRD0042247,CARD0768,P00008,4722,22142.0,IN,2026-07-16 19:01:25,POS8452
CRD0042257,CARD0768,P00300,6012,1423.84,IN,2026-07-25 09:19:46,POS5683
CRD0042259,CARD0768,P00035,7832,583.01,IN,2026-08-11 21:02:58,POS1307
CRD0042265,CARD0769,P00079,5541,1908.12,IN,2026-09-02 19:42:59,POS9520
CRD0042267,CARD0769,P00364,5411,753.04,IN,2026-08-14 11:16:00,POS2544
CRD0042270,CARD0769,P00364,5411,3698.06,IN,2026-08-22 16:55:41,POS3901
CRD0042272,CARD0769,P00015,4722,2081.82,IN,2026-07-09 09:51:45,ONLINE
CRD0042273,CARD0769,P00249,4814,1008.33,IN,2026-08-02 08:20:11,POS7782
CRD0042276,CARD0769,P00249,4814,708.85,IN,2026-07-23 17:51:46,POS4417
CRD0042278,CARD0769,P00104,5541,1913.59,IN,2026-08-02 12:48:08,ONLINE
CRD0042285,CARD0769,P00356,4814,820.97,IN,2026-08-06 18:40:56,ONLINE
CRD0042307,CARD0769,P00364,5411,496.02,IN,2026-07-07 13:07:22,ONLINE
CRD0042309,CARD0769,P00012,5541,2886.12,IN,2026-09-02 11:52:03,POS1291
CRD0042310,CARD0769,P00364,5411,1960.23,IN,2026-08-10 06:25:48,POS4116
CRD0042312,CARD0769,P00399,4814,480.56,IN,2026-08-10 16:00:22,ONLINE
CRD0042315,CARD0769,P00270,4722,5487.13,IN,2026-07-04 18:34:48,ONLINE
CRD0042324,CARD0769,P00364,5411,5071.38,IN,2026-09-02 17:53:25,ONLINE
CRD0042327,CARD0769,P00104,5541,1125.9,IN,2026-07-07 18:46:09,ONLINE
CRD0042330,CARD0769,P00364,5411,971.97,IN,2026-08-09 20:49:53,ONLINE
CRD0042335,CARD0770,P00255,5311,2206.48,IN,2026-08-28 16:54:33,ONLINE
CRD0042339,CARD0770,P00250,4814,792.77,IN,2026-08-03 12:59:17,POS5410
CRD0042341,CARD0770,P00324,5311,5978.42,IN,2026-09-10 17:52:22,POS9162
CRD0042347,CARD0770,P00121,5812,1444.11,IN,2026-08-22 19:42:39,ONLINE
CRD0042348,CARD0770,P00394,4814,284.3,IN,2026-08-26 11:23:21,ONLINE
CRD0042354,CARD0770,P00121,5812,1237.0,IN,2026-08-27 02:53:33,ONLINE
CRD0042356,CARD0770,P00066,4722,2760.49,IN,2026-07-12 11:30:30,ONLINE
CRD0042360,CARD0770,P00066,4722,3102.94,IN,2026-07-16 18:24:26,POS4097
CRD0042362,CARD0770,P00363,5541,3996.91,IN,2026-08-27 10:14:29,ONLINE
CRD0042363,CARD0770,P00121,5812,1241.88,IN,2026-08-03 20:48:19,ONLINE
CRD0042367,CARD0770,P00170,6012,1254.2,IN,2026-08-20 11:09:50,POS6702
CRD0042368,CARD0770,P00381,5411,203.36,IN,2026-08-22 18:24:05,ONLINE
CRD0042373,CARD0770,P00162,5411,1620.16,IN,2026-08-16 06:29:36,ONLINE
CRD0042381,CARD0771,P00139,5311,2399.48,IN,2026-07-07 08:09:10,POS1958
CRD0042382,CARD0771,P00347,7832,693.55,IN,2026-07-05 09:23:17,POS4583
CRD0042384,CARD0771,P00246,5411,1083.81,IN,2026-08-01 06:00:05,ONLINE
CRD0042386,CARD0771,P00148,5311,6775.97,IN,2026-08-29 17:38:45,POS4764
CRD0042389,CARD0771,P00338,5311,1045.08,IN,2026-07-19 12:46:02,ONLINE
CRD0042394,CARD0771,P00225,5411,1985.64,IN,2026-09-03 17:40:42,POS9780
CRD0042397,CARD0771,P00006,5411,1126.28,IN,2026-07-30 14:22:23,POS3701
CRD0042399,CARD0771,P00050,5311,2401.03,IN,2026-07-04 12:56:26,POS6293
CRD0042403,CARD0771,P00148,5311,3857.45,IN,2026-08-10 23:11:58,ONLINE
CRD0042404,CARD0771,P00260,5311,2093.1,IN,2026-09-08 20:34:52,ONLINE
CRD0042422,CARD0772,P00337,6513,9331.07,IN,2026-08-02 14:32:22,ONLINE
CRD0042427,CARD0772,P00176,6012,2937.44,IN,2026-08-03 19:14:37,ONLINE
CRD0042430,CARD0772,P00226,5541,4015.2,IN,2026-07-19 12:56:13,ONLINE
CRD0042431,CARD0772,P00226,5541,2282.25,IN,2026-07-25 20:14:04,POS4652
CRD0042433,CARD0772,P00230,5812,413.7,IN,2026-07-15 13:24:56,ONLINE
CRD0042434,CARD0772,P00163,5411,1514.56,IN,2026-07-23 19:13:56,ONLINE
CRD0042436,CARD0772,P00398,5541,1860.86,IN,2026-08-12 08:11:47,POS2868
CRD0042449,CARD0773,P00336,5812,500.38,IN,2026-07-09 10:48:46,ONLINE
CRD0042454,CARD0773,P00224,5812,709.03,IN,2026-07-07 19:45:43,POS5776
CRD0042456,CARD0773,P00266,5541,1956.64,IN,2026-09-05 11:56:29,POS7513
CRD0042464,CARD0773,P00266,5541,804.21,IN,2026-08-26 20:50:00,POS7508
CRD0042465,CARD0773,P00029,5411,1703.7,IN,2026-07-17 11:00:43,POS8473
CRD0042470,CARD0773,P00202,5541,1704.89,IN,2026-07-26 22:53:41,POS4049
CRD0042480,CARD0773,P00300,6012,1396.5,IN,2026-07-15 18:56:26,POS8107
CRD0042484,CARD0773,P00188,5812,2167.88,IN,2026-08-22 15:04:06,POS7444
CRD0042485,CARD0773,P00367,5411,573.73,IN,2026-09-04 14:14:11,ONLINE
CRD0042492,CARD0774,P00163,5411,893.84,IN,2026-07-19 15:55:51,POS2708
CRD0042499,CARD0774,P00285,4900,2950.18,IN,2026-08-23 10:42:32,ONLINE
CRD0042501,CARD0774,P00264,5812,426.69,IN,2026-08-31 17:28:21,POS5877
CRD0042502,CARD0774,P00264,5812,630.05,IN,2026-07-08 19:22:44,POS6218
CRD0042504,CARD0774,P00163,5411,1389.03,IN,2026-08-24 14:55:54,POS2246
CRD0042511,CARD0774,P00330,5812,3418.89,IN,2026-08-01 17:36:45,POS8223
CRD0042514,CARD0774,P00192,5311,5069.46,IN,2026-09-07 15:25:59,ONLINE
CRD0042523,CARD0774,P00163,5411,543.78,IN,2026-08-02 18:57:22,POS8356
CRD0042528,CARD0774,P00264,5812,813.81,IN,2026-07-30 09:34:02,ONLINE
CRD0042556,CARD0774,P00371,5411,594.37,IN,2026-07-01 19:00:34,POS2822
CRD0042566,CARD0775,P00167,5812,896.62,IN,2026-07-18 16:38:43,ONLINE
CRD0042567,CARD0775,P00057,5812,305.01,IN,2026-08-03 15:26:52,POS9284
CRD0042570,CARD0775,P00011,6012,491.91,IN,2026-07-23 14:33:11,POS4506
CRD0042571,CARD0775,P00067,8011,2429.17,IN,2026-09-02 19:26:48,POS6807
CRD0042574,CARD0775,P00057,5812,317.72,IN,2026-08-26 10:53:52,ONLINE
CRD0042578,CARD0775,P00129,5311,3476.0,IN,2026-08-03 14:16:12,ONLINE
CRD0042582,CARD0775,P00067,8011,4154.04,IN,2026-09-01 20:07:58,POS7461
CRD0042584,CARD0775,P00166,5411,1971.93,IN,2026-08-25 12:49:38,ONLINE
CRD0042586,CARD0775,P00185,5541,921.5,IN,2026-07-21 09:06:38,POS6462
CRD0042591,CARD0775,P00166,5411,773.24,IN,2026-09-13 18:08:26,POS3043
CRD0042596,CARD0775,P00067,8011,1230.65,IN,2026-08-22 16:00:20,ONLINE
CRD0042598,CARD0775,P00057,5812,508.87,IN,2026-07-23 01:30:14,ONLINE
CRD0042602,CARD0775,P00327,5541,1604.17,IN,2026-07-19 19:58:54,POS4630
CRD0042605,CARD0775,P00185,5541,2802.66,IN,2026-09-03 13:04:44,POS5795
CRD0042608,CARD0775,P00185,5541,2301.43,IN,2026-09-07 19:13:39,ONLINE
CRD0042613,CARD0775,P00167,5812,830.08,IN,2026-08-05 04:18:21,ONLINE
CRD0042619,CARD0776,P00180,4900,16055.71,IN,2026-07-04 18:40:07,ONLINE
CRD0042620,CARD0776,P00012,5541,3654.26,IN,2026-08-02 19:41:16,ONLINE
CRD0042626,CARD0776,P00279,5812,1916.33,IN,2026-07-18 21:21:42,ONLINE
CRD0042629,CARD0776,P00328,5311,4842.43,IN,2026-08-30 01:28:31,ONLINE
CRD0042631,CARD0776,P00096,7832,5568.69,IN,2026-08-03 19:38:05,POS8599
CRD0042632,CARD0776,P00252,5411,5984.25,IN,2026-07-02 11:08:17,ONLINE
CRD0042634,CARD0776,P00042,5311,7783.68,IN,2026-08-11 17:24:35,POS9496
CRD0042637,CARD0776,P00255,5311,9681.16,IN,2026-08-08 04:05:46,POS2607
CRD0042646,CARD0776,P00089,4722,12540.57,IN,2026-08-31 16:52:10,POS8225
CRD0042648,CARD0776,P00030,8011,9904.87,IN,2026-07-09 18:07:26,ONLINE
CRD0042660,CARD0776,P00012,5541,6512.96,IN,2026-07-07 22:33:19,POS5429
CRD0042664,CARD0777,P00352,4814,356.4,IN,2026-07-16 11:32:11,POS7388
CRD0042665,CARD0777,P00098,6012,1861.44,IN,2026-07-17 14:17:37,POS6332
CRD0042672,CARD0777,P00304,5541,1250.88,IN,2026-07-07 08:26:17,POS9864
CRD0042673,CARD0777,P00135,6012,1917.73,IN,2026-08-06 12:05:56,POS7559
CRD0042674,CARD0777,P00280,6012,1586.95,IN,2026-08-07 13:51:38,POS7874
CRD0042675,CARD0777,P00150,4900,3159.19,IN,2026-07-02 05:32:48,ONLINE
CRD0042684,CARD0777,P00135,6012,782.0,IN,2026-07-01 14:44:11,ONLINE
CRD0042685,CARD0777,P00141,4900,2128.47,IN,2026-08-07 15:30:57,POS1868
CRD0042688,CARD0777,P00141,4900,1400.35,IN,2026-08-09 20:48:13,POS2152
CRD0042693,CARD0777,P00098,6012,2765.79,IN,2026-07-02 14:34:09,ONLINE
CRD0042702,CARD0777,P00084,7832,1699.97,IN,2026-08-12 08:31:46,ONLINE
CRD0042703,CARD0777,P00280,6012,1759.75,IN,2026-08-22 22:41:51,ONLINE
CRD0042708,CARD0778,P00285,4900,5316.5,IN,2026-08-05 18:45:29,ONLINE
CRD0042714,CARD0778,P00110,7832,2248.65,IN,2026-07-04 07:46:41,ONLINE
CRD0042717,CARD0778,P00142,6012,4517.86,IN,2026-07-28 18:55:00,ONLINE
CRD0042718,CARD0778,P00142,6012,6692.27,IN,2026-08-16 11:22:56,POS7280
CRD0042724,CARD0778,P00320,4900,5396.84,IN,2026-08-24 21:44:32,POS5954
CRD0042735,CARD0778,P00299,5411,10394.95,IN,2026-08-30 13:49:55,POS7795
CRD0042740,CARD0778,P00299,5411,2182.86,IN,2026-09-05 23:05:00,POS3177
CRD0042741,CARD0778,P00299,5411,2132.38,IN,2026-08-27 19:17:32,POS5751
CRD0042743,CARD0778,P00285,4900,7641.33,IN,2026-09-04 15:52:56,POS9348
CRD0042747,CARD0778,P00299,5411,4475.31,IN,2026-07-04 12:09:39,POS5014
CRD0042753,CARD0778,P00387,4722,17051.86,IN,2026-08-26 15:58:15,ONLINE
CRD0042754,CARD0778,P00313,5541,3817.48,IN,2026-07-04 11:24:20,ONLINE
CRD0042763,CARD0778,P00320,4900,5150.66,IN,2026-07-02 16:06:54,ONLINE
CRD0042765,CARD0778,P00313,5541,2231.55,IN,2026-08-19 18:35:47,ONLINE
CRD0042767,CARD0778,P00285,4900,6001.74,IN,2026-08-20 10:11:59,POS8060
CRD0042774,CARD0778,P00142,6012,2234.22,IN,2026-07-17 21:02:28,POS2925
CRD0042778,CARD0778,P00285,4900,8352.44,IN,2026-08-08 00:32:48,ONLINE
CRD0042782,CARD0778,P00151,6513,10855.34,IN,2026-09-01 06:56:13,ONLINE
CRD0042787,CARD0778,P00395,5311,5075.69,IN,2026-08-12 10:43:31,POS7474
CRD0042789,CARD0778,P00328,5311,9407.4,IN,2026-08-09 17:48:52,POS4757
CRD0042791,CARD0778,P00374,6513,8175.97,IN,2026-07-04 19:49:09,ONLINE
CRD0042793,CARD0778,P00299,5411,3854.79,IN,2026-07-08 11:56:38,POS1626
CRD0042796,CARD0778,P00151,6513,18388.36,IN,2026-07-14 08:46:04,ONLINE
CRD0042805,CARD0779,P00282,5411,424.23,IN,2026-08-01 16:57:21,ONLINE
CRD0042810,CARD0779,P00282,5411,1565.39,IN,2026-07-25 16:34:05,ONLINE
CRD0042811,CARD0779,P00282,5411,819.43,IN,2026-08-10 16:24:17,POS6035
CRD0042816,CARD0779,P00236,5411,1056.19,IN,2026-08-01 12:32:51,POS2019
CRD0042818,CARD0779,P00282,5411,2879.83,IN,2026-07-25 09:20:32,ONLINE
CRD0042820,CARD0779,P00117,5411,1639.12,IN,2026-08-11 13:43:58,POS6016
CRD0042823,CARD0779,P00215,4722,3651.83,IN,2026-08-04 19:10:18,POS9834
CRD0042826,CARD0779,P00188,5812,1176.31,IN,2026-07-08 18:57:32,POS1002
CRD0042837,CARD0779,P00044,5411,1615.76,IN,2026-08-24 13:49:11,ONLINE
CRD0042839,CARD0779,P00134,5541,1330.86,IN,2026-09-09 14:47:32,POS9773
CRD0042843,CARD0779,P00226,5541,1023.98,IN,2026-07-17 10:22:35,POS6310
CRD0042845,CARD0779,P00188,5812,698.3,IN,2026-07-26 19:27:57,POS3756
CRD0042850,CARD0779,P00348,6012,2233.66,IN,2026-07-01 12:30:46,ONLINE
CRD0042855,CARD0779,P00328,5311,7650.41,IN,2026-09-06 20:43:00,ONLINE
CRD0042856,CARD0779,P00321,5812,393.72,IN,2026-08-05 04:23:40,POS7170
CRD0042857,CARD0779,P00282,5411,1209.78,IN,2026-08-15 18:01:07,POS4726
CRD0042858,CARD0779,P00117,5411,2328.97,IN,2026-07-09 11:31:13,POS5500
CRD0042859,CARD0779,P00134,5541,1326.84,IN,2026-07-24 09:05:29,POS3552
CRD0042865,CARD0780,P00301,5812,894.15,IN,2026-07-25 23:09:31,ONLINE
CRD0042870,CARD0780,P00198,5411,989.46,IN,2026-08-23 15:57:42,ONLINE
CRD0042872,CARD0780,P00057,5812,887.53,IN,2026-07-09 11:21:09,ONLINE
CRD0042873,CARD0780,P00266,5541,2628.04,IN,2026-07-03 10:25:40,ONLINE
CRD0042875,CARD0780,P00301,5812,793.04,IN,2026-08-24 12:17:07,POS4280
CRD0042876,CARD0780,P00044,5411,1891.6,IN,2026-08-24 21:10:19,ONLINE
CRD0042883,CARD0780,P00019,4814,829.38,IN,2026-07-31 19:25:03,ONLINE
CRD0042889,CARD0780,P00266,5541,4878.43,IN,2026-07-06 21:57:27,ONLINE
CRD0042890,CARD0780,P00019,4814,451.8,IN,2026-07-20 18:01:49,ONLINE
CRD0042891,CARD0780,P00044,5411,1805.56,IN,2026-08-07 20:47:52,POS1932
CRD0042909,CARD0781,P00052,5311,920.8,IN,2026-07-13 18:06:59,ONLINE
CRD0042915,CARD0781,P00109,8011,448.53,IN,2026-07-09 22:02:28,ONLINE
CRD0042918,CARD0781,P00297,8011,1627.89,IN,2026-09-06 20:43:03,POS6583
CRD0042919,CARD0781,P00109,8011,1238.79,IN,2026-08-02 09:17:41,POS6871
CRD0042928,CARD0781,P00109,8011,1062.22,IN,2026-07-20 17:20:06,POS1416
CRD0042934,CARD0781,P00078,7832,380.39,IN,2026-08-13 17:07:08,ONLINE
CRD0042935,CARD0781,P00052,5311,1095.52,IN,2026-08-06 18:12:16,POS5146
CRD0042940,CARD0781,P00114,4814,161.94,IN,2026-07-22 13:14:57,ONLINE
CRD0042942,CARD0781,P00109,8011,1060.29,IN,2026-07-07 11:45:05,POS6564
CRD0042943,CARD0781,P00109,8011,541.78,IN,2026-07-21 20:09:41,ONLINE
CRD0042946,CARD0781,P00052,5311,1229.14,IN,2026-07-27 10:49:40,POS9427
CRD0042949,CARD0781,P00114,4814,165.42,IN,2026-08-13 20:11:13,ONLINE
CRD0042951,CARD0781,P00010,5812,309.63,IN,2026-09-11 17:12:20,ONLINE
CRD0042959,CARD0782,P00111,6513,4174.7,IN,2026-08-03 15:35:27,POS5587
CRD0042960,CARD0782,P00048,5812,489.9,IN,2026-07-20 12:41:01,ONLINE
CRD0042965,CARD0782,P00035,7832,708.38,IN,2026-07-08 18:21:29,ONLINE
CRD0042966,CARD0782,P00100,8011,706.46,IN,2026-07-23 01:15:08,ONLINE
CRD0042967,CARD0782,P00242,4900,2078.82,IN,2026-09-02 10:21:28,POS5601
CRD0042968,CARD0782,P00216,7832,1031.45,IN,2026-07-06 18:10:54,POS7021
CRD0042972,CARD0782,P00215,4722,6315.82,IN,2026-08-10 07:43:36,ONLINE
CRD0042973,CARD0782,P00100,8011,1182.21,IN,2026-08-29 17:18:31,POS5629
CRD0042975,CARD0782,P00035,7832,627.12,IN,2026-09-11 00:30:36,ONLINE
CRD0042978,CARD0782,P00215,4722,3829.09,IN,2026-09-13 10:22:36,ONLINE
CRD0042983,CARD0782,P00035,7832,779.05,IN,2026-07-20 22:48:37,ONLINE
CRD0042990,CARD0782,P00233,5411,1313.51,IN,2026-07-08 08:54:54,POS8562
CRD0042995,CARD0782,P00216,7832,1113.68,IN,2026-07-27 18:55:05,POS1286
CRD0043002,CARD0782,P00213,4900,5196.9,IN,2026-08-19 22:11:10,POS2399
CRD0043003,CARD0782,P00100,8011,1707.49,IN,2026-07-23 17:03:43,ONLINE
CRD0043008,CARD0782,P00053,5411,1635.14,IN,2026-08-13 09:54:42,ONLINE
CRD0043012,CARD0782,P00216,7832,576.1,IN,2026-08-24 21:13:24,POS5559
CRD0043013,CARD0782,P00048,5812,855.34,IN,2026-07-12 10:36:23,POS4896
CRD0043019,CARD0783,P00030,8011,1011.57,IN,2026-08-31 18:35:07,ONLINE
CRD0043027,CARD0783,P00331,7832,649.55,IN,2026-08-16 16:36:06,ONLINE
CRD0043033,CARD0783,P00025,5311,6241.77,IN,2026-07-09 17:22:14,ONLINE
CRD0043034,CARD0783,P00397,5311,1076.9,IN,2026-07-07 18:13:45,POS5922
CRD0043038,CARD0783,P00078,7832,650.65,IN,2026-07-04 14:26:25,POS2617
CRD0043043,CARD0783,P00025,5311,2188.76,IN,2026-07-05 13:32:27,POS9826
CRD0043051,CARD0784,P00393,5411,1400.27,IN,2026-08-20 14:36:22,POS1954
CRD0043054,CARD0784,P00138,5411,2262.84,IN,2026-08-19 13:43:52,ONLINE
CRD0043057,CARD0784,P00331,7832,6229.4,IN,2026-08-26 19:05:04,ONLINE
CRD0043059,CARD0784,P00145,5411,1891.19,IN,2026-09-08 11:14:26,ONLINE
CRD0043065,CARD0784,P00052,5311,35512.56,IN,2026-07-22 13:54:13,ONLINE
CRD0043071,CARD0784,P00201,4722,14039.99,IN,2026-08-30 13:11:02,ONLINE
CRD0043073,CARD0784,P00302,7832,4682.37,IN,2026-09-06 20:37:38,POS3923
CRD0043076,CARD0784,P00302,7832,4053.67,IN,2026-07-16 18:08:33,POS2882
CRD0043082,CARD0784,P00152,4900,5394.02,IN,2026-08-25 16:12:32,POS6703
CRD0043091,CARD0784,P00065,5541,3259.59,IN,2026-07-01 10:19:28,ONLINE
CRD0043094,CARD0784,P00138,5411,4419.37,IN,2026-07-08 18:50:35,ONLINE
CRD0043095,CARD0784,P00065,5541,5953.35,IN,2026-07-08 16:25:08,POS3620
CRD0043098,CARD0784,P00158,5311,6671.78,IN,2026-07-09 09:01:46,POS3201
CRD0043104,CARD0784,P00201,4722,10741.97,IN,2026-07-21 21:41:33,POS8729
CRD0043106,CARD0784,P00263,5311,5264.34,IN,2026-08-10 16:43:03,ONLINE
CRD0043114,CARD0785,P00304,5541,2553.24,IN,2026-08-07 11:16:07,POS2355
CRD0043120,CARD0785,P00091,5541,1486.7,IN,2026-07-02 15:56:30,POS4931
CRD0043132,CARD0785,P00112,5411,1895.83,IN,2026-07-20 13:49:21,POS4674
CRD0043134,CARD0785,P00132,4900,3398.49,IN,2026-09-03 09:57:20,ONLINE
CRD0043139,CARD0785,P00091,5541,3725.9,IN,2026-07-13 10:04:04,POS7732
CRD0043145,CARD0786,P00141,4900,19809.86,IN,2026-07-31 19:05:59,POS6832
CRD0043146,CARD0786,P00203,5541,3363.06,IN,2026-08-22 15:44:38,ONLINE
CRD0043149,CARD0786,P00073,6012,2357.22,IN,2026-09-09 19:12:12,POS9510
CRD0043153,CARD0786,P00222,5812,1391.93,IN,2026-07-14 23:52:49,POS9332
CRD0043155,CARD0786,P00203,5541,3360.17,IN,2026-07-11 13:48:59,ONLINE
CRD0043159,CARD0786,P00073,6012,2282.82,IN,2026-09-03 18:13:54,ONLINE
CRD0043160,CARD0786,P00203,5541,2552.26,IN,2026-07-16 14:26:54,POS4427
CRD0043161,CARD0786,P00141,4900,7566.84,IN,2026-07-17 13:46:05,POS5909
CRD0043164,CARD0786,P00073,6012,8415.1,IN,2026-08-23 16:15:40,POS7454
CRD0043166,CARD0786,P00141,4900,3747.39,IN,2026-07-07 20:09:37,POS8514
CRD0043167,CARD0786,P00073,6012,1933.94,IN,2026-07-29 16:04:56,ONLINE
CRD0043168,CARD0786,P00203,5541,3920.29,IN,2026-08-23 12:48:09,POS1584
CRD0043177,CARD0786,P00389,5812,4336.02,IN,2026-09-07 18:46:41,POS7893
CRD0043178,CARD0786,P00073,6012,9460.08,IN,2026-08-01 16:14:53,POS2158
CRD0043182,CARD0786,P00201,4722,6501.13,IN,2026-07-19 12:48:49,ONLINE
CRD0043192,CARD0786,P00141,4900,7065.08,IN,2026-09-02 20:16:29,POS2498
CRD0043193,CARD0786,P00389,5812,722.0,IN,2026-08-20 15:19:34,ONLINE
CRD0043194,CARD0786,P00203,5541,7899.73,IN,2026-08-01 23:53:00,ONLINE
CRD0043195,CARD0786,P00073,6012,16320.27,IN,2026-07-03 16:32:06,ONLINE
CRD0043196,CARD0786,P00201,4722,2682.26,IN,2026-07-23 13:01:13,ONLINE
CRD0043204,CARD0787,P00354,7832,798.58,IN,2026-08-01 15:00:15,ONLINE
CRD0043206,CARD0787,P00176,6012,2193.29,IN,2026-09-04 17:05:35,POS1204
CRD0043209,CARD0787,P00032,5812,2641.5,IN,2026-09-11 12:52:32,POS6798
CRD0043214,CARD0787,P00332,5311,3180.21,IN,2026-07-03 15:21:41,POS5247
CRD0043216,CARD0787,P00388,5411,1142.8,IN,2026-09-02 08:33:03,POS7428
CRD0043217,CARD0787,P00118,4722,2889.65,IN,2026-07-14 22:31:59,POS6391
CRD0043223,CARD0787,P00192,5311,6347.39,IN,2026-09-10 00:06:20,POS9007
CRD0043229,CARD0787,P00277,6012,5842.87,IN,2026-07-05 20:04:43,POS8976
CRD0043233,CARD0787,P00277,6012,1171.15,IN,2026-08-04 16:01:18,ONLINE
CRD0043241,CARD0788,P00025,5311,11503.26,IN,2026-08-03 11:06:52,POS9174
CRD0043244,CARD0788,P00004,5411,881.46,IN,2026-08-13 20:57:19,POS9683
CRD0043248,CARD0788,P00386,6012,2623.96,IN,2026-07-26 10:45:09,ONLINE
CRD0043252,CARD0788,P00386,6012,3066.29,IN,2026-07-09 17:35:29,POS1338
CRD0043254,CARD0788,P00071,5411,3257.4,IN,2026-08-11 10:26:48,ONLINE
CRD0043257,CARD0788,P00124,4814,1286.62,IN,2026-09-07 10:54:19,ONLINE
CRD0043260,CARD0788,P00311,5411,4649.96,IN,2026-07-26 18:08:54,POS1362
CRD0043266,CARD0788,P00012,5541,2681.13,IN,2026-09-04 19:27:11,POS8044
CRD0043275,CARD0789,P00237,7832,2125.19,IN,2026-07-21 00:28:15,POS5076
CRD0043276,CARD0789,P00155,7832,1190.96,IN,2026-07-23 18:08:25,POS2807
CRD0043287,CARD0789,P00071,5411,355.34,IN,2026-08-17 11:14:12,POS7075
CRD0043289,CARD0789,P00155,7832,2269.07,IN,2026-07-15 21:16:48,ONLINE
CRD0043290,CARD0789,P00236,5411,2090.57,IN,2026-07-07 13:34:58,ONLINE
CRD0043300,CARD0789,P00190,4814,298.95,IN,2026-09-06 17:54:58,POS5513
CRD0043302,CARD0789,P00147,8011,3427.95,IN,2026-07-30 14:17:27,ONLINE
CRD0043312,CARD0789,P00190,4814,334.05,IN,2026-08-04 11:08:59,POS4157
CRD0043319,CARD0789,P00190,4814,1007.49,IN,2026-08-28 19:17:35,POS5276
CRD0043321,CARD0789,P00035,7832,460.23,IN,2026-08-01 10:41:07,POS3522
CRD0043322,CARD0789,P00155,7832,2821.09,IN,2026-07-09 23:07:27,ONLINE
CRD0043329,CARD0789,P00362,5411,3352.41,IN,2026-08-16 20:04:13,ONLINE
CRD0043334,CARD0790,P00147,8011,8440.94,IN,2026-09-09 13:02:55,POS5965
CRD0043335,CARD0790,P00394,4814,1571.05,IN,2026-08-16 10:53:11,ONLINE
CRD0043336,CARD0790,P00110,7832,5133.33,IN,2026-07-21 23:22:41,ONLINE
CRD0043341,CARD0790,P00147,8011,4045.92,IN,2026-07-19 13:50:44,POS1150
CRD0043352,CARD0790,P00239,5411,3373.49,IN,2026-09-06 16:37:16,POS7568
CRD0043357,CARD0790,P00261,6012,2541.84,IN,2026-09-07 21:22:03,POS5751
CRD0043364,CARD0790,P00389,5812,958.2,IN,2026-09-01 19:39:50,ONLINE
CRD0043365,CARD0790,P00011,6012,7726.29,IN,2026-07-12 19:37:16,POS1491
CRD0043368,CARD0790,P00110,7832,3498.51,IN,2026-07-23 16:30:05,POS1703
CRD0043371,CARD0790,P00011,6012,2496.58,IN,2026-08-11 09:21:20,ONLINE
CRD0043372,CARD0790,P00117,5411,2234.56,IN,2026-08-25 08:26:46,ONLINE
CRD0043379,CARD0790,P00245,5311,8752.57,IN,2026-08-06 17:12:24,ONLINE
CRD0043380,CARD0790,P00043,5311,9755.1,IN,2026-07-06 09:09:09,POS6572
CRD0043385,CARD0790,P00239,5411,11246.93,IN,2026-09-11 20:18:06,ONLINE
CRD0043386,CARD0790,P00232,4722,37278.44,IN,2026-07-11 12:05:23,POS3780
CRD0043387,CARD0790,P00340,4900,6476.1,IN,2026-07-07 15:43:19,ONLINE
CRD0043406,CARD0791,P00125,5812,1411.22,IN,2026-08-13 20:02:23,ONLINE
CRD0043408,CARD0791,P00018,5812,316.76,IN,2026-07-18 14:44:48,POS1372
CRD0043410,CARD0791,P00185,5541,10689.95,IN,2026-09-10 14:41:43,POS6360
CRD0043414,CARD0791,P00185,5541,1922.68,IN,2026-08-07 06:24:05,POS8056
CRD0043416,CARD0791,P00185,5541,2521.19,IN,2026-07-08 20:42:46,POS2999
CRD0043418,CARD0791,P00125,5812,240.89,IN,2026-07-19 20:20:13,POS9466
CRD0043422,CARD0791,P00245,5311,5735.17,IN,2026-08-22 11:57:07,ONLINE
CRD0043423,CARD0791,P00185,5541,1835.08,IN,2026-08-02 13:30:53,ONLINE
CRD0043430,CARD0791,P00083,5311,3959.17,IN,2026-07-24 23:48:41,ONLINE
CRD0043432,CARD0791,P00245,5311,3936.91,IN,2026-09-04 21:14:30,POS9253
CRD0043435,CARD0791,P00125,5812,595.3,IN,2026-07-17 16:47:45,POS9822
CRD0043438,CARD0791,P00215,4722,3986.98,IN,2026-08-03 07:00:24,ONLINE
CRD0043439,CARD0791,P00083,5311,2164.11,IN,2026-08-01 15:09:09,ONLINE
CRD0043441,CARD0791,P00185,5541,1811.69,IN,2026-09-09 06:07:26,POS3841
CRD0043461,CARD0792,P00008,4722,5317.76,IN,2026-08-10 02:56:20,ONLINE
CRD0043466,CARD0792,P00281,6513,15074.68,IN,2026-08-21 22:03:29,POS7302
CRD0043467,CARD0792,P00063,5812,216.52,IN,2026-08-14 14:13:55,POS8109
CRD0043468,CARD0792,P00251,5411,650.46,IN,2026-07-26 14:57:58,ONLINE
CRD0043469,CARD0792,P00281,6513,2110.34,IN,2026-07-05 19:30:39,ONLINE
CRD0043479,CARD0792,P00006,5411,1944.75,IN,2026-09-07 13:41:33,ONLINE
CRD0043480,CARD0792,P00006,5411,602.41,IN,2026-09-12 17:45:00,ONLINE
CRD0043486,CARD0792,P00009,6012,1634.17,IN,2026-09-12 08:21:44,ONLINE
CRD0043487,CARD0792,P00285,4900,649.08,IN,2026-08-26 11:39:26,ONLINE
CRD0043488,CARD0792,P00327,5541,1014.01,IN,2026-08-30 19:06:17,POS8814
CRD0043491,CARD0792,P00032,5812,544.83,IN,2026-07-01 15:43:28,POS9236
CRD0043510,CARD0792,P00008,4722,2152.87,IN,2026-09-06 17:53:15,ONLINE
CRD0043513,CARD0792,P00320,4900,1389.71,IN,2026-07-01 15:43:00,POS4037
CRD0043520,CARD0792,P00053,5411,947.67,IN,2026-08-05 08:48:32,ONLINE
CRD0043522,CARD0792,P00053,5411,2444.57,IN,2026-08-05 12:50:52,POS5341
CRD0043523,CARD0792,P00006,5411,365.06,IN,2026-09-02 14:48:15,ONLINE
CRD0043525,CARD0792,P00053,5411,405.67,IN,2026-07-23 08:11:38,POS9613
CRD0043540,CARD0793,P00044,5411,491.86,IN,2026-08-04 18:18:39,ONLINE
CRD0043562,CARD0793,P00092,5411,647.35,IN,2026-08-01 18:28:57,ONLINE
CRD0043572,CARD0793,P00195,6012,5230.45,IN,2026-08-24 18:06:34,POS6207
CRD0043573,CARD0793,P00169,5411,857.75,IN,2026-08-29 10:58:29,POS9787
CRD0043574,CARD0793,P00040,5411,677.57,IN,2026-07-24 06:27:57,ONLINE
CRD0043576,CARD0793,P00255,5311,544.24,IN,2026-08-19 11:33:54,POS6655
CRD0043578,CARD0793,P00169,5411,1069.67,IN,2026-09-05 00:40:55,POS9165
CRD0043584,CARD0793,P00040,5411,1014.41,IN,2026-07-16 19:58:48,POS2428
CRD0043585,CARD0793,P00153,5411,836.73,IN,2026-09-08 17:21:07,POS8409
CRD0043587,CARD0793,P00143,5411,941.28,IN,2026-08-26 13:20:05,ONLINE
CRD0043593,CARD0793,P00255,5311,5211.06,IN,2026-07-30 14:27:10,ONLINE
CRD0043598,CARD0793,P00203,5541,3640.83,IN,2026-07-16 18:15:09,ONLINE
CRD0043599,CARD0793,P00265,5411,468.72,IN,2026-08-07 17:47:23,ONLINE
CRD0043601,CARD0793,P00177,5812,368.37,IN,2026-07-02 10:52:01,ONLINE
CRD0043604,CARD0793,P00195,6012,3688.58,IN,2026-09-02 08:53:04,ONLINE
CRD0043605,CARD0793,P00195,6012,2123.79,IN,2026-08-09 12:15:30,POS6635
CRD0043608,CARD0793,P00143,5411,1263.38,IN,2026-08-21 13:26:36,POS5974
CRD0043626,CARD0794,P00084,7832,3835.47,IN,2026-08-13 19:56:49,POS9343
CRD0043627,CARD0794,P00084,7832,2824.38,IN,2026-08-27 08:09:41,ONLINE
CRD0043630,CARD0794,P00163,5411,1773.31,IN,2026-07-13 08:34:59,POS3456
CRD0043631,CARD0794,P00035,7832,6683.63,IN,2026-09-10 09:55:49,ONLINE
CRD0043636,CARD0794,P00207,5411,4849.72,IN,2026-08-01 14:34:55,POS6978
CRD0043637,CARD0794,P00394,4814,3757.69,IN,2026-07-04 15:51:45,ONLINE
CRD0043639,CARD0794,P00312,5411,4099.72,IN,2026-08-18 19:11:57,POS4800
CRD0043643,CARD0794,P00312,5411,10404.33,IN,2026-08-14 13:24:25,ONLINE
CRD0043644,CARD0794,P00163,5411,5847.0,IN,2026-09-01 08:01:56,ONLINE
CRD0043647,CARD0794,P00339,7832,3371.14,IN,2026-07-11 08:36:21,POS5899
CRD0043652,CARD0794,P00275,5541,8615.44,IN,2026-08-05 17:00:16,POS3418
CRD0043655,CARD0794,P00271,5541,10097.79,IN,2026-07-07 18:43:57,ONLINE
CRD0043656,CARD0794,P00298,4814,1606.6,IN,2026-08-12 12:49:52,POS4775
CRD0043661,CARD0794,P00275,5541,3360.1,IN,2026-09-09 17:34:20,ONLINE
CRD0043668,CARD0794,P00339,7832,5242.12,IN,2026-08-22 12:20:50,POS1132
CRD0043669,CARD0794,P00084,7832,2573.99,IN,2026-09-13 20:59:34,POS9167
CRD0043678,CARD0795,P00083,5311,5739.3,IN,2026-08-06 08:07:07,ONLINE
CRD0043680,CARD0795,P00207,5411,3069.59,IN,2026-08-27 12:44:30,ONLINE
CRD0043682,CARD0795,P00207,5411,1128.68,IN,2026-07-08 16:08:52,ONLINE
CRD0043683,CARD0795,P00207,5411,2451.63,IN,2026-07-16 15:38:37,POS2440
CRD0043696,CARD0795,P00183,7832,490.83,IN,2026-08-02 17:13:08,POS9184
CRD0043697,CARD0795,P00083,5311,3311.47,IN,2026-08-25 09:33:28,ONLINE
CRD0043701,CARD0795,P00207,5411,828.48,IN,2026-07-21 22:01:55,POS2214
CRD0043702,CARD0795,P00286,5812,1023.2,IN,2026-07-05 09:11:11,POS3159
CRD0043708,CARD0795,P00183,7832,3924.77,IN,2026-08-30 19:00:10,POS7593
CRD0043710,CARD0795,P00046,6012,4721.12,IN,2026-08-22 10:24:37,ONLINE
CRD0043718,CARD0795,P00004,5411,5342.82,IN,2026-08-07 13:19:27,POS2013
CRD0043721,CARD0795,P00286,5812,1007.26,IN,2026-07-30 06:43:50,POS1853
CRD0043728,CARD0796,P00151,6513,8736.82,IN,2026-08-14 19:49:49,POS2272
CRD0043740,CARD0796,P00151,6513,4162.71,IN,2026-07-26 09:20:39,POS2652
CRD0043741,CARD0796,P00075,5812,308.73,IN,2026-07-29 18:13:01,ONLINE
CRD0043748,CARD0796,P00018,5812,883.03,IN,2026-07-22 21:24:08,ONLINE
CRD0043753,CARD0796,P00075,5812,1173.15,IN,2026-07-16 19:47:51,ONLINE
CRD0043772,CARD0797,P00309,5812,1164.83,IN,2026-08-17 21:05:34,POS1932
CRD0043799,CARD0797,P00063,5812,2215.36,IN,2026-07-05 19:17:48,POS8937
CRD0043805,CARD0797,P00180,4900,4840.14,IN,2026-07-29 14:25:24,ONLINE
CRD0043807,CARD0797,P00234,6012,1323.56,IN,2026-07-09 14:46:01,POS9869
CRD0043810,CARD0797,P00286,5812,700.44,IN,2026-09-02 20:59:04,ONLINE
CRD0043821,CARD0798,P00371,5411,4991.13,IN,2026-07-28 13:40:00,ONLINE
CRD0043827,CARD0798,P00032,5812,1894.93,IN,2026-07-21 22:32:14,POS2901
CRD0043833,CARD0798,P00313,5541,4972.66,IN,2026-08-17 16:17:01,POS5079
CRD0043838,CARD0798,P00149,5311,8229.24,IN,2026-07-18 18:47:03,POS2967
CRD0043841,CARD0798,P00308,5812,1158.95,IN,2026-07-21 12:12:13,POS3759
CRD0043850,CARD0798,P00368,4814,1411.7,IN,2026-07-05 06:43:14,ONLINE
CRD0043851,CARD0798,P00178,8011,3592.63,IN,2026-09-02 12:59:06,ONLINE
CRD0043853,CARD0798,P00035,7832,2465.46,IN,2026-08-01 11:04:49,POS8734
CRD0043866,CARD0799,P00193,5311,13151.61,IN,2026-08-01 18:07:10,POS1030
CRD0043868,CARD0799,P00182,4722,13186.68,IN,2026-08-16 12:02:01,ONLINE
CRD0043870,CARD0799,P00062,6012,5847.43,IN,2026-08-23 19:28:41,POS4899
CRD0043879,CARD0799,P00062,6012,3721.77,IN,2026-07-20 15:09:43,ONLINE
CRD0043883,CARD0799,P00206,5541,3996.72,IN,2026-09-06 20:33:47,POS9445
CRD0043884,CARD0799,P00206,5541,23750.01,IN,2026-08-06 09:47:09,POS9576
CRD0043886,CARD0799,P00193,5311,34909.12,IN,2026-08-29 08:14:07,ONLINE
CRD0043890,CARD0799,P00382,5812,2005.37,IN,2026-08-28 07:51:51,ONLINE
CRD0043893,CARD0799,P00237,7832,1990.45,IN,2026-08-22 09:48:33,POS8517
CRD0043900,CARD0799,P00382,5812,1550.25,IN,2026-07-05 07:25:17,ONLINE
CRD0043915,CARD0799,P00062,6012,3344.76,IN,2026-08-07 17:33:16,ONLINE
CRD0043916,CARD0799,P00382,5812,5658.37,IN,2026-09-09 21:04:55,POS8866
CRD0043929,CARD0799,P00237,7832,1431.56,IN,2026-09-11 23:40:17,POS5189
CRD0043930,CARD0799,P00044,5411,1471.52,IN,2026-07-21 15:47:43,POS5966
CRD0043934,CARD0799,P00348,6012,5051.36,IN,2026-07-26 23:55:14,ONLINE
CRD0043938,CARD0799,P00206,5541,3071.86,IN,2026-07-12 14:11:50,POS6681
CRD0043941,CARD0799,P00206,5541,11145.48,IN,2026-08-12 06:39:45,ONLINE
CRD0043946,CARD0800,P00267,5812,504.75,IN,2026-08-25 08:21:59,POS5543
CRD0043947,CARD0800,P00267,5812,516.12,IN,2026-08-15 15:56:08,POS5235
CRD0043953,CARD0800,P00171,5411,1280.44,IN,2026-07-26 16:10:26,POS5193
CRD0043957,CARD0800,P00365,6012,1717.91,IN,2026-08-28 18:35:40,ONLINE
CRD0043961,CARD0800,P00062,6012,1504.97,IN,2026-08-24 17:48:23,ONLINE
CRD0043964,CARD0800,P00258,5812,568.11,IN,2026-09-04 20:38:24,POS2336
CRD0043974,CARD0800,P00171,5411,2889.64,IN,2026-07-02 11:05:01,ONLINE
CRD0043986,CARD0801,P00194,4814,212.0,IN,2026-07-21 08:51:06,ONLINE
CRD0043992,CARD0801,P00384,6513,16825.99,IN,2026-08-08 20:29:06,POS2718
CRD0043998,CARD0801,P00277,6012,2184.58,IN,2026-08-25 08:46:41,POS5634
CRD0044002,CARD0801,P00132,4900,5090.38,IN,2026-07-29 07:05:20,ONLINE
CRD0044006,CARD0801,P00338,5311,4574.22,IN,2026-09-11 16:05:55,POS2433
CRD0044009,CARD0801,P00132,4900,4379.61,IN,2026-07-28 20:46:15,POS1309
CRD0044017,CARD0802,P00257,6012,1307.55,IN,2026-07-23 17:21:57,POS4891
CRD0044026,CARD0802,P00161,5812,352.9,IN,2026-07-22 20:36:01,ONLINE
CRD0044029,CARD0802,P00161,5812,142.76,IN,2026-07-24 19:29:54,POS2315
CRD0044031,CARD0802,P00257,6012,3741.5,IN,2026-08-21 02:45:40,ONLINE
CRD0044038,CARD0802,P00041,4722,1467.68,IN,2026-07-09 23:14:20,POS4099
CRD0044041,CARD0802,P00257,6012,2394.22,IN,2026-08-12 19:12:17,ONLINE
CRD0044043,CARD0802,P00222,5812,365.6,IN,2026-08-27 10:16:57,POS6145
CRD0044056,CARD0803,P00303,6012,1239.06,IN,2026-08-18 15:00:33,ONLINE
CRD0044060,CARD0803,P00306,4814,823.0,IN,2026-08-16 14:43:40,ONLINE
CRD0044062,CARD0803,P00303,6012,264.24,IN,2026-08-04 08:20:26,POS4940
CRD0044068,CARD0803,P00090,5812,704.16,IN,2026-08-29 22:33:46,POS9212
CRD0044072,CARD0803,P00058,4814,157.75,IN,2026-09-04 14:21:51,POS9943
CRD0044078,CARD0803,P00303,6012,900.32,IN,2026-07-11 10:47:34,ONLINE
CRD0044097,CARD0803,P00295,8011,861.01,IN,2026-08-31 23:09:48,POS5827
CRD0044098,CARD0803,P00356,4814,417.16,IN,2026-08-03 19:16:03,ONLINE
CRD0044114,CARD0804,P00392,5812,720.48,IN,2026-07-17 00:35:58,ONLINE
CRD0044116,CARD0804,P00370,5812,794.27,IN,2026-08-27 19:59:26,POS2807
CRD0044122,CARD0804,P00059,6012,12127.47,IN,2026-08-01 19:48:54,ONLINE
CRD0044126,CARD0804,P00215,4722,28942.89,IN,2026-07-23 12:39:06,POS8204
CRD0044127,CARD0804,P00370,5812,4101.89,IN,2026-08-04 19:48:52,ONLINE
CRD0044129,CARD0804,P00215,4722,11868.66,IN,2026-07-15 16:28:47,POS8886
CRD0044130,CARD0804,P00236,5411,11211.85,IN,2026-07-27 23:44:30,ONLINE
CRD0044131,CARD0804,P00394,4814,818.87,IN,2026-09-11 12:01:17,ONLINE
CRD0044134,CARD0804,P00272,5812,451.8,IN,2026-08-03 10:04:35,POS5862
CRD0044135,CARD0804,P00059,6012,7895.87,IN,2026-07-25 07:54:33,ONLINE
CRD0044138,CARD0804,P00157,6513,48549.8,IN,2026-07-15 08:31:35,POS1049
CRD0044143,CARD0804,P00224,5812,2309.86,IN,2026-08-30 08:44:04,ONLINE
CRD0044156,CARD0805,P00265,5411,1051.35,IN,2026-09-02 09:46:44,POS9964
CRD0044161,CARD0805,P00002,6012,2487.41,IN,2026-07-02 14:35:39,ONLINE
CRD0044163,CARD0805,P00002,6012,2040.23,IN,2026-07-10 19:27:48,ONLINE
CRD0044165,CARD0805,P00338,5311,1141.47,IN,2026-07-07 12:41:28,POS9617
CRD0044166,CARD0805,P00064,5311,3458.34,IN,2026-08-04 17:44:09,ONLINE
CRD0044168,CARD0805,P00250,4814,317.88,IN,2026-08-03 13:41:16,POS7338
CRD0044169,CARD0805,P00005,4814,454.29,IN,2026-08-04 12:32:03,ONLINE
CRD0044173,CARD0805,P00002,6012,1471.61,IN,2026-08-01 13:05:42,POS8468
CRD0044174,CARD0805,P00126,4722,11683.88,IN,2026-07-14 12:09:38,POS7044
CRD0044175,CARD0805,P00016,5411,701.5,IN,2026-07-08 10:44:14,POS5311
CRD0044179,CARD0805,P00250,4814,242.89,IN,2026-08-06 08:31:40,POS8177
CRD0044180,CARD0805,P00064,5311,756.0,IN,2026-07-25 14:57:35,POS5311
CRD0044184,CARD0805,P00265,5411,1215.41,IN,2026-07-31 17:22:08,ONLINE
CRD0044188,CARD0805,P00250,4814,309.26,IN,2026-08-22 13:55:15,POS8145
CRD0044192,CARD0805,P00036,5411,879.44,IN,2026-08-27 12:32:42,ONLINE
CRD0044202,CARD0806,P00276,7832,777.9,IN,2026-08-14 01:03:59,ONLINE
CRD0044209,CARD0806,P00399,4814,717.24,IN,2026-08-24 11:21:22,POS3682
CRD0044211,CARD0806,P00228,5541,9123.38,IN,2026-07-20 13:46:06,POS7763
CRD0044215,CARD0806,P00228,5541,2798.48,IN,2026-09-08 13:45:21,ONLINE
CRD0044216,CARD0806,P00015,4722,16692.74,IN,2026-07-21 10:48:33,ONLINE
CRD0044226,CARD0806,P00307,5311,5319.32,IN,2026-08-01 07:54:07,POS1318
CRD0044229,CARD0806,P00276,7832,407.96,IN,2026-09-05 19:46:16,POS5392
CRD0044231,CARD0806,P00296,5812,1021.61,IN,2026-07-17 15:55:59,ONLINE
CRD0044237,CARD0806,P00169,5411,2474.49,IN,2026-08-15 19:28:07,ONLINE
CRD0044240,CARD0806,P00276,7832,1919.83,IN,2026-07-25 17:55:31,ONLINE
CRD0044241,CARD0806,P00319,6012,3667.84,IN,2026-07-12 07:23:22,POS8426
CRD0044250,CARD0807,P00047,6012,11259.2,IN,2026-07-07 10:42:33,ONLINE
CRD0044254,CARD0807,P00234,6012,7115.01,IN,2026-07-13 19:44:10,POS3937
CRD0044257,CARD0807,P00211,7832,1967.46,IN,2026-07-30 10:02:05,POS8483
CRD0044258,CARD0807,P00020,7832,2483.85,IN,2026-08-12 08:11:49,POS6121
CRD0044264,CARD0807,P00249,4814,762.35,IN,2026-08-11 11:30:04,ONLINE
CRD0044266,CARD0807,P00083,5311,16146.34,IN,2026-08-03 20:08:58,POS4181
CRD0044270,CARD0807,P00349,5812,1265.18,IN,2026-08-08 16:15:39,POS3826
CRD0044276,CARD0807,P00359,5411,3950.55,IN,2026-08-24 17:20:13,POS3782
CRD0044277,CARD0807,P00020,7832,5092.02,IN,2026-08-08 15:43:59,ONLINE
CRD0044278,CARD0807,P00083,5311,10131.5,IN,2026-08-09 22:44:37,ONLINE
CRD0044283,CARD0807,P00020,7832,3910.72,IN,2026-07-24 10:38:37,POS8909
CRD0044288,CARD0807,P00118,4722,6012.09,IN,2026-08-16 17:25:36,ONLINE
CRD0044291,CARD0807,P00020,7832,3754.14,IN,2026-08-30 18:48:34,ONLINE
CRD0044294,CARD0807,P00249,4814,725.86,IN,2026-08-31 20:24:54,ONLINE
CRD0044295,CARD0807,P00020,7832,4519.03,IN,2026-08-17 12:25:08,POS4550
CRD0044296,CARD0807,P00349,5812,3545.92,IN,2026-07-11 20:19:25,ONLINE
CRD0044298,CARD0807,P00349,5812,1098.24,IN,2026-07-11 19:40:39,ONLINE
CRD0044303,CARD0807,P00353,5311,9844.57,IN,2026-08-20 17:19:33,ONLINE
CRD0044317,CARD0808,P00265,5411,1084.16,IN,2026-08-17 12:22:25,ONLINE
CRD0044321,CARD0808,P00195,6012,497.74,IN,2026-08-14 06:28:57,ONLINE
CRD0044327,CARD0808,P00011,6012,814.78,IN,2026-08-20 15:30:49,ONLINE
CRD0044332,CARD0808,P00199,5812,1102.4,IN,2026-09-01 20:26:52,POS9928
CRD0044335,CARD0808,P00290,5812,226.77,IN,2026-09-12 13:15:32,ONLINE
CRD0044336,CARD0808,P00265,5411,612.95,IN,2026-07-01 20:47:15,ONLINE
CRD0044339,CARD0808,P00345,4722,11201.04,IN,2026-07-04 14:20:57,ONLINE
CRD0044340,CARD0808,P00083,5311,2677.41,IN,2026-07-26 14:12:40,POS1456
CRD0044343,CARD0808,P00199,5812,803.96,IN,2026-07-28 13:24:31,ONLINE
CRD0044347,CARD0808,P00347,7832,181.52,IN,2026-07-20 20:00:21,ONLINE
CRD0044348,CARD0808,P00360,5541,4878.42,IN,2026-08-18 22:09:38,ONLINE
CRD0044352,CARD0808,P00194,4814,478.57,IN,2026-08-06 13:05:22,POS5083
CRD0044355,CARD0808,P00290,5812,554.26,IN,2026-08-16 12:48:49,POS2896
CRD0044364,CARD0808,P00194,4814,853.18,IN,2026-07-23 22:29:45,ONLINE
CRD0044370,CARD0808,P00011,6012,763.9,IN,2026-08-02 17:09:24,POS9842
CRD0044372,CARD0808,P00064,5311,3043.42,IN,2026-08-30 13:36:31,POS4844
CRD0044375,CARD0808,P00255,5311,3478.72,IN,2026-07-25 07:09:42,POS4146
CRD0044379,CARD0808,P00345,4722,4537.27,IN,2026-09-10 15:49:36,POS1353
CRD0044381,CARD0808,P00199,5812,437.22,IN,2026-07-28 07:35:21,ONLINE
CRD0044400,CARD0809,P00216,7832,509.44,IN,2026-08-06 10:34:49,POS4268
CRD0044404,CARD0809,P00124,4814,417.54,IN,2026-09-13 09:56:23,POS5197
CRD0044406,CARD0809,P00006,5411,1637.39,IN,2026-08-11 14:39:06,ONLINE
CRD0044409,CARD0809,P00066,4722,11677.31,IN,2026-08-16 18:39:35,POS9584
CRD0044412,CARD0809,P00216,7832,674.82,IN,2026-07-05 11:59:15,ONLINE
CRD0044415,CARD0809,P00248,4900,1952.52,IN,2026-08-16 21:44:33,POS4421
CRD0044425,CARD0809,P00275,5541,3637.16,IN,2026-07-06 21:25:01,ONLINE
CRD0044427,CARD0809,P00124,4814,635.26,IN,2026-08-26 14:45:53,POS9697
CRD0044428,CARD0809,P00176,6012,1317.58,IN,2026-08-18 08:09:28,POS1314
CRD0044432,CARD0809,P00176,6012,815.05,IN,2026-08-26 10:52:46,ONLINE
CRD0044433,CARD0809,P00124,4814,1018.5,IN,2026-08-04 09:57:13,ONLINE
CRD0044434,CARD0809,P00302,7832,1976.91,IN,2026-09-04 20:22:10,ONLINE
CRD0044437,CARD0809,P00176,6012,1257.12,IN,2026-08-18 15:05:33,POS5388
CRD0044438,CARD0809,P00275,5541,2405.54,IN,2026-08-16 15:13:53,POS7366
CRD0044443,CARD0809,P00259,6513,6726.89,IN,2026-07-18 10:20:45,ONLINE
CRD0044444,CARD0809,P00110,7832,1176.21,IN,2026-07-14 13:37:02,POS2379
CRD0044464,CARD0810,P00162,5411,2878.37,IN,2026-09-05 16:14:36,ONLINE
CRD0044468,CARD0810,P00120,5411,609.92,IN,2026-08-22 19:54:11,ONLINE
CRD0044470,CARD0810,P00043,5311,10214.24,IN,2026-07-27 09:09:24,ONLINE
CRD0044479,CARD0810,P00121,5812,598.91,IN,2026-07-16 21:35:53,ONLINE
CRD0044484,CARD0810,P00120,5411,2522.22,IN,2026-08-17 19:23:29,ONLINE
CRD0044485,CARD0810,P00254,6012,3590.01,IN,2026-08-14 19:48:19,POS9418
CRD0044487,CARD0810,P00136,5812,3211.63,IN,2026-07-11 16:40:26,ONLINE
CRD0044490,CARD0810,P00180,4900,8479.41,IN,2026-08-05 18:14:38,POS9659
CRD0044492,CARD0810,P00306,4814,792.26,IN,2026-09-04 17:01:39,ONLINE
CRD0044493,CARD0810,P00120,5411,2902.2,IN,2026-08-16 09:57:02,POS5765
CRD0044495,CARD0810,P00121,5812,997.94,IN,2026-09-04 12:11:24,ONLINE
CRD0044499,CARD0810,P00121,5812,2915.33,IN,2026-08-11 19:30:17,POS8823
CRD0044504,CARD0810,P00172,5541,1252.14,IN,2026-07-13 17:17:57,POS7833
CRD0044506,CARD0810,P00121,5812,2362.02,IN,2026-09-11 17:54:40,POS2080
CRD0044515,CARD0811,P00071,5411,1803.99,IN,2026-08-14 06:54:42,ONLINE
CRD0044525,CARD0811,P00300,6012,4757.28,IN,2026-09-11 17:04:18,POS8408
CRD0044532,CARD0811,P00023,4722,9667.53,IN,2026-08-16 18:28:35,ONLINE
CRD0044535,CARD0811,P00250,4814,1060.36,IN,2026-08-24 14:17:15,ONLINE
CRD0044536,CARD0811,P00071,5411,2411.34,IN,2026-08-10 17:33:01,ONLINE
CRD0044539,CARD0811,P00017,5411,2858.35,IN,2026-08-22 05:11:21,POS1929
CRD0044542,CARD0811,P00300,6012,1593.66,IN,2026-08-12 03:41:41,ONLINE
CRD0044543,CARD0811,P00023,4722,5025.27,IN,2026-07-12 17:25:53,POS1709
CRD0044545,CARD0811,P00364,5411,1929.1,IN,2026-08-09 16:53:16,POS9348
CRD0044548,CARD0811,P00250,4814,1475.94,IN,2026-08-24 15:20:00,ONLINE
CRD0044550,CARD0811,P00022,6012,2617.32,IN,2026-07-27 10:48:09,POS2529
CRD0044567,CARD0812,P00256,4900,1655.01,IN,2026-07-09 20:35:55,ONLINE
CRD0044570,CARD0812,P00295,8011,5725.5,IN,2026-08-06 08:58:55,ONLINE
CRD0044571,CARD0812,P00103,5311,2373.79,IN,2026-08-04 12:09:07,ONLINE
CRD0044576,CARD0812,P00349,5812,191.36,IN,2026-07-26 13:28:46,ONLINE
CRD0044578,CARD0812,P00251,5411,1351.51,IN,2026-07-22 14:27:45,ONLINE
CRD0044583,CARD0812,P00348,6012,3064.5,IN,2026-08-23 13:48:34,POS3186
CRD0044584,CARD0812,P00036,5411,865.05,IN,2026-08-31 10:28:58,ONLINE
CRD0044591,CARD0812,P00256,4900,1642.42,IN,2026-08-12 18:06:15,ONLINE
CRD0044594,CARD0812,P00036,5411,3300.16,IN,2026-07-31 17:35:54,ONLINE
CRD0044597,CARD0812,P00043,5311,7743.34,IN,2026-08-11 13:52:24,POS9679
CRD0044599,CARD0812,P00348,6012,681.3,IN,2026-07-15 19:39:44,ONLINE
CRD0044602,CARD0812,P00387,4722,3672.77,IN,2026-07-19 19:22:38,POS7693
CRD0044604,CARD0812,P00036,5411,1327.08,IN,2026-07-17 18:46:25,ONLINE
CRD0044612,CARD0813,P00023,4722,4466.06,IN,2026-08-21 23:11:01,ONLINE
CRD0044613,CARD0813,P00268,5541,2114.62,IN,2026-09-09 15:12:52,ONLINE
CRD0044614,CARD0813,P00187,4722,3621.28,IN,2026-07-23 17:34:06,POS3336
CRD0044617,CARD0813,P00373,6012,6486.54,IN,2026-08-01 22:46:40,POS3533
CRD0044618,CARD0813,P00265,5411,1347.28,IN,2026-08-31 15:17:36,POS3013
CRD0044622,CARD0813,P00272,5812,391.22,IN,2026-07-02 10:38:51,ONLINE
CRD0044626,CARD0813,P00252,5411,1346.47,IN,2026-07-30 22:45:33,ONLINE
CRD0044629,CARD0813,P00187,4722,4665.67,IN,2026-07-30 19:05:16,ONLINE
CRD0044635,CARD0813,P00272,5812,1399.47,IN,2026-08-06 17:14:51,POS6200
CRD0044636,CARD0813,P00378,5411,604.98,IN,2026-07-22 14:55:07,POS7938
CRD0044637,CARD0813,P00268,5541,2618.96,IN,2026-07-27 12:03:05,ONLINE
CRD0044639,CARD0813,P00171,5411,833.81,IN,2026-08-03 00:55:24,POS7830
CRD0044645,CARD0814,P00105,5541,3519.88,IN,2026-07-15 22:48:30,ONLINE
CRD0044647,CARD0814,P00395,5311,3381.33,IN,2026-08-09 21:11:51,ONLINE
CRD0044654,CARD0814,P00233,5411,1834.7,IN,2026-08-07 03:04:47,ONLINE
CRD0044659,CARD0814,P00350,6012,7688.39,IN,2026-07-12 08:00:00,ONLINE
CRD0044674,CARD0814,P00356,4814,2699.24,IN,2026-09-01 13:48:54,POS4450
CRD0044675,CARD0814,P00272,5812,1378.22,IN,2026-08-18 16:17:09,ONLINE
CRD0044680,CARD0814,P00352,4814,2540.55,IN,2026-08-24 23:29:56,POS3024
CRD0044687,CARD0814,P00103,5311,8063.77,IN,2026-09-08 22:07:02,ONLINE
CRD0044688,CARD0814,P00272,5812,1740.6,IN,2026-07-19 20:56:35,ONLINE
CRD0044694,CARD0815,P00355,4814,251.63,IN,2026-07-17 08:56:11,ONLINE
CRD0044697,CARD0815,P00393,5411,1445.37,IN,2026-07-10 16:47:25,POS7202
CRD0044713,CARD0815,P00256,4900,7750.62,IN,2026-07-06 15:06:56,POS5295
CRD0044720,CARD0815,P00055,5311,4106.74,IN,2026-09-02 15:22:06,POS1808
CRD0044726,CARD0815,P00400,8011,1747.13,IN,2026-09-13 07:57:19,ONLINE
CRD0044728,CARD0815,P00123,5812,528.91,IN,2026-09-02 13:43:02,ONLINE
CRD0044744,CARD0815,P00054,6012,1457.63,IN,2026-07-21 09:55:41,POS9620
CRD0044748,CARD0815,P00400,8011,3381.27,IN,2026-08-15 21:19:04,POS5802
CRD0044749,CARD0815,P00226,5541,3024.25,IN,2026-07-30 21:04:04,POS9418
CRD0044750,CARD0815,P00054,6012,1458.32,IN,2026-07-25 13:44:26,POS7018
CRD0044766,CARD0815,P00173,4814,990.17,IN,2026-07-25 19:09:33,ONLINE
CRD0044774,CARD0815,P00259,6513,10406.49,IN,2026-08-26 08:20:04,POS7348
CRD0044775,CARD0815,P00355,4814,478.58,IN,2026-08-30 19:29:11,ONLINE
CRD0044780,CARD0815,P00312,5411,980.7,IN,2026-07-14 21:22:12,ONLINE
CRD0044782,CARD0815,P00054,6012,1564.55,IN,2026-07-19 16:49:45,ONLINE
CRD0044785,CARD0815,P00054,6012,2209.38,IN,2026-07-04 20:03:40,ONLINE
CRD0044788,CARD0815,P00313,5541,2901.73,IN,2026-08-05 14:23:18,POS7783
CRD0044792,CARD0815,P00355,4814,371.58,IN,2026-08-07 17:13:07,POS2997
CRD0044794,CARD0815,P00173,4814,1539.88,IN,2026-08-17 17:53:11,ONLINE
CRD0044796,CARD0815,P00054,6012,3988.88,IN,2026-08-10 14:18:22,POS1200
CRD0044812,CARD0816,P00178,8011,1398.72,IN,2026-08-17 08:12:45,ONLINE
CRD0044815,CARD0816,P00178,8011,1053.72,IN,2026-07-21 21:54:30,POS9548
CRD0044826,CARD0816,P00184,5812,111.33,IN,2026-09-12 14:23:06,POS1092
CRD0044828,CARD0816,P00149,5311,977.35,IN,2026-09-02 18:11:07,POS5295
CRD0044829,CARD0816,P00178,8011,1454.13,IN,2026-08-13 18:16:27,ONLINE
CRD0044844,CARD0817,P00099,5411,1194.78,IN,2026-08-06 14:11:25,ONLINE
CRD0044849,CARD0817,P00045,5311,706.95,IN,2026-07-11 19:53:15,ONLINE
CRD0044851,CARD0817,P00339,7832,788.86,IN,2026-08-13 16:55:16,ONLINE
CRD0044854,CARD0817,P00325,4722,6041.39,IN,2026-07-22 15:09:06,ONLINE
CRD0044855,CARD0817,P00295,8011,1159.92,IN,2026-08-31 22:07:02,ONLINE
CRD0044859,CARD0817,P00157,6513,3944.27,IN,2026-08-04 08:37:29,ONLINE
CRD0044862,CARD0817,P00295,8011,949.82,IN,2026-07-25 23:06:49,ONLINE
CRD0044865,CARD0817,P00295,8011,1932.39,IN,2026-07-20 09:26:50,ONLINE
CRD0044876,CARD0817,P00159,5541,1826.85,IN,2026-07-25 11:52:06,ONLINE
CRD0044883,CARD0817,P00213,4900,1469.69,IN,2026-08-22 14:05:15,POS1876
CRD0044884,CARD0817,P00213,4900,519.15,IN,2026-08-11 14:54:27,POS2713
CRD0044885,CARD0817,P00045,5311,1372.7,IN,2026-08-17 19:21:12,ONLINE
CRD0044890,CARD0817,P00245,5311,3741.68,IN,2026-09-07 19:23:30,POS6343
CRD0044896,CARD0818,P00230,5812,1772.73,IN,2026-08-13 10:22:13,ONLINE
CRD0044909,CARD0818,P00046,6012,8282.84,IN,2026-08-12 13:36:16,POS8479
CRD0044911,CARD0818,P00245,5311,5269.33,IN,2026-07-21 07:26:02,POS6376
CRD0044914,CARD0818,P00135,6012,5644.12,IN,2026-08-17 10:52:21,ONLINE
CRD0044915,CARD0818,P00014,6012,8277.97,IN,2026-07-28 09:32:47,ONLINE
CRD0044922,CARD0819,P00070,7832,198.08,IN,2026-08-24 11:45:36,ONLINE
CRD0044924,CARD0819,P00158,5311,3596.6,IN,2026-07-22 11:01:02,POS1239
CRD0044932,CARD0819,P00384,6513,4558.74,IN,2026-08-04 06:07:11,POS7930
CRD0044935,CARD0819,P00335,6513,8077.92,IN,2026-09-10 17:53:39,POS3530
CRD0044939,CARD0819,P00247,6012,2468.8,IN,2026-07-30 12:42:20,POS9243
CRD0044942,CARD0819,P00129,5311,3710.09,IN,2026-08-15 20:34:53,ONLINE
CRD0044944,CARD0819,P00131,5411,1046.07,IN,2026-08-17 19:47:50,ONLINE
CRD0044946,CARD0819,P00187,4722,4111.0,IN,2026-07-18 07:13:49,POS9365
CRD0044948,CARD0819,P00131,5411,922.95,IN,2026-08-18 13:30:55,POS4314
CRD0044949,CARD0819,P00135,6012,1723.45,IN,2026-08-07 13:07:53,POS1277
CRD0044951,CARD0819,P00371,5411,1861.72,IN,2026-09-10 16:58:04,POS4900
CRD0044952,CARD0819,P00235,4722,6117.16,IN,2026-07-06 13:17:12,ONLINE
CRD0044955,CARD0819,P00181,4722,2934.73,IN,2026-07-16 22:18:51,POS7392
CRD0044964,CARD0819,P00144,7832,441.38,IN,2026-07-01 17:18:49,ONLINE
CRD0044966,CARD0819,P00247,6012,4089.86,IN,2026-07-27 18:42:53,POS1290
CRD0044976,CARD0820,P00332,5311,538.81,IN,2026-07-23 18:38:23,POS7066
CRD0044988,CARD0820,P00332,5311,1230.67,IN,2026-08-08 18:54:50,ONLINE
CRD0044995,CARD0820,P00307,5311,1269.42,IN,2026-08-31 16:32:44,POS7828
CRD0044996,CARD0820,P00185,5541,1294.72,IN,2026-07-23 14:54:16,ONLINE
CRD0044997,CARD0820,P00007,5812,252.53,IN,2026-08-11 09:26:23,POS5963
CRD0045005,CARD0820,P00243,6012,1271.72,IN,2026-07-19 11:44:39,POS5723
CRD0045017,CARD0820,P00332,5311,1091.7,IN,2026-07-09 18:21:03,POS6148
CRD0045019,CARD0820,P00332,5311,692.66,IN,2026-08-30 15:41:09,ONLINE
CRD0045024,CARD0820,P00056,5812,492.59,IN,2026-08-28 21:35:16,POS1931
CRD0045026,CARD0820,P00286,5812,260.54,IN,2026-08-20 20:14:29,POS7197
CRD0045030,CARD0820,P00007,5812,276.44,IN,2026-08-20 09:58:34,ONLINE
CRD0045033,CARD0820,P00066,4722,1217.86,IN,2026-07-16 20:55:02,POS3474
CRD0045037,CARD0820,P00112,5411,958.58,IN,2026-08-27 10:52:32,ONLINE
CRD0045038,CARD0820,P00083,5311,1517.27,IN,2026-08-10 09:10:22,POS1309
CRD0045046,CARD0821,P00265,5411,777.98,IN,2026-08-06 10:37:19,POS1480
CRD0045047,CARD0821,P00215,4722,6418.89,IN,2026-08-26 22:30:30,POS8585
CRD0045050,CARD0821,P00265,5411,1385.39,IN,2026-08-01 01:47:22,ONLINE
CRD0045052,CARD0821,P00189,5812,372.72,IN,2026-07-19 17:49:46,POS8639
CRD0045059,CARD0821,P00174,5812,508.44,IN,2026-07-03 21:49:18,POS5075
CRD0045062,CARD0821,P00074,4722,3510.98,IN,2026-07-31 10:36:48,POS6143
CRD0045063,CARD0821,P00156,6012,2851.86,IN,2026-08-15 11:22:10,ONLINE
CRD0045076,CARD0821,P00143,5411,2373.06,IN,2026-08-11 19:00:49,POS3956
CRD0045082,CARD0821,P00383,5812,610.09,IN,2026-07-23 07:55:21,POS2108
CRD0045100,CARD0822,P00097,5541,1034.73,IN,2026-08-19 07:38:22,ONLINE
CRD0045116,CARD0822,P00393,5411,1080.84,IN,2026-07-23 08:31:10,POS2662
CRD0045118,CARD0822,P00328,5311,5728.75,IN,2026-08-15 21:42:55,ONLINE
CRD0045122,CARD0822,P00082,5411,537.08,IN,2026-07-30 11:16:48,POS2117
CRD0045123,CARD0822,P00268,5541,1946.09,IN,2026-08-05 18:03:29,ONLINE
CRD0045138,CARD0823,P00278,5541,7253.29,IN,2026-07-09 09:32:52,POS1183
CRD0045140,CARD0823,P00127,6012,4585.81,IN,2026-08-11 22:01:45,POS6293
CRD0045144,CARD0823,P00318,6513,3661.57,IN,2026-07-13 14:59:44,POS5756
CRD0045150,CARD0823,P00013,5311,4516.33,IN,2026-07-24 16:20:53,ONLINE
CRD0045153,CARD0823,P00274,6012,2354.1,IN,2026-07-20 16:48:58,ONLINE
CRD0045157,CARD0823,P00265,5411,1401.58,IN,2026-08-13 19:35:12,POS5626
CRD0045162,CARD0823,P00127,6012,3203.28,IN,2026-08-07 12:38:42,ONLINE
CRD0045176,CARD0823,P00265,5411,476.62,IN,2026-08-06 09:01:10,POS2126
CRD0045187,CARD0824,P00148,5311,2342.39,IN,2026-07-18 11:00:12,POS9076
CRD0045188,CARD0824,P00035,7832,222.13,IN,2026-08-30 18:38:25,ONLINE
CRD0045189,CARD0824,P00320,4900,1234.57,IN,2026-08-31 14:00:02,ONLINE
CRD0045190,CARD0824,P00222,5812,258.81,IN,2026-08-17 17:34:20,ONLINE
CRD0045199,CARD0824,P00320,4900,1875.77,IN,2026-07-29 23:59:48,ONLINE
CRD0045207,CARD0824,P00320,4900,1793.96,IN,2026-07-10 14:41:45,POS3259
CRD0045209,CARD0824,P00312,5411,1162.99,IN,2026-08-09 11:28:22,ONLINE
CRD0045217,CARD0824,P00033,6513,4696.62,IN,2026-09-13 14:29:39,ONLINE
CRD0045218,CARD0824,P00222,5812,192.6,IN,2026-07-09 13:20:22,ONLINE
CRD0045222,CARD0824,P00181,4722,3293.93,IN,2026-08-20 16:55:59,ONLINE
CRD0045224,CARD0824,P00067,8011,971.69,IN,2026-09-06 09:22:29,POS2664
CRD0045225,CARD0824,P00148,5311,1854.09,IN,2026-09-13 18:16:51,ONLINE
CRD0045228,CARD0824,P00076,5411,745.94,IN,2026-07-27 19:28:28,ONLINE
CRD0045232,CARD0824,P00377,5311,2610.29,IN,2026-07-13 18:49:26,POS2637
CRD0045241,CARD0825,P00329,8011,2409.57,IN,2026-07-27 23:28:17,ONLINE
CRD0045244,CARD0825,P00306,4814,338.81,IN,2026-07-02 08:16:39,ONLINE
CRD0045247,CARD0825,P00201,4722,1681.25,IN,2026-08-26 12:45:51,ONLINE
CRD0045250,CARD0825,P00056,5812,341.51,IN,2026-07-16 23:14:14,ONLINE
CRD0045255,CARD0825,P00246,5411,1832.47,IN,2026-08-27 18:45:13,ONLINE
CRD0045264,CARD0825,P00009,6012,1246.46,IN,2026-07-12 09:55:42,POS1909
CRD0045265,CARD0825,P00027,5311,382.01,IN,2026-07-21 17:20:52,POS6047
CRD0045269,CARD0825,P00019,4814,898.12,IN,2026-09-04 11:40:38,ONLINE
CRD0045273,CARD0825,P00201,4722,4588.33,IN,2026-08-05 17:47:55,POS7164
CRD0045276,CARD0825,P00027,5311,2675.88,IN,2026-07-19 08:09:30,ONLINE
CRD0045279,CARD0825,P00009,6012,415.24,IN,2026-08-05 08:07:06,POS4414
CRD0045286,CARD0825,P00216,7832,321.3,IN,2026-09-03 15:50:32,POS9381
CRD0045288,CARD0825,P00287,4900,2080.48,IN,2026-07-29 22:53:20,ONLINE
CRD0045300,CARD0825,P00009,6012,1411.75,IN,2026-07-09 12:26:53,POS3735
CRD0045301,CARD0825,P00109,8011,2804.58,IN,2026-07-01 16:16:26,ONLINE
CRD0045309,CARD0826,P00271,5541,1548.48,IN,2026-08-14 15:05:45,ONLINE
CRD0045314,CARD0826,P00233,5411,1680.58,IN,2026-09-07 21:50:32,ONLINE
CRD0045316,CARD0826,P00053,5411,1050.95,IN,2026-07-10 09:16:15,ONLINE
CRD0045318,CARD0826,P00159,5541,1787.63,IN,2026-07-17 01:25:36,ONLINE
CRD0045319,CARD0826,P00233,5411,1396.69,IN,2026-09-02 15:29:41,POS4053
CRD0045322,CARD0826,P00106,5411,1560.16,IN,2026-08-16 10:36:47,POS5371
CRD0045325,CARD0826,P00327,5541,2439.23,IN,2026-07-13 12:31:44,ONLINE
CRD0045326,CARD0826,P00362,5411,3337.96,IN,2026-07-26 20:59:14,POS2077
CRD0045328,CARD0826,P00362,5411,926.23,IN,2026-08-30 20:56:43,POS1366
CRD0045332,CARD0826,P00282,5411,2513.84,IN,2026-07-05 12:50:24,ONLINE
CRD0045341,CARD0826,P00323,4722,7024.62,IN,2026-08-20 13:48:51,POS8073
CRD0045342,CARD0826,P00282,5411,1109.43,IN,2026-07-20 07:51:23,ONLINE
CRD0045350,CARD0827,P00310,5411,451.65,IN,2026-08-16 13:12:23,POS2064
CRD0045351,CARD0827,P00172,5541,1630.4,IN,2026-07-15 16:40:26,ONLINE
CRD0045359,CARD0827,P00137,7832,1213.16,IN,2026-08-18 18:15:38,POS3568
CRD0045363,CARD0827,P00172,5541,842.33,IN,2026-08-27 00:26:24,ONLINE
CRD0045364,CARD0827,P00059,6012,494.51,IN,2026-08-30 18:22:41,ONLINE
CRD0045365,CARD0827,P00059,6012,1900.17,IN,2026-08-29 12:46:36,POS1803
CRD0045369,CARD0827,P00058,4814,752.46,IN,2026-08-09 11:15:20,POS7104
CRD0045372,CARD0827,P00294,5311,3047.48,IN,2026-07-04 14:26:58,ONLINE
CRD0045386,CARD0827,P00185,5541,1370.43,IN,2026-07-29 20:10:12,ONLINE
CRD0045391,CARD0827,P00172,5541,1672.13,IN,2026-08-24 19:31:03,ONLINE
CRD0045394,CARD0827,P00379,4814,502.94,IN,2026-07-18 20:10:35,POS8667
CRD0045395,CARD0827,P00037,6012,381.83,IN,2026-08-22 15:58:15,POS5558
CRD0045396,CARD0827,P00137,7832,428.63,IN,2026-09-02 14:12:41,ONLINE
CRD0045398,CARD0827,P00065,5541,1138.91,IN,2026-08-12 14:29:34,POS5467
CRD0045399,CARD0827,P00059,6012,375.59,IN,2026-07-06 15:35:21,ONLINE
CRD0045408,CARD0828,P00145,5411,356.62,IN,2026-08-04 20:23:23,POS7719
CRD0045410,CARD0828,P00007,5812,1106.34,IN,2026-08-30 11:26:32,ONLINE
CRD0045420,CARD0828,P00203,5541,3120.12,IN,2026-07-04 18:30:49,POS4352
CRD0045427,CARD0828,P00152,4900,1465.03,IN,2026-07-22 11:21:10,ONLINE
CRD0045428,CARD0828,P00380,5411,1244.04,IN,2026-09-07 08:06:30,ONLINE
CRD0045429,CARD0828,P00310,5411,3650.87,IN,2026-07-05 18:56:14,ONLINE
CRD0045437,CARD0828,P00203,5541,3708.28,IN,2026-08-30 15:32:26,POS5498
CRD0045439,CARD0828,P00068,5411,2764.5,IN,2026-07-19 13:46:09,POS9745
CRD0045440,CARD0828,P00028,5411,667.48,IN,2026-08-09 06:34:15,POS2541
CRD0045449,CARD0829,P00277,6012,4186.48,IN,2026-07-18 14:25:23,ONLINE
CRD0045451,CARD0829,P00298,4814,751.69,IN,2026-09-06 17:43:48,POS9231
CRD0045452,CARD0829,P00277,6012,1766.68,IN,2026-09-09 14:08:31,POS5526
CRD0045454,CARD0829,P00391,5541,468.54,IN,2026-07-26 00:35:33,POS8194
CRD0045456,CARD0829,P00176,6012,836.09,IN,2026-08-31 19:59:05,ONLINE
CRD0045462,CARD0829,P00388,5411,369.63,IN,2026-07-11 09:10:49,ONLINE
CRD0045463,CARD0829,P00339,7832,217.27,IN,2026-08-25 12:42:43,ONLINE
CRD0045464,CARD0829,P00298,4814,285.81,IN,2026-09-10 13:42:53,ONLINE
CRD0045469,CARD0829,P00057,5812,266.88,IN,2026-07-06 17:29:28,ONLINE
CRD0045479,CARD0829,P00388,5411,2072.25,IN,2026-09-03 21:24:35,ONLINE
CRD0045483,CARD0829,P00227,4814,354.69,IN,2026-08-10 16:12:23,ONLINE
CRD0045492,CARD0829,P00285,4900,2925.35,IN,2026-07-12 11:54:00,ONLINE
CRD0045494,CARD0829,P00277,6012,487.97,IN,2026-07-12 21:09:23,ONLINE
CRD0045503,CARD0829,P00277,6012,1198.99,IN,2026-08-17 08:39:54,POS1062
CRD0045512,CARD0830,P00164,6513,3858.38,IN,2026-07-23 22:04:52,ONLINE
CRD0045513,CARD0830,P00164,6513,12976.62,IN,2026-09-06 18:08:09,POS8244
CRD0045514,CARD0830,P00274,6012,1443.58,IN,2026-08-02 11:04:50,POS2477
CRD0045515,CARD0830,P00324,5311,3833.78,IN,2026-07-22 17:15:37,POS7030
CRD0045516,CARD0830,P00098,6012,2497.44,IN,2026-07-27 23:25:46,ONLINE
CRD0045517,CARD0830,P00203,5541,1435.12,IN,2026-08-20 13:41:01,POS7445
CRD0045527,CARD0830,P00098,6012,3486.97,IN,2026-08-15 16:49:31,POS7405
CRD0045531,CARD0830,P00203,5541,3629.19,IN,2026-07-16 11:58:26,ONLINE
CRD0045535,CARD0830,P00163,5411,1734.69,IN,2026-08-08 15:01:16,ONLINE
CRD0045537,CARD0830,P00067,8011,6181.31,IN,2026-09-04 09:52:31,POS8888
CRD0045543,CARD0830,P00203,5541,2495.24,IN,2026-07-29 08:42:20,POS2915
CRD0045545,CARD0830,P00012,5541,7202.06,IN,2026-07-30 22:40:05,POS5097
CRD0045551,CARD0830,P00302,7832,668.24,IN,2026-07-28 06:40:32,POS8020
CRD0045558,CARD0831,P00196,5812,2079.57,IN,2026-07-29 20:06:13,POS1968
CRD0045562,CARD0831,P00367,5411,1768.64,IN,2026-07-11 10:33:27,ONLINE
CRD0045569,CARD0831,P00354,7832,1774.2,IN,2026-07-22 19:02:27,POS2834
CRD0045571,CARD0831,P00212,5411,8301.52,IN,2026-09-04 11:48:07,ONLINE
CRD0045574,CARD0831,P00150,4900,3642.05,IN,2026-09-07 16:10:13,ONLINE
CRD0045575,CARD0831,P00212,5411,490.29,IN,2026-08-12 12:14:07,POS6170
CRD0045576,CARD0831,P00132,4900,3568.88,IN,2026-09-07 21:10:42,ONLINE
CRD0045579,CARD0831,P00132,4900,8189.7,IN,2026-08-26 08:42:45,POS8440
CRD0045580,CARD0831,P00196,5812,836.97,IN,2026-08-10 10:52:44,POS2790
CRD0045583,CARD0831,P00132,4900,3131.76,IN,2026-08-10 12:17:33,ONLINE
CRD0045588,CARD0831,P00196,5812,1293.76,IN,2026-07-16 12:26:57,POS9902
CRD0045591,CARD0831,P00369,5411,2703.62,IN,2026-08-20 18:17:59,POS8381
CRD0045593,CARD0831,P00239,5411,3903.25,IN,2026-07-14 20:29:09,POS3466
CRD0045597,CARD0831,P00369,5411,6111.08,IN,2026-09-12 17:55:09,ONLINE
CRD0045602,CARD0831,P00369,5411,3834.27,IN,2026-07-08 12:05:58,ONLINE
CRD0045611,CARD0832,P00294,5311,3131.19,IN,2026-08-22 18:18:09,POS5690
CRD0045613,CARD0832,P00203,5541,2420.84,IN,2026-08-25 20:13:02,POS6147
CRD0045620,CARD0832,P00341,5812,723.78,IN,2026-08-26 20:12:51,POS3913
CRD0045621,CARD0832,P00315,4900,4438.96,IN,2026-07-19 15:28:00,ONLINE
CRD0045622,CARD0832,P00043,5311,7290.55,IN,2026-09-07 12:56:23,POS4332
CRD0045624,CARD0832,P00208,6012,2521.31,IN,2026-07-12 10:03:43,POS9127
CRD0045625,CARD0832,P00208,6012,3689.2,IN,2026-08-16 22:43:57,POS2079
CRD0045634,CARD0832,P00208,6012,6443.96,IN,2026-08-19 07:42:05,POS7382
CRD0045636,CARD0832,P00043,5311,17592.3,IN,2026-07-03 18:28:40,POS2083
CRD0045640,CARD0832,P00043,5311,8128.96,IN,2026-08-03 10:47:41,ONLINE
CRD0045653,CARD0832,P00208,6012,1481.65,IN,2026-07-05 20:43:26,ONLINE
CRD0045659,CARD0833,P00365,6012,4783.66,IN,2026-07-27 09:59:13,ONLINE
CRD0045661,CARD0833,P00387,4722,9937.9,IN,2026-07-21 19:37:31,ONLINE
CRD0045663,CARD0833,P00183,7832,5771.27,IN,2026-09-02 10:31:31,POS1878
CRD0045668,CARD0833,P00028,5411,1459.65,IN,2026-07-11 11:22:24,POS8750
CRD0045670,CARD0833,P00174,5812,966.84,IN,2026-07-29 16:21:00,POS4586
CRD0045673,CARD0833,P00339,7832,1086.9,IN,2026-07-09 19:56:01,POS3600
CRD0045678,CARD0833,P00343,4900,7831.14,IN,2026-08-10 17:39:12,POS1216
CRD0045683,CARD0833,P00028,5411,4334.6,IN,2026-08-01 08:04:57,POS8864
CRD0045684,CARD0833,P00183,7832,816.33,IN,2026-08-27 00:42:07,POS1817
CRD0045686,CARD0833,P00343,4900,6420.83,IN,2026-08-09 09:35:42,POS3313
CRD0045687,CARD0833,P00174,5812,2244.57,IN,2026-07-22 16:30:36,ONLINE
CRD0045689,CARD0833,P00343,4900,8504.76,IN,2026-07-13 09:27:28,ONLINE
CRD0045690,CARD0833,P00183,7832,1200.56,IN,2026-07-21 03:17:52,ONLINE
CRD0045696,CARD0833,P00300,6012,4987.82,IN,2026-08-29 12:22:31,POS6895
CRD0045702,CARD0834,P00269,4900,2944.28,IN,2026-08-31 17:07:04,POS2120
CRD0045704,CARD0834,P00017,5411,1261.8,IN,2026-07-12 11:47:09,ONLINE
CRD0045710,CARD0834,P00238,5812,613.08,IN,2026-07-01 12:07:59,POS5605
CRD0045715,CARD0834,P00103,5311,3558.25,IN,2026-09-08 08:18:45,ONLINE
CRD0045722,CARD0834,P00139,5311,3187.86,IN,2026-08-02 19:40:07,ONLINE
CRD0045723,CARD0834,P00272,5812,345.71,IN,2026-07-12 23:08:09,POS7683
CRD0045725,CARD0834,P00272,5812,977.54,IN,2026-07-31 14:56:36,POS2979
CRD0045726,CARD0834,P00380,5411,2106.98,IN,2026-08-30 08:11:19,ONLINE
CRD0045731,CARD0834,P00380,5411,1088.39,IN,2026-09-05 16:50:14,ONLINE
CRD0045733,CARD0834,P00209,5411,918.94,IN,2026-08-24 11:44:51,ONLINE
CRD0045734,CARD0834,P00073,6012,2938.04,IN,2026-08-17 11:05:40,ONLINE
CRD0045738,CARD0834,P00109,8011,2744.36,IN,2026-08-04 14:41:22,ONLINE
CRD0045740,CARD0834,P00310,5411,1383.45,IN,2026-09-08 23:15:13,ONLINE
CRD0045742,CARD0834,P00073,6012,1120.64,IN,2026-08-29 13:56:53,ONLINE
CRD0045752,CARD0834,P00238,5812,400.44,IN,2026-07-25 11:08:10,ONLINE
CRD0045763,CARD0835,P00034,5812,259.77,IN,2026-07-02 08:33:36,ONLINE
CRD0045770,CARD0835,P00068,5411,2070.08,IN,2026-08-23 12:08:44,ONLINE
CRD0045779,CARD0835,P00224,5812,94.86,IN,2026-08-11 15:40:08,POS4160
CRD0045780,CARD0835,P00068,5411,502.14,IN,2026-08-15 15:30:09,POS9944
CRD0045781,CARD0835,P00082,5411,471.37,IN,2026-08-25 09:20:30,ONLINE
CRD0045786,CARD0835,P00224,5812,601.91,IN,2026-08-13 18:06:32,ONLINE
CRD0045787,CARD0835,P00343,4900,765.17,IN,2026-09-04 18:59:10,POS6740
CRD0045789,CARD0835,P00300,6012,3373.72,IN,2026-07-11 14:35:53,ONLINE
CRD0045796,CARD0836,P00318,6513,1889.98,IN,2026-08-06 17:54:25,ONLINE
CRD0045798,CARD0836,P00020,7832,441.73,IN,2026-08-06 10:47:04,POS6919
CRD0045799,CARD0836,P00210,4900,3006.55,IN,2026-08-21 10:01:48,POS9596
CRD0045802,CARD0836,P00338,5311,2646.24,IN,2026-09-08 11:42:58,POS4921
CRD0045808,CARD0836,P00254,6012,773.65,IN,2026-09-12 11:36:22,ONLINE
CRD0045809,CARD0836,P00278,5541,984.55,IN,2026-08-25 10:53:12,POS4414
CRD0045811,CARD0836,P00042,5311,2201.92,IN,2026-08-15 19:11:59,POS1369
CRD0045814,CARD0836,P00020,7832,774.29,IN,2026-08-14 17:27:55,POS3502
CRD0045825,CARD0836,P00042,5311,2607.44,IN,2026-08-15 20:58:07,POS5888
CRD0045827,CARD0836,P00042,5311,3701.92,IN,2026-07-09 09:44:02,POS3377
CRD0045830,CARD0836,P00363,5541,784.38,IN,2026-07-28 18:36:46,ONLINE
CRD0045833,CARD0836,P00363,5541,6410.65,IN,2026-07-27 08:49:44,ONLINE
CRD0045843,CARD0836,P00042,5311,6437.04,IN,2026-07-24 14:31:54,ONLINE
CRD0045844,CARD0836,P00046,6012,769.07,IN,2026-07-05 19:04:55,POS1738
CRD0045845,CARD0836,P00278,5541,2925.46,IN,2026-08-17 16:33:22,POS6495
CRD0045847,CARD0836,P00026,6012,3233.1,IN,2026-08-11 15:05:09,POS6576
CRD0045850,CARD0836,P00210,4900,12944.74,IN,2026-09-04 17:16:26,POS9556
CRD0045851,CARD0836,P00210,4900,2101.25,IN,2026-08-06 08:14:48,POS4674
CRD0045857,CARD0836,P00026,6012,4718.56,IN,2026-08-14 05:38:22,POS3140
CRD0045863,CARD0837,P00147,8011,2539.51,IN,2026-08-19 17:04:16,POS2171
CRD0045870,CARD0837,P00203,5541,3544.13,IN,2026-07-05 14:39:59,ONLINE
CRD0045874,CARD0837,P00127,6012,3056.47,IN,2026-08-17 17:10:01,ONLINE
CRD0045884,CARD0837,P00127,6012,1151.16,IN,2026-09-07 08:25:20,POS3806
CRD0045895,CARD0837,P00145,5411,873.94,IN,2026-08-30 15:48:15,POS9188
CRD0045897,CARD0837,P00203,5541,3984.92,IN,2026-08-14 13:34:40,ONLINE
CRD0045916,CARD0838,P00043,5311,2523.76,IN,2026-08-17 17:49:10,ONLINE
CRD0045928,CARD0838,P00276,7832,1423.88,IN,2026-08-05 15:36:48,POS4282
CRD0045929,CARD0838,P00293,5812,568.92,IN,2026-07-27 15:40:22,POS8548
CRD0045934,CARD0838,P00047,6012,3877.92,IN,2026-08-16 12:19:10,POS2400
CRD0045939,CARD0838,P00006,5411,642.8,IN,2026-08-29 15:52:23,POS3331
CRD0045948,CARD0839,P00043,5311,1345.84,IN,2026-07-28 19:35:37,ONLINE
CRD0045953,CARD0839,P00188,5812,207.91,IN,2026-07-01 17:04:53,POS9636
CRD0045964,CARD0839,P00397,5311,2925.12,IN,2026-09-01 20:51:15,POS4939
CRD0045965,CARD0839,P00303,6012,579.53,IN,2026-09-08 11:07:55,POS5718
CRD0045969,CARD0839,P00342,5311,1076.42,IN,2026-08-29 10:01:11,POS4089
CRD0045973,CARD0839,P00241,5411,357.92,IN,2026-09-09 16:21:44,ONLINE
CRD0045977,CARD0839,P00012,5541,1204.84,IN,2026-08-12 19:46:39,POS9733
CRD0045984,CARD0839,P00397,5311,1896.36,IN,2026-08-13 12:43:24,POS2992
CRD0045989,CARD0839,P00294,5311,490.36,IN,2026-08-11 18:08:40,ONLINE
CRD0045990,CARD0839,P00291,5812,382.04,IN,2026-07-07 21:10:19,POS6085
CRD0046004,CARD0840,P00081,5411,611.45,IN,2026-07-19 08:33:48,POS6234
CRD0046005,CARD0840,P00043,5311,2170.18,IN,2026-08-19 10:26:57,POS3975
CRD0046007,CARD0840,P00256,4900,3356.76,IN,2026-07-25 18:06:43,POS5938
CRD0046021,CARD0840,P00140,5411,1641.06,IN,2026-07-30 19:20:32,ONLINE
CRD0046022,CARD0840,P00033,6513,1948.63,IN,2026-08-08 12:36:07,ONLINE
CRD0046026,CARD0840,P00122,8011,1010.14,IN,2026-08-29 16:28:05,ONLINE
CRD0046039,CARD0840,P00274,6012,642.72,IN,2026-08-01 19:45:44,POS2854
CRD0046043,CARD0840,P00256,4900,2388.57,IN,2026-08-05 15:21:25,POS2689
CRD0046046,CARD0840,P00400,8011,648.22,IN,2026-07-21 09:54:14,POS2975
CRD0046054,CARD0841,P00106,5411,1729.01,IN,2026-08-27 14:01:26,ONLINE
CRD0046055,CARD0841,P00218,5812,224.61,IN,2026-07-10 08:06:01,ONLINE
CRD0046058,CARD0841,P00106,5411,3368.46,IN,2026-08-04 21:16:14,POS3709
CRD0046059,CARD0841,P00028,5411,1138.69,IN,2026-08-05 07:43:30,ONLINE
CRD0046064,CARD0841,P00218,5812,319.82,IN,2026-07-04 16:39:19,ONLINE
CRD0046066,CARD0841,P00261,6012,5363.48,IN,2026-08-10 06:29:16,POS2098
CRD0046070,CARD0841,P00350,6012,2722.68,IN,2026-07-08 11:22:49,ONLINE
CRD0046072,CARD0841,P00088,5812,1279.56,IN,2026-07-22 16:05:47,POS2442
CRD0046073,CARD0841,P00005,4814,342.75,IN,2026-09-08 20:08:58,POS4121
CRD0046075,CARD0841,P00019,4814,1137.32,IN,2026-09-05 12:30:25,POS6216
CRD0046077,CARD0841,P00356,4814,1066.08,IN,2026-07-14 19:46:18,ONLINE
CRD0046085,CARD0841,P00005,4814,347.93,IN,2026-07-12 09:45:39,ONLINE
CRD0046086,CARD0841,P00005,4814,577.54,IN,2026-07-25 05:33:24,ONLINE
CRD0046090,CARD0841,P00261,6012,1289.97,IN,2026-07-27 20:23:27,ONLINE
CRD0046099,CARD0841,P00261,6012,926.58,IN,2026-08-07 18:10:30,ONLINE
CRD0046100,CARD0841,P00261,6012,1952.34,IN,2026-09-03 11:19:27,POS7027
CRD0046103,CARD0841,P00088,5812,953.27,IN,2026-07-07 23:46:05,POS8823
CRD0046107,CARD0841,P00106,5411,884.71,IN,2026-07-06 21:34:36,ONLINE
CRD0046115,CARD0842,P00383,5812,555.22,IN,2026-09-02 18:21:23,POS8626
CRD0046121,CARD0842,P00285,4900,1237.18,IN,2026-09-07 15:26:30,ONLINE
CRD0046122,CARD0842,P00376,5812,812.7,IN,2026-08-19 14:38:29,POS7719
CRD0046123,CARD0842,P00285,4900,1403.04,IN,2026-07-08 13:26:06,ONLINE
CRD0046127,CARD0842,P00279,5812,799.89,IN,2026-07-28 10:27:55,POS4081
CRD0046131,CARD0842,P00080,5812,406.76,IN,2026-08-03 23:27:51,POS3733
CRD0046133,CARD0842,P00383,5812,398.9,IN,2026-09-13 19:33:27,POS7763
CRD0046137,CARD0842,P00279,5812,879.1,IN,2026-08-21 18:39:36,POS2778
CRD0046139,CARD0842,P00285,4900,5509.42,IN,2026-08-01 11:12:07,ONLINE
CRD0046141,CARD0842,P00201,4722,5374.8,IN,2026-07-19 11:39:53,ONLINE
CRD0046142,CARD0842,P00080,5812,547.68,IN,2026-09-01 00:30:56,ONLINE
CRD0046148,CARD0842,P00201,4722,3872.27,IN,2026-07-27 11:01:32,ONLINE
CRD0046152,CARD0842,P00220,8011,1690.84,IN,2026-08-14 12:34:45,ONLINE
CRD0046160,CARD0843,P00104,5541,5398.64,IN,2026-09-01 03:41:10,ONLINE
CRD0046161,CARD0843,P00313,5541,1987.74,IN,2026-08-02 19:55:14,POS8067
CRD0046163,CARD0843,P00095,5812,1790.73,IN,2026-09-10 17:57:58,POS2155
CRD0046166,CARD0843,P00095,5812,445.32,IN,2026-08-12 09:51:53,ONLINE
CRD0046167,CARD0843,P00159,5541,1857.64,IN,2026-08-03 18:38:17,ONLINE
CRD0046172,CARD0843,P00095,5812,1682.15,IN,2026-07-02 11:49:48,POS4136
CRD0046183,CARD0843,P00283,5311,2697.51,IN,2026-08-19 20:17:55,ONLINE
CRD0046190,CARD0843,P00283,5311,4557.35,IN,2026-07-26 22:13:54,POS1002
CRD0046191,CARD0843,P00105,5541,1262.19,IN,2026-07-12 11:37:34,ONLINE
CRD0046195,CARD0844,P00331,7832,973.36,IN,2026-08-31 19:57:10,ONLINE
CRD0046198,CARD0844,P00295,8011,3216.76,IN,2026-07-22 09:46:03,POS5475
CRD0046201,CARD0844,P00056,5812,717.51,IN,2026-07-24 10:26:04,ONLINE
CRD0046208,CARD0844,P00028,5411,1954.14,IN,2026-08-18 07:57:59,ONLINE
CRD0046214,CARD0844,P00277,6012,2180.96,IN,2026-07-09 19:04:37,POS6193
CRD0046220,CARD0844,P00204,4900,3207.99,IN,2026-08-30 20:42:55,POS8193
CRD0046223,CARD0844,P00042,5311,6903.51,IN,2026-07-04 00:42:24,ONLINE
CRD0046228,CARD0844,P00028,5411,1863.13,IN,2026-07-10 08:32:34,ONLINE
CRD0046230,CARD0844,P00207,5411,972.74,IN,2026-07-25 07:37:49,POS8886
CRD0046234,CARD0844,P00238,5812,871.84,IN,2026-07-14 12:22:19,ONLINE
CRD0046236,CARD0844,P00277,6012,1425.06,IN,2026-07-15 13:51:29,POS8238
CRD0046238,CARD0844,P00207,5411,2538.46,IN,2026-07-26 17:42:13,POS3526
CRD0046252,CARD0845,P00297,8011,8288.31,IN,2026-07-24 22:35:35,POS7149
CRD0046256,CARD0845,P00311,5411,3242.22,IN,2026-08-02 21:02:00,ONLINE
CRD0046257,CARD0845,P00326,5812,635.97,IN,2026-08-06 10:52:45,ONLINE
CRD0046263,CARD0845,P00326,5812,1153.28,IN,2026-07-27 11:38:15,POS6670
CRD0046268,CARD0845,P00297,8011,1335.21,IN,2026-08-07 11:45:45,POS5837
CRD0046273,CARD0846,P00269,4900,4848.45,IN,2026-07-05 18:43:40,ONLINE
CRD0046279,CARD0846,P00188,5812,1792.81,IN,2026-08-05 08:29:03,ONLINE
CRD0046280,CARD0846,P00356,4814,888.44,IN,2026-09-06 17:08:44,POS6691
CRD0046284,CARD0846,P00329,8011,4285.28,IN,2026-08-22 18:07:36,POS8121
CRD0046285,CARD0846,P00136,5812,3286.69,IN,2026-08-15 15:41:35,POS8218
CRD0046287,CARD0846,P00136,5812,1536.32,IN,2026-09-03 09:13:15,ONLINE
CRD0046290,CARD0846,P00128,5541,5304.03,IN,2026-07-31 19:12:56,ONLINE
CRD0046291,CARD0846,P00136,5812,613.93,IN,2026-08-28 13:24:37,POS9585
CRD0046296,CARD0846,P00356,4814,1484.13,IN,2026-09-10 13:53:08,ONLINE
CRD0046297,CARD0846,P00136,5812,7021.37,IN,2026-08-13 08:24:41,ONLINE
CRD0046313,CARD0846,P00097,5541,2541.78,IN,2026-08-15 09:13:58,POS7673
CRD0046316,CARD0846,P00183,7832,4854.06,IN,2026-07-14 15:08:24,POS1866
CRD0046328,CARD0847,P00281,6513,10943.57,IN,2026-07-22 07:33:31,ONLINE
CRD0046332,CARD0847,P00384,6513,8456.01,IN,2026-07-06 19:52:58,POS9545
CRD0046333,CARD0847,P00282,5411,2615.23,IN,2026-08-01 16:03:00,ONLINE
CRD0046346,CARD0847,P00224,5812,2044.99,IN,2026-08-19 14:34:02,POS7589
CRD0046353,CARD0847,P00191,6513,14897.06,IN,2026-07-18 19:56:04,POS4177
CRD0046358,CARD0847,P00271,5541,11773.34,IN,2026-07-24 11:07:33,POS3371
CRD0046360,CARD0847,P00136,5812,2816.41,IN,2026-07-09 13:35:31,ONLINE
CRD0046367,CARD0847,P00292,5541,2631.51,IN,2026-07-13 12:11:34,ONLINE
CRD0046369,CARD0847,P00055,5311,7869.79,IN,2026-08-02 21:57:51,POS1036
CRD0046370,CARD0847,P00216,7832,2070.38,IN,2026-08-08 10:27:00,ONLINE
CRD0046371,CARD0847,P00191,6513,5812.56,IN,2026-08-14 18:01:24,ONLINE
CRD0046375,CARD0847,P00305,5812,2515.68,IN,2026-08-20 18:16:12,ONLINE
CRD0046376,CARD0847,P00292,5541,3856.58,IN,2026-07-10 09:20:52,ONLINE
CRD0046377,CARD0847,P00175,5311,11767.79,IN,2026-07-02 10:00:44,POS9311
CRD0046384,CARD0848,P00007,5812,813.71,IN,2026-07-20 14:20:06,POS2262
CRD0046390,CARD0848,P00023,4722,4888.88,IN,2026-08-02 19:40:15,POS5085
CRD0046391,CARD0848,P00386,6012,867.05,IN,2026-08-28 14:05:34,ONLINE
CRD0046399,CARD0848,P00003,4814,491.87,IN,2026-08-18 08:30:48,ONLINE
CRD0046400,CARD0848,P00029,5411,1626.14,IN,2026-08-17 08:15:01,POS1479
CRD0046403,CARD0848,P00003,4814,1238.53,IN,2026-09-01 15:40:01,ONLINE
CRD0046405,CARD0848,P00353,5311,3705.22,IN,2026-07-09 19:29:29,ONLINE
CRD0046409,CARD0848,P00264,5812,255.42,IN,2026-08-05 21:18:14,POS7534
CRD0046411,CARD0848,P00268,5541,6493.37,IN,2026-08-31 10:32:42,ONLINE
CRD0046415,CARD0848,P00029,5411,564.19,IN,2026-07-08 07:53:36,ONLINE
CRD0046416,CARD0848,P00090,5812,1628.5,IN,2026-07-15 20:01:43,POS4304
CRD0046420,CARD0848,P00059,6012,3498.06,IN,2026-07-17 08:12:22,ONLINE
CRD0046425,CARD0848,P00333,5812,338.81,IN,2026-07-15 18:54:11,POS4849
CRD0046433,CARD0849,P00132,4900,3025.12,IN,2026-08-16 16:06:15,ONLINE
CRD0046435,CARD0849,P00389,5812,214.03,IN,2026-08-11 15:07:02,POS7907
CRD0046438,CARD0849,P00005,4814,111.57,IN,2026-07-29 16:50:43,POS1996
CRD0046443,CARD0849,P00008,4722,3951.16,IN,2026-08-25 11:42:35,ONLINE
CRD0046447,CARD0849,P00082,5411,681.4,IN,2026-09-01 17:01:26,POS5852
CRD0046448,CARD0849,P00389,5812,1408.16,IN,2026-08-19 10:03:42,ONLINE
CRD0046451,CARD0849,P00082,5411,2548.31,IN,2026-08-28 19:29:39,ONLINE
CRD0046452,CARD0849,P00120,5411,736.09,IN,2026-08-12 19:19:53,ONLINE
CRD0046453,CARD0849,P00081,5411,596.28,IN,2026-07-13 21:51:56,ONLINE
CRD0046454,CARD0849,P00035,7832,1288.49,IN,2026-07-08 17:04:57,POS1713
CRD0046457,CARD0849,P00172,5541,1732.85,IN,2026-07-07 10:48:26,ONLINE
CRD0046459,CARD0849,P00389,5812,242.15,IN,2026-07-15 00:43:07,POS6458
CRD0046466,CARD0849,P00005,4814,258.64,IN,2026-09-04 21:28:43,ONLINE
CRD0046471,CARD0849,P00284,6012,1317.21,IN,2026-09-03 20:26:11,ONLINE
CRD0046474,CARD0849,P00035,7832,922.91,IN,2026-07-07 19:12:33,POS5570
CRD0046477,CARD0849,P00008,4722,3398.15,IN,2026-07-01 08:58:53,POS8500
CRD0046479,CARD0849,P00081,5411,4092.25,IN,2026-08-25 20:05:21,POS4066
CRD0046494,CARD0850,P00382,5812,198.33,IN,2026-07-30 18:22:49,POS1316
CRD0046499,CARD0850,P00180,4900,2201.13,IN,2026-09-02 21:57:31,POS3916
CRD0046503,CARD0850,P00346,5541,1699.42,IN,2026-07-13 23:58:45,POS4890
CRD0046512,CARD0850,P00338,5311,930.24,IN,2026-07-09 17:09:49,ONLINE
CRD0046513,CARD0850,P00126,4722,4195.53,IN,2026-07-11 06:35:27,ONLINE
CRD0046526,CARD0850,P00338,5311,1677.82,IN,2026-08-27 20:52:50,ONLINE
CRD0046538,CARD0851,P00387,4722,11649.35,IN,2026-07-30 08:15:51,ONLINE
CRD0046541,CARD0851,P00153,5411,1141.25,IN,2026-07-25 14:02:12,POS6047
CRD0046546,CARD0851,P00153,5411,1935.3,IN,2026-08-15 15:07:51,ONLINE
CRD0046551,CARD0851,P00305,5812,842.52,IN,2026-07-13 21:01:22,ONLINE
CRD0046552,CARD0851,P00199,5812,231.23,IN,2026-09-02 20:05:59,POS1690
CRD0046555,CARD0851,P00153,5411,1000.11,IN,2026-09-02 22:56:14,ONLINE
CRD0046559,CARD0851,P00248,4900,1411.8,IN,2026-08-30 21:28:41,ONLINE
CRD0046561,CARD0851,P00251,5411,826.16,IN,2026-08-22 20:49:24,ONLINE
CRD0046567,CARD0851,P00126,4722,1731.98,IN,2026-08-06 22:37:08,POS1436
CRD0046568,CARD0851,P00046,6012,3481.73,IN,2026-08-07 20:57:17,ONLINE
CRD0046571,CARD0851,P00400,8011,1452.2,IN,2026-07-05 08:09:08,ONLINE
CRD0046580,CARD0852,P00150,4900,4398.67,IN,2026-07-21 19:52:10,POS4534
CRD0046588,CARD0852,P00024,5411,717.85,IN,2026-08-26 23:36:29,ONLINE
CRD0046594,CARD0852,P00024,5411,1288.93,IN,2026-08-21 18:12:14,ONLINE
CRD0046599,CARD0852,P00320,4900,2065.37,IN,2026-08-07 08:22:30,POS8728
CRD0046601,CARD0852,P00113,6513,4802.63,IN,2026-08-06 14:48:11,ONLINE
CRD0046603,CARD0852,P00199,5812,247.16,IN,2026-07-31 09:21:35,ONLINE
CRD0046607,CARD0852,P00173,4814,156.02,IN,2026-07-06 15:24:00,ONLINE
CRD0046608,CARD0852,P00024,5411,1108.98,IN,2026-08-31 09:00:39,POS3126
CRD0046613,CARD0852,P00320,4900,1162.61,IN,2026-08-17 08:53:36,POS5700
CRD0046618,CARD0852,P00199,5812,672.24,IN,2026-08-28 06:18:07,ONLINE
CRD0046620,CARD0852,P00387,4722,2721.45,IN,2026-09-02 13:45:11,ONLINE
CRD0046626,CARD0852,P00173,4814,541.35,IN,2026-07-02 13:59:01,POS8845
CRD0046628,CARD0852,P00150,4900,484.52,IN,2026-07-28 08:50:12,ONLINE
CRD0046629,CARD0852,P00108,5311,1526.32,IN,2026-08-13 13:41:03,ONLINE
CRD0046646,CARD0853,P00346,5541,2438.45,IN,2026-08-16 07:40:07,ONLINE
CRD0046650,CARD0853,P00313,5541,2227.13,IN,2026-08-29 21:22:09,POS1971
CRD0046653,CARD0853,P00104,5541,1338.66,IN,2026-07-20 13:07:12,ONLINE
CRD0046654,CARD0853,P00149,5311,6408.82,IN,2026-08-05 13:22:31,ONLINE
CRD0046659,CARD0853,P00139,5311,3558.09,IN,2026-08-24 11:22:33,POS1533
CRD0046663,CARD0853,P00163,5411,1346.67,IN,2026-08-27 13:49:09,POS7813
CRD0046665,CARD0853,P00104,5541,9210.64,IN,2026-07-21 20:25:12,POS3331
CRD0046670,CARD0853,P00225,5411,878.76,IN,2026-08-21 21:10:55,POS9831
CRD0046671,CARD0853,P00252,5411,4163.48,IN,2026-08-10 16:08:21,POS1375
CRD0046672,CARD0853,P00159,5541,1461.39,IN,2026-07-12 08:18:25,POS9900
CRD0046682,CARD0853,P00247,6012,1489.02,IN,2026-07-24 14:11:10,POS7679
CRD0046686,CARD0853,P00149,5311,2089.56,IN,2026-09-12 07:24:48,POS3428
CRD0046694,CARD0853,P00139,5311,3988.89,IN,2026-07-21 07:24:17,ONLINE
CRD0046695,CARD0853,P00132,4900,8339.84,IN,2026-08-24 13:14:26,POS3917
CRD0046696,CARD0853,P00104,5541,1664.56,IN,2026-08-15 17:23:24,ONLINE
CRD0046705,CARD0853,P00137,7832,858.42,IN,2026-08-03 00:55:37,ONLINE
CRD0046707,CARD0853,P00018,5812,1323.15,IN,2026-08-04 16:50:43,POS5189
CRD0046720,CARD0853,P00092,5411,909.04,IN,2026-07-03 17:15:24,POS5451
CRD0046723,CARD0853,P00274,6012,1093.98,IN,2026-08-12 04:59:14,POS2589
CRD0046726,CARD0853,P00313,5541,1668.71,IN,2026-07-19 11:33:07,POS4579
CRD0046730,CARD0853,P00092,5411,797.92,IN,2026-08-05 14:47:35,POS3490
CRD0046733,CARD0853,P00092,5411,1286.64,IN,2026-07-04 10:15:36,ONLINE
CRD0046734,CARD0853,P00247,6012,1196.11,IN,2026-08-26 08:51:36,POS8771
CRD0046740,CARD0854,P00106,5411,545.59,IN,2026-07-07 09:33:38,ONLINE
CRD0046742,CARD0854,P00081,5411,2525.04,IN,2026-08-17 17:19:49,ONLINE
CRD0046747,CARD0854,P00252,5411,1148.0,IN,2026-07-26 06:59:15,POS3487
CRD0046748,CARD0854,P00053,5411,3463.02,IN,2026-07-27 10:09:07,ONLINE
CRD0046752,CARD0854,P00106,5411,707.26,IN,2026-09-02 18:04:24,POS9772
CRD0046753,CARD0854,P00053,5411,3093.5,IN,2026-09-11 10:37:35,ONLINE
CRD0046758,CARD0854,P00090,5812,387.67,IN,2026-08-14 08:37:49,POS2165
CRD0046759,CARD0854,P00252,5411,1048.77,IN,2026-07-25 16:17:31,ONLINE
CRD0046762,CARD0854,P00152,4900,1939.73,IN,2026-07-23 13:50:30,ONLINE
CRD0046770,CARD0854,P00053,5411,2657.56,IN,2026-07-12 06:26:02,ONLINE
CRD0046771,CARD0854,P00144,7832,537.49,IN,2026-08-02 08:46:31,ONLINE
CRD0046772,CARD0854,P00212,5411,753.12,IN,2026-09-03 15:01:21,POS4314
CRD0046773,CARD0854,P00167,5812,145.83,IN,2026-08-12 17:49:52,POS5627
CRD0046774,CARD0854,P00252,5411,517.13,IN,2026-07-03 17:45:03,POS4815
CRD0046775,CARD0854,P00252,5411,1599.74,IN,2026-07-25 10:35:21,ONLINE
CRD0046781,CARD0854,P00252,5411,2322.96,IN,2026-07-01 18:32:08,POS3190
CRD0046784,CARD0854,P00245,5311,4263.42,IN,2026-07-31 10:50:01,POS9144
CRD0046786,CARD0854,P00106,5411,1364.29,IN,2026-08-19 15:59:43,ONLINE
CRD0046788,CARD0854,P00212,5411,2183.05,IN,2026-07-10 15:30:52,ONLINE
CRD0046790,CARD0854,P00245,5311,2001.18,IN,2026-08-23 17:16:41,ONLINE
CRD0046797,CARD0855,P00221,5812,658.61,IN,2026-07-24 20:33:02,ONLINE
CRD0046800,CARD0855,P00221,5812,922.87,IN,2026-09-05 13:32:28,ONLINE
CRD0046801,CARD0855,P00081,5411,1573.55,IN,2026-07-10 18:32:42,POS6804
CRD0046802,CARD0855,P00376,5812,714.53,IN,2026-08-18 12:55:18,POS3427
CRD0046803,CARD0855,P00046,6012,723.27,IN,2026-07-09 11:36:31,ONLINE
CRD0046808,CARD0855,P00361,5411,1397.34,IN,2026-07-21 18:29:36,POS7713
CRD0046810,CARD0855,P00046,6012,688.94,IN,2026-08-21 19:42:31,ONLINE
CRD0046811,CARD0855,P00376,5812,480.09,IN,2026-08-09 07:02:03,POS3968
CRD0046815,CARD0855,P00211,7832,747.88,IN,2026-08-13 09:12:39,POS7392
CRD0046821,CARD0855,P00306,4814,1155.4,IN,2026-08-31 14:40:31,POS5253
CRD0046825,CARD0855,P00211,7832,1277.02,IN,2026-08-21 12:14:11,ONLINE
CRD0046830,CARD0855,P00376,5812,508.2,IN,2026-07-31 11:15:44,ONLINE
CRD0046832,CARD0855,P00221,5812,552.0,IN,2026-08-19 19:09:51,ONLINE
CRD0046838,CARD0856,P00166,5411,3683.88,IN,2026-09-11 18:40:49,POS2234
CRD0046840,CARD0856,P00295,8011,1938.35,IN,2026-08-05 18:59:58,ONLINE
CRD0046842,CARD0856,P00287,4900,4087.72,IN,2026-07-06 17:29:45,ONLINE
CRD0046846,CARD0856,P00316,5311,4219.4,IN,2026-09-03 22:51:02,ONLINE
CRD0046848,CARD0856,P00360,5541,945.16,IN,2026-08-31 17:05:07,ONLINE
CRD0046849,CARD0856,P00166,5411,635.95,IN,2026-09-09 20:42:34,ONLINE
CRD0046851,CARD0856,P00295,8011,1275.37,IN,2026-07-21 20:03:26,POS5685
CRD0046856,CARD0856,P00367,5411,1395.67,IN,2026-09-01 10:35:08,POS7015
CRD0046860,CARD0856,P00284,6012,6461.7,IN,2026-09-10 19:37:55,POS4169
CRD0046866,CARD0856,P00295,8011,7918.79,IN,2026-09-03 20:12:24,POS5085
CRD0046873,CARD0857,P00239,5411,2869.91,IN,2026-07-23 17:55:20,ONLINE
CRD0046876,CARD0857,P00291,5812,450.97,IN,2026-07-05 16:54:00,POS6275
CRD0046877,CARD0857,P00389,5812,3441.3,IN,2026-09-05 17:43:04,ONLINE
CRD0046879,CARD0857,P00291,5812,749.62,IN,2026-07-04 14:27:36,POS6351
CRD0046896,CARD0857,P00219,5411,2160.01,IN,2026-09-13 15:59:18,ONLINE
CRD0046903,CARD0857,P00154,7832,3258.56,IN,2026-07-22 21:37:51,POS4228
CRD0046908,CARD0857,P00291,5812,908.04,IN,2026-09-10 12:22:59,POS5879
CRD0046913,CARD0857,P00057,5812,1972.71,IN,2026-08-16 07:45:40,POS1936
CRD0046917,CARD0857,P00389,5812,467.41,IN,2026-08-12 17:18:01,ONLINE
CRD0046922,CARD0857,P00128,5541,7279.88,IN,2026-08-14 09:24:49,ONLINE
CRD0046927,CARD0858,P00337,6513,10199.02,IN,2026-07-31 08:07:24,ONLINE
CRD0046937,CARD0858,P00085,4900,2128.41,IN,2026-08-19 14:18:35,ONLINE
CRD0046938,CARD0858,P00316,5311,3126.35,IN,2026-08-21 14:14:57,ONLINE
CRD0046939,CARD0858,P00388,5411,1441.95,IN,2026-07-11 10:12:53,ONLINE
CRD0046941,CARD0858,P00015,4722,23153.4,IN,2026-07-21 19:10:08,ONLINE
CRD0046942,CARD0858,P00337,6513,10649.09,IN,2026-08-26 10:28:27,ONLINE
CRD0046946,CARD0858,P00306,4814,1028.89,IN,2026-07-16 20:11:09,ONLINE
CRD0046952,CARD0858,P00189,5812,4393.19,IN,2026-08-31 10:40:10,ONLINE
CRD0046956,CARD0858,P00316,5311,10914.71,IN,2026-08-04 14:35:21,ONLINE
CRD0046957,CARD0858,P00337,6513,6066.07,IN,2026-07-27 05:34:49,ONLINE
CRD0046975,CARD0858,P00085,4900,4832.93,IN,2026-08-29 17:11:00,ONLINE
CRD0046985,CARD0859,P00365,6012,13113.72,IN,2026-08-25 10:51:31,ONLINE
CRD0046986,CARD0859,P00248,4900,18811.14,IN,2026-09-01 01:26:19,POS5000
CRD0046992,CARD0859,P00291,5812,1970.1,IN,2026-07-11 15:19:36,ONLINE
CRD0046997,CARD0859,P00386,6012,3801.34,IN,2026-09-06 09:12:36,POS1165
CRD0047002,CARD0859,P00098,6012,10935.79,IN,2026-09-12 11:05:03,ONLINE
CRD0047008,CARD0859,P00027,5311,14309.31,IN,2026-08-16 19:52:04,ONLINE
CRD0047012,CARD0859,P00051,6012,2678.41,IN,2026-07-03 14:40:26,ONLINE
CRD0047015,CARD0859,P00365,6012,1882.92,IN,2026-07-20 20:14:33,POS7197
CRD0047029,CARD0859,P00381,5411,4368.01,IN,2026-07-12 17:17:23,POS1933
CRD0047033,CARD0859,P00365,6012,6131.87,IN,2026-09-01 10:30:11,ONLINE
CRD0047034,CARD0859,P00003,4814,3008.2,IN,2026-09-11 20:51:19,ONLINE
CRD0047036,CARD0859,P00291,5812,1621.29,IN,2026-09-11 17:53:15,POS3735
CRD0047039,CARD0859,P00301,5812,1940.37,IN,2026-08-24 10:40:49,ONLINE
CRD0047044,CARD0859,P00319,6012,10700.89,IN,2026-09-03 15:37:15,ONLINE
CRD0047045,CARD0859,P00098,6012,6668.41,IN,2026-08-24 21:10:06,ONLINE
CRD0047049,CARD0859,P00365,6012,4336.58,IN,2026-07-25 19:50:42,ONLINE
CRD0047055,CARD0859,P00291,5812,5948.62,IN,2026-08-14 21:36:19,ONLINE
CRD0047057,CARD0859,P00098,6012,2739.52,IN,2026-08-09 08:02:38,ONLINE
CRD0047063,CARD0860,P00213,4900,3154.31,IN,2026-08-22 13:26:05,POS4146
CRD0047069,CARD0860,P00125,5812,552.87,IN,2026-08-12 19:01:43,ONLINE
CRD0047080,CARD0860,P00098,6012,1360.7,IN,2026-07-06 17:41:10,POS1143
CRD0047081,CARD0860,P00355,4814,1671.25,IN,2026-07-02 21:29:48,ONLINE
CRD0047082,CARD0860,P00163,5411,1509.58,IN,2026-07-31 20:32:12,POS9168
CRD0047087,CARD0860,P00098,6012,3568.17,IN,2026-07-06 18:30:09,ONLINE
CRD0047088,CARD0860,P00030,8011,2048.71,IN,2026-07-27 16:35:10,ONLINE
CRD0047091,CARD0860,P00163,5411,684.0,IN,2026-08-31 19:40:52,ONLINE
CRD0047093,CARD0860,P00374,6513,5931.32,IN,2026-07-29 02:20:08,ONLINE
CRD0047096,CARD0860,P00030,8011,1541.01,IN,2026-07-07 21:42:56,POS8643
CRD0047100,CARD0860,P00125,5812,695.46,IN,2026-09-11 20:18:52,ONLINE
CRD0047105,CARD0860,P00374,6513,3746.67,IN,2026-08-14 08:10:05,POS1824
CRD0047106,CARD0860,P00030,8011,3720.0,IN,2026-07-13 12:53:53,POS8947
CRD0047121,CARD0861,P00131,5411,2374.51,IN,2026-07-12 08:32:40,POS5545
CRD0047130,CARD0861,P00198,5411,1330.05,IN,2026-08-23 09:59:03,ONLINE
CRD0047133,CARD0861,P00142,6012,849.26,IN,2026-08-22 21:01:00,ONLINE
CRD0047134,CARD0861,P00198,5411,1403.76,IN,2026-08-17 09:49:29,POS4185
CRD0047135,CARD0861,P00111,6513,12696.05,IN,2026-08-18 08:43:42,POS2716
CRD0047136,CARD0861,P00111,6513,8437.35,IN,2026-08-10 10:09:32,ONLINE
CRD0047138,CARD0861,P00071,5411,1372.57,IN,2026-08-12 19:45:46,ONLINE
CRD0047139,CARD0861,P00198,5411,779.2,IN,2026-09-08 09:38:25,ONLINE
CRD0047145,CARD0861,P00071,5411,773.26,IN,2026-08-22 15:30:47,POS9372
CRD0047149,CARD0861,P00393,5411,866.59,IN,2026-08-03 08:56:58,ONLINE
CRD0047156,CARD0861,P00400,8011,737.87,IN,2026-07-13 12:03:01,POS3586
CRD0047162,CARD0861,P00232,4722,3497.27,IN,2026-07-06 21:13:41,ONLINE
CRD0047172,CARD0861,P00052,5311,1653.88,IN,2026-08-26 14:43:32,POS4023
CRD0047191,CARD0862,P00255,5311,4359.18,IN,2026-07-20 18:18:26,ONLINE
CRD0047194,CARD0862,P00228,5541,8732.36,IN,2026-07-16 22:58:14,POS8941
CRD0047202,CARD0862,P00162,5411,2656.92,IN,2026-07-22 18:07:29,POS7681
CRD0047203,CARD0862,P00124,4814,234.42,IN,2026-08-01 12:04:02,POS5724
CRD0047222,CARD0862,P00228,5541,700.4,IN,2026-08-01 14:08:52,ONLINE
CRD0047236,CARD0863,P00324,5311,2571.32,IN,2026-08-12 13:33:11,POS6471
CRD0047240,CARD0863,P00039,5311,3525.79,IN,2026-08-04 18:20:11,ONLINE
CRD0047241,CARD0863,P00263,5311,4272.26,IN,2026-09-04 19:57:08,ONLINE
CRD0047251,CARD0863,P00027,5311,3470.1,IN,2026-07-12 16:09:35,POS3339
CRD0047257,CARD0863,P00229,5411,1116.71,IN,2026-09-07 12:36:21,POS7538
CRD0047258,CARD0863,P00025,5311,1157.5,IN,2026-07-21 21:00:33,POS5179
CRD0047269,CARD0863,P00378,5411,2025.74,IN,2026-07-28 22:47:18,ONLINE
CRD0047270,CARD0863,P00324,5311,2622.21,IN,2026-07-02 21:11:43,POS8444
CRD0047275,CARD0863,P00039,5311,3560.62,IN,2026-08-03 10:42:01,POS2087
CRD0047289,CARD0863,P00229,5411,1836.82,IN,2026-09-10 14:38:58,POS6737
CRD0047299,CARD0863,P00231,4814,1243.37,IN,2026-07-01 19:58:59,ONLINE
CRD0047302,CARD0863,P00399,4814,292.72,IN,2026-09-12 12:18:00,POS1343
CRD0047314,CARD0864,P00137,7832,3300.91,IN,2026-07-01 15:21:20,POS9129
CRD0047324,CARD0864,P00142,6012,3260.07,IN,2026-09-10 21:10:54,ONLINE
CRD0047325,CARD0864,P00084,7832,851.37,IN,2026-07-10 18:48:19,POS1973
CRD0047329,CARD0864,P00118,4722,7089.04,IN,2026-07-21 18:06:11,POS9110
CRD0047331,CARD0864,P00081,5411,1901.65,IN,2026-09-03 19:47:34,ONLINE
CRD0047341,CARD0864,P00197,6012,1372.06,IN,2026-09-06 11:02:23,ONLINE
CRD0047344,CARD0864,P00084,7832,4222.23,IN,2026-09-05 11:01:14,ONLINE
CRD0047350,CARD0864,P00084,7832,917.05,IN,2026-08-13 21:15:54,POS3738
CRD0047352,CARD0864,P00381,5411,986.63,IN,2026-07-29 18:46:27,ONLINE
CRD0047354,CARD0864,P00081,5411,3513.89,IN,2026-07-18 20:36:40,POS7426
CRD0047356,CARD0864,P00308,5812,1097.96,IN,2026-09-02 21:29:28,ONLINE
CRD0047363,CARD0864,P00118,4722,9268.86,IN,2026-08-23 12:34:51,ONLINE
CRD0047369,CARD0865,P00208,6012,4286.66,IN,2026-07-03 21:47:47,ONLINE
CRD0047372,CARD0865,P00064,5311,7080.45,IN,2026-09-11 18:30:04,ONLINE
CRD0047373,CARD0865,P00064,5311,9138.39,IN,2026-07-29 16:35:44,POS8700
CRD0047383,CARD0865,P00159,5541,9513.77,IN,2026-07-27 12:59:42,POS8140
CRD0047386,CARD0865,P00159,5541,1306.25,IN,2026-08-24 18:53:14,POS8402
CRD0047390,CARD0865,P00163,5411,2726.5,IN,2026-08-26 14:53:25,POS9869
CRD0047392,CARD0865,P00221,5812,3125.54,IN,2026-08-16 23:21:15,ONLINE
CRD0047393,CARD0865,P00029,5411,2747.88,IN,2026-08-13 17:15:26,ONLINE
CRD0047397,CARD0865,P00208,6012,8748.33,IN,2026-08-10 19:21:55,ONLINE
CRD0047399,CARD0865,P00343,4900,5188.26,IN,2026-07-19 09:02:55,POS4002
CRD0047400,CARD0865,P00393,5411,10024.46,IN,2026-07-02 21:35:44,POS8734
CRD0047401,CARD0865,P00243,6012,2933.05,IN,2026-08-29 18:09:59,ONLINE
CRD0047409,CARD0865,P00029,5411,6540.02,IN,2026-07-13 09:44:15,ONLINE
CRD0047411,CARD0865,P00272,5812,4330.01,IN,2026-07-02 10:38:23,POS7221
CRD0047415,CARD0865,P00083,5311,3863.68,IN,2026-08-24 18:06:26,ONLINE
CRD0047417,CARD0865,P00083,5311,17579.34,IN,2026-08-25 22:24:20,ONLINE
CRD0047423,CARD0865,P00029,5411,6141.79,IN,2026-08-19 08:50:29,ONLINE
CRD0047425,CARD0865,P00159,5541,5470.12,IN,2026-08-03 17:05:53,ONLINE
CRD0047427,CARD0865,P00238,5812,1790.2,IN,2026-07-01 09:28:59,POS4487
CRD0047429,CARD0865,P00221,5812,2916.79,IN,2026-08-03 19:24:08,ONLINE
CRD0047434,CARD0865,P00393,5411,5014.73,IN,2026-07-08 10:45:53,ONLINE
CRD0047440,CARD0866,P00029,5411,863.96,IN,2026-09-04 21:01:43,POS6752
CRD0047442,CARD0866,P00285,4900,1375.16,IN,2026-07-10 21:14:55,POS7762
CRD0047443,CARD0866,P00204,4900,2395.76,IN,2026-07-25 19:02:05,ONLINE
CRD0047447,CARD0866,P00094,6012,843.84,IN,2026-08-14 15:40:03,POS2563
CRD0047455,CARD0866,P00029,5411,1001.05,IN,2026-08-20 12:41:34,ONLINE
CRD0047457,CARD0866,P00188,5812,510.22,IN,2026-08-02 22:00:20,ONLINE
CRD0047466,CARD0866,P00094,6012,713.05,IN,2026-08-10 09:17:06,ONLINE
CRD0047468,CARD0866,P00294,5311,1684.57,IN,2026-08-04 13:56:08,ONLINE
CRD0047470,CARD0866,P00294,5311,737.59,IN,2026-07-29 16:36:47,ONLINE
CRD0047471,CARD0866,P00285,4900,671.13,IN,2026-08-20 09:54:24,POS3523
CRD0047472,CARD0866,P00285,4900,1770.45,IN,2026-08-16 16:08:08,ONLINE
CRD0047479,CARD0866,P00285,4900,1388.22,IN,2026-07-30 13:30:19,ONLINE
CRD0047481,CARD0866,P00340,4900,897.6,IN,2026-09-02 13:40:11,POS8563
CRD0047486,CARD0866,P00094,6012,967.87,IN,2026-07-03 18:27:52,POS7805
CRD0047487,CARD0866,P00029,5411,304.45,IN,2026-09-09 18:02:17,POS6258
CRD0047496,CARD0866,P00285,4900,2641.57,IN,2026-09-13 14:44:58,ONLINE
CRD0047497,CARD0866,P00148,5311,1966.93,IN,2026-07-14 16:56:32,POS4181
CRD0047503,CARD0867,P00043,5311,7215.74,IN,2026-08-17 19:42:29,ONLINE
CRD0047519,CARD0867,P00224,5812,1697.82,IN,2026-07-14 17:09:30,POS9817
CRD0047524,CARD0867,P00329,8011,1189.37,IN,2026-08-25 20:41:27,POS6243
CRD0047526,CARD0867,P00103,5311,1846.22,IN,2026-07-02 22:47:00,ONLINE
CRD0047530,CARD0867,P00362,5411,1957.94,IN,2026-09-08 16:45:13,POS8485
CRD0047531,CARD0867,P00315,4900,3458.6,IN,2026-08-11 07:12:13,ONLINE
CRD0047532,CARD0867,P00260,5311,4556.3,IN,2026-08-18 19:18:13,ONLINE
CRD0047534,CARD0867,P00385,6012,3820.14,IN,2026-09-09 18:58:19,ONLINE
CRD0047540,CARD0867,P00258,5812,915.09,IN,2026-08-13 08:35:44,ONLINE
CRD0047543,CARD0867,P00136,5812,1053.5,IN,2026-07-04 13:08:44,POS9989
CRD0047546,CARD0867,P00362,5411,2400.76,IN,2026-07-09 20:58:38,POS6754
CRD0047553,CARD0868,P00216,7832,1408.41,IN,2026-08-21 08:15:02,POS6304
CRD0047562,CARD0868,P00226,5541,2173.01,IN,2026-07-14 08:20:09,POS9838
CRD0047571,CARD0868,P00106,5411,2088.23,IN,2026-08-19 12:50:34,ONLINE
CRD0047572,CARD0868,P00106,5411,2336.32,IN,2026-08-20 12:02:53,ONLINE
CRD0047574,CARD0868,P00398,5541,1032.71,IN,2026-09-10 21:34:30,POS2041
CRD0047581,CARD0868,P00231,4814,528.5,IN,2026-08-26 13:48:41,ONLINE
CRD0047589,CARD0868,P00240,6012,2482.3,IN,2026-09-01 18:08:41,POS6668
CRD0047590,CARD0868,P00200,5411,1059.54,IN,2026-07-22 09:00:43,POS1684
CRD0047593,CARD0868,P00004,5411,1501.05,IN,2026-07-23 09:47:35,POS3495
CRD0047598,CARD0868,P00004,5411,1202.38,IN,2026-09-12 11:00:18,ONLINE
CRD0047600,CARD0868,P00040,5411,4348.19,IN,2026-08-30 11:52:04,POS3738
CRD0047608,CARD0868,P00123,5812,1742.62,IN,2026-08-11 13:54:06,ONLINE
CRD0047618,CARD0868,P00254,6012,5917.11,IN,2026-09-11 21:16:41,ONLINE
CRD0047628,CARD0869,P00348,6012,689.79,IN,2026-07-05 18:26:04,ONLINE
CRD0047633,CARD0869,P00096,7832,423.86,IN,2026-07-03 14:20:15,POS5997
CRD0047638,CARD0869,P00348,6012,1066.66,IN,2026-07-29 23:54:10,POS6927
CRD0047646,CARD0869,P00315,4900,1669.31,IN,2026-07-03 09:45:46,ONLINE
CRD0047649,CARD0869,P00372,4814,186.2,IN,2026-08-06 20:34:07,POS3836
CRD0047653,CARD0869,P00159,5541,737.15,IN,2026-08-23 09:00:32,ONLINE
CRD0047658,CARD0869,P00315,4900,2343.9,IN,2026-09-04 04:44:18,ONLINE
CRD0047662,CARD0869,P00372,4814,113.53,IN,2026-07-11 12:23:38,POS1544
CRD0047664,CARD0869,P00147,8011,1089.88,IN,2026-07-02 21:36:40,POS2785
CRD0047680,CARD0870,P00038,5411,5662.52,IN,2026-07-17 11:01:59,POS1495
CRD0047683,CARD0870,P00075,5812,981.74,IN,2026-09-13 05:15:02,ONLINE
CRD0047685,CARD0870,P00378,5411,3443.15,IN,2026-08-29 15:24:21,POS7242
CRD0047687,CARD0870,P00239,5411,5753.25,IN,2026-07-15 17:40:29,POS7277
CRD0047692,CARD0870,P00038,5411,6046.43,IN,2026-08-15 08:23:00,ONLINE
CRD0047694,CARD0870,P00342,5311,3991.56,IN,2026-08-29 17:56:55,ONLINE
CRD0047695,CARD0870,P00298,4814,1532.83,IN,2026-09-06 20:35:46,ONLINE
CRD0047700,CARD0870,P00071,5411,2290.61,IN,2026-08-05 09:00:25,ONLINE
CRD0047703,CARD0870,P00074,4722,8803.54,IN,2026-07-23 12:37:01,POS4606
CRD0047713,CARD0870,P00038,5411,4020.52,IN,2026-09-12 18:27:31,POS5674
CRD0047718,CARD0870,P00038,5411,5499.7,IN,2026-09-09 07:43:59,POS5589
CRD0047725,CARD0870,P00304,5541,4220.85,IN,2026-07-09 09:47:02,POS3265
CRD0047730,CARD0870,P00378,5411,2758.07,IN,2026-07-13 17:51:14,POS7304
CRD0047732,CARD0870,P00213,4900,6845.25,IN,2026-09-02 07:19:37,ONLINE
CRD0047733,CARD0870,P00268,5541,5078.96,IN,2026-08-06 19:01:48,POS8027
CRD0047735,CARD0870,P00213,4900,3758.25,IN,2026-08-09 08:55:39,POS2608
CRD0047736,CARD0870,P00036,5411,8038.53,IN,2026-08-26 08:11:01,ONLINE
CRD0047739,CARD0870,P00292,5541,2147.44,IN,2026-08-06 23:33:52,POS4587
CRD0047741,CARD0870,P00319,6012,3495.12,IN,2026-07-11 12:56:54,POS6097
CRD0047746,CARD0870,P00036,5411,4404.16,IN,2026-07-13 21:54:10,ONLINE
CRD0047758,CARD0871,P00359,5411,449.93,IN,2026-07-29 12:03:39,POS2251
CRD0047774,CARD0871,P00064,5311,10745.25,IN,2026-09-05 01:45:56,POS2283
CRD0047781,CARD0871,P00180,4900,4699.17,IN,2026-08-30 00:33:40,ONLINE
CRD0047782,CARD0871,P00057,5812,624.11,IN,2026-08-02 12:57:11,POS6328
CRD0047783,CARD0871,P00207,5411,3169.48,IN,2026-08-26 09:47:05,ONLINE
CRD0047786,CARD0871,P00113,6513,5114.38,IN,2026-08-31 18:23:43,ONLINE
CRD0047791,CARD0872,P00037,6012,893.31,IN,2026-08-30 15:47:11,POS8578
CRD0047794,CARD0872,P00396,5411,450.85,IN,2026-07-20 20:01:52,ONLINE
CRD0047796,CARD0872,P00037,6012,2040.2,IN,2026-07-16 13:12:19,ONLINE
CRD0047797,CARD0872,P00321,5812,395.56,IN,2026-09-01 07:55:35,ONLINE
CRD0047799,CARD0872,P00321,5812,260.4,IN,2026-07-10 10:09:38,ONLINE
CRD0047804,CARD0872,P00270,4722,1374.38,IN,2026-07-02 07:36:40,ONLINE
CRD0047809,CARD0872,P00291,5812,682.24,IN,2026-08-18 08:00:45,POS8834
CRD0047815,CARD0872,P00133,4900,2703.27,IN,2026-08-18 10:51:06,ONLINE
CRD0047818,CARD0872,P00350,6012,382.32,IN,2026-08-03 09:53:47,ONLINE
CRD0047821,CARD0872,P00350,6012,505.24,IN,2026-07-11 13:49:28,ONLINE
CRD0047827,CARD0872,P00321,5812,615.0,IN,2026-08-22 14:44:22,ONLINE
CRD0047834,CARD0872,P00276,7832,467.22,IN,2026-08-06 11:46:07,POS5380
CRD0047838,CARD0872,P00321,5812,357.41,IN,2026-08-20 19:39:11,ONLINE
CRD0047844,CARD0873,P00315,4900,2687.81,IN,2026-07-07 14:41:58,ONLINE
CRD0047846,CARD0873,P00315,4900,2635.42,IN,2026-07-05 06:52:55,POS1604
CRD0047847,CARD0873,P00336,5812,120.28,IN,2026-08-11 21:02:36,POS2078
CRD0047854,CARD0873,P00303,6012,1569.86,IN,2026-09-05 23:11:15,ONLINE
CRD0047855,CARD0873,P00290,5812,453.69,IN,2026-08-07 09:12:52,ONLINE
CRD0047859,CARD0873,P00394,4814,658.49,IN,2026-07-17 11:08:19,POS9433
CRD0047862,CARD0873,P00315,4900,2735.05,IN,2026-08-07 00:13:08,POS1680
CRD0047865,CARD0873,P00232,4722,1279.89,IN,2026-08-12 18:03:13,ONLINE
CRD0047872,CARD0873,P00197,6012,1627.68,IN,2026-08-15 19:04:25,ONLINE
CRD0047873,CARD0873,P00197,6012,2802.97,IN,2026-09-08 06:55:51,ONLINE
CRD0047874,CARD0873,P00008,4722,1896.86,IN,2026-09-07 23:29:20,POS3893
CRD0047878,CARD0873,P00355,4814,681.86,IN,2026-08-22 07:38:37,POS6162
CRD0047888,CARD0874,P00002,6012,1299.93,IN,2026-07-12 17:41:30,ONLINE
CRD0047890,CARD0874,P00397,5311,532.61,IN,2026-07-08 12:03:36,POS7551
CRD0047903,CARD0874,P00172,5541,503.62,IN,2026-07-04 18:58:34,ONLINE
CRD0047906,CARD0874,P00132,4900,1011.94,IN,2026-07-24 14:42:29,POS8553
CRD0047909,CARD0874,P00384,6513,436.8,IN,2026-09-09 13:07:02,ONLINE
CRD0047910,CARD0874,P00397,5311,1749.34,IN,2026-09-12 22:31:56,ONLINE
CRD0047918,CARD0874,P00336,5812,519.96,IN,2026-09-12 12:43:56,POS1795
CRD0047921,CARD0874,P00342,5311,689.28,IN,2026-07-05 22:29:52,ONLINE
CRD0047929,CARD0874,P00175,5311,1587.74,IN,2026-08-05 10:41:24,POS7647
CRD0047931,CARD0874,P00333,5812,580.81,IN,2026-08-06 07:38:25,POS7093
CRD0047933,CARD0874,P00132,4900,1731.53,IN,2026-07-16 18:34:10,POS8128
CRD0047939,CARD0874,P00172,5541,743.1,IN,2026-08-09 20:55:10,POS9214
CRD0047948,CARD0875,P00004,5411,394.81,IN,2026-07-29 12:24:32,ONLINE
CRD0047952,CARD0875,P00075,5812,287.94,IN,2026-07-16 05:56:39,ONLINE
CRD0047953,CARD0875,P00339,7832,165.45,IN,2026-08-13 09:07:12,POS7085
CRD0047959,CARD0875,P00135,6012,1024.15,IN,2026-09-01 13:06:58,ONLINE
CRD0047962,CARD0875,P00057,5812,724.85,IN,2026-08-20 18:31:36,POS2618
CRD0047964,CARD0875,P00075,5812,152.54,IN,2026-08-24 16:15:57,ONLINE
CRD0047969,CARD0875,P00040,5411,1490.33,IN,2026-07-16 19:34:38,POS5867
CRD0047972,CARD0875,P00357,6012,597.91,IN,2026-09-07 19:53:40,POS9534
CRD0047974,CARD0875,P00040,5411,216.67,IN,2026-07-23 14:41:20,POS4382
CRD0047978,CARD0875,P00339,7832,1370.56,IN,2026-07-25 18:50:29,POS6303
CRD0047980,CARD0875,P00040,5411,835.1,IN,2026-07-10 14:20:37,ONLINE
CRD0047981,CARD0875,P00122,8011,735.75,IN,2026-09-05 15:54:23,ONLINE
CRD0047985,CARD0875,P00040,5411,362.46,IN,2026-09-10 19:46:22,POS5440
CRD0047988,CARD0875,P00040,5411,956.97,IN,2026-08-14 22:23:08,ONLINE
CRD0047989,CARD0875,P00021,4900,1323.9,IN,2026-07-22 16:28:14,POS2604
CRD0047992,CARD0875,P00040,5411,585.07,IN,2026-07-26 14:43:57,ONLINE
CRD0047993,CARD0875,P00357,6012,1346.18,IN,2026-07-11 15:05:50,POS9913
CRD0047998,CARD0875,P00294,5311,2937.28,IN,2026-09-06 12:27:07,ONLINE
CRD0048002,CARD0875,P00339,7832,1054.62,IN,2026-07-02 09:09:37,POS8028
CRD0048005,CARD0875,P00075,5812,218.77,IN,2026-08-09 20:00:02,POS8951
CRD0048015,CARD0875,P00135,6012,581.09,IN,2026-09-06 09:29:29,ONLINE
CRD0048020,CARD0875,P00057,5812,396.67,IN,2026-07-10 16:57:13,POS3515
CRD0048021,CARD0875,P00357,6012,2779.3,IN,2026-08-30 18:06:29,POS8573
CRD0048026,CARD0875,P00294,5311,776.83,IN,2026-08-10 15:51:20,ONLINE
CRD0048034,CARD0876,P00051,6012,3176.62,IN,2026-08-16 09:25:33,ONLINE
CRD0048038,CARD0876,P00279,5812,1082.68,IN,2026-07-24 21:23:05,ONLINE
CRD0048041,CARD0876,P00247,6012,1435.07,IN,2026-07-18 13:38:32,POS4000
CRD0048043,CARD0876,P00396,5411,1828.61,IN,2026-07-20 14:33:59,POS2811
CRD0048044,CARD0876,P00396,5411,4878.26,IN,2026-08-12 16:24:45,POS2009
CRD0048048,CARD0876,P00247,6012,3413.77,IN,2026-08-04 13:47:34,ONLINE
CRD0048054,CARD0876,P00051,6012,2211.02,IN,2026-08-01 06:39:38,ONLINE
CRD0048057,CARD0876,P00046,6012,7240.07,IN,2026-07-15 13:07:47,POS5340
CRD0048066,CARD0877,P00052,5311,5264.59,IN,2026-08-23 18:19:46,ONLINE
CRD0048069,CARD0877,P00371,5411,1444.83,IN,2026-08-18 20:30:59,ONLINE
CRD0048070,CARD0877,P00299,5411,777.75,IN,2026-08-02 08:16:15,ONLINE
CRD0048074,CARD0877,P00295,8011,911.93,IN,2026-09-04 19:36:50,ONLINE
CRD0048075,CARD0877,P00016,5411,961.31,IN,2026-07-08 22:49:40,ONLINE
CRD0048076,CARD0877,P00078,7832,787.89,IN,2026-08-19 08:34:00,POS1643
CRD0048095,CARD0877,P00233,5411,560.37,IN,2026-08-28 16:33:02,POS7894
CRD0048101,CARD0877,P00058,4814,686.67,IN,2026-09-06 15:32:09,ONLINE
CRD0048120,CARD0878,P00324,5311,6193.45,IN,2026-08-20 19:10:53,POS5322
CRD0048123,CARD0878,P00324,5311,1839.69,IN,2026-08-17 12:19:18,POS2510
CRD0048124,CARD0878,P00324,5311,2452.98,IN,2026-09-06 12:49:23,POS8660
CRD0048127,CARD0878,P00349,5812,532.16,IN,2026-08-29 17:27:15,POS8866
CRD0048130,CARD0878,P00312,5411,497.01,IN,2026-08-19 06:39:54,POS1633
CRD0048134,CARD0878,P00312,5411,987.52,IN,2026-09-13 16:40:28,POS7061
CRD0048149,CARD0878,P00072,5812,1167.36,IN,2026-08-21 09:22:35,POS9454
CRD0048152,CARD0878,P00095,5812,336.06,IN,2026-07-13 18:09:30,ONLINE
CRD0048153,CARD0878,P00095,5812,727.69,IN,2026-07-12 09:30:10,POS9904
CRD0048156,CARD0878,P00312,5411,1627.05,IN,2026-07-04 14:52:06,POS2225
CRD0048158,CARD0878,P00174,5812,635.85,IN,2026-09-03 15:25:36,POS6054
CRD0048159,CARD0878,P00072,5812,786.06,IN,2026-08-08 16:44:31,ONLINE
CRD0048160,CARD0878,P00095,5812,417.35,IN,2026-07-04 14:07:47,POS3653
CRD0048163,CARD0878,P00209,5411,1045.05,IN,2026-09-03 11:16:01,POS5251
CRD0048165,CARD0878,P00324,5311,3171.53,IN,2026-08-05 08:58:32,ONLINE
CRD0048166,CARD0878,P00342,5311,1163.29,IN,2026-08-15 16:46:26,ONLINE
CRD0048167,CARD0878,P00174,5812,297.65,IN,2026-07-18 22:49:39,ONLINE
CRD0048169,CARD0878,P00376,5812,622.05,IN,2026-08-30 10:22:14,ONLINE
CRD0048179,CARD0879,P00111,6513,8186.79,IN,2026-07-28 22:14:46,POS5586
CRD0048180,CARD0879,P00265,5411,1215.97,IN,2026-07-10 13:04:40,POS4898
CRD0048181,CARD0879,P00265,5411,1448.73,IN,2026-09-11 12:10:25,POS5047
CRD0048183,CARD0879,P00015,4722,4669.16,IN,2026-09-08 09:27:14,POS3081
CRD0048184,CARD0879,P00015,4722,7613.62,IN,2026-07-27 08:18:23,POS9012
CRD0048188,CARD0879,P00192,5311,720.03,IN,2026-07-23 17:18:02,POS9873
CRD0048199,CARD0879,P00265,5411,1629.2,IN,2026-07-08 16:52:27,POS3582
CRD0048203,CARD0879,P00062,6012,2217.86,IN,2026-08-30 15:32:50,POS4801
CRD0048207,CARD0879,P00101,5311,5470.3,IN,2026-08-18 19:07:16,POS3910
CRD0048221,CARD0879,P00015,4722,26864.44,IN,2026-08-03 06:43:42,ONLINE
CRD0048223,CARD0879,P00111,6513,7565.86,IN,2026-07-14 18:27:26,POS7108
CRD0048224,CARD0879,P00253,4814,902.33,IN,2026-07-21 16:11:50,POS9809
CRD0048226,CARD0879,P00282,5411,915.85,IN,2026-07-31 12:12:57,ONLINE
CRD0048228,CARD0879,P00393,5411,2542.01,IN,2026-07-27 16:48:46,ONLINE
CRD0048234,CARD0879,P00200,5411,2209.84,IN,2026-09-02 21:00:11,POS2890
CRD0048257,CARD0880,P00332,5311,591.41,IN,2026-07-16 13:54:19,ONLINE
CRD0048258,CARD0880,P00056,5812,180.1,IN,2026-09-11 11:25:26,ONLINE
CRD0048264,CARD0880,P00021,4900,1023.66,IN,2026-07-08 09:28:34,POS3275
CRD0048268,CARD0880,P00243,6012,479.93,IN,2026-08-14 15:31:15,POS1421
CRD0048274,CARD0880,P00056,5812,592.36,IN,2026-08-20 16:45:01,ONLINE
CRD0048275,CARD0880,P00081,5411,202.0,IN,2026-07-19 19:31:41,ONLINE
CRD0048295,CARD0881,P00289,5812,790.96,IN,2026-09-03 06:56:41,POS8323
CRD0048304,CARD0881,P00089,4722,8070.46,IN,2026-07-13 17:58:51,ONLINE
CRD0048305,CARD0881,P00385,6012,1426.45,IN,2026-07-07 12:14:30,ONLINE
CRD0048307,CARD0881,P00397,5311,4947.68,IN,2026-09-02 22:08:47,POS3338
CRD0048311,CARD0881,P00123,5812,981.8,IN,2026-09-08 19:30:09,ONLINE
CRD0048314,CARD0881,P00089,4722,3056.85,IN,2026-09-01 15:22:58,ONLINE
CRD0048318,CARD0881,P00185,5541,4406.32,IN,2026-08-25 20:26:49,ONLINE
CRD0048330,CARD0881,P00123,5812,408.21,IN,2026-07-12 20:55:43,POS6211
CRD0048331,CARD0881,P00123,5812,983.26,IN,2026-07-07 21:32:17,ONLINE
CRD0048332,CARD0881,P00136,5812,1878.22,IN,2026-07-15 21:39:18,POS2009
CRD0048337,CARD0881,P00179,5812,336.4,IN,2026-09-13 22:47:36,ONLINE
CRD0048340,CARD0881,P00308,5812,1110.13,IN,2026-08-23 20:28:07,ONLINE
CRD0048349,CARD0882,P00204,4900,4603.76,IN,2026-09-06 11:19:39,POS1713
CRD0048351,CARD0882,P00204,4900,6779.83,IN,2026-07-12 11:39:29,POS7144
CRD0048355,CARD0882,P00125,5812,1930.21,IN,2026-07-05 17:37:57,ONLINE
CRD0048361,CARD0882,P00204,4900,5891.15,IN,2026-07-25 09:49:28,POS5623
CRD0048363,CARD0882,P00304,5541,1984.33,IN,2026-09-06 19:46:19,POS2613
CRD0048365,CARD0882,P00010,5812,1017.78,IN,2026-09-04 21:18:40,POS2630
CRD0048366,CARD0882,P00335,6513,5718.38,IN,2026-08-28 20:46:53,POS6982
CRD0048382,CARD0882,P00335,6513,16211.95,IN,2026-07-08 12:58:38,ONLINE
CRD0048383,CARD0882,P00072,5812,437.77,IN,2026-07-21 17:01:03,POS7141
CRD0048385,CARD0882,P00207,5411,3293.47,IN,2026-08-06 19:06:57,POS6037
CRD0048387,CARD0882,P00253,4814,1039.01,IN,2026-08-05 21:45:27,ONLINE
CRD0048390,CARD0882,P00058,4814,544.92,IN,2026-07-28 10:50:07,POS3108
CRD0048393,CARD0882,P00204,4900,1836.02,IN,2026-07-24 14:32:04,POS9952
CRD0048394,CARD0882,P00072,5812,459.36,IN,2026-08-30 11:09:29,ONLINE
CRD0048395,CARD0882,P00233,5411,822.8,IN,2026-07-11 01:22:03,POS2766
CRD0048403,CARD0883,P00097,5541,759.47,IN,2026-07-13 13:40:07,POS7747
CRD0048404,CARD0883,P00057,5812,113.0,IN,2026-08-03 09:47:44,POS6184
CRD0048413,CARD0883,P00316,5311,1171.24,IN,2026-07-22 15:11:31,ONLINE
CRD0048418,CARD0883,P00003,4814,241.81,IN,2026-08-15 18:49:47,ONLINE
CRD0048430,CARD0883,P00186,4900,2141.99,IN,2026-08-19 15:41:35,ONLINE
CRD0048433,CARD0883,P00392,5812,131.14,IN,2026-08-11 07:13:52,ONLINE
CRD0048438,CARD0883,P00316,5311,1296.45,IN,2026-07-15 10:16:56,ONLINE
CRD0048439,CARD0883,P00186,4900,750.59,IN,2026-08-25 21:40:52,POS8158
CRD0048440,CARD0883,P00083,5311,2354.12,IN,2026-08-19 20:20:29,ONLINE
CRD0048447,CARD0883,P00340,4900,1164.4,IN,2026-08-13 07:14:31,POS5502
CRD0048451,CARD0883,P00008,4722,4639.1,IN,2026-08-08 21:16:20,POS4942
CRD0048453,CARD0883,P00122,8011,490.81,IN,2026-08-30 15:35:59,POS6766
CRD0048457,CARD0883,P00003,4814,301.09,IN,2026-07-29 11:57:35,ONLINE
CRD0048459,CARD0883,P00221,5812,236.32,IN,2026-08-05 15:54:48,POS5793
CRD0048460,CARD0883,P00291,5812,564.25,IN,2026-08-30 19:11:58,ONLINE
CRD0048464,CARD0883,P00097,5541,861.16,IN,2026-07-09 21:00:58,POS1444
CRD0048466,CARD0883,P00083,5311,1400.55,IN,2026-08-25 14:45:11,ONLINE
CRD0048468,CARD0883,P00316,5311,1359.47,IN,2026-07-06 16:15:21,ONLINE
CRD0048479,CARD0883,P00138,5411,441.74,IN,2026-07-15 18:54:32,POS5651
CRD0048481,CARD0883,P00221,5812,616.59,IN,2026-07-26 15:29:46,ONLINE
CRD0048482,CARD0883,P00186,4900,966.88,IN,2026-07-06 22:23:54,POS7876
CRD0048487,CARD0884,P00306,4814,290.64,IN,2026-08-28 13:20:32,ONLINE
CRD0048492,CARD0884,P00262,5812,532.14,IN,2026-07-30 22:16:53,POS7105
CRD0048496,CARD0884,P00081,5411,317.63,IN,2026-09-01 19:40:02,ONLINE
CRD0048499,CARD0884,P00250,4814,355.06,IN,2026-09-01 16:33:33,ONLINE
CRD0048500,CARD0884,P00355,4814,1201.23,IN,2026-07-15 11:31:08,ONLINE
CRD0048501,CARD0884,P00010,5812,217.42,IN,2026-07-09 18:53:12,POS1833
CRD0048502,CARD0884,P00311,5411,378.57,IN,2026-07-29 17:03:32,POS9201
CRD0048503,CARD0884,P00123,5812,287.08,IN,2026-07-28 21:55:53,POS5768
CRD0048508,CARD0884,P00023,4722,1100.08,IN,2026-07-16 11:40:40,ONLINE
CRD0048514,CARD0884,P00355,4814,343.23,IN,2026-07-26 10:17:23,POS6467
CRD0048517,CARD0884,P00311,5411,252.63,IN,2026-08-26 16:57:43,ONLINE
CRD0048521,CARD0884,P00384,6513,3318.84,IN,2026-08-14 17:16:39,ONLINE
CRD0048524,CARD0884,P00306,4814,248.72,IN,2026-09-11 16:32:49,POS1388
CRD0048526,CARD0884,P00137,7832,547.9,IN,2026-09-06 15:44:46,POS8154
CRD0048529,CARD0884,P00098,6012,1082.14,IN,2026-08-17 02:39:34,ONLINE
CRD0048530,CARD0884,P00262,5812,519.28,IN,2026-07-19 18:03:48,POS1842
CRD0048531,CARD0884,P00311,5411,397.31,IN,2026-08-26 08:32:29,POS9779
CRD0048537,CARD0884,P00306,4814,857.38,IN,2026-08-19 11:51:37,POS6705
CRD0048545,CARD0885,P00348,6012,1132.17,IN,2026-07-29 19:30:02,POS9334
CRD0048554,CARD0885,P00107,4900,4220.22,IN,2026-09-02 14:13:36,ONLINE
CRD0048555,CARD0885,P00077,5812,618.36,IN,2026-07-13 10:17:50,ONLINE
CRD0048561,CARD0885,P00204,4900,2682.45,IN,2026-07-14 21:17:15,POS4847
CRD0048563,CARD0885,P00077,5812,1152.84,IN,2026-08-04 17:29:57,POS3251
CRD0048564,CARD0885,P00111,6513,6221.04,IN,2026-07-22 20:26:54,ONLINE
CRD0048567,CARD0885,P00374,6513,3322.56,IN,2026-09-01 20:00:43,POS2735
CRD0048569,CARD0885,P00107,4900,6819.01,IN,2026-08-30 13:18:02,POS8618
CRD0048570,CARD0885,P00204,4900,2338.12,IN,2026-08-04 10:36:59,ONLINE
CRD0048571,CARD0885,P00348,6012,1709.79,IN,2026-07-04 15:47:25,POS6237
CRD0048581,CARD0885,P00056,5812,1684.5,IN,2026-07-21 21:20:01,ONLINE
CRD0048583,CARD0885,P00249,4814,370.72,IN,2026-08-12 09:35:48,ONLINE
CRD0048584,CARD0885,P00249,4814,760.97,IN,2026-09-04 09:03:40,ONLINE
CRD0048585,CARD0885,P00387,4722,18379.72,IN,2026-07-07 23:53:37,ONLINE
CRD0048591,CARD0885,P00348,6012,1759.66,IN,2026-07-07 17:17:03,POS5144
CRD0048594,CARD0885,P00387,4722,6766.57,IN,2026-07-24 23:55:52,POS9257
CRD0048599,CARD0885,P00107,4900,1508.33,IN,2026-07-24 07:47:51,POS2402
CRD0048601,CARD0885,P00031,6012,1909.28,IN,2026-08-03 17:13:22,ONLINE
CRD0048603,CARD0885,P00374,6513,6784.64,IN,2026-09-01 21:51:12,ONLINE
CRD0048606,CARD0885,P00348,6012,1247.67,IN,2026-07-12 14:58:48,POS7235
CRD0048607,CARD0885,P00321,5812,604.01,IN,2026-07-27 13:24:30,POS2954
CRD0048608,CARD0885,P00077,5812,1834.12,IN,2026-09-05 17:08:32,POS6038
CRD0048613,CARD0886,P00144,7832,1925.7,IN,2026-09-01 09:57:06,ONLINE
CRD0048614,CARD0886,P00277,6012,6855.75,IN,2026-07-29 15:08:15,ONLINE
CRD0048616,CARD0886,P00277,6012,1530.16,IN,2026-07-31 19:24:17,ONLINE
CRD0048621,CARD0886,P00086,4900,2148.53,IN,2026-07-20 15:10:37,POS4391
CRD0048628,CARD0886,P00277,6012,5550.91,IN,2026-07-31 17:19:02,ONLINE
CRD0048630,CARD0886,P00368,4814,2766.4,IN,2026-08-24 21:25:51,ONLINE
CRD0048631,CARD0886,P00333,5812,2212.55,IN,2026-08-10 15:39:30,ONLINE
CRD0048637,CARD0886,P00128,5541,5400.56,IN,2026-08-03 18:12:15,POS4135
CRD0048639,CARD0886,P00249,4814,2747.06,IN,2026-09-02 19:46:50,ONLINE
CRD0048652,CARD0886,P00277,6012,583.23,IN,2026-07-04 01:32:11,ONLINE
CRD0048653,CARD0886,P00277,6012,2522.54,IN,2026-07-26 16:08:00,POS9136
CRD0048657,CARD0886,P00277,6012,13880.09,IN,2026-08-27 03:15:01,POS9326
CRD0048658,CARD0886,P00371,5411,1484.94,IN,2026-08-27 08:38:52,POS6709
CRD0048664,CARD0887,P00184,5812,3737.95,IN,2026-07-15 16:29:16,POS7269
CRD0048667,CARD0887,P00049,5411,5902.53,IN,2026-08-31 18:25:33,ONLINE
CRD0048670,CARD0887,P00294,5311,16141.21,IN,2026-09-01 08:42:44,ONLINE
CRD0048671,CARD0887,P00064,5311,37630.52,IN,2026-08-03 17:42:21,ONLINE
CRD0048674,CARD0887,P00224,5812,4766.01,IN,2026-08-01 18:06:54,POS1147
CRD0048679,CARD0887,P00020,7832,3346.06,IN,2026-08-26 07:14:17,ONLINE
CRD0048681,CARD0887,P00184,5812,1256.65,IN,2026-09-02 10:30:37,ONLINE
CRD0048685,CARD0887,P00064,5311,4232.06,IN,2026-07-30 16:38:14,POS7644
CRD0048690,CARD0887,P00272,5812,2786.75,IN,2026-07-11 12:34:34,POS1184
CRD0048698,CARD0887,P00367,5411,4044.22,IN,2026-07-07 21:07:11,POS9124
CRD0048699,CARD0887,P00224,5812,2164.27,IN,2026-08-27 21:02:43,POS2976
CRD0048700,CARD0887,P00392,5812,8106.74,IN,2026-07-11 19:07:54,POS3793
CRD0048702,CARD0887,P00136,5812,2636.95,IN,2026-08-15 15:11:43,POS4830
CRD0048703,CARD0887,P00064,5311,24768.86,IN,2026-07-10 10:49:56,POS5524
CRD0048704,CARD0887,P00136,5812,2940.1,IN,2026-09-08 13:54:44,ONLINE
CRD0048707,CARD0887,P00064,5311,7826.52,IN,2026-09-11 20:27:12,ONLINE
CRD0048723,CARD0888,P00363,5541,2222.6,IN,2026-08-24 19:44:49,POS3660
CRD0048728,CARD0888,P00203,5541,1102.47,IN,2026-07-22 23:08:52,POS7238
CRD0048736,CARD0888,P00119,5812,443.3,IN,2026-07-28 21:05:28,ONLINE
CRD0048743,CARD0888,P00119,5812,2349.39,IN,2026-07-28 23:26:36,ONLINE
CRD0048746,CARD0888,P00363,5541,956.52,IN,2026-07-08 14:46:51,POS1923
CRD0048751,CARD0888,P00210,4900,2139.32,IN,2026-07-09 15:43:49,POS7293
CRD0048756,CARD0888,P00203,5541,1359.32,IN,2026-08-08 20:54:26,POS6307
CRD0048758,CARD0888,P00203,5541,2444.16,IN,2026-08-12 08:28:43,POS7823
CRD0048762,CARD0888,P00178,8011,2486.26,IN,2026-08-10 00:15:56,ONLINE
CRD0048772,CARD0888,P00292,5541,773.2,IN,2026-07-28 14:50:32,ONLINE
CRD0048779,CARD0889,P00013,5311,1735.18,IN,2026-08-17 06:00:26,POS5260
CRD0048785,CARD0889,P00251,5411,4416.13,IN,2026-08-22 15:52:09,POS6282
CRD0048789,CARD0889,P00177,5812,1098.05,IN,2026-09-05 11:18:05,POS3703
CRD0048795,CARD0889,P00016,5411,6081.32,IN,2026-09-01 08:10:11,ONLINE
CRD0048796,CARD0889,P00177,5812,2590.84,IN,2026-07-13 19:14:21,ONLINE
CRD0048797,CARD0889,P00387,4722,6381.2,IN,2026-07-18 18:32:22,POS3738
CRD0048806,CARD0890,P00212,5411,539.39,IN,2026-07-07 18:51:34,ONLINE
CRD0048809,CARD0890,P00358,6513,7589.48,IN,2026-07-23 13:38:12,ONLINE
CRD0048817,CARD0890,P00358,6513,5643.2,IN,2026-08-27 23:31:07,ONLINE
CRD0048821,CARD0890,P00222,5812,274.03,IN,2026-07-24 17:50:51,POS5951
CRD0048834,CARD0890,P00212,5411,1059.9,IN,2026-09-11 18:34:05,ONLINE
CRD0048840,CARD0890,P00260,5311,1507.74,IN,2026-08-08 18:23:48,ONLINE
CRD0048841,CARD0890,P00274,6012,281.88,IN,2026-07-16 06:23:37,ONLINE
CRD0048845,CARD0890,P00344,5411,851.54,IN,2026-07-05 14:10:48,ONLINE
CRD0048848,CARD0890,P00274,6012,931.06,IN,2026-07-22 09:13:20,POS4201
CRD0048849,CARD0890,P00212,5411,1080.1,IN,2026-07-16 07:04:12,POS7727
CRD0048854,CARD0890,P00092,5411,570.79,IN,2026-08-25 08:09:44,POS2483
CRD0048855,CARD0890,P00274,6012,488.52,IN,2026-08-24 20:57:44,POS1247
CRD0048866,CARD0890,P00358,6513,5388.47,IN,2026-08-16 12:53:57,POS8914
CRD0048871,CARD0890,P00236,5411,921.88,IN,2026-08-23 13:05:45,POS5577
CRD0048878,CARD0891,P00105,5541,3967.16,IN,2026-08-15 04:06:29,POS3466
CRD0048882,CARD0891,P00064,5311,9758.66,IN,2026-07-09 23:22:19,POS7068
CRD0048891,CARD0891,P00317,5812,2842.97,IN,2026-08-04 12:16:02,POS6323
CRD0048895,CARD0891,P00317,5812,886.69,IN,2026-07-02 19:29:32,ONLINE
CRD0048898,CARD0891,P00350,6012,5059.42,IN,2026-07-18 23:59:27,POS9403
CRD0048901,CARD0891,P00064,5311,3769.28,IN,2026-08-28 12:46:05,POS5028
CRD0048902,CARD0891,P00112,5411,5477.44,IN,2026-08-25 12:46:08,ONLINE
CRD0048915,CARD0891,P00271,5541,8797.28,IN,2026-08-25 18:27:37,ONLINE
CRD0048918,CARD0891,P00224,5812,2427.13,IN,2026-08-13 09:02:48,ONLINE
CRD0048924,CARD0891,P00271,5541,7600.29,IN,2026-08-12 18:51:21,ONLINE
CRD0048928,CARD0891,P00386,6012,3327.55,IN,2026-09-09 14:12:24,ONLINE
CRD0048935,CARD0892,P00088,5812,1036.49,IN,2026-08-23 11:08:27,POS8704
CRD0048948,CARD0892,P00088,5812,422.13,IN,2026-07-14 20:04:48,POS4262
CRD0048951,CARD0892,P00255,5311,1457.05,IN,2026-07-19 18:09:51,ONLINE
CRD0048955,CARD0892,P00055,5311,3640.85,IN,2026-08-06 08:05:29,POS7899
CRD0048956,CARD0892,P00107,4900,1194.13,IN,2026-09-12 07:16:54,ONLINE
CRD0048957,CARD0892,P00259,6513,3791.83,IN,2026-08-20 18:57:51,ONLINE
CRD0048961,CARD0892,P00255,5311,3028.18,IN,2026-08-23 19:35:06,POS5287
CRD0048963,CARD0892,P00270,4722,2860.05,IN,2026-08-28 19:04:14,ONLINE
CRD0048966,CARD0892,P00107,4900,716.96,IN,2026-07-15 23:28:01,ONLINE
CRD0048967,CARD0892,P00064,5311,1471.58,IN,2026-08-12 18:02:55,POS9803
CRD0048968,CARD0892,P00088,5812,637.47,IN,2026-09-07 13:27:08,ONLINE
CRD0048972,CARD0892,P00107,4900,2465.08,IN,2026-07-08 20:55:26,POS7899
CRD0048979,CARD0892,P00107,4900,764.08,IN,2026-08-26 08:53:06,POS3514
CRD0048981,CARD0892,P00107,4900,1397.67,IN,2026-09-08 12:41:40,ONLINE
CRD0048982,CARD0892,P00055,5311,1024.09,IN,2026-07-01 18:13:49,POS1543
CRD0048991,CARD0892,P00374,6513,985.21,IN,2026-08-26 19:58:45,ONLINE
CRD0049000,CARD0892,P00088,5812,90.17,IN,2026-08-09 13:22:33,POS1755
CRD0049002,CARD0892,P00270,4722,944.37,IN,2026-09-08 08:15:32,POS3927
CRD0049004,CARD0892,P00107,4900,280.86,IN,2026-08-01 23:21:49,ONLINE
CRD0049013,CARD0893,P00329,8011,9655.97,IN,2026-08-04 16:53:09,ONLINE
CRD0049018,CARD0893,P00085,4900,9638.46,IN,2026-07-16 10:06:53,ONLINE
CRD0049023,CARD0893,P00069,5311,7338.78,IN,2026-07-01 18:54:48,ONLINE
CRD0049024,CARD0893,P00069,5311,14899.55,IN,2026-08-04 12:02:05,ONLINE
CRD0049027,CARD0893,P00329,8011,4023.0,IN,2026-09-09 18:00:37,POS8159
CRD0049031,CARD0893,P00047,6012,2484.52,IN,2026-08-07 16:21:30,ONLINE
CRD0049038,CARD0893,P00276,7832,2362.52,IN,2026-07-17 13:20:13,POS8247
CRD0049048,CARD0893,P00045,5311,4736.98,IN,2026-07-07 19:21:18,ONLINE
CRD0049057,CARD0894,P00358,6513,8400.26,IN,2026-08-16 08:30:41,ONLINE
CRD0049059,CARD0894,P00147,8011,4692.5,IN,2026-07-08 02:30:52,POS4987
CRD0049061,CARD0894,P00147,8011,1743.74,IN,2026-09-04 18:17:01,ONLINE
CRD0049065,CARD0894,P00093,5812,686.41,IN,2026-09-09 12:49:16,POS6673
CRD0049067,CARD0894,P00314,7832,386.48,IN,2026-07-30 13:07:54,POS3608
CRD0049068,CARD0894,P00242,4900,1759.42,IN,2026-07-31 13:01:46,POS4706
CRD0049069,CARD0894,P00212,5411,2560.02,IN,2026-07-25 18:42:22,ONLINE
CRD0049081,CARD0895,P00060,7832,3797.47,IN,2026-09-04 17:05:12,ONLINE
CRD0049089,CARD0895,P00060,7832,1313.19,IN,2026-08-20 09:56:42,ONLINE
CRD0049100,CARD0895,P00127,6012,5403.81,IN,2026-07-28 19:10:13,POS4221
CRD0049110,CARD0895,P00025,5311,5427.04,IN,2026-07-10 13:08:38,POS4186
CRD0049112,CARD0895,P00272,5812,1644.6,IN,2026-09-04 21:18:26,ONLINE
CRD0049113,CARD0895,P00005,4814,4142.94,IN,2026-07-19 20:51:46,POS8230
CRD0049114,CARD0895,P00240,6012,4984.32,IN,2026-09-11 13:39:12,POS1118
CRD0049120,CARD0895,P00197,6012,12284.75,IN,2026-07-11 17:25:13,POS7181
CRD0049121,CARD0895,P00119,5812,3036.86,IN,2026-08-14 11:59:50,ONLINE
CRD0049123,CARD0895,P00197,6012,5353.66,IN,2026-09-01 21:15:40,ONLINE
CRD0049145,CARD0896,P00213,4900,2537.62,IN,2026-08-12 09:12:48,ONLINE
CRD0049147,CARD0896,P00030,8011,1399.96,IN,2026-08-08 01:33:09,ONLINE
CRD0049148,CARD0896,P00391,5541,2020.27,IN,2026-08-07 16:21:07,POS5479
CRD0049153,CARD0896,P00076,5411,2036.65,IN,2026-07-14 13:18:34,POS8734
CRD0049154,CARD0896,P00021,4900,6234.97,IN,2026-08-31 13:44:54,ONLINE
CRD0049155,CARD0896,P00213,4900,3132.28,IN,2026-08-22 10:37:00,POS6511
CRD0049156,CARD0896,P00161,5812,570.15,IN,2026-08-27 18:16:21,POS3934
CRD0049161,CARD0896,P00193,5311,2787.76,IN,2026-08-16 13:40:34,ONLINE
CRD0049167,CARD0896,P00021,4900,5043.71,IN,2026-08-04 15:05:57,ONLINE
CRD0049168,CARD0896,P00021,4900,1747.9,IN,2026-08-29 13:12:36,ONLINE
CRD0049169,CARD0896,P00312,5411,2748.39,IN,2026-07-15 19:35:34,ONLINE
CRD0049171,CARD0896,P00121,5812,638.05,IN,2026-08-20 16:11:22,ONLINE
CRD0049176,CARD0896,P00173,4814,1174.7,IN,2026-08-11 20:40:47,ONLINE
CRD0049177,CARD0896,P00076,5411,1343.99,IN,2026-07-28 07:09:07,POS9314
CRD0049179,CARD0896,P00193,5311,4826.26,IN,2026-08-08 11:17:23,POS7393
CRD0049181,CARD0896,P00312,5411,1024.53,IN,2026-07-10 00:12:52,ONLINE
CRD0049187,CARD0896,P00021,4900,1897.59,IN,2026-08-09 13:57:43,ONLINE
CRD0049191,CARD0897,P00275,5541,1042.66,IN,2026-07-27 19:39:16,POS5246
CRD0049194,CARD0897,P00251,5411,2933.97,IN,2026-09-02 12:57:58,ONLINE
CRD0049198,CARD0897,P00275,5541,2291.68,IN,2026-07-08 20:19:17,ONLINE
CRD0049201,CARD0897,P00251,5411,936.19,IN,2026-07-06 23:58:35,ONLINE
CRD0049212,CARD0897,P00090,5812,208.02,IN,2026-07-09 22:23:38,ONLINE
CRD0049225,CARD0897,P00283,5311,1752.03,IN,2026-08-21 07:57:19,ONLINE
CRD0049226,CARD0897,P00091,5541,640.58,IN,2026-07-20 23:09:44,POS3781
CRD0049232,CARD0897,P00257,6012,539.23,IN,2026-09-13 18:20:01,POS6468
CRD0049234,CARD0897,P00257,6012,2232.7,IN,2026-07-09 07:23:17,ONLINE
CRD0049247,CARD0897,P00066,4722,2207.34,IN,2026-07-28 20:07:25,ONLINE
CRD0049250,CARD0897,P00091,5541,1177.76,IN,2026-08-17 16:17:52,POS1189
CRD0049251,CARD0897,P00283,5311,2823.96,IN,2026-09-06 13:52:09,POS6392
CRD0049257,CARD0897,P00257,6012,2337.49,IN,2026-08-14 19:03:30,ONLINE
CRD0049260,CARD0897,P00055,5311,3054.9,IN,2026-07-20 08:12:44,POS3648
CRD0049268,CARD0898,P00360,5541,1037.47,IN,2026-08-08 13:10:23,ONLINE
CRD0049272,CARD0898,P00251,5411,948.16,IN,2026-07-18 19:05:28,ONLINE
CRD0049273,CARD0898,P00025,5311,1496.73,IN,2026-09-12 19:24:28,POS4038
CRD0049277,CARD0898,P00363,5541,2235.98,IN,2026-09-10 20:01:36,ONLINE
CRD0049278,CARD0898,P00212,5411,1603.42,IN,2026-08-16 08:17:41,ONLINE
CRD0049282,CARD0898,P00212,5411,1160.01,IN,2026-07-04 16:11:30,ONLINE
CRD0049285,CARD0898,P00001,6012,1483.94,IN,2026-07-08 12:04:38,ONLINE
CRD0049288,CARD0898,P00116,6012,1501.18,IN,2026-07-02 18:48:24,ONLINE
CRD0049289,CARD0898,P00380,5411,2018.31,IN,2026-09-12 12:42:05,ONLINE
CRD0049290,CARD0898,P00001,6012,1062.4,IN,2026-07-09 19:58:53,ONLINE
CRD0049292,CARD0898,P00238,5812,2203.04,IN,2026-08-05 22:39:26,POS6071
CRD0049304,CARD0898,P00025,5311,1132.18,IN,2026-08-18 11:13:02,ONLINE
CRD0049306,CARD0898,P00116,6012,859.31,IN,2026-09-06 20:08:17,ONLINE
CRD0049311,CARD0898,P00310,5411,627.03,IN,2026-07-04 13:53:32,ONLINE
CRD0049316,CARD0899,P00198,5411,1959.21,IN,2026-07-22 17:36:39,ONLINE
CRD0049317,CARD0899,P00205,6012,2002.97,IN,2026-08-26 22:57:39,POS1800
CRD0049320,CARD0899,P00029,5411,1135.56,IN,2026-07-27 08:26:04,POS4541
CRD0049323,CARD0899,P00040,5411,2783.97,IN,2026-08-03 18:22:00,ONLINE
CRD0049330,CARD0899,P00038,5411,2408.68,IN,2026-07-01 17:46:19,ONLINE
CRD0049334,CARD0899,P00205,6012,1181.21,IN,2026-09-03 06:26:57,POS8974
CRD0049338,CARD0899,P00061,5411,1015.42,IN,2026-09-05 15:48:46,POS8966
CRD0049342,CARD0899,P00061,5411,1110.52,IN,2026-07-30 10:24:23,ONLINE
CRD0049344,CARD0899,P00061,5411,2953.01,IN,2026-08-07 15:12:10,POS4329
CRD0049346,CARD0899,P00198,5411,1296.98,IN,2026-07-15 16:09:46,ONLINE
CRD0049351,CARD0899,P00040,5411,2136.24,IN,2026-07-11 20:07:38,ONLINE
CRD0049362,CARD0899,P00040,5411,4642.47,IN,2026-08-07 19:59:41,POS3205
CRD0049373,CARD0900,P00150,4900,6095.55,IN,2026-08-03 23:45:59,ONLINE
CRD0049375,CARD0900,P00285,4900,10605.75,IN,2026-09-11 17:26:50,POS7122
CRD0049378,CARD0900,P00003,4814,1384.59,IN,2026-08-19 15:49:23,ONLINE
CRD0049382,CARD0900,P00255,5311,8869.19,IN,2026-08-11 06:30:35,ONLINE
CRD0049383,CARD0900,P00150,4900,1097.88,IN,2026-07-30 19:13:17,ONLINE
CRD0049391,CARD0900,P00150,4900,15261.91,IN,2026-07-16 14:07:29,POS8715
CRD0049393,CARD0900,P00244,5541,10099.56,IN,2026-07-31 16:04:24,ONLINE
CRD0049395,CARD0900,P00276,7832,1570.82,IN,2026-08-10 14:59:43,POS6604
CRD0049400,CARD0900,P00150,4900,5337.48,IN,2026-09-09 19:36:52,POS3513
CRD0049401,CARD0900,P00188,5812,1959.03,IN,2026-08-14 18:34:45,POS1734
CRD0049408,CARD0900,P00276,7832,4604.83,IN,2026-08-26 19:12:37,ONLINE
CRD0049418,CARD0901,P00373,6012,3265.43,IN,2026-07-07 07:45:49,POS7918
CRD0049422,CARD0901,P00195,6012,2711.26,IN,2026-07-26 15:47:52,POS3645
CRD0049433,CARD0901,P00396,5411,3050.04,IN,2026-07-13 18:44:06,POS7772
CRD0049434,CARD0901,P00152,4900,2118.25,IN,2026-08-18 11:01:30,ONLINE
CRD0049437,CARD0901,P00327,5541,3312.82,IN,2026-08-05 14:54:19,POS9507
CRD0049441,CARD0901,P00373,6012,2193.83,IN,2026-08-25 14:11:40,POS2960
CRD0049444,CARD0901,P00198,5411,2641.56,IN,2026-07-13 07:11:03,POS7319
CRD0049455,CARD0902,P00144,7832,681.85,IN,2026-07-16 05:57:08,POS6613
CRD0049466,CARD0902,P00290,5812,543.17,IN,2026-08-24 10:32:27,POS8446
CRD0049468,CARD0902,P00204,4900,1641.92,IN,2026-07-07 14:39:41,ONLINE
CRD0049470,CARD0902,P00101,5311,7146.75,IN,2026-07-10 10:30:53,POS3311
CRD0049471,CARD0902,P00396,5411,2693.54,IN,2026-09-01 09:05:21,POS4785
CRD0049472,CARD0902,P00101,5311,6648.65,IN,2026-08-03 11:06:04,ONLINE
CRD0049475,CARD0902,P00057,5812,623.8,IN,2026-07-14 16:59:07,POS2647
CRD0049480,CARD0902,P00289,5812,725.02,IN,2026-08-07 17:22:18,ONLINE
CRD0049485,CARD0902,P00188,5812,1283.97,IN,2026-07-07 09:58:26,ONLINE
CRD0049486,CARD0902,P00031,6012,1495.09,IN,2026-08-15 10:37:05,ONLINE
CRD0049492,CARD0902,P00057,5812,2898.85,IN,2026-07-16 23:10:11,ONLINE
CRD0049495,CARD0902,P00296,5812,1274.09,IN,2026-09-06 13:47:09,POS2094
CRD0049496,CARD0902,P00025,5311,6751.13,IN,2026-08-19 10:54:30,ONLINE
CRD0049498,CARD0902,P00057,5812,1299.74,IN,2026-07-11 06:26:55,POS7040
CRD0049500,CARD0902,P00289,5812,610.44,IN,2026-09-05 22:02:41,ONLINE
CRD0049501,CARD0902,P00289,5812,411.83,IN,2026-07-26 09:02:43,ONLINE
CRD0049510,CARD0903,P00069,5311,1751.61,IN,2026-08-07 14:55:56,POS3256
CRD0049513,CARD0903,P00197,6012,866.22,IN,2026-08-05 07:35:43,ONLINE
CRD0049514,CARD0903,P00091,5541,2287.45,IN,2026-09-08 19:07:04,ONLINE
CRD0049520,CARD0903,P00166,5411,450.29,IN,2026-09-03 19:56:27,ONLINE
CRD0049521,CARD0903,P00094,6012,1079.93,IN,2026-08-10 22:17:30,ONLINE
CRD0049534,CARD0903,P00094,6012,2844.81,IN,2026-07-07 08:57:47,ONLINE
CRD0049537,CARD0903,P00382,5812,1212.95,IN,2026-08-01 18:40:06,POS6259
CRD0049540,CARD0903,P00275,5541,894.75,IN,2026-08-06 06:26:05,ONLINE
CRD0049541,CARD0903,P00139,5311,3309.13,IN,2026-07-13 16:32:10,POS6202
CRD0049543,CARD0903,P00366,5812,1990.6,IN,2026-08-21 11:51:24,POS8006
CRD0049555,CARD0903,P00067,8011,420.63,IN,2026-08-25 08:39:15,POS4103
CRD0049557,CARD0903,P00094,6012,2890.6,IN,2026-09-11 17:22:34,POS5885
CRD0049565,CARD0903,P00382,5812,528.37,IN,2026-09-05 16:35:42,ONLINE
CRD0049566,CARD0903,P00091,5541,1641.42,IN,2026-08-29 18:39:45,ONLINE
CRD0049570,CARD0903,P00382,5812,383.55,IN,2026-08-04 15:44:35,POS4921
CRD0049571,CARD0903,P00069,5311,4630.5,IN,2026-09-08 21:18:22,POS8690
CRD0049578,CARD0904,P00046,6012,2598.26,IN,2026-08-19 13:04:39,POS4702
CRD0049580,CARD0904,P00046,6012,734.45,IN,2026-08-17 13:19:52,POS6895
CRD0049582,CARD0904,P00250,4814,786.57,IN,2026-07-10 19:06:55,POS3979
CRD0049586,CARD0904,P00090,5812,533.16,IN,2026-07-30 00:57:28,POS9629
CRD0049587,CARD0904,P00196,5812,1989.36,IN,2026-09-11 11:40:11,POS1367
CRD0049590,CARD0904,P00378,5411,1471.4,IN,2026-09-02 15:48:23,POS8296
CRD0049592,CARD0904,P00259,6513,18861.58,IN,2026-07-31 15:40:24,ONLINE
CRD0049600,CARD0904,P00375,5812,790.38,IN,2026-07-13 21:45:34,ONLINE
CRD0049603,CARD0904,P00164,6513,8635.18,IN,2026-08-15 23:35:11,ONLINE
CRD0049610,CARD0904,P00315,4900,10912.07,IN,2026-08-23 19:25:50,ONLINE
CRD0049611,CARD0904,P00046,6012,2513.94,IN,2026-07-03 08:17:47,ONLINE
CRD0049612,CARD0904,P00145,5411,3123.36,IN,2026-07-07 11:46:11,POS7856
CRD0049616,CARD0904,P00256,4900,9280.6,IN,2026-08-28 16:38:06,POS9881
CRD0049620,CARD0904,P00090,5812,1520.71,IN,2026-09-07 10:00:55,POS5544
CRD0049640,CARD0905,P00050,5311,1225.77,IN,2026-08-03 21:01:18,ONLINE
CRD0049642,CARD0905,P00395,5311,1767.36,IN,2026-08-15 13:30:01,POS8438
CRD0049643,CARD0905,P00353,5311,3331.72,IN,2026-07-01 19:28:58,POS2220
CRD0049650,CARD0905,P00389,5812,919.24,IN,2026-08-19 08:43:57,ONLINE
CRD0049660,CARD0905,P00353,5311,1181.17,IN,2026-09-11 17:27:34,POS3558
CRD0049667,CARD0905,P00021,4900,3152.29,IN,2026-07-24 13:02:11,ONLINE
CRD0049673,CARD0905,P00325,4722,4403.84,IN,2026-09-05 23:43:59,POS6066
CRD0049677,CARD0905,P00096,7832,539.89,IN,2026-08-08 19:17:38,POS1085
CRD0049678,CARD0905,P00125,5812,910.75,IN,2026-07-31 10:17:46,POS9647
CRD0049687,CARD0906,P00295,8011,817.51,IN,2026-08-15 12:03:39,POS1984
CRD0049694,CARD0906,P00027,5311,3720.41,IN,2026-08-16 22:06:58,POS7186
CRD0049695,CARD0906,P00369,5411,644.05,IN,2026-08-07 08:04:09,POS1994
CRD0049700,CARD0906,P00374,6513,5175.4,IN,2026-09-05 11:28:21,POS8547
CRD0049702,CARD0906,P00374,6513,1259.41,IN,2026-09-06 10:35:47,ONLINE
CRD0049704,CARD0906,P00242,4900,2866.79,IN,2026-07-18 10:47:21,POS1922
CRD0049705,CARD0906,P00252,5411,2355.82,IN,2026-08-07 13:51:45,ONLINE
CRD0049715,CARD0906,P00165,5812,465.97,IN,2026-07-22 19:25:48,POS9707
CRD0049716,CARD0906,P00165,5812,205.4,IN,2026-08-28 11:53:11,ONLINE
CRD0049722,CARD0906,P00118,4722,5615.88,IN,2026-08-09 13:29:40,POS4538
CRD0049726,CARD0906,P00393,5411,672.17,IN,2026-07-01 19:32:49,POS4185
CRD0049727,CARD0906,P00331,7832,359.78,IN,2026-08-17 11:04:52,POS6569
CRD0049735,CARD0906,P00069,5311,2992.77,IN,2026-08-17 19:48:41,POS4925
CRD0049737,CARD0906,P00295,8011,1280.5,IN,2026-08-27 16:49:26,POS3436
CRD0049738,CARD0906,P00165,5812,461.84,IN,2026-09-10 21:40:27,POS1604
CRD0049744,CARD0906,P00306,4814,984.74,IN,2026-08-31 17:17:48,ONLINE
CRD0049746,CARD0906,P00103,5311,4147.29,IN,2026-07-16 11:17:57,POS2393
CRD0049762,CARD0907,P00306,4814,711.86,IN,2026-08-23 09:02:06,POS7480
CRD0049772,CARD0907,P00106,5411,698.44,IN,2026-08-27 18:25:09,POS2161
CRD0049787,CARD0907,P00021,4900,5313.34,IN,2026-07-19 20:33:18,ONLINE
CRD0049793,CARD0907,P00321,5812,1912.91,IN,2026-07-28 18:22:07,ONLINE
CRD0049794,CARD0907,P00112,5411,1027.81,IN,2026-07-15 17:08:24,POS6563
CRD0049795,CARD0907,P00106,5411,1143.85,IN,2026-09-10 17:49:18,POS1373
CRD0049797,CARD0907,P00183,7832,3165.7,IN,2026-08-19 09:27:53,ONLINE
CRD0049811,CARD0907,P00122,8011,3419.06,IN,2026-07-19 09:10:57,POS6454
CRD0049825,CARD0907,P00122,8011,1915.65,IN,2026-07-20 21:39:07,POS5092
CRD0049828,CARD0907,P00321,5812,520.93,IN,2026-08-06 15:09:59,ONLINE
CRD0049842,CARD0908,P00303,6012,5835.8,IN,2026-08-04 13:08:44,POS7016
CRD0049845,CARD0908,P00260,5311,6206.76,IN,2026-08-27 21:54:14,ONLINE
CRD0049856,CARD0908,P00257,6012,2024.26,IN,2026-08-07 19:08:15,ONLINE
CRD0049859,CARD0908,P00179,5812,3481.16,IN,2026-08-11 07:43:34,POS3553
CRD0049869,CARD0909,P00360,5541,16517.51,IN,2026-08-09 09:55:06,ONLINE
CRD0049878,CARD0909,P00308,5812,1867.81,IN,2026-09-13 17:48:38,POS1555
CRD0049888,CARD0909,P00112,5411,2166.86,IN,2026-07-28 06:12:14,ONLINE
CRD0049889,CARD0909,P00360,5541,3131.38,IN,2026-07-30 12:32:38,POS3525
CRD0049893,CARD0909,P00360,5541,3568.19,IN,2026-09-01 22:40:16,POS3428
CRD0049896,CARD0909,P00360,5541,7519.11,IN,2026-08-06 15:03:15,ONLINE
CRD0049897,CARD0909,P00112,5411,1984.76,IN,2026-08-04 08:03:57,ONLINE
CRD0049906,CARD0909,P00109,8011,3843.48,IN,2026-09-12 11:43:40,POS9867
CRD0049908,CARD0909,P00253,4814,2794.21,IN,2026-08-02 17:47:31,ONLINE
CRD0049916,CARD0909,P00093,5812,1358.74,IN,2026-07-14 20:01:14,ONLINE
CRD0049917,CARD0909,P00112,5411,1420.4,IN,2026-09-12 23:00:54,ONLINE
CRD0049922,CARD0909,P00253,4814,3453.27,IN,2026-09-10 13:52:54,ONLINE
CRD0049925,CARD0909,P00093,5812,973.98,IN,2026-07-12 18:28:07,POS4073
CRD0049929,CARD0909,P00022,6012,17438.89,IN,2026-09-06 10:20:50,ONLINE
CRD0049946,CARD0910,P00102,4722,4491.72,IN,2026-07-24 17:37:42,ONLINE
CRD0049950,CARD0910,P00387,4722,3949.93,IN,2026-08-31 22:06:38,ONLINE
CRD0049952,CARD0910,P00362,5411,1708.36,IN,2026-07-09 22:11:19,ONLINE
CRD0049953,CARD0910,P00258,5812,1240.11,IN,2026-07-10 17:37:05,ONLINE
CRD0049959,CARD0910,P00364,5411,5281.44,IN,2026-08-01 12:22:15,POS9290
CRD0049960,CARD0910,P00315,4900,1735.72,IN,2026-08-27 15:47:23,ONLINE
CRD0049961,CARD0910,P00249,4814,1541.77,IN,2026-08-31 16:32:39,POS8153
CRD0049963,CARD0910,P00102,4722,3588.48,IN,2026-08-28 21:18:43,POS9696
CRD0049968,CARD0911,P00163,5411,1120.28,IN,2026-07-09 15:19:29,POS1752
CRD0049969,CARD0911,P00235,4722,6730.69,IN,2026-07-10 15:25:03,ONLINE
CRD0049975,CARD0911,P00338,5311,4740.63,IN,2026-07-05 22:33:00,ONLINE
CRD0049979,CARD0911,P00067,8011,3194.35,IN,2026-07-26 12:22:15,ONLINE
CRD0049987,CARD0911,P00153,5411,463.09,IN,2026-08-14 19:32:30,ONLINE
CRD0049991,CARD0911,P00217,5812,227.96,IN,2026-09-10 20:52:32,POS7490
CRD0049996,CARD0911,P00190,4814,861.11,IN,2026-07-25 19:30:58,ONLINE
CRD0049997,CARD0911,P00163,5411,2455.07,IN,2026-08-26 18:59:35,POS7732
CRD0049998,CARD0911,P00153,5411,965.11,IN,2026-07-08 16:03:04,ONLINE
CRD0050002,CARD0911,P00163,5411,1728.74,IN,2026-08-14 12:32:15,POS8984
CRD0050004,CARD0911,P00234,6012,2327.74,IN,2026-09-04 14:56:44,ONLINE
CRD0050014,CARD0912,P00109,8011,1053.19,IN,2026-07-28 19:12:07,ONLINE
CRD0050020,CARD0912,P00069,5311,5274.21,IN,2026-08-20 20:59:29,POS6253
CRD0050024,CARD0912,P00109,8011,2373.36,IN,2026-07-09 12:29:04,ONLINE
CRD0050025,CARD0912,P00295,8011,2474.5,IN,2026-08-03 18:12:44,ONLINE
CRD0050031,CARD0912,P00276,7832,1008.53,IN,2026-08-04 22:27:17,ONLINE
CRD0050032,CARD0912,P00069,5311,3649.88,IN,2026-08-12 12:34:59,ONLINE
CRD0050034,CARD0912,P00264,5812,464.75,IN,2026-08-12 19:17:07,POS3203
CRD0050035,CARD0912,P00147,8011,2834.67,IN,2026-08-10 10:14:49,ONLINE
CRD0050038,CARD0912,P00390,4900,4994.35,IN,2026-08-25 15:52:33,ONLINE
CRD0050040,CARD0912,P00109,8011,4529.55,IN,2026-07-29 19:38:44,ONLINE
CRD0050045,CARD0912,P00006,5411,1400.9,IN,2026-08-01 11:16:33,POS7673
CRD0050048,CARD0912,P00051,6012,1288.44,IN,2026-07-13 21:16:52,ONLINE
CRD0050050,CARD0912,P00297,8011,5344.61,IN,2026-09-09 15:55:22,ONLINE
CRD0050054,CARD0912,P00069,5311,3157.4,IN,2026-08-05 13:28:52,POS3658
CRD0050063,CARD0913,P00282,5411,993.01,IN,2026-08-14 15:05:20,POS5444
CRD0050066,CARD0913,P00213,4900,1241.05,IN,2026-07-26 21:04:03,POS5156
CRD0050070,CARD0913,P00370,5812,666.29,IN,2026-07-26 18:01:57,ONLINE
CRD0050072,CARD0913,P00117,5411,2230.44,IN,2026-08-11 07:55:10,POS2885
CRD0050074,CARD0913,P00246,5411,1239.12,IN,2026-08-20 12:20:05,POS5537
CRD0050081,CARD0913,P00226,5541,1805.49,IN,2026-08-20 11:00:43,POS1671
CRD0050082,CARD0913,P00246,5411,2629.29,IN,2026-07-03 14:31:54,POS5998
CRD0050088,CARD0913,P00313,5541,2311.63,IN,2026-07-21 22:22:41,ONLINE
CRD0050090,CARD0913,P00264,5812,609.04,IN,2026-07-15 01:03:59,POS4307
CRD0050098,CARD0913,P00368,4814,945.59,IN,2026-07-20 09:21:08,ONLINE
CRD0050102,CARD0913,P00264,5812,655.68,IN,2026-09-02 20:37:01,POS2899
CRD0050104,CARD0913,P00056,5812,232.52,IN,2026-07-18 16:50:53,POS8532
CRD0050107,CARD0913,P00226,5541,777.48,IN,2026-08-18 12:48:21,ONLINE
CRD0050112,CARD0914,P00008,4722,6369.86,IN,2026-09-08 13:38:13,ONLINE
CRD0050116,CARD0914,P00104,5541,729.13,IN,2026-07-06 14:55:18,ONLINE
CRD0050120,CARD0914,P00212,5411,4953.58,IN,2026-07-11 08:03:33,ONLINE
CRD0050124,CARD0914,P00104,5541,2757.59,IN,2026-07-30 14:11:16,POS2841
CRD0050128,CARD0914,P00008,4722,10349.35,IN,2026-08-01 14:21:44,POS1172
CRD0050130,CARD0914,P00095,5812,798.53,IN,2026-08-28 17:29:03,ONLINE
CRD0050132,CARD0914,P00210,4900,902.2,IN,2026-07-05 09:54:05,ONLINE
CRD0050133,CARD0914,P00337,6513,5168.07,IN,2026-08-08 17:05:03,ONLINE
CRD0050134,CARD0914,P00008,4722,3329.42,IN,2026-08-23 09:05:08,ONLINE
CRD0050137,CARD0914,P00257,6012,2460.43,IN,2026-07-06 10:03:52,ONLINE
CRD0050138,CARD0914,P00095,5812,274.38,IN,2026-07-28 23:41:58,ONLINE
CRD0050153,CARD0914,P00393,5411,2122.65,IN,2026-08-09 11:48:58,ONLINE
CRD0050158,CARD0915,P00290,5812,113.06,IN,2026-08-04 14:19:46,ONLINE
CRD0050161,CARD0915,P00157,6513,1573.54,IN,2026-07-26 07:49:35,POS8645
CRD0050162,CARD0915,P00375,5812,535.05,IN,2026-08-09 13:20:53,ONLINE
CRD0050164,CARD0915,P00225,5411,875.61,IN,2026-07-21 15:20:16,POS3501
CRD0050166,CARD0915,P00331,7832,335.8,IN,2026-08-27 15:37:38,ONLINE
CRD0050168,CARD0915,P00290,5812,231.04,IN,2026-07-01 12:55:13,ONLINE
CRD0050172,CARD0915,P00290,5812,260.22,IN,2026-08-20 11:56:51,ONLINE
CRD0050180,CARD0915,P00398,5541,2778.55,IN,2026-09-12 16:30:24,ONLINE
CRD0050181,CARD0915,P00248,4900,1577.79,IN,2026-07-31 16:10:41,POS7960
CRD0050186,CARD0915,P00079,5541,915.69,IN,2026-08-13 22:58:31,POS7671
CRD0050188,CARD0915,P00072,5812,258.79,IN,2026-07-31 00:35:29,ONLINE
CRD0050189,CARD0915,P00248,4900,2170.71,IN,2026-08-07 19:43:38,POS6023
CRD0050193,CARD0915,P00072,5812,619.66,IN,2026-07-06 14:03:15,ONLINE
CRD0050198,CARD0915,P00392,5812,297.67,IN,2026-09-03 15:23:40,POS3025
CRD0050202,CARD0915,P00079,5541,1192.79,IN,2026-08-11 21:34:04,ONLINE
CRD0050206,CARD0915,P00118,4722,3809.65,IN,2026-07-03 09:14:59,ONLINE
CRD0050211,CARD0915,P00248,4900,3427.15,IN,2026-09-12 17:05:24,ONLINE
CRD0050214,CARD0915,P00340,4900,3615.57,IN,2026-09-09 22:03:16,ONLINE
CRD0050219,CARD0916,P00142,6012,1196.15,IN,2026-09-04 15:38:59,POS6220
CRD0050223,CARD0916,P00357,6012,2019.97,IN,2026-08-01 08:15:20,POS1526
CRD0050229,CARD0916,P00320,4900,2705.03,IN,2026-07-21 08:43:45,ONLINE
CRD0050234,CARD0916,P00175,5311,1725.68,IN,2026-07-10 12:36:38,POS1609
CRD0050239,CARD0916,P00176,6012,771.98,IN,2026-07-23 13:22:11,POS3473
CRD0050240,CARD0916,P00320,4900,4114.97,IN,2026-08-22 17:43:24,ONLINE
CRD0050245,CARD0916,P00142,6012,1407.35,IN,2026-07-10 06:51:02,POS9301
CRD0050248,CARD0916,P00060,7832,733.41,IN,2026-09-01 12:32:55,ONLINE
CRD0050249,CARD0916,P00195,6012,543.13,IN,2026-08-08 19:18:32,ONLINE
CRD0050255,CARD0916,P00320,4900,443.63,IN,2026-07-29 19:31:51,ONLINE
CRD0050260,CARD0916,P00175,5311,1078.58,IN,2026-07-25 01:24:03,POS4660
CRD0050262,CARD0916,P00060,7832,257.5,IN,2026-07-13 19:04:16,POS1020
CRD0050263,CARD0916,P00176,6012,425.35,IN,2026-09-04 21:29:11,ONLINE
CRD0050265,CARD0916,P00202,5541,2482.96,IN,2026-08-15 22:20:22,ONLINE
CRD0050267,CARD0916,P00195,6012,1250.61,IN,2026-08-11 21:11:41,ONLINE
CRD0050269,CARD0916,P00320,4900,1646.25,IN,2026-08-09 22:48:00,POS7754
CRD0050275,CARD0917,P00168,5411,939.81,IN,2026-08-02 21:02:05,POS9392
CRD0050277,CARD0917,P00185,5541,596.09,IN,2026-07-15 08:45:25,ONLINE
CRD0050278,CARD0917,P00045,5311,5015.7,IN,2026-07-02 11:02:43,POS4453
CRD0050282,CARD0917,P00185,5541,999.03,IN,2026-09-11 22:47:33,POS6186
CRD0050283,CARD0917,P00089,4722,6780.26,IN,2026-08-12 19:48:18,ONLINE
CRD0050292,CARD0917,P00185,5541,2534.63,IN,2026-07-27 09:44:09,POS5747
CRD0050293,CARD0917,P00351,4814,881.03,IN,2026-09-05 20:48:34,POS2857
CRD0050297,CARD0917,P00305,5812,381.48,IN,2026-08-06 15:50:40,POS5947
CRD0050301,CARD0917,P00114,4814,502.68,IN,2026-08-25 15:08:47,ONLINE
CRD0050312,CARD0918,P00261,6012,1644.82,IN,2026-07-15 17:49:40,POS6206
CRD0050316,CARD0918,P00211,7832,1377.92,IN,2026-08-02 19:19:19,ONLINE
CRD0050320,CARD0918,P00211,7832,2636.51,IN,2026-08-19 23:36:07,ONLINE
CRD0050324,CARD0918,P00373,6012,5649.42,IN,2026-08-15 07:03:50,POS3003
CRD0050330,CARD0918,P00043,5311,4020.62,IN,2026-08-02 20:04:07,POS8837
CRD0050332,CARD0918,P00309,5812,1161.42,IN,2026-07-25 08:33:26,POS6315
CRD0050337,CARD0918,P00211,7832,789.97,IN,2026-08-21 19:46:43,POS8596
CRD0050343,CARD0918,P00211,7832,1716.72,IN,2026-07-23 14:58:29,POS8086
CRD0050350,CARD0918,P00210,4900,3862.43,IN,2026-09-05 15:10:42,POS4809
CRD0050355,CARD0918,P00028,5411,618.27,IN,2026-09-01 10:00:23,POS3888
CRD0050363,CARD0918,P00166,5411,3492.41,IN,2026-09-06 17:24:12,POS1088
CRD0050371,CARD0919,P00287,4900,3376.16,IN,2026-09-13 17:18:59,POS3176
CRD0050375,CARD0919,P00272,5812,1101.97,IN,2026-09-13 21:44:06,ONLINE
CRD0050376,CARD0919,P00287,4900,3291.98,IN,2026-07-09 18:50:02,ONLINE
CRD0050377,CARD0919,P00272,5812,177.91,IN,2026-09-08 14:41:06,POS2379
CRD0050383,CARD0919,P00375,5812,971.84,IN,2026-07-10 18:13:17,ONLINE
CRD0050388,CARD0919,P00207,5411,1904.43,IN,2026-07-17 09:55:49,POS4751
CRD0050392,CARD0919,P00252,5411,916.88,IN,2026-07-30 13:04:56,ONLINE
CRD0050395,CARD0919,P00163,5411,1148.92,IN,2026-08-24 16:44:42,ONLINE
CRD0050397,CARD0919,P00261,6012,2424.41,IN,2026-07-18 12:21:31,POS1783
CRD0050398,CARD0919,P00272,5812,911.94,IN,2026-08-15 13:44:47,POS7476
CRD0050402,CARD0919,P00207,5411,699.01,IN,2026-07-29 17:11:36,POS3816
CRD0050404,CARD0919,P00143,5411,2577.9,IN,2026-07-19 07:09:48,ONLINE
CRD0050405,CARD0919,P00287,4900,6561.67,IN,2026-07-14 03:23:26,ONLINE
CRD0050427,CARD0919,P00272,5812,1373.73,IN,2026-08-20 10:22:42,ONLINE
CRD0050428,CARD0919,P00400,8011,4348.75,IN,2026-07-10 09:34:09,POS7422
CRD0050431,CARD0919,P00287,4900,1842.42,IN,2026-08-22 09:45:54,POS4230
CRD0050432,CARD0919,P00400,8011,5096.26,IN,2026-08-06 22:16:45,ONLINE
CRD0050436,CARD0919,P00375,5812,923.95,IN,2026-09-02 00:06:59,ONLINE
CRD0050437,CARD0919,P00324,5311,6145.45,IN,2026-08-07 13:18:40,POS4379
CRD0050438,CARD0919,P00011,6012,1597.37,IN,2026-08-31 12:32:43,ONLINE
CRD0050440,CARD0919,P00400,8011,967.24,IN,2026-08-10 12:44:33,ONLINE
CRD0050458,CARD0920,P00280,6012,3779.91,IN,2026-07-31 10:55:02,POS3820
CRD0050467,CARD0920,P00131,5411,1978.71,IN,2026-08-28 21:06:34,POS9711
CRD0050468,CARD0920,P00087,5812,1048.94,IN,2026-07-27 10:45:52,ONLINE
CRD0050470,CARD0920,P00040,5411,1930.37,IN,2026-08-04 20:06:32,ONLINE
CRD0050473,CARD0920,P00319,6012,1104.47,IN,2026-07-09 09:01:55,ONLINE
CRD0050475,CARD0920,P00126,4722,7892.84,IN,2026-07-22 10:22:32,POS5803
CRD0050478,CARD0920,P00202,5541,1343.38,IN,2026-08-27 07:58:21,ONLINE
CRD0050482,CARD0920,P00040,5411,653.41,IN,2026-09-10 10:11:09,ONLINE
CRD0050483,CARD0920,P00316,5311,7347.21,IN,2026-08-07 11:11:20,ONLINE
CRD0050487,CARD0921,P00145,5411,4418.55,IN,2026-08-01 08:49:22,POS5909
CRD0050490,CARD0921,P00070,7832,904.45,IN,2026-07-17 12:47:04,ONLINE
CRD0050492,CARD0921,P00383,5812,527.43,IN,2026-08-24 16:05:02,ONLINE
CRD0050498,CARD0921,P00021,4900,7861.91,IN,2026-08-03 17:38:35,POS4054
CRD0050499,CARD0921,P00367,5411,1587.49,IN,2026-07-14 18:53:20,POS3251
CRD0050503,CARD0921,P00383,5812,1075.81,IN,2026-07-13 16:28:28,POS6464
CRD0050504,CARD0921,P00122,8011,2368.58,IN,2026-08-24 15:34:41,POS2954
CRD0050518,CARD0921,P00070,7832,1102.65,IN,2026-09-02 09:40:47,POS6440
CRD0050526,CARD0921,P00070,7832,2897.54,IN,2026-07-02 16:58:32,POS6423
CRD0050538,CARD0921,P00122,8011,4155.99,IN,2026-09-11 16:08:21,POS4254
CRD0050539,CARD0921,P00122,8011,5397.41,IN,2026-07-11 16:04:29,POS4467
CRD0050545,CARD0921,P00261,6012,4719.44,IN,2026-08-03 15:38:20,ONLINE
CRD0050554,CARD0921,P00021,4900,2396.79,IN,2026-08-06 09:23:14,ONLINE
CRD0050558,CARD0921,P00080,5812,1090.51,IN,2026-07-06 23:10:02,ONLINE
CRD0050575,CARD0922,P00340,4900,3944.21,IN,2026-09-02 20:21:40,POS7421
CRD0050580,CARD0922,P00340,4900,14170.73,IN,2026-08-13 16:07:55,ONLINE
CRD0050583,CARD0922,P00110,7832,699.9,IN,2026-08-28 07:23:42,ONLINE
CRD0050587,CARD0922,P00320,4900,2729.25,IN,2026-07-03 14:37:29,POS6659
CRD0050589,CARD0922,P00338,5311,3870.3,IN,2026-08-12 11:25:06,POS6476
CRD0050591,CARD0922,P00091,5541,4799.51,IN,2026-07-26 10:53:41,POS9728
CRD0050597,CARD0922,P00320,4900,2119.12,IN,2026-07-09 20:45:40,ONLINE
CRD0050599,CARD0922,P00340,4900,4894.18,IN,2026-07-28 17:09:55,POS5839
CRD0050603,CARD0922,P00041,4722,5462.35,IN,2026-09-09 21:55:57,ONLINE
CRD0050604,CARD0922,P00340,4900,3192.22,IN,2026-07-10 16:34:49,POS4573
CRD0050609,CARD0922,P00320,4900,5893.34,IN,2026-08-10 17:50:41,POS4352
CRD0050610,CARD0922,P00338,5311,6164.03,IN,2026-07-04 18:10:19,POS2352
CRD0050611,CARD0922,P00340,4900,9968.32,IN,2026-07-23 11:24:26,ONLINE
CRD0050616,CARD0922,P00097,5541,2818.1,IN,2026-08-17 07:26:49,POS7699
CRD0050621,CARD0923,P00386,6012,820.4,IN,2026-07-17 23:58:49,ONLINE
CRD0050624,CARD0923,P00286,5812,888.79,IN,2026-09-09 15:33:47,ONLINE
CRD0050626,CARD0923,P00297,8011,5027.71,IN,2026-07-05 20:30:16,ONLINE
CRD0050632,CARD0923,P00184,5812,670.07,IN,2026-09-07 21:41:50,ONLINE
CRD0050634,CARD0923,P00051,6012,4397.25,IN,2026-07-27 18:05:02,POS2209
CRD0050638,CARD0923,P00160,4722,8786.96,IN,2026-09-06 09:00:10,ONLINE
CRD0050642,CARD0923,P00297,8011,1165.43,IN,2026-07-18 15:26:33,POS9593
CRD0050645,CARD0923,P00286,5812,1376.84,IN,2026-08-29 18:27:43,POS5078
CRD0050648,CARD0923,P00160,4722,5153.28,IN,2026-08-02 18:22:13,POS6968
CRD0050651,CARD0923,P00194,4814,545.98,IN,2026-07-11 13:14:56,POS7163
CRD0050656,CARD0923,P00386,6012,7154.46,IN,2026-09-12 17:32:14,ONLINE
CRD0050675,CARD0923,P00160,4722,6933.68,IN,2026-07-10 21:14:27,POS3190
CRD0050689,CARD0924,P00196,5812,1167.33,IN,2026-08-08 06:34:38,POS6440
CRD0050695,CARD0924,P00321,5812,357.08,IN,2026-07-25 12:40:04,ONLINE
CRD0050701,CARD0924,P00295,8011,6798.48,IN,2026-09-05 07:27:00,ONLINE
CRD0050706,CARD0924,P00315,4900,2442.69,IN,2026-07-24 12:43:07,ONLINE
CRD0050713,CARD0924,P00376,5812,1695.29,IN,2026-07-12 19:22:49,ONLINE
CRD0050714,CARD0924,P00388,5411,2837.96,IN,2026-09-07 20:12:53,ONLINE
CRD0050721,CARD0924,P00315,4900,1901.31,IN,2026-07-18 12:18:45,ONLINE
CRD0050725,CARD0924,P00293,5812,996.88,IN,2026-08-14 18:36:54,POS2641
CRD0050726,CARD0924,P00076,5411,1936.4,IN,2026-08-05 21:56:53,ONLINE
CRD0050727,CARD0924,P00378,5411,2758.8,IN,2026-08-06 13:17:18,POS5406
CRD0050731,CARD0924,P00293,5812,552.89,IN,2026-08-06 21:20:59,POS7726
CRD0050737,CARD0924,P00388,5411,1786.9,IN,2026-09-13 13:07:29,POS1067
CRD0050741,CARD0924,P00118,4722,5922.87,IN,2026-07-02 08:49:14,POS4075
CRD0050742,CARD0924,P00315,4900,1821.22,IN,2026-09-02 19:32:26,POS9787
CRD0050743,CARD0924,P00321,5812,198.91,IN,2026-09-10 21:03:24,ONLINE
CRD0050751,CARD0925,P00006,5411,3914.01,IN,2026-07-17 09:58:00,POS3403
CRD0050752,CARD0925,P00203,5541,2557.22,IN,2026-09-12 20:58:46,ONLINE
CRD0050753,CARD0925,P00375,5812,745.81,IN,2026-09-07 17:02:18,POS3543
CRD0050755,CARD0925,P00015,4722,1973.6,IN,2026-07-26 22:27:05,ONLINE
CRD0050756,CARD0925,P00015,4722,608.34,IN,2026-08-28 20:00:27,ONLINE
CRD0050758,CARD0925,P00006,5411,935.85,IN,2026-07-16 17:05:38,POS3630
CRD0050765,CARD0925,P00006,5411,3033.7,IN,2026-07-31 15:41:22,POS7571
CRD0050777,CARD0925,P00089,4722,12536.33,IN,2026-07-23 17:42:09,POS1931
CRD0050785,CARD0925,P00175,5311,3201.48,IN,2026-07-15 19:58:20,ONLINE
CRD0050787,CARD0925,P00160,4722,6252.12,IN,2026-09-07 11:10:06,ONLINE
CRD0050789,CARD0925,P00006,5411,1195.17,IN,2026-08-26 13:51:46,ONLINE
CRD0050805,CARD0926,P00040,5411,3468.85,IN,2026-08-28 22:10:35,ONLINE
CRD0050806,CARD0926,P00039,5311,3558.4,IN,2026-07-11 15:02:41,POS2557
CRD0050808,CARD0926,P00366,5812,1756.81,IN,2026-07-31 19:01:39,POS1467
CRD0050815,CARD0926,P00089,4722,7126.03,IN,2026-07-28 15:13:35,POS6923
CRD0050820,CARD0926,P00202,5541,3405.25,IN,2026-08-21 11:08:51,ONLINE
CRD0050821,CARD0926,P00380,5411,2152.98,IN,2026-09-12 12:27:39,ONLINE
CRD0050824,CARD0926,P00119,5812,623.61,IN,2026-08-03 19:20:42,ONLINE
CRD0050825,CARD0926,P00366,5812,1872.87,IN,2026-08-28 11:29:12,ONLINE
CRD0050827,CARD0926,P00040,5411,1491.95,IN,2026-08-01 15:01:00,ONLINE
CRD0050833,CARD0926,P00016,5411,5053.12,IN,2026-07-08 09:11:32,POS1111
CRD0050834,CARD0926,P00372,4814,277.0,IN,2026-08-19 11:47:44,ONLINE
CRD0050836,CARD0926,P00040,5411,820.31,IN,2026-07-28 19:13:09,POS1813
CRD0050839,CARD0926,P00040,5411,2862.8,IN,2026-07-29 18:45:48,POS1841
CRD0050840,CARD0926,P00039,5311,2418.85,IN,2026-09-04 18:15:54,ONLINE
CRD0050841,CARD0926,P00172,5541,2725.67,IN,2026-07-31 20:28:52,ONLINE
CRD0050843,CARD0926,P00039,5311,2980.99,IN,2026-07-15 07:12:38,ONLINE
CRD0050847,CARD0926,P00040,5411,3667.35,IN,2026-08-16 07:57:13,POS3916
CRD0050850,CARD0926,P00172,5541,3630.92,IN,2026-09-08 10:35:22,POS1160
CRD0050857,CARD0926,P00172,5541,3003.59,IN,2026-09-13 22:44:06,ONLINE
CRD0050858,CARD0926,P00369,5411,1489.31,IN,2026-08-11 19:51:46,POS1435
CRD0050864,CARD0927,P00040,5411,1615.23,IN,2026-08-14 14:16:07,POS6292
CRD0050865,CARD0927,P00266,5541,7551.88,IN,2026-07-29 15:11:20,POS6946
CRD0050866,CARD0927,P00122,8011,6737.99,IN,2026-08-09 17:24:12,ONLINE
CRD0050868,CARD0927,P00122,8011,3363.38,IN,2026-09-09 21:52:28,POS1481
CRD0050873,CARD0927,P00006,5411,1940.05,IN,2026-07-12 19:02:45,ONLINE
CRD0050875,CARD0927,P00326,5812,955.02,IN,2026-07-18 11:18:25,ONLINE
CRD0050883,CARD0927,P00323,4722,22082.37,IN,2026-09-09 11:34:04,POS8923
CRD0050885,CARD0927,P00364,5411,2736.87,IN,2026-07-16 14:40:55,POS2505
CRD0050900,CARD0927,P00040,5411,3433.3,IN,2026-08-05 17:06:17,POS4781
CRD0050901,CARD0927,P00009,6012,2833.45,IN,2026-07-29 00:24:04,POS1581
CRD0050911,CARD0928,P00367,5411,243.82,IN,2026-07-04 10:50:25,ONLINE
CRD0050912,CARD0928,P00066,4722,2919.34,IN,2026-09-10 15:51:39,POS6618
CRD0050916,CARD0928,P00054,6012,3502.75,IN,2026-07-11 12:14:49,ONLINE
CRD0050921,CARD0928,P00054,6012,1269.16,IN,2026-08-01 10:11:49,ONLINE
CRD0050925,CARD0928,P00091,5541,5599.27,IN,2026-07-01 12:30:04,ONLINE
CRD0050930,CARD0928,P00104,5541,1269.23,IN,2026-08-01 15:04:00,POS7914
CRD0050935,CARD0928,P00054,6012,1932.68,IN,2026-07-08 20:47:33,POS8527
CRD0050938,CARD0928,P00108,5311,1115.81,IN,2026-07-21 08:53:06,ONLINE
CRD0050942,CARD0928,P00346,5541,2718.67,IN,2026-07-12 20:00:48,ONLINE
CRD0050946,CARD0928,P00267,5812,400.88,IN,2026-08-21 17:33:05,POS9420
CRD0050948,CARD0928,P00091,5541,1776.99,IN,2026-08-12 19:14:48,ONLINE
CRD0050955,CARD0929,P00367,5411,1429.86,IN,2026-07-01 18:17:46,ONLINE
CRD0050957,CARD0929,P00143,5411,1353.96,IN,2026-08-22 15:00:09,ONLINE
CRD0050958,CARD0929,P00288,5812,460.83,IN,2026-08-01 15:47:35,ONLINE
CRD0050964,CARD0929,P00143,5411,1606.38,IN,2026-09-02 18:21:30,POS8847
CRD0050967,CARD0929,P00116,6012,4872.21,IN,2026-07-27 15:54:43,POS3792
CRD0050968,CARD0929,P00021,4900,8545.91,IN,2026-09-02 12:13:30,POS4185
CRD0050974,CARD0929,P00288,5812,841.18,IN,2026-07-04 15:28:30,POS6636
CRD0050977,CARD0929,P00383,5812,293.09,IN,2026-09-03 13:16:02,ONLINE
CRD0050982,CARD0929,P00143,5411,1258.33,IN,2026-07-21 17:24:13,ONLINE
CRD0050990,CARD0929,P00395,5311,5564.49,IN,2026-08-09 20:05:10,POS3904
CRD0050996,CARD0929,P00312,5411,1577.87,IN,2026-07-11 13:58:32,POS1301
CRD0050998,CARD0929,P00383,5812,459.69,IN,2026-07-02 19:27:13,ONLINE
CRD0051000,CARD0929,P00021,4900,3067.06,IN,2026-08-02 17:39:45,POS7166
CRD0051002,CARD0929,P00288,5812,1020.28,IN,2026-07-18 00:41:38,POS6323
CRD0051009,CARD0930,P00393,5411,894.97,IN,2026-08-11 16:55:02,POS6832
CRD0051011,CARD0930,P00048,5812,682.72,IN,2026-07-06 19:08:07,ONLINE
CRD0051016,CARD0930,P00253,4814,277.41,IN,2026-09-02 22:58:21,POS2384
CRD0051019,CARD0930,P00272,5812,554.76,IN,2026-08-28 16:54:27,ONLINE
CRD0051028,CARD0930,P00253,4814,1679.93,IN,2026-08-19 11:50:54,POS7274
CRD0051038,CARD0930,P00012,5541,1178.15,IN,2026-08-07 18:30:13,ONLINE
CRD0051045,CARD0930,P00393,5411,1060.99,IN,2026-09-09 11:22:43,POS3531
CRD0051050,CARD0931,P00066,4722,4749.34,IN,2026-08-25 22:00:10,ONLINE
CRD0051051,CARD0931,P00278,5541,1422.87,IN,2026-07-01 10:04:22,POS8578
CRD0051054,CARD0931,P00283,5311,2149.56,IN,2026-08-28 18:37:51,POS9041
CRD0051055,CARD0931,P00074,4722,3029.86,IN,2026-07-03 14:12:33,ONLINE
CRD0051059,CARD0931,P00278,5541,3035.19,IN,2026-09-01 22:05:27,POS7074
CRD0051063,CARD0931,P00273,5411,377.89,IN,2026-07-11 12:20:32,ONLINE
CRD0051076,CARD0931,P00276,7832,213.66,IN,2026-07-13 18:12:01,POS4898
CRD0051077,CARD0931,P00218,5812,430.72,IN,2026-08-18 11:56:29,POS1921
CRD0051078,CARD0931,P00074,4722,3076.05,IN,2026-08-05 08:53:56,ONLINE
CRD0051082,CARD0931,P00311,5411,1498.41,IN,2026-07-30 20:33:10,ONLINE
CRD0051083,CARD0931,P00027,5311,2044.66,IN,2026-08-17 21:19:03,POS7339
CRD0051093,CARD0932,P00289,5812,651.1,IN,2026-07-28 10:45:43,POS8155
CRD0051094,CARD0932,P00193,5311,1488.59,IN,2026-08-22 13:43:59,ONLINE
CRD0051099,CARD0932,P00121,5812,228.13,IN,2026-08-17 11:10:15,ONLINE
CRD0051100,CARD0932,P00102,4722,1691.56,IN,2026-08-31 23:57:46,ONLINE
CRD0051109,CARD0932,P00224,5812,467.78,IN,2026-08-04 11:47:24,ONLINE
CRD0051113,CARD0932,P00241,5411,685.01,IN,2026-09-10 08:32:49,POS1756
CRD0051114,CARD0932,P00301,5812,562.35,IN,2026-07-21 11:44:05,POS3876
CRD0051116,CARD0932,P00135,6012,1156.31,IN,2026-07-25 09:28:22,ONLINE
CRD0051117,CARD0932,P00184,5812,194.0,IN,2026-07-16 13:54:39,ONLINE
CRD0051122,CARD0932,P00241,5411,1160.71,IN,2026-07-07 18:58:05,ONLINE
CRD0051124,CARD0932,P00255,5311,2013.32,IN,2026-07-18 17:23:56,ONLINE
CRD0051128,CARD0932,P00224,5812,386.47,IN,2026-09-13 21:41:44,POS8540
CRD0051133,CARD0933,P00059,6012,8613.2,IN,2026-07-18 20:37:57,ONLINE
CRD0051135,CARD0933,P00343,4900,14598.39,IN,2026-07-18 10:11:03,POS7208
CRD0051148,CARD0933,P00167,5812,1645.8,IN,2026-08-30 20:18:45,POS3407
CRD0051150,CARD0933,P00095,5812,1023.37,IN,2026-08-10 11:53:48,POS4076
CRD0051151,CARD0933,P00304,5541,6158.35,IN,2026-07-26 18:58:39,ONLINE
CRD0051153,CARD0933,P00023,4722,21059.65,IN,2026-09-02 15:07:14,POS7046
CRD0051154,CARD0933,P00059,6012,1491.23,IN,2026-08-08 20:42:15,ONLINE
CRD0051155,CARD0933,P00057,5812,1594.41,IN,2026-08-26 20:51:04,ONLINE
CRD0051156,CARD0933,P00095,5812,2252.33,IN,2026-08-16 07:07:00,POS8401
CRD0051158,CARD0933,P00350,6012,10496.28,IN,2026-07-13 11:00:35,POS9849
CRD0051159,CARD0933,P00393,5411,6268.8,IN,2026-07-01 15:54:05,ONLINE
CRD0051160,CARD0933,P00095,5812,3751.23,IN,2026-07-31 19:10:24,POS8615
CRD0051161,CARD0933,P00123,5812,1117.86,IN,2026-07-25 16:34:13,ONLINE
CRD0051164,CARD0933,P00095,5812,4395.91,IN,2026-09-04 19:37:35,POS7094
CRD0051169,CARD0933,P00159,5541,9035.22,IN,2026-08-25 10:46:37,ONLINE
CRD0051170,CARD0933,P00388,5411,4475.69,IN,2026-08-07 22:09:18,POS3423
CRD0051172,CARD0933,P00095,5812,1999.31,IN,2026-07-08 14:35:00,POS8664
CRD0051174,CARD0933,P00388,5411,1756.9,IN,2026-07-23 17:46:25,ONLINE
CRD0051189,CARD0934,P00179,5812,1543.06,IN,2026-08-18 15:39:56,POS9460
CRD0051196,CARD0934,P00164,6513,49991.83,IN,2026-09-07 16:22:47,ONLINE
CRD0051201,CARD0934,P00179,5812,1505.85,IN,2026-08-07 12:54:39,ONLINE
CRD0051205,CARD0934,P00162,5411,2131.19,IN,2026-09-05 19:28:42,ONLINE
CRD0051206,CARD0934,P00150,4900,3046.47,IN,2026-09-10 08:32:31,ONLINE
CRD0051216,CARD0934,P00179,5812,1597.14,IN,2026-09-01 16:15:54,POS5473
CRD0051220,CARD0934,P00140,5411,4990.62,IN,2026-08-30 17:44:11,ONLINE
CRD0051225,CARD0934,P00058,4814,617.24,IN,2026-07-24 18:53:09,POS5578
CRD0051228,CARD0934,P00212,5411,2812.11,IN,2026-08-22 06:21:19,ONLINE
CRD0051234,CARD0935,P00038,5411,405.01,IN,2026-08-18 14:04:04,POS5181
CRD0051238,CARD0935,P00136,5812,456.83,IN,2026-08-02 17:00:41,ONLINE
CRD0051244,CARD0935,P00368,4814,690.55,IN,2026-08-14 17:48:54,ONLINE
CRD0051252,CARD0935,P00123,5812,1590.55,IN,2026-07-25 19:08:49,ONLINE
CRD0051259,CARD0935,P00038,5411,2038.91,IN,2026-09-13 08:25:25,POS6238
CRD0051261,CARD0935,P00321,5812,1809.56,IN,2026-07-02 05:06:06,POS6086
CRD0051267,CARD0935,P00067,8011,4381.02,IN,2026-07-31 20:54:21,ONLINE
CRD0051279,CARD0935,P00136,5812,509.07,IN,2026-08-30 21:55:03,ONLINE
CRD0051285,CARD0935,P00133,4900,2173.21,IN,2026-07-06 17:27:50,ONLINE
CRD0051293,CARD0935,P00123,5812,1365.69,IN,2026-09-02 20:52:28,ONLINE
CRD0051295,CARD0935,P00007,5812,390.19,IN,2026-07-29 22:08:46,ONLINE
CRD0051303,CARD0936,P00111,6513,10612.02,IN,2026-08-13 12:51:09,POS5397
CRD0051309,CARD0936,P00313,5541,5125.74,IN,2026-09-02 12:48:52,ONLINE
CRD0051313,CARD0936,P00239,5411,6045.25,IN,2026-07-03 18:44:22,ONLINE
CRD0051318,CARD0936,P00313,5541,8948.21,IN,2026-07-21 20:53:20,POS1798
CRD0051321,CARD0936,P00098,6012,1801.99,IN,2026-07-23 16:26:47,POS4166
CRD0051322,CARD0936,P00083,5311,7595.97,IN,2026-08-17 11:53:20,ONLINE
CRD0051324,CARD0936,P00111,6513,25325.71,IN,2026-07-07 07:55:34,POS4256
CRD0051328,CARD0936,P00387,4722,16928.31,IN,2026-09-11 11:35:55,ONLINE
CRD0051329,CARD0936,P00367,5411,6845.92,IN,2026-08-10 10:16:21,POS7857
CRD0051335,CARD0936,P00388,5411,2063.16,IN,2026-08-17 12:28:16,POS1160
CRD0051339,CARD0936,P00388,5411,2441.58,IN,2026-08-09 11:58:31,POS4388
CRD0051350,CARD0936,P00042,5311,11823.04,IN,2026-08-13 15:40:13,ONLINE
CRD0051355,CARD0937,P00269,4900,1611.5,IN,2026-07-27 10:09:50,POS7637
CRD0051358,CARD0937,P00052,5311,1292.41,IN,2026-09-05 17:13:35,ONLINE
CRD0051360,CARD0937,P00345,4722,8948.3,IN,2026-07-31 17:30:12,POS2624
CRD0051361,CARD0937,P00240,6012,895.72,IN,2026-07-27 19:32:13,ONLINE
CRD0051364,CARD0937,P00352,4814,1398.74,IN,2026-08-21 15:52:21,ONLINE
CRD0051370,CARD0937,P00319,6012,974.35,IN,2026-07-18 22:49:01,ONLINE
CRD0051371,CARD0937,P00269,4900,3300.47,IN,2026-08-23 15:40:51,ONLINE
CRD0051382,CARD0937,P00003,4814,2735.74,IN,2026-08-28 07:03:27,ONLINE
CRD0051388,CARD0937,P00352,4814,821.12,IN,2026-08-05 13:33:44,POS8458
CRD0051391,CARD0937,P00003,4814,1608.62,IN,2026-07-01 23:43:25,ONLINE
CRD0051392,CARD0937,P00115,5411,1239.11,IN,2026-08-02 23:54:00,ONLINE
CRD0051402,CARD0938,P00131,5411,21964.98,IN,2026-07-05 19:28:24,POS3985
CRD0051403,CARD0938,P00139,5311,41990.31,IN,2026-08-12 18:27:46,POS6608
CRD0051409,CARD0938,P00128,5541,20186.91,IN,2026-07-26 15:36:37,ONLINE
CRD0051412,CARD0938,P00139,5311,36799.89,IN,2026-07-31 02:20:09,POS1301
CRD0051418,CARD0938,P00176,6012,19843.85,IN,2026-07-19 21:26:26,POS9889
CRD0051419,CARD0938,P00309,5812,9480.85,IN,2026-07-30 14:27:18,POS4728
CRD0051422,CARD0938,P00139,5311,42006.96,IN,2026-08-11 08:19:11,ONLINE
CRD0051437,CARD0939,P00358,6513,8060.41,IN,2026-07-16 18:03:59,POS3553
CRD0051438,CARD0939,P00358,6513,4224.92,IN,2026-08-19 14:04:08,POS9104
CRD0051443,CARD0939,P00238,5812,945.47,IN,2026-07-07 17:26:20,ONLINE
CRD0051444,CARD0939,P00292,5541,503.87,IN,2026-09-07 19:56:14,ONLINE
CRD0051448,CARD0939,P00267,5812,728.44,IN,2026-07-16 15:08:04,ONLINE
CRD0051449,CARD0939,P00292,5541,1825.93,IN,2026-07-19 19:49:43,ONLINE
CRD0051452,CARD0939,P00358,6513,9910.76,IN,2026-08-05 20:24:26,ONLINE
CRD0051453,CARD0939,P00204,4900,1559.02,IN,2026-07-28 10:56:44,POS5140
CRD0051456,CARD0939,P00166,5411,811.34,IN,2026-07-11 08:36:16,POS8223
CRD0051457,CARD0939,P00238,5812,727.5,IN,2026-08-03 22:55:08,ONLINE
CRD0051458,CARD0939,P00272,5812,3359.77,IN,2026-08-04 06:02:14,POS1578
CRD0051461,CARD0939,P00377,5311,5079.59,IN,2026-08-22 01:36:59,ONLINE
CRD0051465,CARD0939,P00292,5541,4165.74,IN,2026-08-30 18:26:52,ONLINE
CRD0051469,CARD0939,P00267,5812,327.36,IN,2026-07-23 08:11:52,POS5514
CRD0051472,CARD0939,P00166,5411,2394.96,IN,2026-08-02 22:25:37,POS4600
CRD0051473,CARD0939,P00358,6513,4302.4,IN,2026-07-08 11:18:40,POS8706
CRD0051477,CARD0939,P00108,5311,2416.39,IN,2026-07-26 19:11:49,POS4291
CRD0051479,CARD0939,P00358,6513,10655.71,IN,2026-07-16 15:15:39,ONLINE
CRD0051483,CARD0939,P00267,5812,1012.53,IN,2026-07-31 14:51:44,ONLINE
CRD0051484,CARD0939,P00166,5411,964.06,IN,2026-08-18 19:11:27,POS3005
CRD0051485,CARD0939,P00267,5812,606.86,IN,2026-07-14 17:15:01,POS4185
CRD0051487,CARD0939,P00013,5311,2156.32,IN,2026-07-09 19:59:37,POS2668
CRD0051490,CARD0939,P00013,5311,2643.25,IN,2026-08-14 12:10:15,ONLINE
CRD0051492,CARD0939,P00238,5812,1678.74,IN,2026-07-31 12:13:38,POS4738
CRD0051494,CARD0939,P00398,5541,2734.98,IN,2026-07-28 11:42:33,ONLINE
CRD0051508,CARD0940,P00009,6012,2433.77,IN,2026-09-05 14:26:32,ONLINE
CRD0051514,CARD0940,P00358,6513,4362.91,IN,2026-07-28 09:43:58,POS4965
CRD0051521,CARD0940,P00009,6012,4078.64,IN,2026-07-18 21:51:42,POS6156
CRD0051527,CARD0940,P00116,6012,3359.25,IN,2026-09-12 07:29:51,POS2814
CRD0051528,CARD0940,P00162,5411,620.74,IN,2026-07-23 12:25:14,POS3320
CRD0051536,CARD0940,P00394,4814,1401.82,IN,2026-07-02 17:37:57,ONLINE
CRD0051540,CARD0940,P00261,6012,11686.36,IN,2026-08-15 09:28:35,ONLINE
CRD0051550,CARD0940,P00009,6012,7760.68,IN,2026-07-16 18:11:40,POS3224
CRD0051551,CARD0940,P00261,6012,1078.1,IN,2026-08-26 16:56:11,ONLINE
CRD0051560,CARD0940,P00358,6513,6897.46,IN,2026-08-18 18:07:43,POS8785
CRD0051562,CARD0940,P00009,6012,1918.61,IN,2026-07-20 16:57:12,POS7907
CRD0051563,CARD0940,P00002,6012,4340.86,IN,2026-07-26 19:22:41,ONLINE
CRD0051564,CARD0940,P00304,5541,2017.63,IN,2026-09-13 13:15:16,POS8690
CRD0051565,CARD0940,P00162,5411,3208.23,IN,2026-07-24 18:04:57,ONLINE
CRD0051566,CARD0940,P00358,6513,8104.31,IN,2026-08-09 15:09:24,ONLINE
CRD0051568,CARD0940,P00002,6012,1068.86,IN,2026-08-28 13:55:43,ONLINE
CRD0051569,CARD0940,P00162,5411,1015.79,IN,2026-07-23 08:26:07,POS7380
CRD0051581,CARD0941,P00205,6012,910.49,IN,2026-08-17 20:25:00,POS2765
CRD0051583,CARD0941,P00392,5812,2667.11,IN,2026-08-01 15:34:47,POS8815
CRD0051588,CARD0941,P00149,5311,4777.46,IN,2026-07-10 22:29:03,POS6537
CRD0051591,CARD0941,P00392,5812,663.38,IN,2026-08-01 09:06:55,ONLINE
CRD0051592,CARD0941,P00058,4814,637.65,IN,2026-07-01 09:29:24,ONLINE
CRD0051595,CARD0941,P00392,5812,610.75,IN,2026-08-17 17:18:25,POS8181
CRD0051596,CARD0941,P00205,6012,3586.68,IN,2026-09-09 12:12:44,POS7769
CRD0051606,CARD0941,P00082,5411,820.1,IN,2026-08-11 21:50:55,ONLINE
CRD0051610,CARD0941,P00147,8011,3622.1,IN,2026-07-23 19:20:38,ONLINE
CRD0051623,CARD0942,P00009,6012,3736.18,IN,2026-07-31 18:16:38,ONLINE
CRD0051624,CARD0942,P00277,6012,6855.58,IN,2026-08-16 18:54:09,ONLINE
CRD0051630,CARD0942,P00242,4900,1729.23,IN,2026-08-19 17:43:11,POS9180
CRD0051635,CARD0942,P00277,6012,3262.5,IN,2026-09-01 12:54:07,POS4004
CRD0051637,CARD0942,P00369,5411,409.72,IN,2026-07-15 09:03:50,ONLINE
CRD0051640,CARD0942,P00277,6012,2476.25,IN,2026-07-18 16:37:10,POS9630
CRD0051643,CARD0942,P00192,5311,6894.39,IN,2026-07-01 20:00:29,ONLINE
CRD0051651,CARD0943,P00203,5541,5565.45,IN,2026-09-09 11:49:49,ONLINE
CRD0051659,CARD0943,P00210,4900,2929.79,IN,2026-08-06 11:22:27,POS1873
CRD0051660,CARD0943,P00109,8011,4491.22,IN,2026-08-14 18:28:18,POS5965
CRD0051666,CARD0943,P00040,5411,1703.15,IN,2026-08-27 16:16:36,POS7887
CRD0051672,CARD0943,P00330,5812,916.23,IN,2026-09-03 17:09:00,POS8453
CRD0051674,CARD0943,P00121,5812,2100.26,IN,2026-08-28 09:41:47,ONLINE
CRD0051676,CARD0943,P00121,5812,866.89,IN,2026-08-01 17:53:43,POS4015
CRD0051678,CARD0943,P00330,5812,1264.9,IN,2026-07-09 11:06:29,ONLINE
CRD0051682,CARD0943,P00030,8011,4078.8,IN,2026-08-06 14:15:15,ONLINE
CRD0051686,CARD0943,P00203,5541,6725.48,IN,2026-08-22 20:40:17,POS3249
CRD0051689,CARD0943,P00330,5812,1379.82,IN,2026-07-22 14:03:40,POS5340
CRD0051690,CARD0943,P00317,5812,1901.88,IN,2026-09-01 22:51:23,POS5695
CRD0051691,CARD0943,P00035,7832,1102.31,IN,2026-07-04 23:54:48,ONLINE
CRD0051692,CARD0943,P00094,6012,4995.8,IN,2026-08-18 18:39:04,ONLINE
CRD0051696,CARD0943,P00124,4814,1139.14,IN,2026-07-06 15:44:33,ONLINE
CRD0051698,CARD0943,P00210,4900,2252.01,IN,2026-07-18 10:59:10,POS1066
CRD0051699,CARD0943,P00124,4814,2637.01,IN,2026-07-08 15:52:41,POS5102
CRD0051707,CARD0944,P00259,6513,10773.92,IN,2026-07-04 06:10:16,ONLINE
CRD0051708,CARD0944,P00179,5812,590.65,IN,2026-07-18 17:16:35,ONLINE
CRD0051709,CARD0944,P00169,5411,2028.17,IN,2026-07-15 09:00:38,POS9523
CRD0051710,CARD0944,P00179,5812,1194.98,IN,2026-09-01 12:32:08,POS5303
CRD0051711,CARD0944,P00295,8011,2293.59,IN,2026-07-10 10:25:28,ONLINE
CRD0051712,CARD0944,P00382,5812,429.8,IN,2026-08-16 19:11:53,POS3649
CRD0051715,CARD0944,P00295,8011,6799.25,IN,2026-07-11 12:52:14,POS7189
CRD0051718,CARD0944,P00179,5812,836.03,IN,2026-08-27 11:25:14,ONLINE
CRD0051720,CARD0944,P00343,4900,2408.24,IN,2026-08-13 14:41:40,POS2429
CRD0051726,CARD0944,P00146,5411,692.54,IN,2026-08-02 21:01:34,POS5004
CRD0051733,CARD0944,P00169,5411,1576.61,IN,2026-08-21 10:30:06,POS9075
CRD0051735,CARD0944,P00382,5812,1399.64,IN,2026-08-02 11:16:18,ONLINE
CRD0051742,CARD0944,P00041,4722,5426.18,IN,2026-07-14 16:31:58,POS8316
CRD0051747,CARD0944,P00138,5411,944.35,IN,2026-07-09 12:39:52,POS9041
CRD0051770,CARD0945,P00230,5812,1739.01,IN,2026-08-01 15:09:15,POS4368
CRD0051775,CARD0945,P00400,8011,6475.27,IN,2026-09-01 17:37:52,POS9471
CRD0051776,CARD0945,P00246,5411,3912.58,IN,2026-08-23 06:36:28,POS7658
CRD0051779,CARD0945,P00315,4900,2633.32,IN,2026-09-01 08:30:39,POS3875
CRD0051783,CARD0945,P00230,5812,2521.05,IN,2026-08-25 18:58:49,POS6608
CRD0051784,CARD0945,P00315,4900,6458.02,IN,2026-08-01 14:08:26,ONLINE
CRD0051785,CARD0945,P00247,6012,5334.46,IN,2026-07-31 20:22:54,ONLINE
CRD0051795,CARD0945,P00247,6012,3213.92,IN,2026-07-10 07:06:37,ONLINE
CRD0051797,CARD0945,P00007,5812,691.61,IN,2026-08-27 19:56:17,POS4472
CRD0051800,CARD0945,P00007,5812,1196.66,IN,2026-07-12 14:52:26,POS6811
CRD0051802,CARD0945,P00059,6012,12243.61,IN,2026-07-20 15:34:35,POS6138
CRD0051804,CARD0945,P00277,6012,7937.54,IN,2026-09-08 16:33:31,ONLINE
CRD0051811,CARD0945,P00007,5812,1397.63,IN,2026-08-07 10:39:25,POS1960
CRD0051816,CARD0945,P00400,8011,22327.53,IN,2026-07-05 13:01:45,POS5583
CRD0051831,CARD0945,P00246,5411,2549.02,IN,2026-07-10 08:17:51,ONLINE
CRD0051839,CARD0946,P00039,5311,2761.75,IN,2026-08-07 22:53:44,POS3631
CRD0051845,CARD0946,P00152,4900,1354.43,IN,2026-09-13 19:53:13,ONLINE
CRD0051851,CARD0946,P00286,5812,761.09,IN,2026-08-25 09:17:37,ONLINE
CRD0051858,CARD0946,P00124,4814,477.44,IN,2026-07-09 21:47:52,ONLINE
CRD0051860,CARD0946,P00143,5411,536.47,IN,2026-08-18 01:00:58,ONLINE
CRD0051861,CARD0946,P00143,5411,1019.07,IN,2026-08-11 13:11:55,POS8799
CRD0051867,CARD0946,P00152,4900,1794.85,IN,2026-08-15 08:14:37,ONLINE
CRD0051876,CARD0946,P00152,4900,988.44,IN,2026-07-11 14:23:59,ONLINE
CRD0051882,CARD0946,P00270,4722,3254.68,IN,2026-09-08 08:50:06,POS3383
CRD0051885,CARD0946,P00039,5311,4301.88,IN,2026-08-15 18:54:13,POS4832
CRD0051896,CARD0946,P00286,5812,215.12,IN,2026-08-28 22:02:19,POS1970
CRD0051900,CARD0947,P00242,4900,935.56,IN,2026-07-18 14:30:50,POS7037
CRD0051903,CARD0947,P00078,7832,621.25,IN,2026-08-27 09:12:52,ONLINE
CRD0051904,CARD0947,P00015,4722,3986.91,IN,2026-09-08 13:33:06,POS6090
CRD0051905,CARD0947,P00079,5541,1677.33,IN,2026-09-11 01:24:20,POS1263
CRD0051906,CARD0947,P00383,5812,2361.22,IN,2026-09-13 23:55:29,POS3152
CRD0051910,CARD0947,P00339,7832,1682.75,IN,2026-08-28 18:19:02,ONLINE
CRD0051914,CARD0947,P00078,7832,587.14,IN,2026-08-04 09:24:15,POS6322
CRD0051915,CARD0947,P00242,4900,4052.97,IN,2026-08-14 09:12:48,POS8802
CRD0051922,CARD0947,P00339,7832,1069.4,IN,2026-09-11 07:46:38,ONLINE
CRD0051927,CARD0947,P00220,8011,836.16,IN,2026-07-15 09:00:41,POS1699
CRD0051930,CARD0947,P00078,7832,895.87,IN,2026-08-08 17:19:56,ONLINE
CRD0051931,CARD0947,P00340,4900,1799.4,IN,2026-08-23 09:43:28,ONLINE
CRD0051942,CARD0947,P00338,5311,2322.31,IN,2026-07-11 21:15:18,ONLINE
CRD0051952,CARD0948,P00381,5411,466.57,IN,2026-07-03 09:57:05,POS3984
CRD0051954,CARD0948,P00009,6012,8020.52,IN,2026-07-25 20:33:43,POS1937
CRD0051956,CARD0948,P00138,5411,441.12,IN,2026-08-24 22:21:02,ONLINE
CRD0051958,CARD0948,P00079,5541,1356.85,IN,2026-08-31 23:49:38,POS7269
CRD0051960,CARD0948,P00028,5411,1180.06,IN,2026-07-09 13:58:36,ONLINE
CRD0051962,CARD0948,P00024,5411,575.89,IN,2026-07-28 15:55:19,ONLINE
CRD0051964,CARD0948,P00171,5411,1111.99,IN,2026-08-08 20:50:57,POS6536
CRD0051965,CARD0948,P00077,5812,1032.71,IN,2026-07-17 18:55:48,POS7202
CRD0051968,CARD0948,P00171,5411,2280.6,IN,2026-07-05 10:21:25,POS6979
CRD0051969,CARD0948,P00381,5411,486.62,IN,2026-07-14 19:49:53,POS2119
CRD0051976,CARD0948,P00028,5411,1762.26,IN,2026-09-10 19:32:17,ONLINE
CRD0051977,CARD0948,P00138,5411,3374.08,IN,2026-07-19 10:07:47,POS3852
CRD0051981,CARD0948,P00194,4814,1349.05,IN,2026-07-03 14:36:08,POS5054
CRD0051990,CARD0949,P00121,5812,646.23,IN,2026-07-12 17:34:19,POS9282
CRD0051991,CARD0949,P00364,5411,6106.01,IN,2026-08-19 17:52:34,ONLINE
CRD0051994,CARD0949,P00207,5411,517.19,IN,2026-08-19 18:00:37,POS6732
CRD0051996,CARD0949,P00109,8011,2259.29,IN,2026-07-21 12:41:29,POS4542
CRD0052000,CARD0949,P00364,5411,3881.76,IN,2026-07-25 10:26:05,ONLINE
CRD0052015,CARD0949,P00231,4814,1732.89,IN,2026-08-12 15:58:30,ONLINE
CRD0052019,CARD0949,P00231,4814,1291.27,IN,2026-08-16 11:58:08,POS6189
CRD0052022,CARD0949,P00194,4814,819.73,IN,2026-07-14 12:45:55,ONLINE
CRD0052023,CARD0949,P00328,5311,1788.53,IN,2026-08-13 21:00:24,POS7160
CRD0052025,CARD0949,P00331,7832,1402.3,IN,2026-08-02 15:07:26,ONLINE
CRD0052034,CARD0949,P00226,5541,1227.8,IN,2026-07-03 22:25:34,ONLINE
CRD0052035,CARD0949,P00003,4814,698.29,IN,2026-07-10 11:28:40,POS6553
CRD0052038,CARD0949,P00303,6012,2923.41,IN,2026-07-29 17:27:53,POS6279
CRD0052045,CARD0949,P00299,5411,731.07,IN,2026-08-07 19:13:32,POS4463
CRD0052057,CARD0950,P00359,5411,276.24,IN,2026-08-11 19:04:52,ONLINE
CRD0052058,CARD0950,P00097,5541,3258.27,IN,2026-07-16 20:36:48,ONLINE
CRD0052062,CARD0950,P00335,6513,8116.7,IN,2026-08-23 10:48:23,POS2447
CRD0052072,CARD0950,P00335,6513,3459.08,IN,2026-08-31 12:41:58,POS4036
CRD0052075,CARD0950,P00158,5311,2216.87,IN,2026-07-12 09:39:54,POS4670
CRD0052091,CARD0951,P00004,5411,323.45,IN,2026-08-23 11:29:08,ONLINE
CRD0052099,CARD0951,P00145,5411,1063.45,IN,2026-08-01 14:47:32,ONLINE
CRD0052101,CARD0951,P00378,5411,5064.17,IN,2026-07-12 14:51:20,ONLINE
CRD0052110,CARD0951,P00392,5812,1437.5,IN,2026-07-12 07:12:38,ONLINE
CRD0052119,CARD0951,P00145,5411,1036.84,IN,2026-07-21 17:15:53,POS8508
CRD0052120,CARD0951,P00250,4814,457.53,IN,2026-08-15 15:12:04,POS6366
CRD0052124,CARD0951,P00318,6513,4809.7,IN,2026-08-25 10:49:58,POS6292
CRD0052125,CARD0951,P00016,5411,4399.19,IN,2026-08-13 14:33:29,ONLINE
CRD0052126,CARD0951,P00193,5311,4726.44,IN,2026-07-13 15:40:19,POS6463
CRD0052134,CARD0952,P00131,5411,542.71,IN,2026-09-08 22:16:22,POS4435
CRD0052141,CARD0952,P00131,5411,1443.06,IN,2026-07-13 21:55:02,POS1237
CRD0052142,CARD0952,P00361,5411,751.82,IN,2026-08-14 16:44:32,POS7074
CRD0052144,CARD0952,P00277,6012,1014.52,IN,2026-09-10 18:09:50,POS9310
CRD0052150,CARD0952,P00016,5411,1174.45,IN,2026-07-23 01:43:08,POS1587
CRD0052155,CARD0952,P00005,4814,239.22,IN,2026-08-08 17:32:16,ONLINE
CRD0052156,CARD0952,P00037,6012,644.35,IN,2026-07-13 15:56:52,POS4219
CRD0052157,CARD0952,P00005,4814,291.42,IN,2026-07-26 19:01:49,POS4890
CRD0052158,CARD0952,P00274,6012,603.79,IN,2026-08-13 13:36:40,POS7716
CRD0052159,CARD0952,P00361,5411,1407.3,IN,2026-07-02 10:44:40,POS6946
CRD0052161,CARD0952,P00277,6012,956.12,IN,2026-07-13 13:47:43,POS6732
CRD0052167,CARD0952,P00033,6513,4148.64,IN,2026-08-15 11:12:56,POS7301
CRD0052169,CARD0952,P00005,4814,284.18,IN,2026-07-01 17:51:28,ONLINE
CRD0052174,CARD0953,P00111,6513,10614.09,IN,2026-08-13 12:30:22,ONLINE
CRD0052176,CARD0953,P00012,5541,4703.01,IN,2026-07-06 20:58:30,POS4563
CRD0052181,CARD0953,P00262,5812,3733.94,IN,2026-07-13 13:36:37,ONLINE
CRD0052187,CARD0953,P00012,5541,11396.46,IN,2026-08-31 12:25:27,ONLINE
CRD0052189,CARD0953,P00262,5812,2587.06,IN,2026-08-02 19:44:16,POS8710
CRD0052212,CARD0953,P00306,4814,2591.04,IN,2026-07-27 11:13:50,ONLINE
CRD0052220,CARD0953,P00111,6513,11667.28,IN,2026-07-31 19:01:12,POS3921
CRD0052229,CARD0954,P00316,5311,1577.13,IN,2026-07-31 11:52:54,ONLINE
CRD0052232,CARD0954,P00125,5812,976.25,IN,2026-07-02 13:33:31,ONLINE
CRD0052233,CARD0954,P00203,5541,1008.46,IN,2026-07-14 20:01:44,ONLINE
CRD0052235,CARD0954,P00125,5812,424.79,IN,2026-08-08 12:06:45,ONLINE
CRD0052236,CARD0954,P00203,5541,1174.15,IN,2026-09-06 11:39:46,ONLINE
CRD0052241,CARD0954,P00377,5311,6568.76,IN,2026-07-29 00:02:23,POS2355
CRD0052242,CARD0954,P00257,6012,3783.0,IN,2026-07-03 17:39:52,ONLINE
CRD0052256,CARD0954,P00257,6012,1216.57,IN,2026-09-03 15:55:53,ONLINE
CRD0052258,CARD0954,P00281,6513,11999.63,IN,2026-09-13 17:30:50,POS9098
CRD0052260,CARD0954,P00156,6012,1751.54,IN,2026-09-13 22:43:35,ONLINE
CRD0052270,CARD0955,P00062,6012,1756.01,IN,2026-08-28 01:36:44,POS8525
CRD0052274,CARD0955,P00048,5812,152.81,IN,2026-07-25 14:50:30,ONLINE
CRD0052281,CARD0955,P00115,5411,1520.86,IN,2026-07-25 17:58:11,POS9221
CRD0052283,CARD0955,P00384,6513,5302.6,IN,2026-09-08 10:11:26,ONLINE
CRD0052285,CARD0955,P00013,5311,1017.59,IN,2026-07-21 16:17:38,POS7589
CRD0052288,CARD0955,P00009,6012,1315.16,IN,2026-09-11 15:48:04,ONLINE
CRD0052297,CARD0955,P00108,5311,4356.95,IN,2026-07-13 16:10:57,ONLINE
CRD0052298,CARD0955,P00384,6513,3552.08,IN,2026-08-26 19:23:27,ONLINE
CRD0052300,CARD0955,P00384,6513,5203.42,IN,2026-08-01 21:54:12,POS6427
CRD0052302,CARD0955,P00067,8011,1912.25,IN,2026-07-04 22:23:49,POS8939
CRD0052304,CARD0955,P00363,5541,1435.96,IN,2026-08-13 16:11:32,ONLINE
CRD0052313,CARD0956,P00392,5812,430.3,IN,2026-09-12 10:32:22,ONLINE
CRD0052314,CARD0956,P00096,7832,903.63,IN,2026-08-30 19:24:08,POS9235
CRD0052320,CARD0956,P00288,5812,299.01,IN,2026-08-26 12:59:19,ONLINE
CRD0052325,CARD0956,P00296,5812,579.67,IN,2026-08-27 12:26:34,ONLINE
CRD0052328,CARD0956,P00011,6012,838.67,IN,2026-08-14 11:36:32,POS5449
CRD0052335,CARD0956,P00281,6513,4161.81,IN,2026-07-23 18:25:10,ONLINE
CRD0052338,CARD0956,P00296,5812,1554.39,IN,2026-08-14 12:57:18,ONLINE
CRD0052341,CARD0956,P00284,6012,826.94,IN,2026-07-17 15:30:04,POS6259
CRD0052342,CARD0956,P00284,6012,2021.18,IN,2026-09-03 18:10:46,ONLINE
CRD0052352,CARD0956,P00296,5812,262.78,IN,2026-08-07 10:40:12,ONLINE
CRD0052354,CARD0956,P00284,6012,1376.06,IN,2026-09-10 19:33:17,POS1051
CRD0052355,CARD0956,P00281,6513,9474.7,IN,2026-07-02 13:01:33,ONLINE
CRD0052358,CARD0956,P00281,6513,6086.74,IN,2026-07-11 09:34:47,POS5119
CRD0052362,CARD0956,P00288,5812,273.17,IN,2026-08-18 08:38:10,POS1521
CRD0052363,CARD0956,P00292,5541,767.11,IN,2026-09-13 17:11:07,POS8408
CRD0052365,CARD0956,P00096,7832,623.67,IN,2026-08-23 15:50:55,POS8315
CRD0052377,CARD0957,P00007,5812,430.5,IN,2026-07-02 12:11:14,ONLINE
CRD0052381,CARD0957,P00287,4900,2822.52,IN,2026-07-31 07:17:33,ONLINE
CRD0052388,CARD0957,P00276,7832,651.94,IN,2026-08-10 14:03:17,ONLINE
CRD0052390,CARD0957,P00073,6012,938.62,IN,2026-07-20 14:20:32,POS2522
CRD0052401,CARD0957,P00300,6012,1294.37,IN,2026-08-12 07:25:53,ONLINE
CRD0052403,CARD0957,P00397,5311,5621.04,IN,2026-08-13 21:22:55,POS2584
CRD0052407,CARD0957,P00007,5812,531.4,IN,2026-08-27 13:53:23,ONLINE
CRD0052409,CARD0957,P00339,7832,147.39,IN,2026-07-05 16:36:01,POS1041
CRD0052410,CARD0957,P00291,5812,990.84,IN,2026-07-05 21:48:22,POS9379
CRD0052414,CARD0957,P00133,4900,2881.26,IN,2026-09-06 14:41:50,ONLINE
CRD0052418,CARD0957,P00067,8011,1968.56,IN,2026-07-01 17:40:14,ONLINE
CRD0052420,CARD0957,P00397,5311,3847.04,IN,2026-07-23 21:43:56,POS9498
CRD0052423,CARD0957,P00007,5812,356.3,IN,2026-08-30 10:04:24,ONLINE
CRD0052425,CARD0957,P00315,4900,1806.97,IN,2026-07-20 20:03:15,ONLINE
CRD0052433,CARD0958,P00122,8011,1003.07,IN,2026-07-15 17:13:39,POS5893
CRD0052435,CARD0958,P00240,6012,2093.4,IN,2026-08-16 14:27:11,ONLINE
CRD0052436,CARD0958,P00322,6012,1420.5,IN,2026-07-07 22:23:31,ONLINE
CRD0052437,CARD0958,P00252,5411,573.29,IN,2026-07-29 18:45:57,POS3235
CRD0052440,CARD0958,P00272,5812,2723.78,IN,2026-08-15 12:41:35,ONLINE
CRD0052441,CARD0958,P00396,5411,970.28,IN,2026-09-01 20:05:17,POS1978
CRD0052443,CARD0958,P00096,7832,850.87,IN,2026-09-13 19:24:25,POS5331
CRD0052445,CARD0958,P00322,6012,1094.9,IN,2026-07-16 12:37:33,ONLINE
CRD0052447,CARD0958,P00096,7832,987.29,IN,2026-07-10 08:52:01,POS9647
CRD0052457,CARD0958,P00042,5311,5220.87,IN,2026-08-12 04:18:24,POS8564
CRD0052463,CARD0958,P00239,5411,1551.99,IN,2026-07-08 11:28:09,ONLINE
CRD0052469,CARD0958,P00096,7832,1043.96,IN,2026-09-09 18:45:42,ONLINE
CRD0052473,CARD0958,P00396,5411,3714.42,IN,2026-07-18 17:53:36,POS6690
CRD0052478,CARD0958,P00122,8011,3029.01,IN,2026-08-10 10:06:50,POS5540
CRD0052480,CARD0958,P00003,4814,464.01,IN,2026-07-10 07:37:32,ONLINE
CRD0052487,CARD0958,P00209,5411,1111.02,IN,2026-09-01 09:33:30,POS5250
CRD0052491,CARD0958,P00161,5812,629.3,IN,2026-08-02 02:01:28,ONLINE
CRD0052493,CARD0958,P00003,4814,2449.18,IN,2026-07-22 08:18:34,ONLINE
CRD0052499,CARD0959,P00005,4814,614.43,IN,2026-08-25 21:27:46,ONLINE
CRD0052517,CARD0959,P00202,5541,20275.62,IN,2026-08-22 22:57:25,ONLINE
CRD0052518,CARD0959,P00242,4900,4037.04,IN,2026-07-21 09:26:00,POS5558
CRD0052521,CARD0959,P00378,5411,4568.25,IN,2026-09-03 09:06:36,POS5914
CRD0052522,CARD0959,P00035,7832,1612.02,IN,2026-07-03 16:26:12,POS2121
CRD0052524,CARD0959,P00242,4900,850.15,IN,2026-08-11 14:38:30,ONLINE
CRD0052527,CARD0959,P00255,5311,4462.38,IN,2026-08-16 22:19:03,POS5488
CRD0052531,CARD0959,P00163,5411,1449.35,IN,2026-07-20 18:08:03,ONLINE
CRD0052542,CARD0959,P00035,7832,2681.13,IN,2026-07-11 18:37:52,POS6342
CRD0052544,CARD0959,P00035,7832,475.87,IN,2026-09-10 18:09:33,ONLINE
CRD0052545,CARD0959,P00119,5812,1047.22,IN,2026-08-07 20:59:21,ONLINE
CRD0052550,CARD0960,P00062,6012,1432.91,IN,2026-07-30 12:28:52,ONLINE
CRD0052554,CARD0960,P00243,6012,5560.28,IN,2026-08-14 06:09:14,POS4448
CRD0052559,CARD0960,P00221,5812,838.08,IN,2026-07-31 18:58:37,ONLINE
CRD0052562,CARD0960,P00061,5411,2889.32,IN,2026-08-02 12:57:30,POS9203
CRD0052563,CARD0960,P00017,5411,2408.83,IN,2026-08-26 17:59:35,POS1475
CRD0052568,CARD0960,P00117,5411,881.04,IN,2026-07-27 09:50:38,POS9122
CRD0052569,CARD0960,P00158,5311,5208.76,IN,2026-08-05 08:45:27,POS4828
CRD0052574,CARD0960,P00017,5411,264.06,IN,2026-07-25 15:48:00,POS9122
CRD0052584,CARD0960,P00025,5311,2831.37,IN,2026-07-02 20:04:02,POS2015
CRD0052585,CARD0960,P00061,5411,1900.87,IN,2026-08-15 09:52:53,ONLINE
CRD0052592,CARD0960,P00003,4814,612.03,IN,2026-07-06 22:38:23,POS3921
CRD0052593,CARD0960,P00199,5812,1169.6,IN,2026-08-11 15:37:15,ONLINE
CRD0052598,CARD0960,P00017,5411,2291.86,IN,2026-08-12 14:17:46,ONLINE
CRD0052599,CARD0960,P00158,5311,3093.58,IN,2026-09-04 11:45:29,ONLINE
CRD0052601,CARD0960,P00017,5411,5177.83,IN,2026-08-27 18:15:29,POS2250
CRD0052602,CARD0960,P00030,8011,4367.55,IN,2026-08-10 20:54:23,POS8179
CRD0052610,CARD0960,P00243,6012,1368.39,IN,2026-08-22 13:42:58,POS4403
CRD0052613,CARD0960,P00158,5311,6107.26,IN,2026-08-07 19:29:38,ONLINE
CRD0052620,CARD0961,P00076,5411,1332.41,IN,2026-07-03 09:10:39,POS1803
CRD0052626,CARD0961,P00105,5541,2633.92,IN,2026-08-08 14:14:26,ONLINE
CRD0052628,CARD0961,P00368,4814,168.74,IN,2026-07-02 10:37:37,POS1062
CRD0052631,CARD0961,P00069,5311,1644.0,IN,2026-08-14 01:19:50,POS7286
CRD0052632,CARD0961,P00105,5541,4112.23,IN,2026-08-21 23:31:33,POS8258
CRD0052634,CARD0961,P00186,4900,1410.28,IN,2026-07-02 09:54:15,ONLINE
CRD0052635,CARD0961,P00186,4900,1901.56,IN,2026-09-09 15:36:09,POS4628
CRD0052641,CARD0961,P00399,4814,402.32,IN,2026-07-10 19:57:56,POS5232
CRD0052646,CARD0961,P00081,5411,1866.17,IN,2026-07-31 17:34:34,ONLINE
CRD0052647,CARD0961,P00120,5411,2423.33,IN,2026-07-26 15:46:16,ONLINE
CRD0052648,CARD0961,P00125,5812,198.73,IN,2026-08-19 08:28:20,ONLINE
CRD0052656,CARD0961,P00059,6012,4394.97,IN,2026-08-09 18:44:28,POS4519
CRD0052660,CARD0961,P00145,5411,556.85,IN,2026-07-15 13:14:36,POS2516
CRD0052661,CARD0961,P00105,5541,1356.11,IN,2026-07-27 17:25:03,POS3233
CRD0052662,CARD0961,P00063,5812,646.0,IN,2026-07-06 22:42:14,ONLINE
CRD0052669,CARD0961,P00063,5812,970.9,IN,2026-07-22 22:11:42,POS4296
CRD0052679,CARD0961,P00160,4722,2957.4,IN,2026-09-03 19:11:04,ONLINE
CRD0052687,CARD0961,P00145,5411,1054.1,IN,2026-07-06 12:35:30,POS8250
CRD0052689,CARD0961,P00242,4900,2892.99,IN,2026-08-22 22:39:35,ONLINE
CRD0052690,CARD0961,P00145,5411,1290.2,IN,2026-09-05 15:40:13,ONLINE
CRD0052692,CARD0961,P00368,4814,729.15,IN,2026-07-30 17:46:01,ONLINE
CRD0052693,CARD0961,P00105,5541,1466.2,IN,2026-08-28 18:04:54,POS7442
CRD0052695,CARD0961,P00242,4900,1789.69,IN,2026-08-12 17:59:40,POS6458
CRD0052696,CARD0961,P00125,5812,508.63,IN,2026-08-14 12:09:53,POS9071
CRD0052706,CARD0961,P00293,5812,285.04,IN,2026-09-02 12:32:29,POS6721
CRD0052713,CARD0961,P00059,6012,4830.35,IN,2026-08-31 20:01:58,ONLINE
CRD0052715,CARD0961,P00145,5411,1282.14,IN,2026-08-05 12:05:48,ONLINE
CRD0052717,CARD0961,P00186,4900,1237.62,IN,2026-08-23 09:59:12,ONLINE
CRD0052719,CARD0961,P00063,5812,481.85,IN,2026-07-09 15:46:00,ONLINE
CRD0052729,CARD0961,P00145,5411,1148.26,IN,2026-07-20 16:09:58,POS2685
CRD0052732,CARD0961,P00125,5812,263.37,IN,2026-08-12 19:33:56,POS2773
CRD0052737,CARD0962,P00123,5812,1248.23,IN,2026-08-11 12:21:52,ONLINE
CRD0052738,CARD0962,P00285,4900,1127.04,IN,2026-08-19 09:39:41,POS2881
CRD0052749,CARD0962,P00204,4900,4946.0,IN,2026-08-30 15:52:02,POS6653
CRD0052750,CARD0962,P00190,4814,531.54,IN,2026-07-05 18:08:23,POS5719
CRD0052751,CARD0962,P00252,5411,718.05,IN,2026-08-19 10:36:46,POS6638
CRD0052752,CARD0962,P00274,6012,1707.08,IN,2026-08-10 08:46:27,POS5737
CRD0052757,CARD0962,P00341,5812,348.92,IN,2026-07-02 19:32:09,ONLINE
CRD0052759,CARD0962,P00341,5812,730.15,IN,2026-07-30 07:21:35,ONLINE
CRD0052764,CARD0962,P00204,4900,1772.62,IN,2026-08-27 19:31:55,ONLINE
CRD0052768,CARD0962,P00341,5812,874.33,IN,2026-08-30 18:40:23,ONLINE
CRD0052769,CARD0962,P00231,4814,793.06,IN,2026-07-04 11:45:32,POS1142
CRD0052776,CARD0963,P00370,5812,308.1,IN,2026-09-10 18:39:07,POS5497
CRD0052781,CARD0963,P00392,5812,1264.55,IN,2026-07-23 12:01:55,ONLINE
CRD0052786,CARD0963,P00234,6012,971.83,IN,2026-07-22 18:41:31,ONLINE
CRD0052796,CARD0963,P00159,5541,1001.59,IN,2026-07-01 15:04:07,POS9899
CRD0052797,CARD0963,P00074,4722,4243.05,IN,2026-08-05 11:13:17,ONLINE
CRD0052807,CARD0963,P00205,6012,2245.83,IN,2026-08-15 12:59:14,POS9041
CRD0052808,CARD0963,P00274,6012,833.37,IN,2026-08-18 14:34:14,ONLINE
CRD0052816,CARD0963,P00084,7832,420.07,IN,2026-08-15 17:17:34,ONLINE
CRD0052824,CARD0963,P00234,6012,497.46,IN,2026-08-14 11:53:25,POS4692
CRD0052832,CARD0964,P00350,6012,909.46,IN,2026-07-07 22:00:19,ONLINE
CRD0052838,CARD0964,P00045,5311,3160.7,IN,2026-09-10 16:39:30,ONLINE
CRD0052850,CARD0964,P00350,6012,779.05,IN,2026-07-11 19:55:37,POS7909
CRD0052855,CARD0964,P00018,5812,306.56,IN,2026-08-20 21:48:22,ONLINE
CRD0052861,CARD0964,P00014,6012,2764.32,IN,2026-08-29 20:01:28,ONLINE
CRD0052868,CARD0964,P00271,5541,1627.13,IN,2026-08-31 06:03:41,POS5143
CRD0052869,CARD0964,P00018,5812,1546.37,IN,2026-08-13 07:12:55,POS2475
CRD0052872,CARD0964,P00271,5541,2132.64,IN,2026-09-04 07:32:46,POS8836
CRD0052884,CARD0965,P00358,6513,3086.89,IN,2026-08-10 19:11:37,ONLINE
CRD0052886,CARD0965,P00156,6012,782.69,IN,2026-08-06 09:42:24,POS3074
CRD0052888,CARD0965,P00075,5812,226.09,IN,2026-07-21 10:02:10,POS1757
CRD0052892,CARD0965,P00332,5311,1453.24,IN,2026-07-09 10:00:50,ONLINE
CRD0052897,CARD0965,P00133,4900,3314.49,IN,2026-09-01 18:24:30,ONLINE
CRD0052898,CARD0965,P00133,4900,1573.3,IN,2026-09-01 17:44:22,POS3782
CRD0052907,CARD0965,P00133,4900,1253.73,IN,2026-08-20 20:24:14,ONLINE
CRD0052909,CARD0965,P00332,5311,1849.65,IN,2026-07-20 06:26:31,ONLINE
CRD0052910,CARD0965,P00244,5541,1093.23,IN,2026-08-26 13:42:41,ONLINE
CRD0052913,CARD0965,P00133,4900,761.11,IN,2026-07-13 18:00:40,ONLINE
CRD0052914,CARD0965,P00075,5812,342.84,IN,2026-08-06 14:56:07,ONLINE
CRD0052915,CARD0965,P00075,5812,125.04,IN,2026-09-02 04:39:49,ONLINE
CRD0052916,CARD0965,P00358,6513,4025.87,IN,2026-09-04 12:13:15,ONLINE
CRD0052932,CARD0966,P00028,5411,576.1,IN,2026-08-26 14:22:53,ONLINE
CRD0052933,CARD0966,P00095,5812,301.27,IN,2026-08-06 10:57:38,ONLINE
CRD0052936,CARD0966,P00074,4722,3121.3,IN,2026-09-12 16:10:41,ONLINE
CRD0052938,CARD0966,P00143,5411,278.07,IN,2026-07-07 12:41:07,ONLINE
CRD0052945,CARD0966,P00277,6012,1165.64,IN,2026-07-30 20:32:34,POS4168
CRD0052947,CARD0966,P00326,5812,842.27,IN,2026-08-27 18:07:41,ONLINE
CRD0052948,CARD0966,P00240,6012,1372.28,IN,2026-08-05 19:01:37,POS5735
CRD0052950,CARD0966,P00100,8011,2869.73,IN,2026-07-20 14:25:16,ONLINE
CRD0052952,CARD0966,P00095,5812,616.58,IN,2026-07-03 21:16:38,ONLINE
CRD0052953,CARD0966,P00326,5812,387.05,IN,2026-09-03 09:57:16,ONLINE
CRD0052955,CARD0966,P00074,4722,2829.96,IN,2026-09-12 08:01:51,POS8874
CRD0052956,CARD0966,P00235,4722,4788.54,IN,2026-07-22 09:22:32,ONLINE
CRD0052959,CARD0966,P00234,6012,1054.32,IN,2026-07-30 17:47:43,POS6401
CRD0052963,CARD0966,P00092,5411,1568.89,IN,2026-08-12 11:17:34,POS9258
CRD0052964,CARD0966,P00092,5411,2592.52,IN,2026-07-21 08:03:19,POS3591
CRD0052965,CARD0966,P00235,4722,5065.95,IN,2026-09-02 20:01:04,ONLINE
CRD0052966,CARD0966,P00011,6012,2360.97,IN,2026-08-09 14:15:11,ONLINE
CRD0052968,CARD0966,P00277,6012,1906.86,IN,2026-07-31 11:33:27,POS2388
CRD0052984,CARD0967,P00340,4900,5894.92,IN,2026-07-25 22:51:30,ONLINE
CRD0052986,CARD0967,P00220,8011,2857.48,IN,2026-07-19 10:52:27,POS8758
CRD0052992,CARD0967,P00115,5411,2190.4,IN,2026-07-17 23:30:40,POS1617
CRD0052995,CARD0967,P00017,5411,3873.31,IN,2026-08-09 18:04:34,POS6961
CRD0052997,CARD0967,P00220,8011,3649.27,IN,2026-07-24 01:40:15,POS5793
CRD0053001,CARD0967,P00147,8011,1639.93,IN,2026-07-29 18:17:04,ONLINE
CRD0053002,CARD0967,P00351,4814,2391.08,IN,2026-07-25 17:05:54,POS4835
CRD0053005,CARD0967,P00111,6513,9100.28,IN,2026-08-15 12:58:59,POS6656
CRD0053006,CARD0967,P00343,4900,2412.85,IN,2026-07-20 17:53:06,ONLINE
CRD0053007,CARD0967,P00115,5411,6572.5,IN,2026-08-07 08:04:52,ONLINE
CRD0053010,CARD0967,P00351,4814,1172.19,IN,2026-07-04 20:33:49,ONLINE
CRD0053020,CARD0968,P00253,4814,4151.79,IN,2026-08-16 13:20:41,POS3469
CRD0053021,CARD0968,P00211,7832,4667.28,IN,2026-08-29 11:47:43,POS2309
CRD0053022,CARD0968,P00372,4814,2859.49,IN,2026-09-03 12:16:40,POS8203
CRD0053024,CARD0968,P00339,7832,1070.34,IN,2026-08-16 12:47:02,ONLINE
CRD0053029,CARD0968,P00007,5812,651.51,IN,2026-08-29 18:35:42,ONLINE
CRD0053032,CARD0968,P00211,7832,788.07,IN,2026-07-02 18:00:48,POS3513
CRD0053033,CARD0968,P00007,5812,1215.91,IN,2026-07-02 15:59:23,POS4712
CRD0053035,CARD0968,P00344,5411,1039.84,IN,2026-07-05 11:21:56,ONLINE
CRD0053036,CARD0968,P00332,5311,17522.33,IN,2026-08-04 06:38:08,POS1730
CRD0053038,CARD0968,P00395,5311,4547.4,IN,2026-07-13 13:45:30,POS9898
CRD0053040,CARD0968,P00253,4814,826.14,IN,2026-07-19 17:09:39,ONLINE
CRD0053044,CARD0968,P00253,4814,701.92,IN,2026-07-08 16:12:26,POS1821
CRD0053045,CARD0968,P00007,5812,889.83,IN,2026-09-07 17:59:56,ONLINE
CRD0053046,CARD0968,P00395,5311,7701.14,IN,2026-07-18 20:13:15,POS3973
CRD0053047,CARD0968,P00267,5812,2022.56,IN,2026-08-05 07:39:46,ONLINE
CRD0053048,CARD0968,P00335,6513,27189.66,IN,2026-08-15 21:13:30,POS4737
CRD0053055,CARD0968,P00394,4814,1335.51,IN,2026-07-29 09:18:08,POS5155
CRD0053056,CARD0968,P00372,4814,828.91,IN,2026-08-11 20:59:34,POS5707
CRD0053057,CARD0968,P00211,7832,1053.94,IN,2026-07-07 07:29:15,ONLINE
CRD0053064,CARD0968,P00147,8011,4717.29,IN,2026-09-08 05:24:44,ONLINE
CRD0053066,CARD0968,P00253,4814,3524.05,IN,2026-07-24 23:34:10,ONLINE
CRD0053072,CARD0968,P00091,5541,1530.97,IN,2026-08-01 22:56:54,POS2353
CRD0053073,CARD0968,P00237,7832,1429.03,IN,2026-07-13 08:11:10,POS6695
CRD0053074,CARD0968,P00395,5311,2350.2,IN,2026-07-24 12:04:13,POS8355
CRD0053077,CARD0968,P00321,5812,497.6,IN,2026-09-12 02:15:46,POS2416
CRD0053086,CARD0968,P00007,5812,725.28,IN,2026-07-16 09:37:00,POS4087
CRD0053090,CARD0969,P00265,5411,4406.75,IN,2026-08-11 17:57:58,ONLINE
CRD0053092,CARD0969,P00020,7832,2516.51,IN,2026-08-14 20:29:30,ONLINE
CRD0053094,CARD0969,P00263,5311,7234.3,IN,2026-08-08 14:42:05,POS6042
CRD0053104,CARD0969,P00129,5311,2040.61,IN,2026-08-03 18:11:58,ONLINE
CRD0053106,CARD0969,P00188,5812,1303.78,IN,2026-07-06 12:21:38,ONLINE
CRD0053109,CARD0969,P00085,4900,3284.03,IN,2026-09-02 20:39:22,ONLINE
CRD0053112,CARD0969,P00203,5541,2740.18,IN,2026-07-01 18:46:21,ONLINE
CRD0053114,CARD0969,P00374,6513,15284.94,IN,2026-07-23 15:01:29,POS7144
CRD0053120,CARD0969,P00129,5311,15327.5,IN,2026-08-30 10:13:06,ONLINE
CRD0053125,CARD0969,P00110,7832,1506.12,IN,2026-07-24 09:42:16,POS1512
CRD0053130,CARD0969,P00110,7832,3263.42,IN,2026-07-21 11:10:53,POS6750
CRD0053131,CARD0969,P00384,6513,8138.28,IN,2026-07-01 21:16:20,POS8659
CRD0053134,CARD0969,P00265,5411,4471.82,IN,2026-07-17 11:19:29,ONLINE
CRD0053136,CARD0969,P00203,5541,4052.53,IN,2026-08-05 20:35:03,POS8211
CRD0053137,CARD0969,P00265,5411,1281.83,IN,2026-07-02 21:06:00,POS7766
CRD0053143,CARD0969,P00195,6012,2145.7,IN,2026-08-18 12:31:20,POS3509
CRD0053145,CARD0969,P00153,5411,3343.86,IN,2026-09-02 11:06:59,POS3226
CRD0053147,CARD0969,P00252,5411,3362.35,IN,2026-08-03 23:46:20,ONLINE
CRD0053148,CARD0969,P00289,5812,2352.43,IN,2026-07-13 15:57:03,POS5794
CRD0053149,CARD0969,P00189,5812,490.28,IN,2026-08-05 13:30:36,ONLINE
CRD0053150,CARD0969,P00252,5411,2442.4,IN,2026-09-07 09:25:53,POS2329
CRD0053153,CARD0969,P00085,4900,5593.83,IN,2026-09-06 12:35:52,POS2927
CRD0053156,CARD0969,P00195,6012,2820.82,IN,2026-09-07 17:21:48,ONLINE
CRD0053162,CARD0969,P00195,6012,2269.63,IN,2026-07-01 17:04:20,POS9816
CRD0053165,CARD0969,P00188,5812,1582.23,IN,2026-07-24 17:15:58,POS7948
CRD0053172,CARD0969,P00188,5812,952.11,IN,2026-08-29 09:41:15,ONLINE
CRD0053175,CARD0969,P00384,6513,7207.55,IN,2026-08-10 03:13:53,POS3545
CRD0053178,CARD0969,P00265,5411,1966.41,IN,2026-07-17 02:54:21,POS1570
CRD0053179,CARD0969,P00195,6012,7874.28,IN,2026-08-14 15:28:40,POS1106
CRD0053180,CARD0969,P00110,7832,1051.32,IN,2026-08-17 15:37:40,ONLINE
CRD0053182,CARD0969,P00110,7832,1976.17,IN,2026-07-09 20:26:32,ONLINE
CRD0053189,CARD0970,P00278,5541,1460.32,IN,2026-08-14 21:24:59,ONLINE
CRD0053194,CARD0970,P00177,5812,359.71,IN,2026-08-28 10:55:17,ONLINE
CRD0053200,CARD0970,P00266,5541,439.05,IN,2026-07-18 18:13:24,POS8281
CRD0053204,CARD0970,P00352,4814,712.14,IN,2026-08-01 14:59:47,ONLINE
CRD0053206,CARD0970,P00107,4900,1274.43,IN,2026-08-21 09:49:43,POS5952
CRD0053207,CARD0970,P00107,4900,1869.62,IN,2026-08-22 12:15:22,POS2766
CRD0053215,CARD0970,P00172,5541,2699.61,IN,2026-07-14 16:01:00,POS8561
CRD0053216,CARD0970,P00372,4814,573.7,IN,2026-09-08 06:27:18,POS3045
CRD0053217,CARD0970,P00107,4900,1901.4,IN,2026-07-20 15:55:24,POS1594
CRD0053223,CARD0970,P00372,4814,430.09,IN,2026-08-27 20:13:48,POS2937
CRD0053225,CARD0970,P00049,5411,1678.4,IN,2026-07-08 20:44:08,ONLINE
CRD0053226,CARD0970,P00352,4814,643.21,IN,2026-07-31 21:00:07,ONLINE
CRD0053230,CARD0970,P00218,5812,424.6,IN,2026-07-21 16:14:27,ONLINE
CRD0053235,CARD0970,P00107,4900,3376.46,IN,2026-07-18 13:23:51,ONLINE
CRD0053241,CARD0970,P00107,4900,8261.08,IN,2026-09-01 19:25:03,ONLINE
CRD0053244,CARD0970,P00107,4900,5458.48,IN,2026-09-03 12:49:43,POS2349
CRD0053247,CARD0970,P00172,5541,1934.23,IN,2026-08-28 07:57:48,ONLINE
CRD0053252,CARD0970,P00372,4814,775.29,IN,2026-08-30 21:54:32,POS9707
CRD0053259,CARD0970,P00372,4814,517.05,IN,2026-09-01 13:44:02,ONLINE
CRD0053261,CARD0970,P00262,5812,270.32,IN,2026-07-01 15:26:36,ONLINE
CRD0053262,CARD0970,P00249,4814,1128.81,IN,2026-09-02 10:33:16,ONLINE
CRD0053270,CARD0971,P00353,5311,6460.24,IN,2026-09-02 19:07:25,ONLINE
CRD0053273,CARD0971,P00178,8011,6969.03,IN,2026-08-01 20:30:20,POS2092
CRD0053276,CARD0971,P00210,4900,3151.48,IN,2026-09-03 20:18:40,ONLINE
CRD0053279,CARD0971,P00063,5812,747.19,IN,2026-09-10 06:44:58,POS6237
CRD0053281,CARD0971,P00353,5311,5745.75,IN,2026-08-19 07:10:05,POS8965
CRD0053285,CARD0971,P00209,5411,2987.74,IN,2026-07-20 17:56:53,ONLINE
CRD0053288,CARD0971,P00063,5812,703.8,IN,2026-08-27 23:54:51,POS6329
CRD0053301,CARD0972,P00275,5541,467.09,IN,2026-08-23 01:58:13,ONLINE
CRD0053304,CARD0972,P00020,7832,323.45,IN,2026-07-28 10:08:51,ONLINE
CRD0053314,CARD0972,P00275,5541,442.99,IN,2026-08-20 11:59:49,ONLINE
CRD0053315,CARD0972,P00275,5541,2138.45,IN,2026-07-08 19:42:27,POS4206
CRD0053316,CARD0972,P00277,6012,404.66,IN,2026-09-13 22:00:12,ONLINE
CRD0053323,CARD0972,P00089,4722,2002.03,IN,2026-09-03 14:48:32,POS5853
CRD0053324,CARD0972,P00275,5541,1030.28,IN,2026-08-01 19:47:50,ONLINE
CRD0053329,CARD0972,P00089,4722,996.12,IN,2026-08-30 20:21:46,ONLINE
CRD0053332,CARD0972,P00136,5812,490.75,IN,2026-08-26 14:50:38,POS1793
CRD0053338,CARD0972,P00176,6012,1157.13,IN,2026-08-22 15:03:11,ONLINE
CRD0053344,CARD0973,P00025,5311,4864.59,IN,2026-07-02 18:34:48,POS8592
CRD0053345,CARD0973,P00315,4900,4562.36,IN,2026-09-04 08:48:45,ONLINE
CRD0053351,CARD0973,P00315,4900,2420.45,IN,2026-09-10 18:16:54,ONLINE
CRD0053352,CARD0973,P00155,7832,846.9,IN,2026-08-17 10:12:17,ONLINE
CRD0053353,CARD0973,P00155,7832,3552.32,IN,2026-08-04 09:52:20,ONLINE
CRD0053359,CARD0973,P00066,4722,4774.08,IN,2026-08-08 21:35:57,POS4816
CRD0053370,CARD0973,P00271,5541,1291.35,IN,2026-08-25 20:25:50,POS7282
CRD0053376,CARD0973,P00271,5541,2435.11,IN,2026-09-09 16:43:48,ONLINE
CRD0053381,CARD0973,P00278,5541,1573.5,IN,2026-08-15 08:09:39,POS3391
CRD0053383,CARD0973,P00025,5311,2948.56,IN,2026-08-30 21:47:42,POS9777
CRD0053387,CARD0973,P00127,6012,1889.35,IN,2026-08-29 12:45:34,ONLINE
CRD0053393,CARD0974,P00366,5812,551.83,IN,2026-08-16 10:54:15,ONLINE
CRD0053395,CARD0974,P00369,5411,1634.89,IN,2026-07-07 18:36:10,ONLINE
CRD0053396,CARD0974,P00141,4900,6215.31,IN,2026-09-08 08:28:53,ONLINE
CRD0053400,CARD0974,P00357,6012,3715.41,IN,2026-08-06 19:48:21,ONLINE
CRD0053401,CARD0974,P00369,5411,3391.91,IN,2026-08-02 20:05:14,ONLINE
CRD0053411,CARD0974,P00335,6513,3993.79,IN,2026-08-15 14:03:41,ONLINE
CRD0053416,CARD0974,P00369,5411,2236.91,IN,2026-08-08 14:14:44,POS4619
CRD0053420,CARD0974,P00141,4900,3555.46,IN,2026-09-09 12:05:58,POS6044
CRD0053423,CARD0974,P00382,5812,682.71,IN,2026-08-25 14:04:38,POS7247
CRD0053426,CARD0974,P00140,5411,1681.53,IN,2026-07-31 11:14:32,POS6792
CRD0053438,CARD0975,P00382,5812,1842.36,IN,2026-09-09 12:13:37,POS2684
CRD0053445,CARD0975,P00001,6012,1705.54,IN,2026-07-19 07:22:55,ONLINE
CRD0053448,CARD0975,P00181,4722,3982.7,IN,2026-09-09 07:31:36,ONLINE
CRD0053453,CARD0975,P00181,4722,1465.66,IN,2026-07-01 15:12:50,ONLINE
CRD0053456,CARD0975,P00398,5541,1121.01,IN,2026-08-11 10:08:52,POS8807
CRD0053460,CARD0975,P00292,5541,4170.99,IN,2026-07-17 19:20:30,ONLINE
CRD0053462,CARD0975,P00170,6012,4208.8,IN,2026-08-23 17:27:46,ONLINE
CRD0053467,CARD0975,P00139,5311,2134.84,IN,2026-08-31 21:43:04,POS1235
CRD0053471,CARD0975,P00181,4722,1735.07,IN,2026-08-16 09:22:54,POS2212
CRD0053491,CARD0976,P00058,4814,870.1,IN,2026-07-12 21:16:51,ONLINE
CRD0053503,CARD0976,P00234,6012,4945.93,IN,2026-07-25 12:54:23,POS3344
CRD0053505,CARD0976,P00117,5411,1137.56,IN,2026-07-14 10:22:25,POS9180
CRD0053509,CARD0976,P00059,6012,973.95,IN,2026-09-07 09:49:18,POS1279
CRD0053513,CARD0976,P00363,5541,2535.08,IN,2026-09-03 12:06:46,POS1825
CRD0053514,CARD0976,P00363,5541,2140.88,IN,2026-07-10 19:42:19,POS5258
CRD0053518,CARD0976,P00378,5411,2321.25,IN,2026-08-08 08:27:11,ONLINE
CRD0053523,CARD0976,P00380,5411,783.53,IN,2026-07-06 19:47:03,POS2733
CRD0053525,CARD0976,P00378,5411,1602.62,IN,2026-08-28 21:11:31,ONLINE
CRD0053528,CARD0976,P00234,6012,1352.8,IN,2026-07-24 07:55:30,ONLINE
CRD0053537,CARD0976,P00058,4814,788.28,IN,2026-08-15 13:35:40,ONLINE
CRD0053553,CARD0977,P00014,6012,1082.09,IN,2026-08-12 18:30:21,POS1398
CRD0053554,CARD0977,P00063,5812,235.61,IN,2026-07-31 23:01:19,ONLINE
CRD0053556,CARD0977,P00239,5411,1237.11,IN,2026-07-06 19:28:08,POS5355
CRD0053560,CARD0977,P00391,5541,1271.43,IN,2026-08-06 21:34:33,POS3866
CRD0053567,CARD0977,P00283,5311,2877.92,IN,2026-08-04 09:27:54,POS6596
CRD0053570,CARD0977,P00003,4814,543.41,IN,2026-09-03 11:21:57,ONLINE
CRD0053571,CARD0977,P00246,5411,1844.37,IN,2026-07-15 16:44:54,ONLINE
CRD0053575,CARD0977,P00014,6012,1165.13,IN,2026-08-29 13:46:33,POS5299
CRD0053581,CARD0977,P00014,6012,1622.1,IN,2026-08-04 20:59:51,ONLINE
CRD0053587,CARD0977,P00343,4900,1585.53,IN,2026-09-07 06:24:26,ONLINE
CRD0053591,CARD0977,P00343,4900,2948.33,IN,2026-07-07 22:45:23,POS8366
CRD0053605,CARD0977,P00275,5541,4051.66,IN,2026-07-23 07:54:59,ONLINE
CRD0053610,CARD0977,P00171,5411,3237.52,IN,2026-07-29 05:17:45,ONLINE
CRD0053613,CARD0977,P00246,5411,1157.08,IN,2026-09-03 08:26:52,POS5048
CRD0053623,CARD0977,P00160,4722,3296.81,IN,2026-08-06 10:05:05,POS9442
CRD0053624,CARD0977,P00003,4814,277.38,IN,2026-08-11 09:04:41,POS9823
CRD0053628,CARD0977,P00246,5411,2805.51,IN,2026-07-22 05:06:08,ONLINE
CRD0053630,CARD0977,P00014,6012,731.4,IN,2026-08-18 17:01:46,ONLINE
CRD0053632,CARD0977,P00283,5311,3032.49,IN,2026-08-17 17:03:10,ONLINE
CRD0053633,CARD0977,P00003,4814,2005.98,IN,2026-07-19 12:38:59,ONLINE
CRD0053634,CARD0977,P00283,5311,4398.34,IN,2026-08-29 11:59:59,POS8042
CRD0053637,CARD0977,P00003,4814,746.91,IN,2026-08-13 15:45:41,ONLINE
CRD0053641,CARD0977,P00339,7832,1460.89,IN,2026-08-15 07:40:12,POS7039
CRD0053647,CARD0978,P00376,5812,322.6,IN,2026-07-25 09:44:02,ONLINE
CRD0053653,CARD0978,P00139,5311,2790.64,IN,2026-07-03 16:10:28,ONLINE
CRD0053659,CARD0978,P00088,5812,177.85,IN,2026-09-10 09:07:01,ONLINE
CRD0053660,CARD0978,P00291,5812,218.96,IN,2026-09-11 15:42:06,ONLINE
CRD0053661,CARD0978,P00376,5812,539.8,IN,2026-08-27 08:44:30,POS7437
CRD0053668,CARD0978,P00088,5812,261.19,IN,2026-08-15 16:20:24,ONLINE
CRD0053678,CARD0978,P00011,6012,1250.98,IN,2026-08-23 18:19:25,ONLINE
CRD0053679,CARD0978,P00052,5311,2186.44,IN,2026-08-28 11:39:25,POS4863
CRD0053681,CARD0978,P00376,5812,451.15,IN,2026-09-09 12:46:01,POS4385
CRD0053690,CARD0978,P00369,5411,434.96,IN,2026-08-27 19:10:45,POS4868
CRD0053692,CARD0978,P00139,5311,4479.7,IN,2026-09-03 19:16:14,POS3700
CRD0053698,CARD0979,P00299,5411,426.7,IN,2026-08-24 15:53:45,ONLINE
CRD0053713,CARD0979,P00006,5411,333.59,IN,2026-07-11 18:36:23,POS6305
CRD0053715,CARD0979,P00006,5411,645.42,IN,2026-09-03 09:35:52,ONLINE
CRD0053716,CARD0979,P00227,4814,569.61,IN,2026-07-26 21:44:56,ONLINE
CRD0053717,CARD0979,P00187,4722,974.05,IN,2026-08-23 13:45:30,ONLINE
CRD0053718,CARD0979,P00308,5812,506.48,IN,2026-09-07 13:48:24,POS8886
CRD0053720,CARD0979,P00114,4814,228.99,IN,2026-09-09 20:13:56,POS2378
CRD0053724,CARD0979,P00274,6012,886.99,IN,2026-08-20 16:11:32,POS4463
CRD0053725,CARD0979,P00114,4814,266.81,IN,2026-07-18 13:13:24,ONLINE
CRD0053726,CARD0979,P00187,4722,2877.04,IN,2026-07-23 13:22:45,POS8894
CRD0053728,CARD0979,P00114,4814,373.74,IN,2026-07-03 13:47:01,ONLINE
CRD0053729,CARD0979,P00006,5411,574.84,IN,2026-09-03 19:19:37,ONLINE
CRD0053732,CARD0979,P00015,4722,1433.26,IN,2026-07-17 18:16:48,ONLINE
CRD0053754,CARD0979,P00227,4814,219.09,IN,2026-08-02 13:58:51,ONLINE
CRD0053759,CARD0979,P00114,4814,81.39,IN,2026-07-12 13:49:18,POS2890
CRD0053761,CARD0979,P00361,5411,758.33,IN,2026-08-30 17:02:04,POS4635
CRD0053763,CARD0979,P00380,5411,313.7,IN,2026-08-27 15:20:20,ONLINE
CRD0053766,CARD0979,P00299,5411,855.51,IN,2026-07-21 14:54:26,POS3630
CRD0053767,CARD0979,P00006,5411,1643.31,IN,2026-09-11 20:46:29,ONLINE
CRD0053772,CARD0980,P00330,5812,3112.97,IN,2026-07-31 16:13:56,ONLINE
CRD0053773,CARD0980,P00019,4814,1687.91,IN,2026-07-13 10:17:02,POS4149
CRD0053774,CARD0980,P00373,6012,4171.9,IN,2026-07-07 11:07:52,POS5246
CRD0053776,CARD0980,P00108,5311,7927.06,IN,2026-08-22 09:10:15,ONLINE
CRD0053781,CARD0980,P00078,7832,3001.89,IN,2026-07-25 17:51:46,POS6264
CRD0053784,CARD0980,P00333,5812,573.95,IN,2026-08-31 11:47:48,ONLINE
CRD0053787,CARD0980,P00019,4814,579.19,IN,2026-07-15 19:17:37,POS8229
CRD0053789,CARD0980,P00290,5812,1597.01,IN,2026-07-09 14:45:57,POS9736
CRD0053792,CARD0980,P00078,7832,2222.6,IN,2026-07-07 00:50:46,ONLINE
CRD0053793,CARD0980,P00250,4814,1382.87,IN,2026-08-25 23:07:36,POS6896
CRD0053805,CARD0980,P00373,6012,1694.73,IN,2026-08-14 11:42:30,ONLINE
CRD0053814,CARD0980,P00032,5812,408.49,IN,2026-09-09 07:36:44,ONLINE
CRD0053815,CARD0980,P00209,5411,1347.58,IN,2026-09-02 10:07:50,ONLINE
CRD0053817,CARD0980,P00133,4900,10595.9,IN,2026-09-10 12:33:00,ONLINE
CRD0053820,CARD0980,P00250,4814,2056.96,IN,2026-08-04 08:35:01,POS5388
CRD0053821,CARD0980,P00023,4722,23296.86,IN,2026-08-08 16:09:15,POS8462
CRD0053831,CARD0981,P00290,5812,1237.42,IN,2026-07-07 20:32:23,ONLINE
CRD0053838,CARD0981,P00078,7832,990.97,IN,2026-08-02 10:14:58,POS1304
CRD0053845,CARD0981,P00031,6012,3998.18,IN,2026-07-07 18:11:34,ONLINE
CRD0053846,CARD0981,P00231,4814,1326.63,IN,2026-09-04 09:41:58,ONLINE
CRD0053853,CARD0981,P00031,6012,3654.45,IN,2026-08-02 15:00:20,POS6166
CRD0053854,CARD0981,P00031,6012,777.35,IN,2026-07-09 13:10:25,ONLINE
CRD0053855,CARD0981,P00102,4722,12973.22,IN,2026-09-06 10:59:54,POS7371
CRD0053864,CARD0981,P00133,4900,3357.62,IN,2026-07-25 01:41:45,ONLINE
CRD0053870,CARD0981,P00344,5411,6792.14,IN,2026-09-06 13:12:15,ONLINE
CRD0053874,CARD0981,P00031,6012,7584.54,IN,2026-08-31 20:57:31,ONLINE
CRD0053877,CARD0981,P00290,5812,697.12,IN,2026-07-25 06:52:49,ONLINE
CRD0053879,CARD0981,P00317,5812,912.26,IN,2026-09-04 08:37:19,POS5177
CRD0053890,CARD0982,P00398,5541,1847.7,IN,2026-09-02 11:29:38,POS1143
CRD0053896,CARD0982,P00031,6012,734.67,IN,2026-09-06 11:56:37,POS3253
CRD0053898,CARD0982,P00035,7832,522.95,IN,2026-08-29 16:07:10,POS3975
CRD0053901,CARD0982,P00153,5411,624.31,IN,2026-07-27 21:06:11,POS1162
CRD0053902,CARD0982,P00369,5411,3148.81,IN,2026-07-07 13:14:47,POS4797
CRD0053904,CARD0982,P00360,5541,1183.35,IN,2026-08-25 10:14:52,POS9408
CRD0053906,CARD0982,P00176,6012,1224.98,IN,2026-07-01 14:10:45,ONLINE
CRD0053907,CARD0982,P00005,4814,332.69,IN,2026-07-27 09:48:04,ONLINE
CRD0053908,CARD0982,P00301,5812,1290.7,IN,2026-09-05 14:03:15,POS2842
CRD0053909,CARD0982,P00005,4814,267.4,IN,2026-07-11 19:59:33,POS8698
CRD0053910,CARD0982,P00153,5411,823.73,IN,2026-07-09 11:50:50,ONLINE
CRD0053915,CARD0983,P00324,5311,1712.33,IN,2026-09-01 09:25:44,POS9336
CRD0053923,CARD0983,P00324,5311,961.84,IN,2026-07-27 15:53:52,POS9283
CRD0053925,CARD0983,P00096,7832,1539.63,IN,2026-07-23 22:19:00,POS6030
CRD0053934,CARD0983,P00172,5541,1269.49,IN,2026-08-19 20:14:32,POS3042
CRD0053939,CARD0983,P00386,6012,664.73,IN,2026-08-08 18:41:32,POS1180
CRD0053952,CARD0983,P00386,6012,1912.59,IN,2026-07-04 12:38:55,ONLINE
CRD0053955,CARD0983,P00324,5311,2892.66,IN,2026-07-03 12:52:09,ONLINE
CRD0053959,CARD0983,P00382,5812,276.52,IN,2026-07-14 20:19:48,POS9818
CRD0053972,CARD0983,P00212,5411,952.59,IN,2026-07-13 20:04:21,POS2339
CRD0053973,CARD0983,P00382,5812,844.0,IN,2026-08-03 20:11:51,POS3302
CRD0053976,CARD0983,P00212,5411,713.83,IN,2026-07-12 14:55:43,POS3949
CRD0053986,CARD0983,P00345,4722,1869.19,IN,2026-07-20 12:00:06,ONLINE
CRD0053988,CARD0983,P00275,5541,489.79,IN,2026-07-17 10:16:39,ONLINE
CRD0053991,CARD0983,P00060,7832,389.69,IN,2026-07-05 16:29:33,ONLINE
CRD0053993,CARD0983,P00120,5411,714.02,IN,2026-09-03 10:02:51,ONLINE
CRD0053997,CARD0983,P00126,4722,3513.58,IN,2026-08-06 08:09:29,POS6540
CRD0053999,CARD0983,P00195,6012,1675.37,IN,2026-08-30 18:18:06,ONLINE
CRD0054004,CARD0984,P00252,5411,1229.95,IN,2026-07-20 14:34:14,POS3432
CRD0054006,CARD0984,P00269,4900,477.34,IN,2026-07-05 21:07:13,POS3229
CRD0054013,CARD0984,P00160,4722,1990.41,IN,2026-08-15 15:17:19,ONLINE
CRD0054014,CARD0984,P00045,5311,3052.55,IN,2026-07-19 17:00:17,ONLINE
CRD0054022,CARD0984,P00055,5311,2968.16,IN,2026-08-19 20:39:42,ONLINE
CRD0054023,CARD0984,P00157,6513,3402.98,IN,2026-07-25 12:06:18,ONLINE
CRD0054040,CARD0985,P00093,5812,292.99,IN,2026-09-02 18:42:34,ONLINE
CRD0054041,CARD0985,P00134,5541,2775.06,IN,2026-09-06 16:28:10,ONLINE
CRD0054044,CARD0985,P00155,7832,803.8,IN,2026-09-13 11:05:44,POS6094
CRD0054046,CARD0985,P00015,4722,1882.17,IN,2026-08-10 18:46:26,ONLINE
CRD0054050,CARD0985,P00036,5411,2296.98,IN,2026-07-17 16:22:31,POS3465
CRD0054052,CARD0985,P00197,6012,4149.64,IN,2026-08-04 09:07:02,ONLINE
CRD0054057,CARD0985,P00197,6012,2483.81,IN,2026-08-22 08:56:17,ONLINE
CRD0054060,CARD0985,P00015,4722,5786.84,IN,2026-08-15 17:11:41,ONLINE
CRD0054064,CARD0985,P00190,4814,707.94,IN,2026-08-30 16:10:25,ONLINE
CRD0054065,CARD0985,P00093,5812,744.13,IN,2026-07-07 23:18:16,ONLINE
CRD0054067,CARD0985,P00093,5812,1655.98,IN,2026-08-09 16:02:50,POS2139
CRD0054070,CARD0985,P00036,5411,1969.07,IN,2026-08-10 20:11:36,POS9306
CRD0054071,CARD0985,P00036,5411,2506.11,IN,2026-07-04 11:23:22,ONLINE
CRD0054075,CARD0985,P00361,5411,504.76,IN,2026-07-23 11:07:34,ONLINE
CRD0054079,CARD0985,P00099,5411,967.57,IN,2026-08-10 15:05:46,ONLINE
CRD0054081,CARD0985,P00247,6012,1177.54,IN,2026-07-09 11:30:41,ONLINE
CRD0054083,CARD0985,P00093,5812,308.57,IN,2026-09-10 11:21:42,ONLINE
CRD0054091,CARD0986,P00145,5411,1123.6,IN,2026-09-07 13:50:34,POS6457
CRD0054096,CARD0986,P00026,6012,1760.22,IN,2026-09-11 12:22:04,POS7462
CRD0054097,CARD0986,P00045,5311,1446.58,IN,2026-08-28 16:47:32,ONLINE
CRD0054100,CARD0986,P00049,5411,1875.56,IN,2026-08-23 17:36:12,ONLINE
CRD0054103,CARD0986,P00046,6012,2529.76,IN,2026-07-09 08:50:14,POS6645
CRD0054104,CARD0986,P00026,6012,1668.63,IN,2026-08-30 20:56:05,POS4880
CRD0054106,CARD0986,P00049,5411,1435.94,IN,2026-09-08 20:09:15,POS8230
CRD0054108,CARD0986,P00314,7832,934.32,IN,2026-07-06 23:39:52,POS1705
CRD0054109,CARD0986,P00314,7832,595.69,IN,2026-07-21 12:17:43,ONLINE
CRD0054118,CARD0986,P00029,5411,1492.55,IN,2026-07-14 07:25:24,POS5606
CRD0054119,CARD0986,P00208,6012,1493.05,IN,2026-08-03 10:46:28,POS1717
CRD0054120,CARD0986,P00114,4814,159.04,IN,2026-08-17 09:51:43,ONLINE
CRD0054121,CARD0986,P00114,4814,471.01,IN,2026-09-05 10:11:22,POS8753
CRD0054127,CARD0986,P00257,6012,1650.62,IN,2026-08-09 21:41:59,POS7364
CRD0054134,CARD0987,P00290,5812,1832.95,IN,2026-07-05 17:51:02,POS1514
CRD0054135,CARD0987,P00021,4900,1428.15,IN,2026-09-10 14:39:43,POS8963
CRD0054136,CARD0987,P00328,5311,2192.65,IN,2026-07-05 18:30:41,POS6329
CRD0054138,CARD0987,P00008,4722,1622.44,IN,2026-08-15 16:12:53,ONLINE
CRD0054139,CARD0987,P00114,4814,445.99,IN,2026-07-19 13:18:53,POS4357
CRD0054141,CARD0987,P00275,5541,1498.24,IN,2026-07-11 10:41:17,ONLINE
CRD0054143,CARD0987,P00337,6513,2225.42,IN,2026-09-01 16:43:10,ONLINE
CRD0054146,CARD0987,P00328,5311,1140.64,IN,2026-09-12 09:42:45,ONLINE
CRD0054150,CARD0987,P00263,5311,1107.27,IN,2026-08-26 11:00:19,ONLINE
CRD0054164,CARD0987,P00336,5812,382.15,IN,2026-07-07 17:32:23,POS6885
CRD0054167,CARD0987,P00021,4900,1141.0,IN,2026-07-15 17:38:35,ONLINE
CRD0054168,CARD0987,P00114,4814,583.63,IN,2026-07-11 15:22:24,POS9172
CRD0054176,CARD0988,P00272,5812,408.42,IN,2026-07-03 22:02:19,ONLINE
CRD0054179,CARD0988,P00054,6012,3106.27,IN,2026-08-01 16:50:45,ONLINE
CRD0054180,CARD0988,P00291,5812,972.98,IN,2026-07-04 03:19:46,ONLINE
CRD0054181,CARD0988,P00043,5311,1234.44,IN,2026-09-07 09:47:34,POS5499
CRD0054182,CARD0988,P00292,5541,968.59,IN,2026-07-06 15:48:29,ONLINE
CRD0054184,CARD0988,P00121,5812,905.68,IN,2026-08-28 18:07:42,ONLINE
CRD0054198,CARD0989,P00077,5812,334.84,IN,2026-07-19 09:56:04,ONLINE
CRD0054199,CARD0989,P00272,5812,1223.04,IN,2026-08-15 16:16:37,POS3021
CRD0054208,CARD0989,P00239,5411,1590.49,IN,2026-07-19 13:01:12,POS1056
CRD0054213,CARD0989,P00272,5812,1259.38,IN,2026-08-24 08:20:56,ONLINE
CRD0054218,CARD0989,P00083,5311,5078.41,IN,2026-08-07 07:16:38,ONLINE
CRD0054239,CARD0989,P00147,8011,1698.28,IN,2026-07-31 12:01:02,ONLINE
CRD0054252,CARD0990,P00056,5812,257.96,IN,2026-08-06 15:13:04,POS2329
CRD0054253,CARD0990,P00048,5812,156.92,IN,2026-07-26 14:47:44,POS6152
CRD0054256,CARD0990,P00317,5812,550.28,IN,2026-08-03 17:54:06,ONLINE
CRD0054258,CARD0990,P00056,5812,141.13,IN,2026-08-16 20:53:21,POS2720
CRD0054259,CARD0990,P00103,5311,878.45,IN,2026-08-05 10:47:06,ONLINE
CRD0054264,CARD0990,P00339,7832,186.66,IN,2026-07-20 21:13:58,POS7758
CRD0054266,CARD0990,P00048,5812,272.73,IN,2026-07-25 11:01:46,ONLINE
CRD0054273,CARD0990,P00217,5812,617.4,IN,2026-07-02 13:35:32,POS3305
CRD0054279,CARD0990,P00056,5812,419.69,IN,2026-09-02 19:30:42,ONLINE
CRD0054280,CARD0990,P00217,5812,524.52,IN,2026-08-17 01:17:11,ONLINE
CRD0054281,CARD0990,P00394,4814,128.99,IN,2026-08-09 10:34:28,ONLINE
CRD0054283,CARD0990,P00317,5812,583.15,IN,2026-08-09 07:49:27,ONLINE
CRD0054284,CARD0990,P00117,5411,381.25,IN,2026-07-11 17:19:04,ONLINE
CRD0054286,CARD0990,P00132,4900,1003.79,IN,2026-07-21 00:30:48,ONLINE
CRD0054287,CARD0990,P00117,5411,218.92,IN,2026-09-05 11:34:40,POS8738
CRD0054291,CARD0990,P00048,5812,335.91,IN,2026-09-12 17:23:58,ONLINE
CRD0054296,CARD0990,P00154,7832,217.01,IN,2026-07-31 18:54:11,POS7132
CRD0054304,CARD0991,P00142,6012,3604.56,IN,2026-07-24 15:48:02,POS2283
CRD0054307,CARD0991,P00157,6513,23276.58,IN,2026-08-28 08:14:42,POS5485
CRD0054308,CARD0991,P00139,5311,1583.74,IN,2026-08-26 16:05:38,POS2004
CRD0054309,CARD0991,P00157,6513,19679.52,IN,2026-07-04 07:15:04,POS6703
CRD0054311,CARD0991,P00157,6513,19487.77,IN,2026-08-13 18:58:04,POS7859
CRD0054325,CARD0991,P00157,6513,8648.33,IN,2026-07-24 13:28:17,POS3197
CRD0054341,CARD0991,P00004,5411,1105.59,IN,2026-09-12 13:08:06,ONLINE
CRD0054343,CARD0991,P00027,5311,5201.97,IN,2026-08-15 19:45:03,ONLINE
CRD0054346,CARD0991,P00004,5411,2107.86,IN,2026-07-12 16:38:23,ONLINE
CRD0054356,CARD0991,P00288,5812,834.39,IN,2026-08-31 16:42:10,ONLINE
CRD0054361,CARD0991,P00285,4900,4692.02,IN,2026-07-20 20:26:37,ONLINE
CRD0054362,CARD0991,P00159,5541,3353.43,IN,2026-09-11 17:05:10,POS3539
CRD0054364,CARD0991,P00288,5812,427.54,IN,2026-07-04 14:14:26,POS8897
CRD0054372,CARD0992,P00022,6012,2958.75,IN,2026-09-09 17:24:33,POS8086
CRD0054382,CARD0992,P00075,5812,1339.41,IN,2026-08-25 11:20:59,ONLINE
CRD0054383,CARD0992,P00101,5311,3040.86,IN,2026-07-08 13:44:21,POS7354
CRD0054391,CARD0992,P00193,5311,3594.73,IN,2026-07-15 21:57:15,POS6716
CRD0054398,CARD0992,P00075,5812,694.08,IN,2026-08-16 21:04:13,ONLINE
CRD0054399,CARD0992,P00227,4814,1439.55,IN,2026-07-12 09:57:46,ONLINE
CRD0054404,CARD0992,P00022,6012,3341.14,IN,2026-09-06 07:35:50,POS8740
CRD0054409,CARD0992,P00022,6012,2371.63,IN,2026-07-08 20:07:07,ONLINE
CRD0054411,CARD0992,P00075,5812,1136.39,IN,2026-08-16 21:33:07,POS2154
CRD0054432,CARD0993,P00043,5311,2448.67,IN,2026-08-13 16:51:15,ONLINE
CRD0054434,CARD0993,P00347,7832,314.24,IN,2026-08-21 15:17:41,POS9229
CRD0054437,CARD0993,P00347,7832,347.68,IN,2026-08-22 11:37:35,ONLINE
CRD0054438,CARD0993,P00060,7832,341.63,IN,2026-07-12 13:22:12,POS6233
CRD0054440,CARD0993,P00240,6012,1874.57,IN,2026-07-28 08:41:28,ONLINE
CRD0054449,CARD0994,P00323,4722,4279.35,IN,2026-08-22 10:28:12,ONLINE
CRD0054455,CARD0994,P00137,7832,359.15,IN,2026-07-15 00:54:26,POS5217
CRD0054460,CARD0994,P00001,6012,1318.24,IN,2026-08-17 23:30:23,ONLINE
CRD0054461,CARD0994,P00352,4814,505.88,IN,2026-09-01 07:49:42,ONLINE
CRD0054465,CARD0994,P00242,4900,1834.41,IN,2026-07-24 18:51:52,POS9472
CRD0054480,CARD0994,P00381,5411,909.57,IN,2026-07-23 18:57:44,ONLINE
CRD0054482,CARD0994,P00029,5411,1888.98,IN,2026-08-18 10:12:47,POS5442
CRD0054483,CARD0994,P00381,5411,1023.68,IN,2026-08-16 11:01:21,ONLINE
CRD0054484,CARD0994,P00352,4814,234.82,IN,2026-07-13 14:51:24,ONLINE
CRD0054485,CARD0994,P00001,6012,2155.21,IN,2026-08-16 07:19:08,ONLINE
CRD0054487,CARD0994,P00011,6012,1295.45,IN,2026-09-10 12:39:29,POS6109
CRD0054489,CARD0994,P00137,7832,613.31,IN,2026-08-24 15:32:37,POS1374
CRD0054491,CARD0994,P00367,5411,595.17,IN,2026-07-05 09:44:03,ONLINE
CRD0054497,CARD0995,P00040,5411,1596.45,IN,2026-08-30 15:51:02,ONLINE
CRD0054508,CARD0995,P00349,5812,838.23,IN,2026-07-03 20:27:38,POS3177
CRD0054512,CARD0995,P00260,5311,13935.85,IN,2026-08-31 20:20:17,ONLINE
CRD0054513,CARD0995,P00024,5411,2749.51,IN,2026-08-01 13:00:31,ONLINE
CRD0054519,CARD0995,P00007,5812,899.88,IN,2026-08-10 09:05:12,POS7995
CRD0054521,CARD0995,P00005,4814,894.06,IN,2026-07-24 13:01:30,ONLINE
CRD0054528,CARD0995,P00181,4722,3978.23,IN,2026-08-25 17:56:54,POS9316
CRD0054531,CARD0995,P00276,7832,1215.97,IN,2026-08-29 19:41:00,ONLINE
CRD0054533,CARD0995,P00246,5411,2374.4,IN,2026-07-01 18:53:41,POS2342
CRD0054535,CARD0995,P00260,5311,12930.27,IN,2026-08-08 14:24:16,ONLINE
CRD0054538,CARD0995,P00260,5311,11661.28,IN,2026-09-10 09:29:57,ONLINE
CRD0054551,CARD0996,P00217,5812,343.65,IN,2026-07-23 22:22:09,POS9737
CRD0054552,CARD0996,P00217,5812,888.8,IN,2026-08-17 11:43:01,POS6786
CRD0054554,CARD0996,P00269,4900,2635.48,IN,2026-09-05 08:32:32,ONLINE
CRD0054556,CARD0996,P00355,4814,545.81,IN,2026-08-26 10:03:08,POS5362
CRD0054566,CARD0996,P00365,6012,3597.29,IN,2026-07-21 19:19:53,ONLINE
CRD0054571,CARD0996,P00116,6012,2849.0,IN,2026-08-13 09:53:55,POS1401
CRD0054580,CARD0996,P00268,5541,2815.47,IN,2026-07-17 08:41:55,POS8133
CRD0054581,CARD0996,P00207,5411,2112.42,IN,2026-07-05 08:32:41,POS5086
CRD0054583,CARD0996,P00224,5812,330.31,IN,2026-07-22 16:57:23,POS2780
CRD0054588,CARD0996,P00360,5541,4329.92,IN,2026-07-02 19:37:48,ONLINE
CRD0054589,CARD0996,P00360,5541,2090.67,IN,2026-07-28 20:12:21,ONLINE
CRD0054594,CARD0996,P00217,5812,410.09,IN,2026-08-04 10:22:06,ONLINE
CRD0054599,CARD0996,P00059,6012,1442.4,IN,2026-07-10 19:03:14,POS5840
CRD0054607,CARD0996,P00268,5541,2359.75,IN,2026-09-08 11:32:41,ONLINE
CRD0054610,CARD0996,P00355,4814,834.97,IN,2026-08-19 09:38:18,POS9241
CRD0054618,CARD0997,P00147,8011,511.1,IN,2026-07-12 18:27:29,POS7768
CRD0054623,CARD0997,P00201,4722,4187.85,IN,2026-09-02 17:21:19,POS8216
CRD0054628,CARD0997,P00206,5541,2317.44,IN,2026-07-18 12:59:44,ONLINE
CRD0054641,CARD0997,P00098,6012,882.47,IN,2026-08-02 22:06:28,ONLINE
CRD0054643,CARD0997,P00098,6012,1299.37,IN,2026-08-14 18:19:17,POS5371
CRD0054645,CARD0997,P00206,5541,1730.6,IN,2026-09-13 15:12:58,ONLINE
CRD0054646,CARD0997,P00206,5541,1759.1,IN,2026-08-21 08:35:35,ONLINE
CRD0054650,CARD0997,P00206,5541,1658.23,IN,2026-07-24 23:35:03,ONLINE
CRD0054653,CARD0997,P00184,5812,330.26,IN,2026-07-26 17:00:15,POS6792
CRD0054654,CARD0997,P00304,5541,381.46,IN,2026-07-21 13:50:28,ONLINE
CRD0054673,CARD0998,P00016,5411,2754.36,IN,2026-08-07 19:38:16,ONLINE
CRD0054674,CARD0998,P00327,5541,2895.66,IN,2026-07-16 13:25:57,ONLINE
CRD0054676,CARD0998,P00393,5411,2432.92,IN,2026-07-27 22:04:58,ONLINE
CRD0054677,CARD0998,P00154,7832,2112.73,IN,2026-09-13 16:10:26,ONLINE
CRD0054683,CARD0998,P00393,5411,2523.29,IN,2026-07-31 09:48:29,ONLINE
CRD0054685,CARD0998,P00154,7832,1341.05,IN,2026-08-01 02:09:12,POS3050
CRD0054693,CARD0998,P00327,5541,1816.53,IN,2026-07-11 10:31:23,ONLINE
CRD0054696,CARD0998,P00298,4814,856.38,IN,2026-07-25 19:52:19,ONLINE
CRD0054697,CARD0998,P00298,4814,781.55,IN,2026-08-06 11:03:19,ONLINE
CRD0054698,CARD0998,P00262,5812,402.06,IN,2026-08-04 19:57:37,ONLINE
CRD0054699,CARD0998,P00135,6012,2604.68,IN,2026-08-03 14:05:22,ONLINE
CRD0054702,CARD0998,P00135,6012,4296.77,IN,2026-09-04 09:24:55,POS3171
CRD0054704,CARD0998,P00335,6513,8817.97,IN,2026-07-06 20:43:11,POS3856
CRD0054708,CARD0998,P00207,5411,3023.71,IN,2026-07-14 10:33:13,POS5596
CRD0054711,CARD0998,P00327,5541,2372.05,IN,2026-07-28 01:16:23,POS8791
CRD0054715,CARD0998,P00298,4814,287.55,IN,2026-07-18 21:47:02,ONLINE
CRD0054719,CARD0998,P00121,5812,773.63,IN,2026-07-21 20:00:52,POS5901
CRD0054723,CARD0999,P00173,4814,1263.55,IN,2026-07-13 18:17:41,ONLINE
CRD0054724,CARD0999,P00119,5812,280.79,IN,2026-08-23 17:42:39,ONLINE
CRD0054729,CARD0999,P00114,4814,1129.81,IN,2026-09-03 14:25:53,ONLINE
CRD0054730,CARD0999,P00174,5812,1526.05,IN,2026-07-27 14:07:41,POS8431
CRD0054737,CARD0999,P00016,5411,763.52,IN,2026-08-27 18:04:25,ONLINE
CRD0054738,CARD0999,P00335,6513,6075.58,IN,2026-07-05 13:29:53,ONLINE
CRD0054746,CARD0999,P00264,5812,1185.76,IN,2026-08-06 14:58:18,ONLINE
CRD0054763,CARD1000,P00240,6012,2430.37,IN,2026-07-23 13:22:42,ONLINE
CRD0054767,CARD1000,P00333,5812,1703.35,IN,2026-07-19 17:36:59,POS9592
CRD0054771,CARD1000,P00212,5411,7503.96,IN,2026-08-24 20:29:00,POS1356
CRD0054773,CARD1000,P00136,5812,886.9,IN,2026-08-17 20:42:01,ONLINE
CRD0054774,CARD1000,P00280,6012,3512.55,IN,2026-07-08 05:28:40,ONLINE
CRD0054777,CARD1000,P00036,5411,1381.51,IN,2026-09-09 19:45:59,ONLINE
CRD0054779,CARD1000,P00280,6012,4751.51,IN,2026-09-02 13:35:36,ONLINE
CRD0054784,CARD1000,P00101,5311,10806.32,IN,2026-07-25 18:06:42,ONLINE
CRD0054789,CARD1000,P00240,6012,4508.49,IN,2026-07-06 13:26:09,POS1708
CRD0054790,CARD1000,P00333,5812,2496.22,IN,2026-07-03 19:19:00,ONLINE
CRD0054791,CARD1000,P00212,5411,5904.43,IN,2026-07-11 21:08:38,ONLINE
CRD0054795,CARD1000,P00133,4900,8050.8,IN,2026-08-01 18:45:16,POS7887
CRD0054796,CARD1000,P00136,5812,1500.02,IN,2026-07-16 10:43:03,ONLINE
CRD0054799,CARD1000,P00326,5812,2648.49,IN,2026-08-20 18:43:40,POS2003
CRD0054800,CARD1000,P00317,5812,776.13,IN,2026-09-02 12:44:02,ONLINE
CRD0054802,CARD1000,P00212,5411,3120.77,IN,2026-07-26 11:02:57,ONLINE
CRD0054809,CARD1000,P00001,6012,17385.11,IN,2026-09-13 21:26:44,ONLINE
CRD0054822,CARD1001,P00275,5541,3519.29,IN,2026-07-17 18:56:34,ONLINE
CRD0054826,CARD1001,P00205,6012,2672.16,IN,2026-08-15 13:30:07,POS2832
CRD0054828,CARD1001,P00222,5812,609.69,IN,2026-07-14 17:49:35,ONLINE
CRD0054831,CARD1001,P00345,4722,4983.08,IN,2026-08-29 20:29:10,POS9230
CRD0054833,CARD1001,P00328,5311,6367.32,IN,2026-07-14 15:34:42,POS3919
CRD0054834,CARD1001,P00275,5541,2173.67,IN,2026-07-27 10:47:37,POS9966
CRD0054842,CARD1001,P00217,5812,782.53,IN,2026-08-13 13:44:50,POS5492
CRD0054843,CARD1001,P00328,5311,7373.4,IN,2026-07-17 10:33:15,ONLINE
CRD0054844,CARD1001,P00148,5311,3096.36,IN,2026-08-17 12:13:05,ONLINE
CRD0054849,CARD1001,P00355,4814,854.21,IN,2026-08-25 13:49:00,POS2840
CRD0054854,CARD0484,P00447,6513,20421.58,IN,2026-08-02 19:42:37,ONLINE
CRD0054855,CARD0773,P00448,5311,8290.38,IN,2026-08-25 17:34:19,POS5330
CRD0054859,CARD0131,P00452,5311,15788.65,IN,2026-07-21 11:30:00,POS5820
CRD0054860,CARD0480,P00453,4722,11441.0,IN,2026-09-04 19:31:59,ONLINE
CRD0054861,CARD0825,P00454,6513,14293.88,IN,2026-08-14 14:51:44,ONLINE
CRD0054862,CARD0719,P00455,6513,6338.07,IN,2026-07-24 10:13:24,ONLINE
CRD0054864,CARD0783,P00457,5311,8556.35,IN,2026-08-13 16:47:52,ONLINE
CRD0054873,CARD0016,P00466,4722,10457.03,IN,2026-09-10 12:47:55,ONLINE
CRD0054874,CARD0412,P00467,4722,17178.27,IN,2026-07-09 12:14:37,ONLINE
CRD0054875,CARD0847,P00468,5311,36738.27,IN,2026-07-12 15:52:45,ONLINE
CRD0054877,CARD0814,P00470,5311,20935.54,IN,2026-08-24 10:46:37,ONLINE
CRD0054880,CARD0154,P00473,6513,20112.99,IN,2026-08-19 10:17:29,ONLINE
CRD0054882,CARD0852,P00475,5311,10358.16,IN,2026-07-26 13:29:46,ONLINE
CRD0054885,CARD0269,P00478,5311,33453.45,IN,2026-09-07 15:50:05,POS3113
CRD0054888,CARD0509,P00481,6513,14619.96,IN,2026-08-24 16:01:32,POS2862
CRD0054890,CARD0576,P00483,4722,8363.03,IN,2026-09-06 16:56:25,POS7561
CRD0054894,CARD0156,P00487,6513,27637.49,IN,2026-08-07 12:00:53,POS9376
CRD0054900,CARD0155,P00493,5311,25588.76,IN,2026-07-08 17:35:45,POS3961
CRD0054906,CARD0099,P00499,4722,7604.23,IN,2026-07-16 14:48:20,ONLINE
CRD0054909,CARD0107,P00502,6513,32160.75,IN,2026-07-10 13:15:17,POS1493
CRD0054912,CARD0981,P00505,6513,14944.2,IN,2026-08-11 11:42:20,ONLINE
CRD0054918,CARD0480,P00511,6513,12911.03,IN,2026-09-10 17:16:29,POS4205
CRD0054922,CARD0276,P00515,6513,13780.26,IN,2026-08-19 15:08:04,POS2641
CRD0054923,CARD0660,P00516,4722,135887.84,IN,2026-08-22 18:16:58,POS8213
CRD0054924,CARD0206,P00517,5311,7923.73,IN,2026-08-02 17:27:56,POS3922
CRD0054925,CARD0377,P00518,4722,10068.67,IN,2026-09-08 10:51:45,POS2536
CRD0054928,CARD0378,P00521,5311,39815.85,IN,2026-08-31 15:48:59,ONLINE
CRD0054931,CARD0916,P00524,5311,4503.01,IN,2026-07-11 12:57:17,ONLINE
CRD0054932,CARD0384,P00525,5311,36882.72,IN,2026-07-09 12:00:02,ONLINE
CRD0054935,CARD0806,P00528,4722,22331.52,IN,2026-08-14 15:33:28,POS2540
CRD0054936,CARD0647,P00529,6513,23251.7,IN,2026-07-30 17:12:10,POS6201
CRD0054938,CARD0231,P00531,6513,13098.27,IN,2026-09-07 13:20:58,ONLINE
CRD0054940,CARD0550,P00533,5311,19948.95,IN,2026-07-31 11:19:33,POS7476
CRD0054944,CARD0565,P00537,6513,19805.16,IN,2026-08-18 19:59:25,ONLINE
CRD0054945,CARD0437,P00538,6513,18136.1,IN,2026-09-12 14:58:51,POS2701
CRD0054952,CARD0564,P00545,4722,49830.68,IN,2026-07-20 11:34:11,ONLINE
CRD0054954,CARD0155,P00547,6513,34386.37,IN,2026-07-04 12:56:49,ONLINE
CRD0054955,CARD0596,P00548,6513,9937.66,IN,2026-08-23 13:11:57,ONLINE
CRD0054958,CARD0032,P00551,6513,12820.25,IN,2026-07-24 17:04:35,ONLINE
CRD0054960,CARD0889,P00553,5311,29036.77,IN,2026-07-23 18:40:44,ONLINE
CRD0054962,CARD0541,P00555,4722,62541.04,IN,2026-08-04 19:45:05,POS1083
CRD0054965,CARD0791,P00558,5311,8628.95,IN,2026-07-04 18:10:04,ONLINE
CRD0054966,CARD0323,P00559,6513,23077.41,IN,2026-08-22 17:53:26,POS2783
CRD0054968,CARD0246,P00561,5311,25360.7,IN,2026-08-24 10:37:36,ONLINE
CRD0054969,CARD0244,P00562,6513,14744.49,IN,2026-07-06 15:13:09,POS3728
CRD0054975,CARD0861,P00568,5311,10931.39,IN,2026-07-28 17:47:06,POS4673
CRD0054977,CARD0154,P00570,6513,19254.03,IN,2026-09-12 16:48:11,POS5646
CRD0054979,CARD0380,P00572,4722,21144.03,IN,2026-07-30 19:43:58,POS7114
CRD0054986,CARD0394,P00579,4722,12376.12,IN,2026-07-26 16:17:59,POS2025
CRD0054987,CARD0792,P00580,4722,7314.94,IN,2026-07-12 10:13:35,ONLINE
CRD0054991,CARD0724,P00584,6513,11615.73,IN,2026-08-31 11:29:22,ONLINE
CRD0054996,CARD0648,P00589,4722,35133.13,IN,2026-08-22 10:24:48,POS9480
CRD0054998,CARD0243,P00591,5311,16359.88,IN,2026-07-21 14:27:27,ONLINE
CRD0055000,CARD0607,P00593,4722,16573.25,IN,2026-07-23 16:26:10,ONLINE
CRD0055184,CARD0365,P00119,5812,573.26,IN,2026-07-09 23:55:04,ONLINE
CRD0055185,CARD0894,P00177,5812,1193.58,IN,2026-07-30 23:09:50,ONLINE
CRD0055186,CARD0290,P00367,5411,708.29,IN,2026-07-20 23:58:47,POS4569
CRD0055188,CARD0945,P00230,5812,2158.64,IN,2026-09-06 02:22:26,POS5437
CRD0055189,CARD0931,P00273,5411,813.43,IN,2026-09-07 23:36:26,POS9109
CRD0055192,CARD0889,P00177,5812,1716.04,IN,2026-08-07 23:04:39,POS3593
CRD0055193,CARD0763,P00106,5411,1843.94,IN,2026-07-19 23:36:51,ONLINE
CRD0055194,CARD0738,P00371,5411,2000.82,IN,2026-08-12 00:51:21,POS3327
CRD0055196,CARD0367,P00238,5812,5051.64,IN,2026-08-08 23:59:27,POS1281
CRD0055197,CARD0496,P00038,5411,419.4,IN,2026-09-06 23:09:56,ONLINE
CRD0055198,CARD0612,P00112,5411,874.32,IN,2026-08-02 02:03:41,POS4972
CRD0055199,CARD0208,P00336,5812,1773.04,IN,2026-09-10 01:04:00,ONLINE
CRD0055201,CARD0010,P00305,5812,1490.08,IN,2026-08-21 23:40:47,ONLINE
CRD0055202,CARD0735,P00088,5812,898.67,IN,2026-09-10 02:19:31,ONLINE
CRD0055204,CARD0092,P00008,4722,2135.75,IN,2026-08-13 01:10:29,ONLINE
CRD0055205,CARD0482,P00053,5411,1573.82,IN,2026-08-25 02:12:09,POS2414
CRD0055206,CARD0305,P00376,5812,1736.82,IN,2026-08-06 02:47:19,POS9718
CRD0055209,CARD0217,P00080,5812,361.13,IN,2026-07-21 23:44:05,POS5027
CRD0055210,CARD0351,P00282,5411,1896.6,IN,2026-07-18 23:17:29,ONLINE
CRD0055211,CARD0413,P00288,5812,1130.15,IN,2026-08-13 00:32:28,POS9716
CRD0055214,CARD0298,P00057,5812,1771.62,IN,2026-08-29 23:51:17,ONLINE
CRD0055216,CARD0872,P00396,5411,625.79,IN,2026-07-18 01:27:47,POS9265
CRD0055217,CARD0878,P00312,5411,762.12,IN,2026-08-29 00:11:03,POS4508
CRD0055218,CARD0023,P00378,5411,1163.24,IN,2026-08-02 02:33:59,ONLINE
CRD0055219,CARD0477,P00080,5812,1814.57,IN,2026-07-05 02:54:19,ONLINE
CRD0055220,CARD0096,P00375,5812,1002.88,IN,2026-07-16 23:41:12,ONLINE
CRD0055222,CARD0045,P00018,5812,610.72,IN,2026-08-26 02:24:03,ONLINE
CRD0055223,CARD0262,P00080,5812,1118.03,IN,2026-08-17 01:33:42,POS1773
CRD0056728,CARD0186,WALLET_PRV,6540,16128.65,IN,2026-08-04 13:02:43,POS7909
CRD0056732,CARD0199,WALLET_PRV,6540,16549.67,IN,2026-09-06 14:43:26,ONLINE
CRD0056736,CARD0538,WALLET_PRV,6540,18484.29,IN,2026-09-05 17:41:35,ONLINE
CRD0056740,CARD0567,WALLET_PRV,6540,28197.47,IN,2026-09-10 18:47:45,POS5804
CRD0056744,CARD0645,WALLET_PRV,6540,29673.53,IN,2026-07-15 12:44:40,POS7519
CRD0056748,CARD0719,WALLET_PRV,6540,8039.42,IN,2026-08-19 07:42:33,POS9058
CRD0056752,CARD0290,WALLET_PRV,6540,10448.27,IN,2026-08-18 15:36:34,POS7120
CRD0056756,CARD0748,WALLET_PRV,6540,40512.73,IN,2026-07-29 13:42:55,ONLINE
CRD0056760,CARD0040,WALLET_PRV,6540,25357.48,IN,2026-08-09 08:01:03,POS6195
CRD0056764,CARD0061,WALLET_PRV,6540,18878.34,IN,2026-08-26 10:14:02,POS9023
CRD0056768,CARD0292,WALLET_PRV,6540,46111.45,IN,2026-08-22 18:31:13,ONLINE
CRD0056772,CARD0280,WALLET_PRV,6540,25204.3,IN,2026-08-05 13:18:56,POS1597
CRD0056776,CARD0413,WALLET_PRV,6540,16873.86,IN,2026-07-12 10:41:21,ONLINE
CRD0056780,CARD0439,WALLET_PRV,6540,9686.53,IN,2026-08-02 08:20:43,ONLINE
CRD0056784,CARD0788,WALLET_PRV,6540,30910.43,IN,2026-07-19 12:28:44,ONLINE
CRD0056788,CARD0406,WALLET_PRV,6540,6237.85,IN,2026-07-19 18:35:24,ONLINE
CRD0056792,CARD0392,WALLET_PRV,6540,13237.94,IN,2026-07-18 19:55:13,POS1592
CRD0056796,CARD0546,WALLET_PRV,6540,34645.93,IN,2026-09-07 09:06:53,POS2359
CRD0056800,CARD0209,WALLET_PRV,6540,5306.09,IN,2026-08-25 16:02:58,POS7240
CRD0056804,CARD0198,WALLET_PRV,6540,26276.46,IN,2026-08-09 09:21:11,POS5908
CRD0056808,CARD0905,WALLET_PRV,6540,10232.81,IN,2026-08-13 14:33:01,ONLINE
CRD0056812,CARD0975,WALLET_PRV,6540,19161.93,IN,2026-08-24 17:41:23,ONLINE
CRD0056816,CARD0247,WALLET_PRV,6540,11060.35,IN,2026-08-22 08:45:23,ONLINE
CRD0056820,CARD0160,WALLET_PRV,6540,13058.73,IN,2026-08-13 20:40:51,POS3680
CRD0056824,CARD0261,WALLET_PRV,6540,12273.01,IN,2026-08-03 16:49:04,ONLINE
CRD0056828,CARD0222,WALLET_PRV,6540,37356.2,IN,2026-08-14 18:44:24,POS9286
CRD0056832,CARD0640,WALLET_PRV,6540,40638.14,IN,2026-08-12 12:15:06,POS8768
CRD0056836,CARD0423,WALLET_PRV,6540,28038.87,IN,2026-07-23 14:54:45,ONLINE
CRD0056840,CARD0276,WALLET_PRV,6540,15983.95,IN,2026-08-09 12:50:52,POS6733
CRD0056844,CARD0486,WALLET_PRV,6540,8096.99,IN,2026-08-25 07:08:59,ONLINE
CRD0056848,CARD0808,WALLET_PRV,6540,14869.45,IN,2026-08-05 07:36:31,POS2330
CRD0056852,CARD0038,WALLET_PRV,6540,11246.56,IN,2026-08-17 11:29:29,POS6447
CRD0056856,CARD0770,WALLET_PRV,6540,20621.71,IN,2026-07-12 21:36:11,ONLINE
CRD0056860,CARD0814,WALLET_PRV,6540,36877.83,IN,2026-08-22 19:52:24,POS2387
CRD0056864,CARD0463,WALLET_PRV,6540,14467.46,IN,2026-08-17 05:22:32,POS9839
CRD0056868,CARD0345,WALLET_PRV,6540,5460.76,IN,2026-07-17 21:47:40,ONLINE
CRD0056872,CARD0150,WALLET_PRV,6540,14962.45,IN,2026-07-27 14:49:49,ONLINE
CRD0056876,CARD0340,WALLET_PRV,6540,24948.99,IN,2026-09-03 16:14:39,ONLINE
CRD0056880,CARD0778,WALLET_PRV,6540,35614.76,IN,2026-09-09 22:06:07,ONLINE
CRD0056884,CARD0991,WALLET_PRV,6540,20432.94,IN,2026-08-16 15:54:31,POS4411
CRD0056888,CARD0823,WALLET_PRV,6540,18291.05,IN,2026-07-23 16:09:43,ONLINE
CRD0056892,CARD0740,WALLET_PRV,6540,19894.44,IN,2026-08-05 22:13:14,ONLINE
CRD0056896,CARD0394,WALLET_PRV,6540,12599.6,IN,2026-08-01 09:15:52,POS1437
CRD0056900,CARD0211,WALLET_PRV,6540,17694.03,IN,2026-07-23 13:13:56,POS2937
CRD0056904,CARD0713,WALLET_PRV,6540,29617.21,IN,2026-09-07 20:45:35,ONLINE
CRD0056908,CARD0965,WALLET_PRV,6540,12116.52,IN,2026-08-25 18:00:39,POS8959
CRD0056912,CARD0248,WALLET_PRV,6540,11344.85,IN,2026-08-27 14:23:03,POS6097
CRD0056916,CARD0068,WALLET_PRV,6540,11019.06,IN,2026-07-28 19:43:03,ONLINE
CRD0056920,CARD0292,WALLET_PRV,6540,40661.4,IN,2026-07-21 01:34:32,ONLINE
CRD0056924,CARD0766,WALLET_PRV,6540,16225.05,IN,2026-08-18 19:05:37,POS4979
CRD0056928,CARD0310,WALLET_PRV,6540,33035.06,IN,2026-07-09 23:35:02,POS1364
CRD0056932,CARD0613,WALLET_PRV,6540,6574.75,IN,2026-07-14 14:18:23,POS3946
CRD0056936,CARD0306,WALLET_PRV,6540,11831.74,IN,2026-08-02 14:25:28,ONLINE
CRD0056940,CARD0370,WALLET_PRV,6540,15630.43,IN,2026-08-14 16:18:32,POS2179
CRD0056944,CARD0605,WALLET_PRV,6540,18708.27,IN,2026-08-26 20:02:20,ONLINE
CRD0056948,CARD0029,WALLET_PRV,6540,8792.17,IN,2026-08-11 11:57:21,ONLINE
CRD0056952,CARD0042,WALLET_PRV,6540,14123.33,IN,2026-07-08 15:21:47,POS5358
CRD0056956,CARD0450,WALLET_PRV,6540,12668.34,IN,2026-08-11 10:47:42,POS8851
CRD0056960,CARD0830,WALLET_PRV,6540,25287.61,IN,2026-08-26 20:46:41,ONLINE
CRD0056964,CARD0267,WALLET_PRV,6540,7052.46,IN,2026-08-07 17:51:33,ONLINE
CRD0056968,CARD0707,WALLET_PRV,6540,21390.41,IN,2026-09-12 13:11:23,POS1483
CRD0056972,CARD0981,WALLET_PRV,6540,26724.78,IN,2026-09-08 19:12:22,POS5424
CRD0056976,CARD0392,WALLET_PRV,6540,17779.18,IN,2026-08-24 18:39:46,POS8592
CRD0056980,CARD0959,WALLET_PRV,6540,27799.51,IN,2026-07-27 14:27:28,POS9807
CRD0056984,CARD0857,WALLET_PRV,6540,37602.9,IN,2026-08-30 16:50:31,ONLINE
CRD0056988,CARD0181,WALLET_PRV,6540,23345.75,IN,2026-09-09 13:41:30,ONLINE
CRD0056992,CARD0013,WALLET_PRV,6540,15897.37,IN,2026-09-03 22:32:15,POS5214
CRD0056996,CARD0894,WALLET_PRV,6540,15755.02,IN,2026-07-17 22:17:39,POS8512
CRD0057000,CARD0929,WALLET_PRV,6540,19023.63,IN,2026-08-18 11:54:51,ONLINE
CRD0057004,CARD0357,WALLET_PRV,6540,25442.26,IN,2026-07-16 13:02:10,ONLINE
CRD0057009,CARD1001,WALLET_PRV,6540,20000.0,IN,2026-09-06 14:05:00,ONLINE
