ref_no,account_no,beneficiary_id,ifsc,amt,dr_cr,time,app_dev
NB00000003,AC00016880,P00209,ICIC0005678,1780.73,debit,2026-07-31 17:44:32,D00002
NB00000014,AC00016880,P00062,ICIC0005678,3543.38,debit,2026-08-25 17:18:46,D00002
NB00000017,AC00016880,P00198,UTIB0000789,3582.22,debit,2026-07-04 13:56:03,D00001
NB00000029,AC00016880,P00198,HDFC0001234,2976.54,debit,2026-08-21 15:16:49,D00002
NB00000032,AC00016880,E00439,ICIC0005678,63607.0,credit,2026-07-01 09:55:00,D00001
NB00000033,AC00016880,E00439,HDFC0001234,64166.0,credit,2026-07-31 09:24:00,D00002
NB00000034,AC00016880,E00439,SBIN0004321,64843.0,credit,2026-09-01 09:10:00,D00001
NB00000036,AC00021811,P00326,ICIC0005678,965.36,debit,2026-09-12 13:28:03,D00003
NB00000046,AC00021811,P00004,UTIB0000789,1447.61,debit,2026-07-16 13:37:54,D00003
NB00000048,AC00021811,P00174,ICIC0005678,564.68,debit,2026-08-12 18:27:45,D00003
NB00000069,AC00021811,P00004,ICIC0005678,884.04,debit,2026-07-10 14:22:12,D00003
NB00000075,AC00021811,P00252,HDFC0001234,701.4,debit,2026-09-10 16:35:19,D00003
NB00000079,AC00021811,P00399,UTIB0000789,1338.55,debit,2026-08-28 19:30:29,D00003
NB00000086,AC00021811,P00288,SBIN0004321,427.85,debit,2026-08-21 11:49:05,D00003
NB00000099,AC00021811,P00174,HDFC0001234,400.23,debit,2026-09-06 09:47:47,D00003
NB00000105,AC00021811,E00431,SBIN0004321,32400.0,credit,2026-07-03 09:31:00,D00003
NB00000106,AC00021811,E00431,UTIB0000789,32869.0,credit,2026-08-01 09:02:00,D00003
NB00000107,AC00021811,E00431,SBIN0004321,27373.0,credit,2026-08-30 09:24:00,D00003
NB00000111,AC00033522,P00287,ICIC0005678,1567.29,debit,2026-07-21 09:54:21,D00004
NB00000121,AC00033522,P00256,UTIB0000789,1948.38,debit,2026-08-29 17:44:41,D00004
NB00000123,AC00033522,P00256,UTIB0000789,3348.78,debit,2026-09-05 19:25:25,D00004
NB00000129,AC00033522,P00350,HDFC0001234,2434.95,debit,2026-07-07 07:50:20,D00004
NB00000137,AC00033522,P00282,SBIN0004321,622.1,debit,2026-08-27 20:56:29,D00004
NB00000138,AC00033522,E00418,ICIC0005678,30187.0,credit,2026-07-02 09:32:00,D00004
NB00000139,AC00033522,E00418,ICIC0005678,30422.0,credit,2026-08-02 09:55:00,D00004
NB00000140,AC00033522,E00418,SBIN0004321,29689.0,credit,2026-08-30 09:42:00,D00004
NB00000149,AC00047321,P00233,ICIC0005678,1466.38,debit,2026-08-23 09:16:59,D00005
NB00000165,AC00047321,P00143,SBIN0004321,2131.33,debit,2026-07-25 14:06:29,D00005
NB00000171,AC00047321,P00236,SBIN0004321,1442.01,debit,2026-07-03 09:16:16,D00005
NB00000176,AC00047321,P00112,ICIC0005678,2158.46,debit,2026-07-23 13:16:10,D00005
NB00000184,AC00047321,P00112,HDFC0001234,673.33,debit,2026-07-14 19:21:29,D00005
NB00000186,AC00047321,P00339,UTIB0000789,3521.05,debit,2026-08-26 11:55:12,D00005
NB00000212,AC00047321,E00424,ICIC0005678,46835.0,credit,2026-07-01 09:50:00,D00005
NB00000213,AC00047321,E00424,ICIC0005678,48318.0,credit,2026-08-01 09:24:00,D00005
NB00000214,AC00047321,E00424,UTIB0000789,48368.0,credit,2026-08-30 09:07:00,D00005
NB00000215,AC00056350,P00136,HDFC0001234,889.23,debit,2026-09-07 11:04:22,D00006
NB00000228,AC00056350,P00109,HDFC0001234,3046.72,debit,2026-07-06 18:57:37,D00006
NB00000229,AC00056350,P00071,HDFC0001234,3254.12,debit,2026-07-29 21:29:23,D00006
NB00000236,AC00056350,P00112,ICIC0005678,2833.75,debit,2026-08-27 06:30:44,D00007
NB00000237,AC00056350,P00226,HDFC0001234,2048.25,debit,2026-08-07 11:05:11,D00006
NB00000246,AC00056350,P00309,ICIC0005678,788.44,debit,2026-08-01 23:06:06,D00006
NB00000247,AC00056350,P00184,ICIC0005678,1596.84,debit,2026-08-12 09:34:11,D00006
NB00000251,AC00056350,P00136,HDFC0001234,581.32,debit,2026-07-17 08:13:20,D00006
NB00000266,AC00056350,P00238,ICIC0005678,2001.57,debit,2026-09-05 17:26:26,D00006
NB00000269,AC00056350,P00309,SBIN0004321,1224.77,debit,2026-07-05 09:49:00,D00006
NB00000270,AC00056350,P00136,SBIN0004321,1877.21,debit,2026-09-13 16:44:22,D00007
NB00000280,AC00056350,P00309,UTIB0000789,669.68,debit,2026-07-03 07:21:53,D00006
NB00000281,AC00056350,E00403,SBIN0004321,52252.0,credit,2026-07-03 09:44:00,D00006
NB00000282,AC00056350,E00403,SBIN0004321,52452.0,credit,2026-08-02 09:21:00,D00007
NB00000283,AC00056350,E00403,ICIC0005678,50187.0,credit,2026-09-01 09:25:00,D00007
NB00000292,AC00066459,P00209,HDFC0001234,2133.23,debit,2026-07-25 18:45:24,D00008
NB00000293,AC00066459,P00105,SBIN0004321,1872.23,debit,2026-08-13 08:01:56,D00008
NB00000295,AC00066459,P00105,ICIC0005678,2121.54,debit,2026-07-12 14:08:26,D00008
NB00000298,AC00066459,P00220,HDFC0001234,3940.96,debit,2026-09-01 14:57:03,D00008
NB00000300,AC00066459,P00357,SBIN0004321,3722.32,debit,2026-07-04 08:02:19,D00009
NB00000307,AC00066459,P00357,SBIN0004321,2651.4,debit,2026-09-04 11:59:19,D00009
NB00000312,AC00066459,P00364,SBIN0004321,2693.16,debit,2026-09-13 11:24:17,D00008
NB00000314,AC00066459,P00351,SBIN0004321,360.48,debit,2026-08-06 09:57:47,D00008
NB00000321,AC00066459,E00420,SBIN0004321,30165.0,credit,2026-07-01 09:37:00,D00008
NB00000322,AC00066459,E00420,UTIB0000789,30457.0,credit,2026-07-31 09:31:00,D00008
NB00000323,AC00066459,E00420,HDFC0001234,31709.0,credit,2026-08-30 09:49:00,D00008
NB00000356,AC00077759,E00405,SBIN0004321,56135.0,credit,2026-07-02 09:20:00,D00010
NB00000357,AC00077759,E00405,ICIC0005678,57030.0,credit,2026-07-31 09:55:00,D00010
NB00000358,AC00077759,E00405,UTIB0000789,56720.0,credit,2026-08-30 09:52:00,D00010
NB00000365,AC00082482,P00224,ICIC0005678,2351.06,debit,2026-08-19 09:12:23,D00012
NB00000374,AC00082482,P00025,ICIC0005678,3076.27,debit,2026-08-14 12:42:21,D00012
NB00000381,AC00082482,P00389,SBIN0004321,512.05,debit,2026-08-09 11:13:00,D00012
NB00000382,AC00082482,P00327,SBIN0004321,4756.17,debit,2026-09-02 11:04:37,D00012
NB00000385,AC00082482,P00204,SBIN0004321,4003.34,debit,2026-07-14 16:26:56,D00012
NB00000393,AC00082482,P00399,ICIC0005678,1513.81,debit,2026-08-04 16:00:04,D00012
NB00000399,AC00082482,P00175,ICIC0005678,2987.74,debit,2026-09-12 12:15:26,D00012
NB00000401,AC00082482,P00211,HDFC0001234,2340.44,debit,2026-07-20 16:58:15,D00012
NB00000408,AC00082482,P00293,ICIC0005678,2914.6,debit,2026-09-13 21:11:43,D00012
NB00000426,AC00082482,P00175,SBIN0004321,5688.83,debit,2026-09-01 22:20:24,D00012
NB00000429,AC00082482,E00423,UTIB0000789,62331.0,credit,2026-07-02 09:02:00,D00012
NB00000430,AC00082482,E00423,SBIN0004321,61978.0,credit,2026-07-31 09:23:00,D00012
NB00000431,AC00082482,E00423,ICIC0005678,60884.0,credit,2026-09-01 09:48:00,D00012
NB00000446,AC00098118,P00289,ICIC0005678,1746.86,debit,2026-07-17 19:28:05,D00013
NB00000464,AC00098118,P00269,HDFC0001234,5507.85,debit,2026-08-07 16:50:31,D00013
NB00000467,AC00098118,P00203,ICIC0005678,4291.48,debit,2026-08-09 21:48:13,D00013
NB00000468,AC00098118,P00112,HDFC0001234,4508.5,debit,2026-09-03 14:22:11,D00013
NB00000475,AC00098118,E00439,UTIB0000789,69562.0,credit,2026-07-02 09:54:00,D00013
NB00000476,AC00098118,E00439,HDFC0001234,73894.0,credit,2026-08-02 09:16:00,D00013
NB00000477,AC00098118,E00439,SBIN0004321,71830.0,credit,2026-08-30 09:15:00,D00013
NB00000478,AC00106278,P00091,UTIB0000789,5148.13,debit,2026-09-05 13:24:06,D00014
NB00000497,AC00106278,P00284,UTIB0000789,1947.3,debit,2026-07-13 18:57:32,D00014
NB00000501,AC00106278,P00042,HDFC0001234,17678.3,debit,2026-08-24 11:37:32,D00015
NB00000502,AC00106278,P00337,HDFC0001234,23638.89,debit,2026-08-02 18:58:06,D00014
NB00000507,AC00106278,P00153,UTIB0000789,2540.45,debit,2026-08-24 17:32:22,D00014
NB00000527,AC00106278,P00091,HDFC0001234,3299.81,debit,2026-07-28 08:50:51,D00014
NB00000547,AC00106278,E00431,ICIC0005678,89909.0,credit,2026-07-02 09:34:00,D00014
NB00000548,AC00106278,E00431,UTIB0000789,93108.0,credit,2026-08-01 09:11:00,D00015
NB00000549,AC00106278,E00431,HDFC0001234,93081.0,credit,2026-08-30 09:09:00,D00015
NB00000564,AC00114780,P00377,ICIC0005678,3336.54,debit,2026-07-18 21:19:13,D00016
NB00000574,AC00114780,P00080,SBIN0004321,273.73,debit,2026-07-30 22:32:47,D00016
NB00000582,AC00114780,P00051,SBIN0004321,904.78,debit,2026-08-30 09:43:12,D00016
NB00000610,AC00114780,P00184,SBIN0004321,423.89,debit,2026-08-15 19:11:10,D00016
NB00000615,AC00114780,P00132,UTIB0000789,2616.48,debit,2026-08-23 16:10:58,D00016
NB00000616,AC00114780,P00323,UTIB0000789,10265.4,debit,2026-09-05 12:49:40,D00016
NB00000617,AC00114780,P00107,ICIC0005678,3244.24,debit,2026-08-25 11:30:40,D00016
NB00000618,AC00114780,E00423,ICIC0005678,25012.0,credit,2026-07-01 09:30:00,D00016
NB00000619,AC00114780,E00423,ICIC0005678,24261.0,credit,2026-07-31 09:20:00,D00016
NB00000620,AC00114780,E00423,UTIB0000789,18536.0,credit,2026-09-01 09:31:00,D00016
NB00000626,AC00125172,P00265,UTIB0000789,2461.09,debit,2026-09-07 10:16:49,D00018
NB00000630,AC00125172,P00265,ICIC0005678,1996.46,debit,2026-09-01 19:27:46,D00017
NB00000638,AC00125172,P00253,HDFC0001234,872.3,debit,2026-07-27 22:14:21,D00017
NB00000647,AC00125172,P00397,HDFC0001234,3151.8,debit,2026-08-05 09:55:07,D00017
NB00000652,AC00125172,P00225,ICIC0005678,2633.06,debit,2026-08-22 10:15:38,D00017
NB00000655,AC00125172,E00436,HDFC0001234,38117.0,credit,2026-07-02 09:25:00,D00018
NB00000656,AC00125172,E00436,HDFC0001234,38772.0,credit,2026-08-01 09:17:00,D00017
NB00000657,AC00125172,E00436,SBIN0004321,37092.0,credit,2026-08-30 09:21:00,D00017
NB00000660,AC00135577,P00305,HDFC0001234,312.26,debit,2026-08-02 19:10:43,D00019
NB00000677,AC00135577,P00203,UTIB0000789,3025.2,debit,2026-09-06 08:59:01,D00019
NB00000694,AC00135577,P00362,UTIB0000789,1129.19,debit,2026-07-08 14:08:47,D00019
NB00000702,AC00135577,P00175,UTIB0000789,9466.17,debit,2026-08-27 19:55:44,D00019
NB00000703,AC00135577,P00235,UTIB0000789,1695.73,debit,2026-07-01 10:34:58,D00019
NB00000719,AC00135577,E00406,SBIN0004321,38273.0,credit,2026-07-03 09:44:00,D00019
NB00000720,AC00135577,E00406,SBIN0004321,38734.0,credit,2026-08-01 09:44:00,D00019
NB00000721,AC00135577,E00406,ICIC0005678,38710.0,credit,2026-08-31 09:15:00,D00019
NB00000771,AC00145952,P00238,SBIN0004321,1334.06,debit,2026-07-21 13:10:09,D00020
NB00000796,AC00145952,E00435,ICIC0005678,36777.0,credit,2026-07-01 09:27:00,D00020
NB00000797,AC00145952,E00435,ICIC0005678,28443.0,credit,2026-08-02 09:58:00,D00020
NB00000798,AC00145952,E00435,SBIN0004321,23690.0,credit,2026-09-01 09:16:00,D00020
NB00000802,AC00154004,P00063,HDFC0001234,1376.07,debit,2026-07-11 07:29:43,D00021
NB00000806,AC00154004,P00399,SBIN0004321,700.3,debit,2026-09-08 17:05:32,D00021
NB00000814,AC00154004,P00161,ICIC0005678,627.01,debit,2026-08-07 08:44:05,D00021
NB00000818,AC00154004,P00239,HDFC0001234,3082.82,debit,2026-08-07 10:20:46,D00021
NB00000820,AC00154004,P00296,HDFC0001234,2000.88,debit,2026-07-07 13:48:36,D00021
NB00000837,AC00154004,E00402,SBIN0004321,27636.0,credit,2026-07-03 09:06:00,D00021
NB00000838,AC00154004,E00402,HDFC0001234,28051.0,credit,2026-07-31 09:59:00,D00021
NB00000839,AC00154004,E00402,HDFC0001234,27015.0,credit,2026-09-01 09:04:00,D00021
NB00000880,AC00163007,P00205,UTIB0000789,2255.21,debit,2026-07-28 09:25:52,D00022
NB00000889,AC00163007,P00161,ICIC0005678,224.82,debit,2026-07-02 17:42:35,D00022
NB00000893,AC00163007,E00437,HDFC0001234,17624.0,credit,2026-07-03 09:21:00,D00022
NB00000894,AC00163007,E00437,SBIN0004321,18585.0,credit,2026-07-31 09:40:00,D00022
NB00000895,AC00163007,E00437,SBIN0004321,17848.0,credit,2026-08-31 09:32:00,D00022
NB00000899,AC00172521,P00128,SBIN0004321,2147.94,debit,2026-07-21 14:12:24,D00023
NB00000903,AC00172521,P00356,ICIC0005678,699.23,debit,2026-09-11 14:37:27,D00023
NB00000909,AC00172521,P00024,HDFC0001234,685.84,debit,2026-07-30 15:35:03,D00023
NB00000910,AC00172521,P00250,HDFC0001234,402.16,debit,2026-07-01 18:19:31,D00023
NB00000921,AC00172521,P00358,ICIC0005678,7024.77,debit,2026-07-04 15:49:39,D00023
NB00000927,AC00172521,P00026,HDFC0001234,1042.78,debit,2026-07-27 17:30:45,D00023
NB00000935,AC00172521,P00356,UTIB0000789,2182.78,debit,2026-08-23 10:01:15,D00023
NB00000950,AC00172521,P00024,UTIB0000789,2728.57,debit,2026-08-05 20:20:21,D00023
NB00000955,AC00172521,P00356,SBIN0004321,837.34,debit,2026-07-26 22:33:53,D00023
NB00000956,AC00172521,P00128,ICIC0005678,4689.64,debit,2026-07-10 07:46:19,D00023
NB00000960,AC00172521,P00356,UTIB0000789,796.53,debit,2026-08-16 14:06:00,D00023
NB00000986,AC00172521,E00415,HDFC0001234,39614.0,credit,2026-07-02 09:05:00,D00023
NB00000987,AC00172521,E00415,HDFC0001234,40115.0,credit,2026-08-01 09:28:00,D00023
NB00000988,AC00172521,E00415,HDFC0001234,40261.0,credit,2026-08-30 09:09:00,D00023
NB00000997,AC00184066,P00182,SBIN0004321,5883.77,debit,2026-08-31 11:49:17,D00024
NB00001006,AC00184066,P00285,SBIN0004321,994.82,debit,2026-07-27 17:05:04,D00024
NB00001009,AC00184066,P00043,HDFC0001234,2312.54,debit,2026-07-28 17:14:39,D00024
NB00001012,AC00184066,P00182,ICIC0005678,2642.52,debit,2026-08-29 16:47:02,D00024
NB00001014,AC00184066,P00043,HDFC0001234,9853.72,debit,2026-09-06 17:57:25,D00024
NB00001020,AC00184066,P00296,ICIC0005678,581.33,debit,2026-08-14 05:18:23,D00024
NB00001041,AC00184066,P00127,ICIC0005678,1480.66,debit,2026-07-05 17:52:53,D00024
NB00001042,AC00184066,P00373,SBIN0004321,773.62,debit,2026-08-01 18:51:41,D00024
NB00001045,AC00184066,P00127,UTIB0000789,843.77,debit,2026-07-14 15:24:15,D00024
NB00001050,AC00184066,E00438,UTIB0000789,26319.0,credit,2026-07-01 09:35:00,D00024
NB00001051,AC00184066,E00438,UTIB0000789,25987.0,credit,2026-08-01 09:13:00,D00024
NB00001052,AC00184066,E00438,HDFC0001234,25490.0,credit,2026-09-01 09:00:00,D00024
NB00001056,AC00193344,P00020,SBIN0004321,941.0,debit,2026-07-24 13:42:34,D00025
NB00001059,AC00193344,P00231,SBIN0004321,748.08,debit,2026-07-03 17:46:27,D00025
NB00001060,AC00193344,P00225,SBIN0004321,1508.14,debit,2026-08-29 15:10:26,D00025
NB00001067,AC00193344,P00200,UTIB0000789,999.51,debit,2026-08-07 09:21:14,D00025
NB00001070,AC00193344,P00231,SBIN0004321,1267.46,debit,2026-09-09 16:21:23,D00025
NB00001077,AC00193344,P00225,HDFC0001234,1609.49,debit,2026-07-13 13:43:52,D00025
NB00001078,AC00193344,P00225,HDFC0001234,958.09,debit,2026-07-09 19:57:00,D00025
NB00001081,AC00193344,P00278,HDFC0001234,1576.06,debit,2026-07-15 04:12:00,D00025
NB00001085,AC00193344,P00200,HDFC0001234,1289.91,debit,2026-07-02 15:53:48,D00025
NB00001089,AC00193344,P00200,SBIN0004321,1329.08,debit,2026-08-09 16:44:30,D00025
NB00001106,AC00193344,E00421,HDFC0001234,40121.0,credit,2026-07-03 09:03:00,D00025
NB00001107,AC00193344,E00421,ICIC0005678,40130.0,credit,2026-07-31 09:44:00,D00025
NB00001108,AC00193344,E00421,UTIB0000789,38619.0,credit,2026-09-01 09:32:00,D00025
NB00001124,AC00205644,P00279,SBIN0004321,205.29,debit,2026-07-14 07:34:46,D00026
NB00001127,AC00205644,P00279,SBIN0004321,176.37,debit,2026-07-08 08:26:30,D00026
NB00001128,AC00205644,P00279,HDFC0001234,399.01,debit,2026-08-04 12:24:29,D00026
NB00001139,AC00205644,P00314,SBIN0004321,205.31,debit,2026-08-19 21:42:30,D00026
NB00001145,AC00205644,E00435,SBIN0004321,26043.0,credit,2026-07-01 09:11:00,D00026
NB00001146,AC00205644,E00435,ICIC0005678,24549.0,credit,2026-08-02 09:53:00,D00027
NB00001147,AC00205644,E00435,HDFC0001234,25896.0,credit,2026-08-31 09:21:00,D00026
NB00001158,AC00219208,P00302,ICIC0005678,676.67,debit,2026-09-11 19:50:54,D00028
NB00001195,AC00219208,P00082,SBIN0004321,199.52,debit,2026-07-15 09:35:11,D00028
NB00001197,AC00219208,E00428,UTIB0000789,22132.0,credit,2026-07-03 09:22:00,D00028
NB00001198,AC00219208,E00428,ICIC0005678,18567.0,credit,2026-08-01 09:30:00,D00028
NB00001199,AC00219208,E00428,ICIC0005678,14944.0,credit,2026-08-31 09:45:00,D00028
NB00001222,AC00221972,P00255,SBIN0004321,2771.97,debit,2026-08-16 12:06:25,D00030
NB00001227,AC00221972,P00187,HDFC0001234,2830.02,debit,2026-07-10 13:49:12,D00029
NB00001235,AC00221972,P00237,UTIB0000789,557.96,debit,2026-08-17 11:23:15,D00030
NB00001241,AC00221972,P00146,HDFC0001234,1883.62,debit,2026-07-04 18:25:19,D00030
NB00001242,AC00221972,P00255,SBIN0004321,2286.72,debit,2026-08-14 14:54:40,D00029
NB00001244,AC00221972,P00252,SBIN0004321,1191.21,debit,2026-07-08 09:02:15,D00029
NB00001249,AC00221972,E00420,HDFC0001234,42989.0,credit,2026-07-02 09:21:00,D00030
NB00001250,AC00221972,E00420,ICIC0005678,42645.0,credit,2026-08-01 09:30:00,D00029
NB00001251,AC00221972,E00420,SBIN0004321,43157.0,credit,2026-09-01 09:30:00,D00029
NB00001252,AC00233780,P00220,SBIN0004321,1321.76,debit,2026-07-24 09:46:18,D00032
NB00001262,AC00233780,P00360,ICIC0005678,1657.63,debit,2026-08-03 17:19:15,D00031
NB00001280,AC00233780,P00360,ICIC0005678,1466.19,debit,2026-09-02 20:40:35,D00031
NB00001285,AC00233780,E00421,ICIC0005678,42344.0,credit,2026-07-03 09:55:00,D00031
NB00001286,AC00233780,E00421,HDFC0001234,40175.0,credit,2026-07-31 09:09:00,D00031
NB00001287,AC00233780,E00421,ICIC0005678,39039.0,credit,2026-09-01 09:36:00,D00031
NB00001288,AC00241442,P00264,UTIB0000789,1050.47,debit,2026-07-05 19:34:09,D00033
NB00001291,AC00241442,P00145,SBIN0004321,1075.11,debit,2026-08-22 20:14:39,D00033
NB00001293,AC00241442,P00204,ICIC0005678,4275.99,debit,2026-07-07 13:20:10,D00033
NB00001300,AC00241442,P00013,ICIC0005678,2248.74,debit,2026-07-31 08:09:37,D00033
NB00001302,AC00241442,P00204,SBIN0004321,2118.88,debit,2026-07-04 20:47:15,D00033
NB00001303,AC00241442,P00264,UTIB0000789,2587.96,debit,2026-07-06 17:54:53,D00033
NB00001304,AC00241442,P00160,HDFC0001234,13440.01,debit,2026-07-25 18:40:02,D00033
NB00001307,AC00241442,E00410,HDFC0001234,50483.0,credit,2026-07-03 09:07:00,D00033
NB00001308,AC00241442,E00410,SBIN0004321,50431.0,credit,2026-08-01 09:40:00,D00033
NB00001309,AC00241442,E00410,SBIN0004321,50512.0,credit,2026-08-31 09:30:00,D00033
NB00001318,AC00259771,P00368,SBIN0004321,4924.76,debit,2026-09-08 06:38:58,D00034
NB00001320,AC00259771,P00392,SBIN0004321,2379.39,debit,2026-07-23 14:35:39,D00034
NB00001325,AC00259771,P00171,UTIB0000789,7352.44,debit,2026-07-03 20:56:52,D00034
NB00001327,AC00259771,P00376,SBIN0004321,6324.95,debit,2026-08-19 18:07:36,D00034
NB00001351,AC00259771,P00219,HDFC0001234,5628.2,debit,2026-07-08 11:01:15,D00034
NB00001354,AC00259771,P00017,HDFC0001234,4450.71,debit,2026-07-19 08:11:39,D00034
NB00001356,AC00259771,E00428,ICIC0005678,111824.0,credit,2026-07-02 09:20:00,D00034
NB00001357,AC00259771,E00428,HDFC0001234,114884.0,credit,2026-08-02 09:36:00,D00034
NB00001358,AC00259771,E00428,HDFC0001234,111050.0,credit,2026-09-01 09:43:00,D00034
NB00001361,AC00267306,P00104,ICIC0005678,2059.63,debit,2026-09-05 09:39:45,D00035
NB00001363,AC00267306,P00011,UTIB0000789,898.31,debit,2026-07-01 17:52:28,D00035
NB00001374,AC00267306,P00109,HDFC0001234,4536.66,debit,2026-07-31 14:35:40,D00035
NB00001388,AC00267306,P00084,SBIN0004321,439.2,debit,2026-09-09 13:52:35,D00035
NB00001391,AC00267306,E00424,HDFC0001234,43995.0,credit,2026-07-01 09:46:00,D00035
NB00001392,AC00267306,E00424,SBIN0004321,44119.0,credit,2026-07-31 09:37:00,D00035
NB00001393,AC00267306,E00424,UTIB0000789,43907.0,credit,2026-08-31 09:29:00,D00035
NB00001400,AC00273173,P00107,SBIN0004321,1673.22,debit,2026-08-27 13:46:52,D00037
NB00001417,AC00273173,P00149,SBIN0004321,4990.28,debit,2026-09-09 12:13:22,D00037
NB00001421,AC00273173,P00101,SBIN0004321,1669.89,debit,2026-07-31 16:08:55,D00037
NB00001441,AC00273173,P00107,ICIC0005678,6283.54,debit,2026-07-09 20:32:24,D00036
NB00001448,AC00273173,P00149,UTIB0000789,9986.32,debit,2026-07-12 18:11:25,D00036
NB00001464,AC00273173,E00426,SBIN0004321,48754.0,credit,2026-07-03 09:35:00,D00037
NB00001465,AC00273173,E00426,UTIB0000789,49089.0,credit,2026-07-31 09:36:00,D00036
NB00001466,AC00273173,E00426,ICIC0005678,48439.0,credit,2026-08-31 09:25:00,D00036
NB00001467,AC00284727,P00001,SBIN0004321,2287.9,debit,2026-07-28 17:27:03,D00038
NB00001470,AC00284727,P00218,ICIC0005678,457.07,debit,2026-07-31 21:16:55,D00038
NB00001472,AC00284727,P00221,SBIN0004321,614.59,debit,2026-07-14 04:12:13,D00038
NB00001477,AC00284727,P00156,UTIB0000789,853.29,debit,2026-09-09 18:13:09,D00038
NB00001482,AC00284727,P00037,HDFC0001234,1901.9,debit,2026-07-06 14:04:14,D00038
NB00001497,AC00284727,P00177,SBIN0004321,464.08,debit,2026-07-15 23:28:28,D00038
NB00001498,AC00284727,P00015,ICIC0005678,9896.89,debit,2026-07-20 12:42:53,D00038
NB00001507,AC00284727,E00433,UTIB0000789,22085.0,credit,2026-07-02 09:57:00,D00038
NB00001508,AC00284727,E00433,UTIB0000789,22362.0,credit,2026-08-01 09:36:00,D00038
NB00001509,AC00284727,E00433,HDFC0001234,22400.0,credit,2026-08-30 09:50:00,D00038
NB00001514,AC00297506,P00114,SBIN0004321,259.01,debit,2026-07-02 20:50:08,D00039
NB00001534,AC00297506,P00323,SBIN0004321,1780.56,debit,2026-07-06 18:16:10,D00039
NB00001536,AC00297506,P00226,HDFC0001234,385.59,debit,2026-09-13 06:50:16,D00039
NB00001537,AC00297506,P00114,SBIN0004321,159.94,debit,2026-07-22 11:56:37,D00039
NB00001553,AC00297506,P00178,SBIN0004321,1557.41,debit,2026-07-08 21:29:22,D00039
NB00001567,AC00297506,P00178,UTIB0000789,432.09,debit,2026-07-24 18:49:27,D00039
NB00001587,AC00297506,P00093,ICIC0005678,163.64,debit,2026-08-16 13:04:26,D00039
NB00001595,AC00297506,P00337,UTIB0000789,1596.07,debit,2026-09-12 23:12:26,D00039
NB00001598,AC00297506,E00425,HDFC0001234,20267.0,credit,2026-07-01 09:52:00,D00039
NB00001599,AC00297506,E00425,HDFC0001234,19486.0,credit,2026-08-02 09:49:00,D00039
NB00001600,AC00297506,E00425,UTIB0000789,19945.0,credit,2026-08-31 09:52:00,D00039
NB00001617,AC00309618,P00102,ICIC0005678,7372.21,debit,2026-08-18 00:01:10,D00040
NB00001630,AC00309618,P00375,SBIN0004321,2827.65,debit,2026-08-17 19:31:58,D00041
NB00001637,AC00309618,P00241,UTIB0000789,2305.24,debit,2026-08-23 13:59:32,D00040
NB00001639,AC00309618,P00191,UTIB0000789,16615.69,debit,2026-07-30 12:09:34,D00041
NB00001653,AC00309618,E00412,SBIN0004321,82461.0,credit,2026-07-03 09:41:00,D00040
NB00001654,AC00309618,E00412,UTIB0000789,84505.0,credit,2026-07-31 09:45:00,D00040
NB00001655,AC00309618,E00412,UTIB0000789,84713.0,credit,2026-08-31 09:20:00,D00040
NB00001661,AC00316164,P00274,ICIC0005678,1050.5,debit,2026-07-12 11:01:23,D00042
NB00001663,AC00316164,P00035,ICIC0005678,682.31,debit,2026-08-12 21:48:49,D00042
NB00001675,AC00316164,P00098,SBIN0004321,1438.63,debit,2026-07-31 19:59:19,D00042
NB00001679,AC00316164,P00269,ICIC0005678,2820.04,debit,2026-07-30 11:59:05,D00042
NB00001682,AC00316164,P00312,UTIB0000789,518.24,debit,2026-08-01 02:38:55,D00042
NB00001706,AC00316164,P00380,HDFC0001234,548.21,debit,2026-08-09 19:46:44,D00042
NB00001707,AC00316164,P00123,SBIN0004321,692.37,debit,2026-07-25 16:55:35,D00042
NB00001708,AC00316164,P00021,UTIB0000789,1756.2,debit,2026-08-25 16:19:03,D00042
NB00001710,AC00316164,E00430,HDFC0001234,23639.0,credit,2026-07-01 09:10:00,D00042
NB00001711,AC00316164,E00430,ICIC0005678,24114.0,credit,2026-07-31 09:56:00,D00042
NB00001712,AC00316164,E00430,ICIC0005678,18816.0,credit,2026-08-31 09:06:00,D00042
NB00001749,AC00323437,P00385,SBIN0004321,1069.36,debit,2026-08-05 17:03:52,D00043
NB00001752,AC00323437,P00341,UTIB0000789,468.81,debit,2026-07-05 07:57:00,D00043
NB00001754,AC00323437,P00151,HDFC0001234,6013.66,debit,2026-07-19 16:05:18,D00043
NB00001757,AC00323437,P00385,HDFC0001234,3987.88,debit,2026-07-04 08:40:52,D00043
NB00001765,AC00323437,P00278,UTIB0000789,3449.18,debit,2026-07-05 17:18:19,D00043
NB00001769,AC00323437,E00422,ICIC0005678,22981.0,credit,2026-07-01 09:08:00,D00043
NB00001770,AC00323437,E00422,ICIC0005678,23098.0,credit,2026-07-31 09:01:00,D00043
NB00001771,AC00323437,E00422,SBIN0004321,22838.0,credit,2026-08-30 09:31:00,D00043
NB00001772,AC00337271,P00250,UTIB0000789,602.36,debit,2026-09-10 15:43:03,D00045
NB00001774,AC00337271,P00350,UTIB0000789,1739.03,debit,2026-07-13 13:59:58,D00045
NB00001791,AC00337271,P00070,UTIB0000789,797.17,debit,2026-09-02 09:52:57,D00045
NB00001797,AC00337271,P00019,HDFC0001234,1339.67,debit,2026-07-11 15:33:00,D00045
NB00001798,AC00337271,E00429,HDFC0001234,37430.0,credit,2026-07-03 09:05:00,D00045
NB00001799,AC00337271,E00429,SBIN0004321,38321.0,credit,2026-08-01 09:16:00,D00045
NB00001800,AC00337271,E00429,UTIB0000789,37435.0,credit,2026-08-30 09:22:00,D00045
NB00001802,AC00347171,P00269,ICIC0005678,4804.44,debit,2026-07-27 08:47:07,D00046
NB00001808,AC00347171,P00317,UTIB0000789,499.78,debit,2026-07-21 16:56:12,D00047
NB00001812,AC00347171,P00117,UTIB0000789,1038.69,debit,2026-08-27 16:08:27,D00046
NB00001834,AC00347171,P00269,SBIN0004321,3461.07,debit,2026-07-11 13:19:21,D00047
NB00001862,AC00347171,E00423,HDFC0001234,36039.0,credit,2026-07-03 09:56:00,D00046
NB00001863,AC00347171,E00423,ICIC0005678,35932.0,credit,2026-08-02 09:19:00,D00046
NB00001864,AC00347171,E00423,ICIC0005678,35917.0,credit,2026-09-01 09:22:00,D00046
NB00001870,AC00356794,P00181,ICIC0005678,9664.96,debit,2026-08-13 14:08:01,D00048
NB00001883,AC00356794,E00433,ICIC0005678,24198.0,credit,2026-07-02 09:28:00,D00048
NB00001884,AC00356794,E00433,HDFC0001234,24368.0,credit,2026-08-01 09:11:00,D00048
NB00001885,AC00356794,E00433,UTIB0000789,23686.0,credit,2026-09-01 09:44:00,D00048
NB00001894,AC00361413,P00227,ICIC0005678,2106.71,debit,2026-07-25 20:38:00,D00049
NB00001916,AC00361413,P00291,SBIN0004321,630.75,debit,2026-07-31 20:20:34,D00049
NB00001917,AC00361413,P00383,SBIN0004321,568.26,debit,2026-08-25 09:02:02,D00049
NB00001928,AC00361413,P00383,ICIC0005678,1514.54,debit,2026-08-15 17:43:17,D00049
NB00001933,AC00361413,E00415,SBIN0004321,32704.0,credit,2026-07-03 09:13:00,D00049
NB00001934,AC00361413,E00415,ICIC0005678,32915.0,credit,2026-08-01 09:23:00,D00049
NB00001935,AC00361413,E00415,HDFC0001234,23185.0,credit,2026-09-01 09:06:00,D00049
NB00001938,AC00377360,P00028,SBIN0004321,3750.03,debit,2026-08-31 12:19:31,D00050
NB00001952,AC00377360,P00270,HDFC0001234,10726.34,debit,2026-08-25 20:18:37,D00050
NB00002011,AC00377360,P00239,SBIN0004321,6777.14,debit,2026-08-10 20:51:36,D00050
NB00002014,AC00377360,P00106,UTIB0000789,1293.8,debit,2026-08-26 19:58:33,D00050
NB00002016,AC00377360,P00028,UTIB0000789,5495.52,debit,2026-08-22 20:16:25,D00050
NB00002017,AC00377360,E00430,ICIC0005678,68994.0,credit,2026-07-03 09:23:00,D00050
NB00002018,AC00377360,E00430,ICIC0005678,58795.0,credit,2026-08-02 09:56:00,D00050
NB00002019,AC00377360,E00430,SBIN0004321,48877.0,credit,2026-08-30 09:19:00,D00050
NB00002024,AC00381176,P00017,SBIN0004321,1041.67,debit,2026-08-16 10:10:10,D00051
NB00002030,AC00381176,P00399,UTIB0000789,178.39,debit,2026-07-17 23:45:59,D00051
NB00002032,AC00381176,P00214,UTIB0000789,1389.06,debit,2026-07-11 18:52:11,D00051
NB00002035,AC00381176,P00317,UTIB0000789,406.76,debit,2026-08-26 14:47:11,D00051
NB00002059,AC00381176,P00399,HDFC0001234,398.42,debit,2026-08-13 10:13:26,D00051
NB00002068,AC00381176,E00436,SBIN0004321,25595.0,credit,2026-07-03 09:37:00,D00051
NB00002069,AC00381176,E00436,UTIB0000789,25488.0,credit,2026-08-02 09:21:00,D00051
NB00002070,AC00381176,E00436,SBIN0004321,25077.0,credit,2026-08-30 09:14:00,D00051
NB00002075,AC00399149,P00294,HDFC0001234,911.76,debit,2026-07-16 12:34:48,D00052
NB00002094,AC00399149,P00036,UTIB0000789,255.56,debit,2026-08-10 17:25:27,D00053
NB00002109,AC00399149,P00143,SBIN0004321,1002.67,debit,2026-09-09 13:06:25,D00053
NB00002111,AC00399149,E00435,HDFC0001234,19329.0,credit,2026-07-01 09:40:00,D00052
NB00002112,AC00399149,E00435,ICIC0005678,19054.0,credit,2026-08-02 09:03:00,D00052
NB00002113,AC00399149,E00435,ICIC0005678,13483.0,credit,2026-08-30 09:14:00,D00052
NB00002118,AC00408936,P00374,SBIN0004321,15004.5,debit,2026-07-20 19:08:32,D00054
NB00002121,AC00408936,P00088,UTIB0000789,2948.07,debit,2026-08-14 07:17:23,D00054
NB00002125,AC00408936,P00020,SBIN0004321,1098.54,debit,2026-07-03 22:22:36,D00054
NB00002134,AC00408936,P00308,UTIB0000789,1504.87,debit,2026-08-26 14:22:53,D00054
NB00002146,AC00408936,P00213,UTIB0000789,13008.53,debit,2026-08-31 19:41:04,D00054
NB00002149,AC00408936,E00404,HDFC0001234,59963.0,credit,2026-07-01 09:09:00,D00054
NB00002150,AC00408936,E00404,ICIC0005678,60248.0,credit,2026-08-02 09:59:00,D00054
NB00002151,AC00408936,E00404,HDFC0001234,60906.0,credit,2026-08-30 09:21:00,D00054
NB00002168,AC00416070,P00365,ICIC0005678,1856.94,debit,2026-08-02 08:08:51,D00056
NB00002187,AC00416070,P00262,SBIN0004321,2447.61,debit,2026-08-14 15:03:58,D00055
NB00002202,AC00416070,P00086,SBIN0004321,1848.24,debit,2026-08-18 14:02:01,D00055
NB00002204,AC00416070,E00425,ICIC0005678,49012.0,credit,2026-07-01 09:03:00,D00056
NB00002205,AC00416070,E00425,HDFC0001234,43631.0,credit,2026-07-31 09:06:00,D00056
NB00002206,AC00416070,E00425,HDFC0001234,37945.0,credit,2026-08-31 09:01:00,D00056
NB00002210,AC00426813,P00142,HDFC0001234,1064.73,debit,2026-07-16 22:47:13,D00057
NB00002220,AC00426813,P00378,HDFC0001234,786.65,debit,2026-07-07 19:48:58,D00057
NB00002228,AC00426813,P00395,UTIB0000789,1583.04,debit,2026-08-22 11:54:38,D00057
NB00002236,AC00426813,P00378,UTIB0000789,758.52,debit,2026-08-17 08:20:04,D00057
NB00002244,AC00426813,P00142,SBIN0004321,1331.95,debit,2026-07-11 13:52:59,D00057
NB00002255,AC00426813,P00228,ICIC0005678,938.33,debit,2026-09-02 18:16:48,D00057
NB00002263,AC00426813,E00402,HDFC0001234,27686.0,credit,2026-07-03 09:54:00,D00057
NB00002264,AC00426813,E00402,ICIC0005678,28757.0,credit,2026-07-31 09:15:00,D00057
NB00002265,AC00426813,E00402,UTIB0000789,27667.0,credit,2026-09-01 09:46:00,D00057
NB00002270,AC00431610,P00030,HDFC0001234,751.53,debit,2026-07-17 18:41:42,D00058
NB00002297,AC00431610,P00344,ICIC0005678,321.83,debit,2026-07-13 17:56:51,D00058
NB00002314,AC00431610,P00061,UTIB0000789,390.69,debit,2026-08-17 14:51:05,D00058
NB00002316,AC00431610,E00419,HDFC0001234,16867.0,credit,2026-07-02 09:34:00,D00058
NB00002317,AC00431610,E00419,SBIN0004321,16777.0,credit,2026-08-01 09:37:00,D00058
NB00002318,AC00431610,E00419,HDFC0001234,17109.0,credit,2026-09-01 09:17:00,D00058
NB00002322,AC00448868,P00372,SBIN0004321,81.54,debit,2026-07-17 18:59:46,D00059
NB00002326,AC00448868,P00320,SBIN0004321,1484.71,debit,2026-09-07 17:46:57,D00059
NB00002329,AC00448868,P00336,ICIC0005678,260.34,debit,2026-07-05 08:20:34,D00059
NB00002350,AC00448868,P00032,ICIC0005678,1357.76,debit,2026-07-30 08:46:47,D00059
NB00002368,AC00448868,E00404,SBIN0004321,25974.0,credit,2026-07-03 09:50:00,D00059
NB00002369,AC00448868,E00404,SBIN0004321,26781.0,credit,2026-08-01 09:19:00,D00059
NB00002370,AC00448868,E00404,UTIB0000789,21435.0,credit,2026-08-30 09:17:00,D00059
NB00002375,AC00453437,P00376,SBIN0004321,516.15,debit,2026-07-06 08:36:25,D00060
NB00002376,AC00453437,P00067,UTIB0000789,2456.07,debit,2026-07-26 10:44:18,D00060
NB00002401,AC00453437,P00021,UTIB0000789,4341.39,debit,2026-08-13 22:50:04,D00060
NB00002402,AC00453437,P00245,ICIC0005678,3746.63,debit,2026-08-14 12:46:07,D00061
NB00002413,AC00453437,E00410,ICIC0005678,37616.0,credit,2026-07-03 09:24:00,D00060
NB00002414,AC00453437,E00410,HDFC0001234,36579.0,credit,2026-08-02 09:03:00,D00060
NB00002415,AC00453437,E00410,ICIC0005678,36588.0,credit,2026-09-01 09:32:00,D00060
NB00002422,AC00463358,P00053,UTIB0000789,2781.41,debit,2026-08-17 16:00:38,D00062
NB00002430,AC00463358,P00368,UTIB0000789,1344.78,debit,2026-08-10 21:43:07,D00062
NB00002433,AC00463358,P00362,ICIC0005678,832.65,debit,2026-07-30 20:28:33,D00062
NB00002471,AC00463358,E00435,UTIB0000789,68193.0,credit,2026-07-01 09:07:00,D00062
NB00002472,AC00463358,E00435,SBIN0004321,68593.0,credit,2026-08-02 09:18:00,D00062
NB00002473,AC00463358,E00435,HDFC0001234,67917.0,credit,2026-08-30 09:08:00,D00062
NB00002474,AC00477373,P00115,HDFC0001234,807.89,debit,2026-07-28 15:25:47,D00063
NB00002476,AC00477373,P00057,ICIC0005678,322.13,debit,2026-08-26 12:09:47,D00063
NB00002485,AC00477373,P00282,UTIB0000789,468.74,debit,2026-09-02 16:58:44,D00063
NB00002492,AC00477373,P00115,HDFC0001234,1765.74,debit,2026-07-25 07:42:55,D00063
NB00002495,AC00477373,P00146,UTIB0000789,619.22,debit,2026-08-24 21:53:56,D00063
NB00002514,AC00477373,P00034,HDFC0001234,450.87,debit,2026-07-05 21:39:48,D00063
NB00002522,AC00477373,P00057,HDFC0001234,376.8,debit,2026-08-21 16:27:38,D00063
NB00002528,AC00477373,P00266,SBIN0004321,1379.59,debit,2026-08-22 20:22:33,D00063
NB00002530,AC00477373,P00057,UTIB0000789,497.18,debit,2026-08-24 23:58:42,D00063
NB00002551,AC00477373,P00266,UTIB0000789,3381.55,debit,2026-07-28 18:53:10,D00063
NB00002556,AC00477373,E00429,HDFC0001234,22699.0,credit,2026-07-03 09:48:00,D00063
NB00002557,AC00477373,E00429,HDFC0001234,22799.0,credit,2026-07-31 09:32:00,D00063
NB00002558,AC00477373,E00429,UTIB0000789,22118.0,credit,2026-08-30 09:09:00,D00063
NB00002579,AC00489449,P00319,UTIB0000789,1715.37,debit,2026-08-12 08:03:31,D00064
NB00002582,AC00489449,P00253,UTIB0000789,332.75,debit,2026-08-21 17:43:18,D00064
NB00002587,AC00489449,P00057,HDFC0001234,1505.78,debit,2026-07-09 20:08:34,D00064
NB00002601,AC00489449,P00083,UTIB0000789,3943.94,debit,2026-08-26 19:10:09,D00064
NB00002607,AC00489449,P00253,SBIN0004321,644.07,debit,2026-09-02 18:29:45,D00064
NB00002614,AC00489449,P00083,ICIC0005678,2445.06,debit,2026-08-21 00:37:07,D00064
NB00002628,AC00489449,E00440,UTIB0000789,36214.0,credit,2026-07-01 09:14:00,D00064
NB00002629,AC00489449,E00440,HDFC0001234,36117.0,credit,2026-08-01 09:37:00,D00064
NB00002630,AC00489449,E00440,HDFC0001234,36143.0,credit,2026-08-31 09:50:00,D00064
NB00002650,AC00495446,P00011,HDFC0001234,7703.59,debit,2026-07-27 09:34:17,D00065
NB00002659,AC00495446,P00157,HDFC0001234,8357.02,debit,2026-09-09 11:56:51,D00065
NB00002672,AC00495446,P00180,UTIB0000789,753.05,debit,2026-08-02 05:03:46,D00065
NB00002679,AC00495446,E00421,HDFC0001234,53625.0,credit,2026-07-02 09:37:00,D00065
NB00002680,AC00495446,E00421,UTIB0000789,52896.0,credit,2026-07-31 09:32:00,D00065
NB00002681,AC00495446,E00421,UTIB0000789,51697.0,credit,2026-08-31 09:28:00,D00065
NB00002685,AC00505567,P00136,UTIB0000789,253.78,debit,2026-08-16 19:51:05,D00066
NB00002709,AC00505567,P00343,SBIN0004321,524.26,debit,2026-08-12 18:11:28,D00066
NB00002714,AC00505567,P00371,UTIB0000789,547.22,debit,2026-07-25 11:26:03,D00066
NB00002722,AC00505567,P00235,UTIB0000789,6079.22,debit,2026-07-09 17:56:40,D00066
NB00002726,AC00505567,P00105,UTIB0000789,518.64,debit,2026-07-22 00:32:31,D00066
NB00002737,AC00505567,E00424,SBIN0004321,11957.0,credit,2026-07-03 09:28:00,D00066
NB00002738,AC00505567,E00424,UTIB0000789,11808.0,credit,2026-07-31 09:39:00,D00066
NB00002739,AC00505567,E00424,UTIB0000789,12089.0,credit,2026-08-31 09:41:00,D00066
NB00002752,AC00515936,P00009,SBIN0004321,3665.88,debit,2026-08-12 13:14:47,D00067
NB00002759,AC00515936,P00306,SBIN0004321,1181.97,debit,2026-07-01 17:16:44,D00067
NB00002762,AC00515936,P00011,HDFC0001234,1531.97,debit,2026-07-23 20:53:38,D00068
NB00002763,AC00515936,E00429,SBIN0004321,64470.0,credit,2026-07-01 09:00:00,D00068
NB00002764,AC00515936,E00429,HDFC0001234,61622.0,credit,2026-08-02 09:02:00,D00067
NB00002765,AC00515936,E00429,HDFC0001234,62960.0,credit,2026-08-30 09:27:00,D00067
NB00002784,AC00523619,P00231,UTIB0000789,1394.23,debit,2026-07-17 18:25:04,D00069
NB00002789,AC00523619,P00132,SBIN0004321,819.8,debit,2026-07-19 20:48:29,D00069
NB00002790,AC00523619,P00202,HDFC0001234,2466.25,debit,2026-07-20 04:12:23,D00069
NB00002802,AC00523619,P00118,ICIC0005678,3368.29,debit,2026-07-07 15:43:34,D00070
NB00002807,AC00523619,P00018,UTIB0000789,462.31,debit,2026-07-16 17:15:24,D00069
NB00002814,AC00523619,P00251,UTIB0000789,1114.9,debit,2026-07-17 18:35:33,D00069
NB00002817,AC00523619,P00230,HDFC0001234,644.57,debit,2026-09-08 07:15:59,D00069
NB00002820,AC00523619,P00321,ICIC0005678,325.72,debit,2026-07-11 19:21:04,D00069
NB00002828,AC00523619,E00411,SBIN0004321,20556.0,credit,2026-07-02 09:12:00,D00069
NB00002829,AC00523619,E00411,SBIN0004321,18814.0,credit,2026-08-01 09:03:00,D00069
NB00002830,AC00523619,E00411,ICIC0005678,16446.0,credit,2026-08-31 09:55:00,D00069
NB00002835,AC00536368,P00132,UTIB0000789,2499.66,debit,2026-07-28 08:21:27,D00071
NB00002853,AC00536368,P00352,SBIN0004321,451.1,debit,2026-08-15 06:08:30,D00071
NB00002865,AC00536368,P00277,SBIN0004321,2144.73,debit,2026-07-26 19:20:25,D00071
NB00002880,AC00536368,P00352,HDFC0001234,1135.03,debit,2026-07-03 10:08:44,D00071
NB00002903,AC00536368,P00132,ICIC0005678,3443.2,debit,2026-07-12 14:25:32,D00071
NB00002907,AC00536368,E00433,UTIB0000789,44791.0,credit,2026-07-03 09:30:00,D00071
NB00002908,AC00536368,E00433,UTIB0000789,44379.0,credit,2026-07-31 09:54:00,D00071
NB00002909,AC00536368,E00433,SBIN0004321,43344.0,credit,2026-08-31 09:39:00,D00071
NB00002918,AC00549647,P00330,UTIB0000789,1019.49,debit,2026-08-06 13:05:48,D00072
NB00002921,AC00549647,P00291,UTIB0000789,573.93,debit,2026-08-24 15:10:10,D00072
NB00002951,AC00549647,P00010,ICIC0005678,995.01,debit,2026-08-20 20:17:38,D00072
NB00002961,AC00549647,E00441,SBIN0004321,43525.0,credit,2026-07-03 09:40:00,D00072
NB00002962,AC00549647,E00441,HDFC0001234,44292.0,credit,2026-08-01 09:19:00,D00072
NB00002963,AC00549647,E00441,SBIN0004321,44158.0,credit,2026-08-30 09:40:00,D00072
NB00002967,AC00554443,P00308,ICIC0005678,348.83,debit,2026-09-10 19:58:51,D00073
NB00002969,AC00554443,P00361,SBIN0004321,6577.33,debit,2026-08-18 14:45:25,D00073
NB00002974,AC00554443,P00044,ICIC0005678,929.56,debit,2026-08-08 11:19:18,D00073
NB00002986,AC00554443,P00155,UTIB0000789,1246.59,debit,2026-08-15 17:06:20,D00073
NB00002991,AC00554443,E00424,HDFC0001234,64328.0,credit,2026-07-03 09:56:00,D00073
NB00002992,AC00554443,E00424,SBIN0004321,66222.0,credit,2026-08-01 09:02:00,D00073
NB00002993,AC00554443,E00424,UTIB0000789,50138.0,credit,2026-09-01 09:18:00,D00073
NB00003000,AC00567956,P00374,UTIB0000789,13514.83,debit,2026-08-16 11:35:50,D00074
NB00003002,AC00567956,P00150,UTIB0000789,11938.06,debit,2026-08-06 09:15:35,D00074
NB00003019,AC00567956,P00300,ICIC0005678,3513.15,debit,2026-08-22 18:59:43,D00074
NB00003022,AC00567956,P00374,SBIN0004321,4340.85,debit,2026-08-02 13:19:22,D00074
NB00003029,AC00567956,P00073,SBIN0004321,5488.44,debit,2026-09-05 09:21:14,D00074
NB00003047,AC00567956,P00374,SBIN0004321,8292.49,debit,2026-09-12 06:30:53,D00074
NB00003049,AC00567956,E00418,ICIC0005678,50459.0,credit,2026-07-02 09:50:00,D00074
NB00003050,AC00567956,E00418,ICIC0005678,50328.0,credit,2026-08-02 09:47:00,D00074
NB00003051,AC00567956,E00418,UTIB0000789,50170.0,credit,2026-08-30 09:10:00,D00074
NB00003056,AC00577964,P00314,ICIC0005678,327.4,debit,2026-08-06 16:12:13,D00076
NB00003067,AC00577964,P00322,HDFC0001234,491.72,debit,2026-08-14 21:39:28,D00075
NB00003069,AC00577964,P00292,UTIB0000789,3144.17,debit,2026-08-22 07:56:27,D00075
NB00003093,AC00577964,P00039,UTIB0000789,1982.53,debit,2026-07-06 20:00:25,D00075
NB00003095,AC00577964,P00194,HDFC0001234,332.45,debit,2026-09-06 19:13:47,D00076
NB00003129,AC00577964,P00322,HDFC0001234,517.01,debit,2026-09-11 15:35:39,D00075
NB00003131,AC00577964,P00145,ICIC0005678,326.96,debit,2026-07-09 22:04:55,D00075
NB00003145,AC00577964,E00405,HDFC0001234,12185.0,credit,2026-07-02 09:32:00,D00075
NB00003146,AC00577964,E00405,SBIN0004321,12192.0,credit,2026-08-01 09:43:00,D00075
NB00003147,AC00577964,E00405,SBIN0004321,11906.0,credit,2026-08-31 09:16:00,D00075
NB00003157,AC00588656,P00229,SBIN0004321,790.97,debit,2026-08-12 10:54:09,D00077
NB00003161,AC00588656,P00069,UTIB0000789,1311.7,debit,2026-09-10 12:42:39,D00078
NB00003172,AC00588656,P00041,UTIB0000789,1205.46,debit,2026-07-20 19:02:48,D00077
NB00003176,AC00588656,P00069,SBIN0004321,1264.54,debit,2026-07-31 13:53:22,D00078
NB00003190,AC00588656,E00403,HDFC0001234,25344.0,credit,2026-07-01 09:42:00,D00077
NB00003191,AC00588656,E00403,ICIC0005678,24737.0,credit,2026-08-01 09:09:00,D00077
NB00003192,AC00588656,E00403,SBIN0004321,25567.0,credit,2026-08-30 09:24:00,D00077
NB00003206,AC00597511,P00369,HDFC0001234,4491.64,debit,2026-07-13 07:24:21,D00079
NB00003213,AC00597511,P00138,ICIC0005678,2072.32,debit,2026-07-16 14:12:22,D00080
NB00003238,AC00597511,E00412,HDFC0001234,40033.0,credit,2026-07-01 09:47:00,D00079
NB00003239,AC00597511,E00412,SBIN0004321,40956.0,credit,2026-08-01 09:18:00,D00079
NB00003240,AC00597511,E00412,HDFC0001234,40495.0,credit,2026-09-01 09:40:00,D00080
NB00003245,AC00609292,P00378,SBIN0004321,2829.27,debit,2026-08-18 20:54:59,D00081
NB00003253,AC00609292,P00117,ICIC0005678,672.2,debit,2026-07-08 11:21:25,D00081
NB00003260,AC00609292,P00104,SBIN0004321,4952.88,debit,2026-09-01 18:40:03,D00081
NB00003272,AC00609292,P00292,SBIN0004321,4765.2,debit,2026-08-08 18:21:25,D00081
NB00003274,AC00609292,P00142,ICIC0005678,1714.04,debit,2026-09-05 08:04:26,D00081
NB00003277,AC00609292,P00104,SBIN0004321,3537.19,debit,2026-07-16 10:42:38,D00081
NB00003279,AC00609292,E00411,UTIB0000789,34382.0,credit,2026-07-01 09:26:00,D00081
NB00003280,AC00609292,E00411,HDFC0001234,34920.0,credit,2026-07-31 09:40:00,D00081
NB00003281,AC00609292,E00411,SBIN0004321,34706.0,credit,2026-09-01 09:15:00,D00081
NB00003282,AC00617427,P00146,SBIN0004321,1879.78,debit,2026-08-10 18:33:26,D00082
NB00003289,AC00617427,P00078,SBIN0004321,1299.14,debit,2026-07-04 20:46:04,D00082
NB00003292,AC00617427,P00352,UTIB0000789,318.22,debit,2026-08-10 08:13:41,D00082
NB00003295,AC00617427,P00378,ICIC0005678,832.25,debit,2026-08-12 18:28:42,D00082
NB00003296,AC00617427,P00372,ICIC0005678,278.94,debit,2026-08-02 10:11:31,D00082
NB00003297,AC00617427,P00372,ICIC0005678,598.4,debit,2026-08-17 18:54:33,D00082
NB00003300,AC00617427,P00148,SBIN0004321,1812.0,debit,2026-07-30 19:42:03,D00082
NB00003309,AC00617427,P00229,ICIC0005678,2313.51,debit,2026-08-07 17:03:11,D00082
NB00003313,AC00617427,E00419,HDFC0001234,48116.0,credit,2026-07-03 09:00:00,D00082
NB00003314,AC00617427,E00419,ICIC0005678,49419.0,credit,2026-08-01 09:11:00,D00082
NB00003315,AC00617427,E00419,SBIN0004321,48734.0,credit,2026-09-01 09:49:00,D00082
NB00003316,AC00629784,P00320,ICIC0005678,9771.9,debit,2026-07-15 14:05:34,D00083
NB00003321,AC00629784,P00168,HDFC0001234,1885.47,debit,2026-07-26 22:28:02,D00083
NB00003323,AC00629784,P00103,UTIB0000789,5987.32,debit,2026-07-21 10:30:14,D00083
NB00003325,AC00629784,P00103,SBIN0004321,9908.7,debit,2026-08-22 08:52:05,D00083
NB00003339,AC00629784,P00007,SBIN0004321,2466.45,debit,2026-08-03 18:34:06,D00083
NB00003350,AC00629784,E00413,UTIB0000789,56048.0,credit,2026-07-03 09:43:00,D00083
NB00003351,AC00629784,E00413,HDFC0001234,56086.0,credit,2026-08-02 09:46:00,D00083
NB00003352,AC00629784,E00413,SBIN0004321,57067.0,credit,2026-08-31 09:07:00,D00083
NB00003355,AC00637437,P00093,ICIC0005678,551.62,debit,2026-09-07 17:42:37,D00084
NB00003356,AC00637437,P00133,ICIC0005678,2863.39,debit,2026-09-07 17:50:31,D00084
NB00003361,AC00637437,P00239,HDFC0001234,2574.57,debit,2026-08-09 13:11:42,D00084
NB00003364,AC00637437,P00083,SBIN0004321,762.31,debit,2026-08-24 15:23:06,D00084
NB00003393,AC00637437,P00231,UTIB0000789,378.67,debit,2026-07-23 15:28:57,D00084
NB00003394,AC00637437,P00083,UTIB0000789,1835.58,debit,2026-07-22 15:35:48,D00084
NB00003402,AC00637437,P00231,UTIB0000789,779.48,debit,2026-07-25 10:28:24,D00084
NB00003406,AC00637437,P00231,HDFC0001234,908.55,debit,2026-07-03 21:54:28,D00085
NB00003410,AC00637437,P00102,SBIN0004321,1988.65,debit,2026-08-12 14:13:10,D00084
NB00003420,AC00637437,P00083,HDFC0001234,5111.57,debit,2026-07-06 12:37:56,D00085
NB00003425,AC00637437,P00056,UTIB0000789,288.54,debit,2026-07-23 06:07:26,D00084
NB00003432,AC00637437,E00422,UTIB0000789,51657.0,credit,2026-07-01 09:21:00,D00084
NB00003433,AC00637437,E00422,HDFC0001234,50634.0,credit,2026-08-02 09:30:00,D00084
NB00003434,AC00637437,E00422,HDFC0001234,52191.0,credit,2026-08-30 09:53:00,D00084
NB00003442,AC00648531,P00302,SBIN0004321,1018.37,debit,2026-08-08 22:13:20,D00086
NB00003466,AC00648531,P00086,ICIC0005678,2778.56,debit,2026-07-24 11:29:03,D00086
NB00003470,AC00648531,E00417,HDFC0001234,34743.0,credit,2026-07-03 09:59:00,D00086
NB00003471,AC00648531,E00417,ICIC0005678,34704.0,credit,2026-08-02 09:46:00,D00086
NB00003472,AC00648531,E00417,ICIC0005678,34889.0,credit,2026-08-30 09:33:00,D00086
NB00003476,AC00659012,P00282,SBIN0004321,908.61,debit,2026-07-21 09:24:00,D00087
NB00003488,AC00659012,P00156,SBIN0004321,643.97,debit,2026-07-19 09:01:54,D00087
NB00003499,AC00659012,P00278,HDFC0001234,934.53,debit,2026-08-08 15:10:59,D00087
NB00003515,AC00659012,P00217,ICIC0005678,153.99,debit,2026-07-09 21:56:36,D00087
NB00003542,AC00659012,E00429,HDFC0001234,15569.0,credit,2026-07-03 09:16:00,D00087
NB00003543,AC00659012,E00429,SBIN0004321,15492.0,credit,2026-08-02 09:35:00,D00087
NB00003544,AC00659012,E00429,ICIC0005678,15177.0,credit,2026-09-01 09:29:00,D00087
NB00003548,AC00669849,P00293,ICIC0005678,1006.65,debit,2026-08-23 12:04:54,D00088
NB00003549,AC00669849,P00212,UTIB0000789,1405.17,debit,2026-09-05 13:36:28,D00088
NB00003555,AC00669849,P00111,HDFC0001234,7153.09,debit,2026-09-07 18:48:31,D00088
NB00003564,AC00669849,P00356,SBIN0004321,269.85,debit,2026-08-24 18:14:28,D00088
NB00003566,AC00669849,P00301,ICIC0005678,319.02,debit,2026-07-14 16:51:49,D00088
NB00003584,AC00669849,P00333,UTIB0000789,1031.95,debit,2026-07-19 10:28:04,D00088
NB00003594,AC00669849,E00418,SBIN0004321,30205.0,credit,2026-07-01 09:08:00,D00088
NB00003595,AC00669849,E00418,HDFC0001234,29468.0,credit,2026-08-01 09:09:00,D00088
NB00003596,AC00669849,E00418,ICIC0005678,30305.0,credit,2026-09-01 09:10:00,D00088
NB00003623,AC00676357,P00338,HDFC0001234,14157.57,debit,2026-07-07 08:22:13,D00089
NB00003631,AC00676357,P00244,ICIC0005678,5324.24,debit,2026-07-27 20:21:19,D00089
NB00003634,AC00676357,P00338,UTIB0000789,1147.94,debit,2026-07-03 15:05:17,D00089
NB00003644,AC00676357,P00278,UTIB0000789,5157.59,debit,2026-08-21 19:40:59,D00089
NB00003652,AC00676357,P00388,ICIC0005678,1221.78,debit,2026-09-07 17:46:14,D00089
NB00003653,AC00676357,P00244,SBIN0004321,9202.77,debit,2026-07-07 16:03:51,D00089
NB00003671,AC00676357,E00439,SBIN0004321,47164.0,credit,2026-07-03 09:55:00,D00089
NB00003672,AC00676357,E00439,HDFC0001234,46831.0,credit,2026-08-01 09:11:00,D00089
NB00003673,AC00676357,E00439,UTIB0000789,45474.0,credit,2026-08-31 09:31:00,D00089
NB00003676,AC00687391,P00333,SBIN0004321,273.03,debit,2026-09-08 13:35:35,D00090
NB00003707,AC00687391,P00347,ICIC0005678,1337.56,debit,2026-07-15 14:18:41,D00090
NB00003723,AC00687391,P00396,SBIN0004321,1462.58,debit,2026-07-16 14:34:18,D00090
NB00003726,AC00687391,E00407,ICIC0005678,21905.0,credit,2026-07-02 09:50:00,D00090
NB00003727,AC00687391,E00407,SBIN0004321,22213.0,credit,2026-08-02 09:52:00,D00090
NB00003728,AC00687391,E00407,UTIB0000789,21661.0,credit,2026-09-01 09:32:00,D00091
NB00003733,AC00699702,P00032,HDFC0001234,1286.95,debit,2026-07-27 19:55:33,D00092
NB00003739,AC00699702,P00340,SBIN0004321,1135.04,debit,2026-09-11 18:01:06,D00092
NB00003750,AC00699702,P00230,HDFC0001234,1229.38,debit,2026-07-10 09:47:37,D00092
NB00003753,AC00699702,P00230,UTIB0000789,1592.39,debit,2026-07-04 21:51:18,D00092
NB00003763,AC00699702,P00230,UTIB0000789,975.22,debit,2026-07-18 13:33:11,D00092
NB00003765,AC00699702,E00415,ICIC0005678,52229.0,credit,2026-07-02 09:21:00,D00092
NB00003766,AC00699702,E00415,UTIB0000789,52437.0,credit,2026-08-01 09:44:00,D00092
NB00003767,AC00699702,E00415,UTIB0000789,52974.0,credit,2026-08-30 09:51:00,D00092
NB00003792,AC00704421,P00317,HDFC0001234,1568.51,debit,2026-08-04 19:10:31,D00093
NB00003804,AC00704421,P00276,HDFC0001234,1775.08,debit,2026-09-10 11:48:29,D00093
NB00003805,AC00704421,P00045,ICIC0005678,3388.9,debit,2026-08-30 08:34:22,D00093
NB00003806,AC00704421,P00062,HDFC0001234,5042.62,debit,2026-09-05 11:53:07,D00093
NB00003810,AC00704421,P00054,SBIN0004321,5022.33,debit,2026-07-24 18:58:03,D00093
NB00003821,AC00704421,P00009,UTIB0000789,1850.8,debit,2026-07-09 16:37:20,D00094
NB00003849,AC00704421,E00437,UTIB0000789,61336.0,credit,2026-07-03 09:40:00,D00093
NB00003850,AC00704421,E00437,SBIN0004321,59461.0,credit,2026-08-01 09:09:00,D00093
NB00003851,AC00704421,E00437,UTIB0000789,59965.0,credit,2026-08-31 09:09:00,D00093
NB00003866,AC00712072,P00044,HDFC0001234,1255.3,debit,2026-08-30 11:38:35,D00095
NB00003873,AC00712072,P00044,SBIN0004321,1026.03,debit,2026-07-18 16:57:55,D00095
NB00003895,AC00712072,P00024,UTIB0000789,1044.77,debit,2026-07-28 19:30:49,D00095
NB00003896,AC00712072,E00421,ICIC0005678,40631.0,credit,2026-07-02 09:42:00,D00095
NB00003897,AC00712072,E00421,SBIN0004321,40894.0,credit,2026-08-01 09:40:00,D00095
NB00003898,AC00712072,E00421,ICIC0005678,40826.0,credit,2026-09-01 09:53:00,D00095
NB00003921,AC00728957,P00021,HDFC0001234,430.76,debit,2026-07-06 18:09:19,D00096
NB00003940,AC00728957,P00021,ICIC0005678,544.03,debit,2026-08-03 21:42:18,D00096
NB00003944,AC00728957,P00292,UTIB0000789,545.41,debit,2026-07-26 11:04:35,D00097
NB00003952,AC00728957,E00428,HDFC0001234,12257.0,credit,2026-07-01 09:54:00,D00097
NB00003953,AC00728957,E00428,HDFC0001234,11580.0,credit,2026-07-31 09:34:00,D00096
NB00003954,AC00728957,E00428,SBIN0004321,12075.0,credit,2026-09-01 09:09:00,D00096
NB00003958,AC00736686,P00167,SBIN0004321,929.78,debit,2026-08-23 16:36:58,D00098
NB00003982,AC00736686,P00001,HDFC0001234,1879.05,debit,2026-08-03 10:54:11,D00098
NB00004003,AC00736686,P00328,SBIN0004321,1518.25,debit,2026-09-09 09:36:58,D00098
NB00004004,AC00736686,P00144,UTIB0000789,532.65,debit,2026-07-29 13:00:24,D00098
NB00004020,AC00736686,E00415,SBIN0004321,20247.0,credit,2026-07-01 09:51:00,D00098
NB00004021,AC00736686,E00415,ICIC0005678,20029.0,credit,2026-08-02 09:26:00,D00098
NB00004022,AC00736686,E00415,UTIB0000789,19417.0,credit,2026-09-01 09:15:00,D00098
NB00004031,AC00744855,P00126,SBIN0004321,14963.13,debit,2026-09-04 06:32:19,D00099
NB00004053,AC00744855,P00383,UTIB0000789,834.64,debit,2026-08-19 09:40:02,D00100
NB00004058,AC00744855,P00383,UTIB0000789,704.9,debit,2026-08-01 17:28:49,D00099
NB00004060,AC00744855,P00383,ICIC0005678,1462.74,debit,2026-08-23 18:48:59,D00099
NB00004061,AC00744855,P00287,UTIB0000789,2710.98,debit,2026-09-10 18:35:58,D00099
NB00004063,AC00744855,P00354,HDFC0001234,1437.53,debit,2026-09-11 01:59:23,D00099
NB00004064,AC00744855,P00263,ICIC0005678,8668.2,debit,2026-08-30 21:42:25,D00100
NB00004065,AC00744855,E00425,ICIC0005678,97511.0,credit,2026-07-02 09:37:00,D00099
NB00004066,AC00744855,E00425,ICIC0005678,96560.0,credit,2026-08-01 09:37:00,D00099
NB00004067,AC00744855,E00425,HDFC0001234,100057.0,credit,2026-08-31 09:22:00,D00099
NB00004071,AC00757451,P00366,UTIB0000789,357.49,debit,2026-09-12 01:30:14,D00101
NB00004072,AC00757451,P00042,SBIN0004321,2033.07,debit,2026-07-27 10:39:19,D00101
NB00004116,AC00757451,P00160,SBIN0004321,5039.66,debit,2026-08-01 16:37:21,D00101
NB00004127,AC00757451,E00431,UTIB0000789,29063.0,credit,2026-07-01 09:02:00,D00101
NB00004128,AC00757451,E00431,UTIB0000789,28555.0,credit,2026-08-02 09:13:00,D00101
NB00004129,AC00757451,E00431,UTIB0000789,28010.0,credit,2026-08-30 09:47:00,D00101
NB00004147,AC00761293,P00311,ICIC0005678,815.59,debit,2026-07-30 18:51:02,D00102
NB00004148,AC00761293,P00001,UTIB0000789,489.78,debit,2026-08-16 06:26:30,D00102
NB00004151,AC00761293,P00044,HDFC0001234,1372.1,debit,2026-08-18 17:44:42,D00102
NB00004152,AC00761293,P00311,ICIC0005678,321.26,debit,2026-07-01 14:31:36,D00102
NB00004158,AC00761293,E00432,UTIB0000789,14225.0,credit,2026-07-01 09:16:00,D00102
NB00004159,AC00761293,E00432,HDFC0001234,14247.0,credit,2026-08-01 09:23:00,D00102
NB00004160,AC00761293,E00432,ICIC0005678,14054.0,credit,2026-08-31 09:14:00,D00102
NB00004163,AC00775294,P00057,HDFC0001234,921.48,debit,2026-08-25 18:40:34,D00103
NB00004171,AC00775294,P00165,ICIC0005678,2369.19,debit,2026-09-06 16:12:59,D00103
NB00004178,AC00775294,P00120,SBIN0004321,5571.58,debit,2026-07-24 06:33:20,D00103
NB00004189,AC00775294,P00040,HDFC0001234,20077.3,debit,2026-08-14 21:45:30,D00103
NB00004197,AC00775294,P00047,SBIN0004321,2959.3,debit,2026-07-18 12:39:56,D00103
NB00004202,AC00775294,P00251,UTIB0000789,3892.79,debit,2026-07-11 18:48:39,D00103
NB00004206,AC00775294,P00120,ICIC0005678,2901.67,debit,2026-07-12 20:48:54,D00103
NB00004217,AC00775294,P00047,SBIN0004321,11828.48,debit,2026-08-23 17:49:17,D00103
NB00004236,AC00775294,P00263,SBIN0004321,21114.23,debit,2026-07-16 19:52:37,D00103
NB00004238,AC00775294,P00120,UTIB0000789,1153.59,debit,2026-08-02 14:14:25,D00103
NB00004244,AC00775294,P00251,SBIN0004321,5885.64,debit,2026-08-09 11:05:36,D00103
NB00004246,AC00775294,E00416,HDFC0001234,71138.0,credit,2026-07-03 09:27:00,D00103
NB00004247,AC00775294,E00416,SBIN0004321,70132.0,credit,2026-08-02 09:55:00,D00103
NB00004248,AC00775294,E00416,UTIB0000789,71629.0,credit,2026-09-01 09:25:00,D00103
NB00004284,AC00783388,P00015,UTIB0000789,1300.41,debit,2026-09-12 20:13:54,D00104
NB00004305,AC00783388,E00424,HDFC0001234,37358.0,credit,2026-07-03 09:18:00,D00104
NB00004306,AC00783388,E00424,UTIB0000789,31034.0,credit,2026-07-31 09:05:00,D00104
NB00004307,AC00783388,E00424,UTIB0000789,25858.0,credit,2026-08-31 09:19:00,D00104
NB00004322,AC00793593,P00314,SBIN0004321,2163.43,debit,2026-07-21 19:24:13,D00105
NB00004324,AC00793593,P00374,HDFC0001234,9319.38,debit,2026-07-09 12:07:48,D00105
NB00004326,AC00793593,P00314,SBIN0004321,2217.77,debit,2026-08-17 15:02:56,D00105
NB00004328,AC00793593,P00268,HDFC0001234,3978.49,debit,2026-07-09 21:07:10,D00105
NB00004342,AC00793593,P00253,HDFC0001234,1940.16,debit,2026-09-12 08:34:07,D00105
NB00004351,AC00793593,E00418,ICIC0005678,66923.0,credit,2026-07-03 09:02:00,D00105
NB00004352,AC00793593,E00418,ICIC0005678,64750.0,credit,2026-08-02 09:58:00,D00105
NB00004353,AC00793593,E00418,ICIC0005678,64445.0,credit,2026-09-01 09:51:00,D00105
NB00004360,AC00809722,P00265,ICIC0005678,2645.79,debit,2026-08-09 22:06:23,D00106
NB00004361,AC00809722,P00222,HDFC0001234,809.22,debit,2026-07-02 19:35:15,D00106
NB00004375,AC00809722,P00084,SBIN0004321,2345.68,debit,2026-07-15 15:23:22,D00106
NB00004379,AC00809722,P00141,HDFC0001234,2663.06,debit,2026-08-07 21:49:37,D00107
NB00004383,AC00809722,P00084,HDFC0001234,3431.09,debit,2026-09-04 20:43:22,D00106
NB00004384,AC00809722,P00221,HDFC0001234,875.85,debit,2026-09-01 11:02:28,D00106
NB00004396,AC00809722,P00222,UTIB0000789,470.52,debit,2026-07-04 05:01:59,D00106
NB00004399,AC00809722,P00067,ICIC0005678,5005.72,debit,2026-07-16 08:01:07,D00106
NB00004401,AC00809722,E00418,SBIN0004321,43736.0,credit,2026-07-01 09:01:00,D00106
NB00004402,AC00809722,E00418,ICIC0005678,42853.0,credit,2026-08-01 09:51:00,D00106
NB00004403,AC00809722,E00418,ICIC0005678,43393.0,credit,2026-08-31 09:43:00,D00106
NB00004417,AC00815949,P00316,UTIB0000789,5838.42,debit,2026-09-08 07:06:56,D00108
NB00004425,AC00815949,P00269,SBIN0004321,3537.51,debit,2026-08-20 03:25:44,D00108
NB00004427,AC00815949,P00316,HDFC0001234,1393.41,debit,2026-07-26 09:59:59,D00108
NB00004428,AC00815949,P00269,SBIN0004321,5253.03,debit,2026-07-27 13:07:09,D00108
NB00004449,AC00815949,P00079,UTIB0000789,2177.93,debit,2026-07-02 08:42:11,D00108
NB00004451,AC00815949,E00421,UTIB0000789,47766.0,credit,2026-07-01 09:33:00,D00108
NB00004452,AC00815949,E00421,ICIC0005678,47735.0,credit,2026-07-31 09:26:00,D00108
NB00004453,AC00815949,E00421,SBIN0004321,48608.0,credit,2026-08-31 09:05:00,D00108
NB00004462,AC00822263,P00342,ICIC0005678,5147.75,debit,2026-09-11 20:51:51,D00109
NB00004470,AC00822263,P00146,ICIC0005678,3404.19,debit,2026-08-10 22:18:58,D00109
NB00004474,AC00822263,P00134,SBIN0004321,2186.06,debit,2026-07-06 10:34:45,D00109
NB00004480,AC00822263,P00342,SBIN0004321,2028.7,debit,2026-08-06 07:19:25,D00109
NB00004481,AC00822263,P00048,SBIN0004321,1586.42,debit,2026-08-12 16:58:49,D00109
NB00004486,AC00822263,P00125,HDFC0001234,1952.78,debit,2026-08-19 17:17:02,D00109
NB00004510,AC00822263,P00359,HDFC0001234,1296.64,debit,2026-07-26 18:38:10,D00109
NB00004513,AC00822263,E00412,ICIC0005678,46855.0,credit,2026-07-03 09:10:00,D00109
NB00004514,AC00822263,E00412,ICIC0005678,45272.0,credit,2026-08-01 09:22:00,D00109
NB00004515,AC00822263,E00412,UTIB0000789,44827.0,credit,2026-08-31 09:33:00,D00109
NB00004516,AC00834282,P00266,SBIN0004321,3041.48,debit,2026-08-25 18:30:58,D00110
NB00004520,AC00834282,P00330,SBIN0004321,3160.8,debit,2026-08-18 17:16:04,D00110
NB00004537,AC00834282,P00087,ICIC0005678,531.47,debit,2026-07-20 01:14:49,D00110
NB00004556,AC00834282,P00099,UTIB0000789,2020.28,debit,2026-08-11 18:08:22,D00110
NB00004561,AC00834282,P00087,ICIC0005678,2714.71,debit,2026-07-29 09:13:53,D00110
NB00004574,AC00834282,P00330,ICIC0005678,1193.01,debit,2026-08-05 08:46:05,D00110
NB00004575,AC00834282,P00168,SBIN0004321,1970.37,debit,2026-08-26 16:03:45,D00110
NB00004587,AC00834282,E00417,SBIN0004321,54214.0,credit,2026-07-01 09:24:00,D00110
NB00004588,AC00834282,E00417,HDFC0001234,55219.0,credit,2026-07-31 09:21:00,D00110
NB00004589,AC00834282,E00417,SBIN0004321,53574.0,credit,2026-09-01 09:59:00,D00110
NB00004600,AC00843183,P00266,SBIN0004321,5375.14,debit,2026-09-08 10:42:05,D00111
NB00004606,AC00843183,P00266,SBIN0004321,12669.81,debit,2026-07-21 20:08:05,D00111
NB00004607,AC00843183,P00266,HDFC0001234,4735.31,debit,2026-07-19 09:16:44,D00111
NB00004608,AC00843183,P00046,UTIB0000789,4398.86,debit,2026-08-20 19:20:02,D00111
NB00004612,AC00843183,P00046,UTIB0000789,4507.91,debit,2026-08-31 18:57:36,D00111
NB00004620,AC00843183,E00430,UTIB0000789,120214.0,credit,2026-07-01 09:43:00,D00111
NB00004621,AC00843183,E00430,SBIN0004321,117209.0,credit,2026-08-02 09:12:00,D00111
NB00004622,AC00843183,E00430,UTIB0000789,118738.0,credit,2026-09-01 09:27:00,D00111
NB00004634,AC00859181,P00168,UTIB0000789,481.19,debit,2026-08-18 17:45:31,D00112
NB00004656,AC00859181,P00199,UTIB0000789,1253.36,debit,2026-09-11 18:45:52,D00112
NB00004660,AC00859181,P00170,SBIN0004321,2775.17,debit,2026-07-27 21:10:18,D00112
NB00004664,AC00859181,P00235,HDFC0001234,8020.7,debit,2026-08-29 13:09:21,D00112
NB00004667,AC00859181,P00170,UTIB0000789,4797.66,debit,2026-07-21 15:31:18,D00112
NB00004669,AC00859181,P00170,UTIB0000789,4147.5,debit,2026-07-13 12:21:58,D00112
NB00004673,AC00859181,E00437,SBIN0004321,60625.0,credit,2026-07-01 09:48:00,D00112
NB00004674,AC00859181,E00437,HDFC0001234,61710.0,credit,2026-07-31 09:58:00,D00112
NB00004675,AC00859181,E00437,ICIC0005678,61592.0,credit,2026-09-01 09:03:00,D00112
NB00004703,AC00863621,P00267,HDFC0001234,137.09,debit,2026-09-12 14:52:21,D00113
NB00004706,AC00863621,P00056,SBIN0004321,483.08,debit,2026-07-28 15:22:53,D00113
NB00004709,AC00863621,P00396,UTIB0000789,783.99,debit,2026-09-05 10:17:17,D00113
NB00004730,AC00863621,P00056,HDFC0001234,300.03,debit,2026-08-13 17:21:11,D00113
NB00004732,AC00863621,E00411,UTIB0000789,17357.0,credit,2026-07-02 09:35:00,D00113
NB00004733,AC00863621,E00411,HDFC0001234,17659.0,credit,2026-08-02 09:48:00,D00113
NB00004734,AC00863621,E00411,ICIC0005678,17100.0,credit,2026-08-31 09:53:00,D00113
NB00004773,AC00874210,P00111,HDFC0001234,14899.12,debit,2026-08-15 11:07:51,D00114
NB00004783,AC00874210,P00075,ICIC0005678,1625.02,debit,2026-07-04 10:46:14,D00114
NB00004787,AC00874210,P00317,HDFC0001234,564.84,debit,2026-07-07 19:29:38,D00114
NB00004800,AC00874210,E00403,ICIC0005678,46075.0,credit,2026-07-02 09:02:00,D00114
NB00004801,AC00874210,E00403,SBIN0004321,47356.0,credit,2026-07-31 09:14:00,D00114
NB00004802,AC00874210,E00403,UTIB0000789,47713.0,credit,2026-09-01 09:53:00,D00114
NB00004804,AC00884007,P00121,ICIC0005678,4151.88,debit,2026-07-06 11:35:28,D00115
NB00004825,AC00884007,P00310,SBIN0004321,2406.52,debit,2026-07-20 15:40:19,D00115
NB00004836,AC00884007,P00164,ICIC0005678,9026.81,debit,2026-07-21 22:04:01,D00115
NB00004840,AC00884007,P00285,HDFC0001234,8354.88,debit,2026-08-10 13:26:01,D00115
NB00004842,AC00884007,P00300,SBIN0004321,7224.82,debit,2026-07-03 13:37:56,D00115
NB00004848,AC00884007,P00167,UTIB0000789,1659.62,debit,2026-07-05 14:05:22,D00115
NB00004859,AC00884007,E00420,ICIC0005678,67041.0,credit,2026-07-01 09:05:00,D00115
NB00004860,AC00884007,E00420,ICIC0005678,68700.0,credit,2026-08-01 09:11:00,D00115
NB00004861,AC00884007,E00420,ICIC0005678,50743.0,credit,2026-09-01 09:40:00,D00115
NB00004872,AC00892581,P00051,HDFC0001234,3002.79,debit,2026-07-24 12:24:51,D00116
NB00004875,AC00892581,P00270,UTIB0000789,5626.04,debit,2026-08-22 12:35:13,D00116
NB00004876,AC00892581,P00304,ICIC0005678,1937.17,debit,2026-07-28 20:09:44,D00116
NB00004877,AC00892581,P00044,UTIB0000789,1658.85,debit,2026-07-09 16:10:38,D00116
NB00004884,AC00892581,P00118,UTIB0000789,14876.73,debit,2026-09-02 01:00:07,D00116
NB00004885,AC00892581,P00111,SBIN0004321,6231.24,debit,2026-09-06 16:09:16,D00116
NB00004890,AC00892581,P00044,HDFC0001234,2828.97,debit,2026-09-03 18:59:36,D00116
NB00004917,AC00892581,E00409,SBIN0004321,69191.0,credit,2026-07-01 09:24:00,D00116
NB00004918,AC00892581,E00409,UTIB0000789,68492.0,credit,2026-08-02 09:18:00,D00116
NB00004919,AC00892581,E00409,ICIC0005678,67484.0,credit,2026-09-01 09:50:00,D00116
NB00004926,AC00908020,P00118,UTIB0000789,8972.53,debit,2026-08-02 13:01:57,D00117
NB00004937,AC00908020,P00367,UTIB0000789,2297.44,debit,2026-08-27 13:09:15,D00117
NB00004949,AC00908020,P00031,HDFC0001234,2962.94,debit,2026-08-21 10:39:45,D00117
NB00004955,AC00908020,P00219,SBIN0004321,2294.65,debit,2026-08-18 17:03:55,D00117
NB00004965,AC00908020,E00402,SBIN0004321,30852.0,credit,2026-07-01 09:20:00,D00117
NB00004966,AC00908020,E00402,ICIC0005678,30813.0,credit,2026-08-02 09:49:00,D00117
NB00004967,AC00908020,E00402,ICIC0005678,30212.0,credit,2026-08-31 09:58:00,D00117
NB00004986,AC00916186,P00167,SBIN0004321,697.43,debit,2026-07-16 16:53:16,D00118
NB00004987,AC00916186,P00167,UTIB0000789,2119.96,debit,2026-08-23 10:50:17,D00118
NB00004990,AC00916186,P00091,UTIB0000789,3384.43,debit,2026-09-03 18:11:17,D00118
NB00004993,AC00916186,E00419,ICIC0005678,67955.0,credit,2026-07-01 09:49:00,D00118
NB00004994,AC00916186,E00419,SBIN0004321,67853.0,credit,2026-08-02 09:11:00,D00118
NB00004995,AC00916186,E00419,HDFC0001234,67363.0,credit,2026-09-01 09:30:00,D00118
NB00005017,AC00924932,P00391,UTIB0000789,1735.98,debit,2026-07-25 07:22:26,D00119
NB00005035,AC00924932,E00406,UTIB0000789,59681.0,credit,2026-07-02 09:20:00,D00119
NB00005036,AC00924932,E00406,UTIB0000789,60767.0,credit,2026-08-01 09:37:00,D00119
NB00005037,AC00924932,E00406,ICIC0005678,60195.0,credit,2026-08-30 09:58:00,D00119
NB00005041,AC00934563,P00356,UTIB0000789,2225.41,debit,2026-08-23 21:55:52,D00120
NB00005042,AC00934563,P00351,SBIN0004321,3851.06,debit,2026-07-14 15:52:02,D00120
NB00005074,AC00934563,P00365,SBIN0004321,6371.51,debit,2026-08-31 10:31:38,D00120
NB00005081,AC00934563,P00211,HDFC0001234,5929.52,debit,2026-07-13 16:59:55,D00121
NB00005083,AC00934563,P00251,ICIC0005678,2869.63,debit,2026-09-11 15:23:36,D00121
NB00005089,AC00934563,P00365,SBIN0004321,8309.91,debit,2026-09-09 12:13:01,D00121
NB00005092,AC00934563,E00436,ICIC0005678,135723.0,credit,2026-07-03 09:45:00,D00120
NB00005093,AC00934563,E00436,HDFC0001234,137232.0,credit,2026-08-01 09:57:00,D00120
NB00005094,AC00934563,E00436,ICIC0005678,111063.0,credit,2026-08-31 09:03:00,D00120
NB00005105,AC00946999,P00332,ICIC0005678,2843.46,debit,2026-08-30 07:29:15,D00123
NB00005112,AC00946999,P00099,ICIC0005678,937.29,debit,2026-08-11 10:07:30,D00122
NB00005113,AC00946999,P00364,HDFC0001234,1514.53,debit,2026-07-29 13:55:16,D00122
NB00005125,AC00946999,P00268,SBIN0004321,1174.18,debit,2026-07-27 09:33:20,D00122
NB00005126,AC00946999,P00158,UTIB0000789,2333.86,debit,2026-09-12 20:16:43,D00122
NB00005130,AC00946999,E00413,SBIN0004321,26181.0,credit,2026-07-02 09:05:00,D00122
NB00005131,AC00946999,E00413,SBIN0004321,26007.0,credit,2026-08-02 09:36:00,D00123
NB00005132,AC00946999,E00413,UTIB0000789,26221.0,credit,2026-09-01 09:08:00,D00122
NB00005136,AC00951862,P00220,SBIN0004321,6583.48,debit,2026-08-29 18:12:22,D00124
NB00005150,AC00951862,P00206,ICIC0005678,2161.33,debit,2026-08-11 20:12:25,D00124
NB00005152,AC00951862,P00366,UTIB0000789,476.18,debit,2026-08-01 15:01:45,D00124
NB00005173,AC00951862,P00391,SBIN0004321,1273.77,debit,2026-08-23 08:20:07,D00124
NB00005181,AC00951862,P00092,HDFC0001234,1068.08,debit,2026-08-27 09:32:59,D00124
NB00005187,AC00951862,P00397,HDFC0001234,1664.1,debit,2026-07-14 10:29:40,D00124
NB00005195,AC00951862,P00397,HDFC0001234,2363.01,debit,2026-09-13 10:50:59,D00124
NB00005196,AC00951862,P00043,UTIB0000789,1912.46,debit,2026-07-08 17:17:06,D00124
NB00005198,AC00951862,E00407,ICIC0005678,30104.0,credit,2026-07-01 09:31:00,D00124
NB00005199,AC00951862,E00407,ICIC0005678,29717.0,credit,2026-08-02 09:01:00,D00124
NB00005200,AC00951862,E00407,ICIC0005678,29615.0,credit,2026-08-31 09:50:00,D00124
NB00005222,AC00969384,E00434,HDFC0001234,32912.0,credit,2026-07-03 09:11:00,D00125
NB00005223,AC00969384,E00434,HDFC0001234,32523.0,credit,2026-08-01 09:30:00,D00125
NB00005224,AC00969384,E00434,UTIB0000789,32690.0,credit,2026-08-30 09:55:00,D00125
NB00005247,AC00976083,P00028,SBIN0004321,2222.97,debit,2026-07-22 10:24:31,D00126
NB00005260,AC00976083,E00424,SBIN0004321,29482.0,credit,2026-07-03 09:22:00,D00126
NB00005261,AC00976083,E00424,SBIN0004321,29009.0,credit,2026-08-02 09:43:00,D00126
NB00005262,AC00976083,E00424,UTIB0000789,29853.0,credit,2026-08-30 09:25:00,D00126
NB00005266,AC00983048,P00257,ICIC0005678,2140.02,debit,2026-08-09 18:21:52,D00127
NB00005282,AC00983048,P00284,HDFC0001234,1309.65,debit,2026-07-21 11:51:01,D00127
NB00005286,AC00983048,E00438,ICIC0005678,24527.0,credit,2026-07-03 09:04:00,D00127
NB00005287,AC00983048,E00438,SBIN0004321,24295.0,credit,2026-07-31 09:04:00,D00127
NB00005288,AC00983048,E00438,ICIC0005678,24779.0,credit,2026-08-30 09:46:00,D00127
NB00005309,AC00995840,P00096,ICIC0005678,388.48,debit,2026-09-08 22:50:41,D00128
NB00005312,AC00995840,P00342,HDFC0001234,2407.32,debit,2026-08-29 14:02:57,D00128
NB00005317,AC00995840,P00376,SBIN0004321,396.33,debit,2026-07-26 14:57:53,D00128
NB00005319,AC00995840,P00171,UTIB0000789,346.47,debit,2026-09-04 14:06:10,D00128
NB00005322,AC00995840,P00098,ICIC0005678,500.83,debit,2026-07-26 20:31:16,D00128
NB00005335,AC00995840,P00220,HDFC0001234,2783.58,debit,2026-09-05 21:14:00,D00128
NB00005342,AC00995840,P00069,ICIC0005678,1847.36,debit,2026-08-28 05:05:33,D00128
NB00005344,AC00995840,P00069,SBIN0004321,1160.12,debit,2026-08-22 14:48:30,D00128
NB00005350,AC00995840,E00427,SBIN0004321,11870.0,credit,2026-07-01 09:21:00,D00128
NB00005351,AC00995840,E00427,SBIN0004321,11681.0,credit,2026-08-02 09:58:00,D00128
NB00005352,AC00995840,E00427,SBIN0004321,11875.0,credit,2026-08-31 09:25:00,D00128
NB00005357,AC01008667,P00082,ICIC0005678,3768.11,debit,2026-08-29 20:37:18,D00129
NB00005359,AC01008667,P00082,SBIN0004321,835.56,debit,2026-09-09 16:39:29,D00129
NB00005366,AC01008667,P00096,UTIB0000789,1141.22,debit,2026-09-11 22:43:51,D00129
NB00005374,AC01008667,P00082,ICIC0005678,241.86,debit,2026-07-11 11:51:09,D00129
NB00005385,AC01008667,P00209,ICIC0005678,743.84,debit,2026-07-21 12:08:58,D00129
NB00005386,AC01008667,E00414,UTIB0000789,29893.0,credit,2026-07-02 09:19:00,D00129
NB00005387,AC01008667,E00414,SBIN0004321,30755.0,credit,2026-07-31 09:47:00,D00129
NB00005388,AC01008667,E00414,ICIC0005678,30255.0,credit,2026-09-01 09:58:00,D00129
NB00005396,AC01012558,P00056,SBIN0004321,1870.64,debit,2026-07-30 12:00:04,D00130
NB00005404,AC01012558,P00386,UTIB0000789,4591.01,debit,2026-08-11 15:40:57,D00131
NB00005419,AC01012558,P00332,UTIB0000789,2587.18,debit,2026-07-26 18:16:32,D00130
NB00005424,AC01012558,E00410,HDFC0001234,46375.0,credit,2026-07-02 09:36:00,D00131
NB00005425,AC01012558,E00410,ICIC0005678,46361.0,credit,2026-08-01 09:50:00,D00131
NB00005426,AC01012558,E00410,ICIC0005678,45066.0,credit,2026-09-01 09:53:00,D00131
NB00005440,AC01025714,P00047,HDFC0001234,2310.0,debit,2026-08-22 09:46:50,D00132
NB00005448,AC01025714,P00215,HDFC0001234,18005.27,debit,2026-07-13 17:19:32,D00132
NB00005453,AC01025714,P00259,UTIB0000789,9538.65,debit,2026-08-18 23:43:47,D00132
NB00005466,AC01025714,P00327,UTIB0000789,2304.08,debit,2026-08-25 13:25:26,D00132
NB00005471,AC01025714,P00256,ICIC0005678,6724.44,debit,2026-09-11 18:54:46,D00132
NB00005473,AC01025714,E00418,HDFC0001234,29340.0,credit,2026-07-02 09:14:00,D00132
NB00005474,AC01025714,E00418,ICIC0005678,29938.0,credit,2026-08-01 09:16:00,D00132
NB00005475,AC01025714,E00418,HDFC0001234,30137.0,credit,2026-09-01 09:01:00,D00132
NB00005511,AC01036378,E00417,SBIN0004321,96981.0,credit,2026-07-03 09:02:00,D00133
NB00005512,AC01036378,E00417,HDFC0001234,100423.0,credit,2026-08-01 09:33:00,D00133
NB00005513,AC01036378,E00417,ICIC0005678,96704.0,credit,2026-09-01 09:04:00,D00133
NB00005530,AC01048289,P00034,ICIC0005678,892.7,debit,2026-08-04 17:34:19,D00134
NB00005534,AC01048289,P00072,UTIB0000789,1835.24,debit,2026-08-29 20:10:39,D00134
NB00005542,AC01048289,P00034,SBIN0004321,540.96,debit,2026-08-14 19:58:53,D00134
NB00005564,AC01048289,P00368,ICIC0005678,1274.15,debit,2026-09-02 11:08:51,D00134
NB00005570,AC01048289,E00435,UTIB0000789,37985.0,credit,2026-07-01 09:30:00,D00135
NB00005571,AC01048289,E00435,SBIN0004321,38928.0,credit,2026-08-01 09:04:00,D00134
NB00005572,AC01048289,E00435,SBIN0004321,40029.0,credit,2026-08-31 09:29:00,D00134
NB00005576,AC01056105,P00184,ICIC0005678,2633.9,debit,2026-09-03 04:30:58,D00136
NB00005579,AC01056105,P00221,SBIN0004321,568.27,debit,2026-07-04 15:45:32,D00136
NB00005587,AC01056105,P00203,UTIB0000789,3514.97,debit,2026-08-21 20:59:05,D00136
NB00005599,AC01056105,P00366,HDFC0001234,1393.06,debit,2026-08-12 11:15:54,D00136
NB00005602,AC01056105,P00192,ICIC0005678,9667.45,debit,2026-08-08 13:27:27,D00136
NB00005615,AC01056105,P00003,ICIC0005678,804.35,debit,2026-08-22 14:42:39,D00136
NB00005624,AC01056105,P00184,HDFC0001234,1731.8,debit,2026-08-22 16:36:22,D00136
NB00005634,AC01056105,P00043,ICIC0005678,17214.05,debit,2026-07-30 14:38:20,D00136
NB00005640,AC01056105,E00413,SBIN0004321,72240.0,credit,2026-07-02 09:46:00,D00136
NB00005641,AC01056105,E00413,ICIC0005678,71144.0,credit,2026-08-01 09:23:00,D00136
NB00005642,AC01056105,E00413,ICIC0005678,71942.0,credit,2026-08-31 09:03:00,D00136
NB00005654,AC01067626,P00052,HDFC0001234,6653.06,debit,2026-08-12 18:32:02,D00137
NB00005655,AC01067626,P00075,HDFC0001234,344.67,debit,2026-08-27 08:05:53,D00137
NB00005659,AC01067626,P00151,UTIB0000789,9592.91,debit,2026-08-28 17:56:05,D00138
NB00005661,AC01067626,P00081,SBIN0004321,1238.28,debit,2026-08-15 18:57:51,D00137
NB00005687,AC01067626,P00151,SBIN0004321,4702.4,debit,2026-08-13 19:16:56,D00138
NB00005688,AC01067626,P00126,ICIC0005678,7956.93,debit,2026-09-01 17:50:36,D00137
NB00005690,AC01067626,P00052,SBIN0004321,11454.56,debit,2026-07-18 17:21:56,D00137
NB00005693,AC01067626,P00309,UTIB0000789,679.75,debit,2026-09-04 09:09:27,D00137
NB00005698,AC01067626,P00052,UTIB0000789,3936.87,debit,2026-08-17 09:15:57,D00138
NB00005709,AC01067626,P00081,ICIC0005678,785.65,debit,2026-07-29 20:39:10,D00137
NB00005731,AC01067626,E00441,SBIN0004321,43343.0,credit,2026-07-02 09:41:00,D00137
NB00005732,AC01067626,E00441,ICIC0005678,42865.0,credit,2026-08-01 09:09:00,D00137
NB00005733,AC01067626,E00441,UTIB0000789,42699.0,credit,2026-08-31 09:23:00,D00137
NB00005734,AC01077961,P00118,SBIN0004321,4505.43,debit,2026-08-20 18:40:50,D00139
NB00005765,AC01077961,P00337,HDFC0001234,11689.06,debit,2026-09-09 20:38:19,D00139
NB00005768,AC01077961,P00082,SBIN0004321,3711.92,debit,2026-07-13 18:57:17,D00139
NB00005782,AC01077961,E00436,SBIN0004321,57032.0,credit,2026-07-03 09:33:00,D00139
NB00005783,AC01077961,E00436,SBIN0004321,57741.0,credit,2026-07-31 09:35:00,D00139
NB00005784,AC01077961,E00436,ICIC0005678,57254.0,credit,2026-08-31 09:14:00,D00139
NB00005807,AC01089019,P00097,ICIC0005678,8717.4,debit,2026-08-10 14:25:04,D00140
NB00005809,AC01089019,P00195,SBIN0004321,4644.49,debit,2026-08-01 16:50:56,D00140
NB00005811,AC01089019,P00195,UTIB0000789,2937.53,debit,2026-07-21 14:16:57,D00140
NB00005822,AC01089019,E00431,ICIC0005678,43122.0,credit,2026-07-03 09:30:00,D00140
NB00005823,AC01089019,E00431,UTIB0000789,43261.0,credit,2026-08-02 09:35:00,D00140
NB00005824,AC01089019,E00431,SBIN0004321,43429.0,credit,2026-08-31 09:31:00,D00140
NB00005834,AC01094253,P00075,HDFC0001234,2424.66,debit,2026-09-02 07:10:56,D00141
NB00005835,AC01094253,P00054,UTIB0000789,2787.19,debit,2026-08-14 09:49:37,D00141
NB00005836,AC01094253,P00304,UTIB0000789,3298.04,debit,2026-07-03 11:01:37,D00141
NB00005847,AC01094253,P00152,SBIN0004321,8060.86,debit,2026-07-02 17:17:43,D00141
NB00005862,AC01094253,P00357,SBIN0004321,3911.6,debit,2026-09-02 08:24:15,D00141
NB00005875,AC01094253,P00054,SBIN0004321,2362.69,debit,2026-08-08 19:51:15,D00141
NB00005881,AC01094253,E00432,ICIC0005678,74501.0,credit,2026-07-03 09:52:00,D00141
NB00005882,AC01094253,E00432,HDFC0001234,62879.0,credit,2026-07-31 09:38:00,D00141
NB00005883,AC01094253,E00432,SBIN0004321,49086.0,credit,2026-08-31 09:44:00,D00141
NB00005886,AC01107334,P00225,SBIN0004321,2084.46,debit,2026-08-05 10:05:35,D00142
NB00005898,AC01107334,P00234,HDFC0001234,3867.34,debit,2026-08-27 20:29:43,D00142
NB00005904,AC01107334,P00130,ICIC0005678,1961.87,debit,2026-09-12 06:39:54,D00142
NB00005932,AC01107334,P00323,SBIN0004321,9862.37,debit,2026-09-08 10:59:44,D00143
NB00005936,AC01107334,P00015,UTIB0000789,11047.97,debit,2026-07-25 23:38:50,D00142
NB00005943,AC01107334,E00411,HDFC0001234,38072.0,credit,2026-07-01 09:41:00,D00142
NB00005944,AC01107334,E00411,UTIB0000789,39701.0,credit,2026-08-02 09:14:00,D00143
NB00005945,AC01107334,E00411,ICIC0005678,39344.0,credit,2026-08-31 09:13:00,D00142
NB00005947,AC01113238,P00136,UTIB0000789,1555.69,debit,2026-09-02 09:24:56,D00144
NB00005980,AC01113238,P00396,ICIC0005678,1560.74,debit,2026-09-06 22:39:10,D00144
NB00005981,AC01113238,P00168,ICIC0005678,7639.72,debit,2026-07-02 11:20:31,D00145
NB00005989,AC01113238,P00215,HDFC0001234,32118.11,debit,2026-07-17 13:37:05,D00145
NB00005994,AC01113238,P00195,SBIN0004321,17854.33,debit,2026-08-01 14:24:04,D00145
NB00006002,AC01113238,P00260,HDFC0001234,2140.66,debit,2026-07-08 11:01:16,D00144
NB00006004,AC01113238,P00083,HDFC0001234,9206.95,debit,2026-08-28 12:30:29,D00144
NB00006010,AC01113238,P00195,SBIN0004321,2250.54,debit,2026-08-22 18:04:39,D00145
NB00006014,AC01113238,P00136,ICIC0005678,1309.35,debit,2026-08-14 16:35:52,D00145
NB00006022,AC01113238,P00276,HDFC0001234,3600.53,debit,2026-08-19 20:50:25,D00145
NB00006040,AC01113238,P00215,ICIC0005678,23383.49,debit,2026-08-06 11:13:30,D00144
NB00006049,AC01113238,P00136,UTIB0000789,3549.51,debit,2026-08-11 09:13:57,D00145
NB00006054,AC01113238,E00420,UTIB0000789,47690.0,credit,2026-07-03 09:11:00,D00144
NB00006055,AC01113238,E00420,HDFC0001234,48433.0,credit,2026-08-01 09:11:00,D00144
NB00006056,AC01113238,E00420,UTIB0000789,48121.0,credit,2026-08-31 09:41:00,D00144
NB00006058,AC01128597,P00281,SBIN0004321,3323.4,debit,2026-08-05 12:38:04,D00146
NB00006059,AC01128597,P00152,HDFC0001234,4059.95,debit,2026-09-13 18:14:14,D00146
NB00006060,AC01128597,P00234,UTIB0000789,3214.23,debit,2026-08-29 15:25:57,D00146
NB00006074,AC01128597,P00281,UTIB0000789,15588.45,debit,2026-08-24 12:55:52,D00146
NB00006075,AC01128597,P00281,UTIB0000789,2563.28,debit,2026-07-19 10:05:50,D00146
NB00006079,AC01128597,P00186,HDFC0001234,2375.25,debit,2026-08-10 00:47:40,D00146
NB00006081,AC01128597,P00023,UTIB0000789,23537.47,debit,2026-07-14 08:02:13,D00146
NB00006082,AC01128597,P00247,HDFC0001234,2005.35,debit,2026-09-04 19:25:08,D00146
NB00006094,AC01128597,P00147,SBIN0004321,5253.51,debit,2026-07-22 07:56:20,D00146
NB00006098,AC01128597,E00431,UTIB0000789,46063.0,credit,2026-07-03 09:34:00,D00146
NB00006099,AC01128597,E00431,UTIB0000789,45346.0,credit,2026-08-02 09:28:00,D00146
NB00006100,AC01128597,E00431,SBIN0004321,45550.0,credit,2026-08-31 09:57:00,D00146
NB00006102,AC01139560,P00173,HDFC0001234,681.74,debit,2026-08-26 13:38:49,D00147
NB00006121,AC01139560,P00173,UTIB0000789,193.43,debit,2026-08-15 15:30:54,D00147
NB00006127,AC01139560,P00044,UTIB0000789,1553.13,debit,2026-08-12 18:54:10,D00147
NB00006143,AC01139560,P00044,SBIN0004321,1493.92,debit,2026-08-24 13:06:29,D00147
NB00006146,AC01139560,P00234,SBIN0004321,934.6,debit,2026-08-21 09:38:19,D00147
NB00006148,AC01139560,E00440,SBIN0004321,32807.0,credit,2026-07-02 09:40:00,D00147
NB00006149,AC01139560,E00440,HDFC0001234,32170.0,credit,2026-08-01 09:17:00,D00147
NB00006150,AC01139560,E00440,HDFC0001234,33594.0,credit,2026-09-01 09:35:00,D00147
NB00006157,AC01143647,P00296,HDFC0001234,1499.07,debit,2026-07-31 17:47:05,D00148
NB00006160,AC01143647,P00396,ICIC0005678,1520.81,debit,2026-07-19 18:40:09,D00148
NB00006164,AC01143647,P00254,UTIB0000789,2717.22,debit,2026-07-04 09:59:13,D00148
NB00006166,AC01143647,P00396,UTIB0000789,3429.78,debit,2026-07-19 11:34:20,D00148
NB00006167,AC01143647,P00254,ICIC0005678,530.92,debit,2026-07-02 13:26:41,D00148
NB00006175,AC01143647,P00016,HDFC0001234,3675.37,debit,2026-07-17 15:00:39,D00148
NB00006188,AC01143647,P00004,HDFC0001234,2295.31,debit,2026-08-16 18:43:23,D00148
NB00006195,AC01143647,P00211,SBIN0004321,582.72,debit,2026-08-04 20:32:29,D00149
NB00006209,AC01143647,E00429,UTIB0000789,46962.0,credit,2026-07-01 09:06:00,D00149
NB00006210,AC01143647,E00429,HDFC0001234,45979.0,credit,2026-07-31 09:27:00,D00148
NB00006211,AC01143647,E00429,ICIC0005678,46634.0,credit,2026-09-01 09:47:00,D00148
NB00006213,AC01156050,P00316,ICIC0005678,26165.8,debit,2026-08-04 17:03:51,D00150
NB00006222,AC01156050,P00002,ICIC0005678,4450.44,debit,2026-09-09 00:48:00,D00150
NB00006230,AC01156050,P00312,HDFC0001234,20057.92,debit,2026-08-28 15:14:03,D00150
NB00006240,AC01156050,P00287,UTIB0000789,4738.4,debit,2026-09-10 15:27:04,D00150
NB00006241,AC01156050,P00215,UTIB0000789,39826.83,debit,2026-08-03 20:31:57,D00150
NB00006249,AC01156050,P00316,HDFC0001234,7736.58,debit,2026-09-05 23:58:16,D00150
NB00006253,AC01156050,P00222,ICIC0005678,5404.09,debit,2026-07-09 14:25:16,D00150
NB00006269,AC01156050,P00287,ICIC0005678,4900.51,debit,2026-08-02 17:21:23,D00150
NB00006277,AC01156050,P00321,ICIC0005678,3961.23,debit,2026-08-08 17:47:09,D00150
NB00006282,AC01156050,P00215,UTIB0000789,15705.23,debit,2026-08-17 09:42:10,D00150
NB00006286,AC01156050,E00408,SBIN0004321,117796.0,credit,2026-07-02 09:52:00,D00150
NB00006287,AC01156050,E00408,HDFC0001234,116197.0,credit,2026-08-02 09:12:00,D00150
NB00006288,AC01156050,E00408,ICIC0005678,118811.0,credit,2026-09-01 09:47:00,D00150
NB00006291,AC01168400,P00160,SBIN0004321,6438.7,debit,2026-07-03 09:13:59,D00151
NB00006311,AC01168400,P00357,ICIC0005678,2076.94,debit,2026-09-09 09:00:41,D00151
NB00006313,AC01168400,P00215,SBIN0004321,3729.25,debit,2026-08-22 15:44:04,D00151
NB00006315,AC01168400,P00107,ICIC0005678,2447.94,debit,2026-08-22 17:19:17,D00151
NB00006317,AC01168400,E00405,UTIB0000789,33137.0,credit,2026-07-01 09:20:00,D00152
NB00006318,AC01168400,E00405,UTIB0000789,32910.0,credit,2026-08-02 09:15:00,D00151
NB00006319,AC01168400,E00405,HDFC0001234,25472.0,credit,2026-09-01 09:46:00,D00151
NB00006325,AC01171244,P00203,UTIB0000789,2974.03,debit,2026-07-18 07:31:47,D00153
NB00006361,AC01171244,P00269,ICIC0005678,3136.91,debit,2026-07-24 17:48:18,D00153
NB00006362,AC01171244,E00418,ICIC0005678,45343.0,credit,2026-07-03 09:54:00,D00153
NB00006363,AC01171244,E00418,SBIN0004321,47778.0,credit,2026-07-31 09:16:00,D00153
NB00006364,AC01171244,E00418,UTIB0000789,46651.0,credit,2026-08-31 09:44:00,D00153
NB00006373,AC01187344,P00189,HDFC0001234,1392.31,debit,2026-07-12 09:24:48,D00154
NB00006379,AC01187344,P00246,UTIB0000789,3839.2,debit,2026-08-18 22:57:08,D00154
NB00006399,AC01187344,P00053,SBIN0004321,5416.98,debit,2026-08-07 19:53:25,D00154
NB00006402,AC01187344,P00054,SBIN0004321,8860.09,debit,2026-08-24 19:59:31,D00154
NB00006405,AC01187344,P00189,SBIN0004321,1020.72,debit,2026-08-28 22:06:40,D00154
NB00006409,AC01187344,P00094,SBIN0004321,3306.32,debit,2026-09-07 19:03:07,D00154
NB00006422,AC01187344,P00346,HDFC0001234,9419.68,debit,2026-07-14 14:11:14,D00154
NB00006426,AC01187344,P00053,UTIB0000789,3705.09,debit,2026-09-08 20:34:47,D00154
NB00006431,AC01187344,E00415,ICIC0005678,72236.0,credit,2026-07-01 09:02:00,D00154
NB00006432,AC01187344,E00415,UTIB0000789,72451.0,credit,2026-07-31 09:32:00,D00154
NB00006433,AC01187344,E00415,ICIC0005678,70144.0,credit,2026-08-30 09:04:00,D00154
NB00006436,AC01198385,P00292,UTIB0000789,3178.36,debit,2026-08-22 10:11:47,D00155
NB00006443,AC01198385,P00233,SBIN0004321,2024.82,debit,2026-08-17 01:41:16,D00155
NB00006463,AC01198385,P00188,UTIB0000789,1832.37,debit,2026-09-06 11:21:25,D00155
NB00006480,AC01198385,P00239,SBIN0004321,5558.92,debit,2026-08-24 12:07:51,D00155
NB00006488,AC01198385,P00259,HDFC0001234,14016.16,debit,2026-08-10 23:13:33,D00155
NB00006497,AC01198385,P00232,HDFC0001234,12577.67,debit,2026-07-29 10:39:24,D00155
NB00006515,AC01198385,E00417,SBIN0004321,66262.0,credit,2026-07-03 09:48:00,D00155
NB00006516,AC01198385,E00417,UTIB0000789,68959.0,credit,2026-08-01 09:00:00,D00155
NB00006517,AC01198385,E00417,HDFC0001234,67129.0,credit,2026-09-01 09:22:00,D00155
NB00006525,AC01208840,P00311,UTIB0000789,607.51,debit,2026-08-25 16:10:59,D00156
NB00006535,AC01208840,P00104,SBIN0004321,5804.52,debit,2026-08-14 15:09:26,D00156
NB00006539,AC01208840,P00351,HDFC0001234,1396.39,debit,2026-08-03 17:07:48,D00156
NB00006542,AC01208840,P00330,UTIB0000789,246.36,debit,2026-09-06 08:02:41,D00156
NB00006546,AC01208840,P00248,ICIC0005678,4942.45,debit,2026-08-18 10:24:02,D00156
NB00006555,AC01208840,E00414,SBIN0004321,37822.0,credit,2026-07-02 09:56:00,D00156
NB00006556,AC01208840,E00414,ICIC0005678,37601.0,credit,2026-08-02 09:30:00,D00156
NB00006557,AC01208840,E00414,UTIB0000789,38119.0,credit,2026-08-31 09:39:00,D00156
NB00006568,AC01212770,P00305,UTIB0000789,157.43,debit,2026-08-26 09:23:45,D00157
NB00006573,AC01212770,P00063,ICIC0005678,297.08,debit,2026-08-28 08:55:07,D00157
NB00006574,AC01212770,P00273,HDFC0001234,557.96,debit,2026-07-04 14:50:11,D00157
NB00006591,AC01212770,P00338,SBIN0004321,1517.42,debit,2026-07-29 17:11:34,D00157
NB00006599,AC01212770,P00305,UTIB0000789,424.91,debit,2026-07-04 21:50:31,D00157
NB00006617,AC01212770,P00085,ICIC0005678,1665.9,debit,2026-08-15 10:16:58,D00157
NB00006629,AC01212770,E00422,UTIB0000789,12123.0,credit,2026-07-02 09:08:00,D00157
NB00006630,AC01212770,E00422,UTIB0000789,10570.0,credit,2026-08-02 09:18:00,D00157
NB00006631,AC01212770,E00422,ICIC0005678,9298.0,credit,2026-08-30 09:40:00,D00157
NB00006632,AC01227813,P00036,SBIN0004321,4518.86,debit,2026-08-25 16:25:35,D00158
NB00006651,AC01227813,P00026,SBIN0004321,2309.39,debit,2026-07-02 14:56:54,D00158
NB00006652,AC01227813,P00228,UTIB0000789,1429.52,debit,2026-08-24 14:05:35,D00159
NB00006654,AC01227813,P00131,UTIB0000789,5218.46,debit,2026-08-06 00:12:45,D00158
NB00006658,AC01227813,P00227,ICIC0005678,1806.59,debit,2026-09-10 17:03:02,D00158
NB00006666,AC01227813,P00340,HDFC0001234,3782.66,debit,2026-07-07 07:51:46,D00158
NB00006670,AC01227813,E00424,UTIB0000789,50230.0,credit,2026-07-01 09:21:00,D00158
NB00006671,AC01227813,E00424,HDFC0001234,49447.0,credit,2026-08-02 09:18:00,D00158
NB00006672,AC01227813,E00424,HDFC0001234,51249.0,credit,2026-08-30 09:43:00,D00158
NB00006678,AC01238073,P00237,SBIN0004321,451.06,debit,2026-07-18 09:17:10,D00160
NB00006680,AC01238073,P00131,SBIN0004321,1537.84,debit,2026-09-02 09:14:54,D00160
NB00006713,AC01238073,P00274,SBIN0004321,2134.56,debit,2026-07-19 11:40:53,D00160
NB00006740,AC01238073,P00274,UTIB0000789,731.42,debit,2026-07-12 20:39:49,D00160
NB00006745,AC01238073,E00409,ICIC0005678,12454.0,credit,2026-07-01 09:55:00,D00160
NB00006746,AC01238073,E00409,SBIN0004321,12706.0,credit,2026-07-31 09:00:00,D00161
NB00006747,AC01238073,E00409,HDFC0001234,12426.0,credit,2026-08-31 09:26:00,D00161
NB00006762,AC01241025,P00239,ICIC0005678,2014.69,debit,2026-08-17 16:03:55,D00162
NB00006784,AC01241025,P00118,HDFC0001234,6883.18,debit,2026-08-18 08:45:33,D00162
NB00006786,AC01241025,E00418,HDFC0001234,80273.0,credit,2026-07-03 09:34:00,D00163
NB00006787,AC01241025,E00418,HDFC0001234,78905.0,credit,2026-08-01 09:27:00,D00163
NB00006788,AC01241025,E00418,HDFC0001234,79748.0,credit,2026-08-30 09:29:00,D00163
NB00006818,AC01257345,P00198,UTIB0000789,1096.82,debit,2026-08-11 21:51:03,D00164
NB00006836,AC01257345,P00157,UTIB0000789,6630.11,debit,2026-09-10 17:09:02,D00165
NB00006837,AC01257345,E00434,ICIC0005678,42884.0,credit,2026-07-01 09:08:00,D00164
NB00006838,AC01257345,E00434,HDFC0001234,41991.0,credit,2026-08-01 09:21:00,D00164
NB00006839,AC01257345,E00434,SBIN0004321,41696.0,credit,2026-09-01 09:12:00,D00165
NB00006845,AC01266635,P00059,UTIB0000789,674.29,debit,2026-07-22 21:46:40,D00166
NB00006865,AC01266635,E00403,UTIB0000789,61873.0,credit,2026-07-01 09:32:00,D00166
NB00006866,AC01266635,E00403,UTIB0000789,62777.0,credit,2026-07-31 09:26:00,D00166
NB00006867,AC01266635,E00403,HDFC0001234,61653.0,credit,2026-08-31 09:58:00,D00166
NB00006873,AC01279718,P00188,ICIC0005678,933.64,debit,2026-07-04 19:37:17,D00167
NB00006881,AC01279718,P00234,HDFC0001234,1625.56,debit,2026-09-09 11:51:05,D00167
NB00006898,AC01279718,P00087,ICIC0005678,331.51,debit,2026-08-28 13:37:55,D00167
NB00006910,AC01279718,P00281,HDFC0001234,9330.94,debit,2026-08-14 01:42:37,D00167
NB00006911,AC01279718,E00440,ICIC0005678,24522.0,credit,2026-07-03 09:42:00,D00167
NB00006912,AC01279718,E00440,SBIN0004321,24513.0,credit,2026-07-31 09:50:00,D00167
NB00006913,AC01279718,E00440,UTIB0000789,24135.0,credit,2026-09-01 09:05:00,D00167
NB00006919,AC01281387,P00074,SBIN0004321,1294.56,debit,2026-07-03 22:37:20,D00168
NB00006925,AC01281387,P00355,HDFC0001234,614.64,debit,2026-07-31 19:26:45,D00168
NB00006927,AC01281387,P00286,UTIB0000789,529.39,debit,2026-09-12 11:07:00,D00168
NB00006932,AC01281387,P00263,ICIC0005678,1816.76,debit,2026-08-29 17:40:51,D00169
NB00006933,AC01281387,P00134,ICIC0005678,698.14,debit,2026-07-14 21:24:47,D00169
NB00006948,AC01281387,P00048,SBIN0004321,267.56,debit,2026-07-21 14:27:31,D00168
NB00006951,AC01281387,P00134,UTIB0000789,1212.25,debit,2026-07-25 07:56:20,D00169
NB00006952,AC01281387,P00379,SBIN0004321,252.78,debit,2026-07-07 16:04:57,D00168
NB00006958,AC01281387,E00436,UTIB0000789,17900.0,credit,2026-07-02 09:06:00,D00169
NB00006959,AC01281387,E00436,HDFC0001234,14928.0,credit,2026-08-01 09:27:00,D00169
NB00006960,AC01281387,E00436,UTIB0000789,12392.0,credit,2026-08-31 09:17:00,D00168
NB00006962,AC01299689,P00215,HDFC0001234,3370.22,debit,2026-08-18 15:04:57,D00170
NB00006968,AC01299689,P00244,ICIC0005678,1392.05,debit,2026-07-08 14:16:40,D00170
NB00006981,AC01299689,P00171,SBIN0004321,779.17,debit,2026-07-10 16:24:27,D00170
NB00007006,AC01299689,E00431,HDFC0001234,42918.0,credit,2026-07-02 09:03:00,D00170
NB00007007,AC01299689,E00431,HDFC0001234,43123.0,credit,2026-07-31 09:15:00,D00170
NB00007008,AC01299689,E00431,HDFC0001234,42600.0,credit,2026-08-30 09:27:00,D00170
NB00007014,AC01306142,P00298,SBIN0004321,445.34,debit,2026-07-01 12:47:15,D00171
NB00007022,AC01306142,P00398,ICIC0005678,2361.35,debit,2026-09-09 21:47:39,D00171
NB00007025,AC01306142,P00186,UTIB0000789,5257.23,debit,2026-08-20 10:57:03,D00171
NB00007039,AC01306142,P00385,ICIC0005678,2433.33,debit,2026-08-29 08:50:22,D00171
NB00007043,AC01306142,P00331,ICIC0005678,1485.61,debit,2026-07-25 23:13:48,D00171
NB00007050,AC01306142,P00194,ICIC0005678,248.17,debit,2026-08-30 15:38:47,D00171
NB00007058,AC01306142,E00423,UTIB0000789,37132.0,credit,2026-07-03 09:42:00,D00171
NB00007059,AC01306142,E00423,SBIN0004321,37341.0,credit,2026-08-02 09:21:00,D00171
NB00007060,AC01306142,E00423,UTIB0000789,36469.0,credit,2026-08-30 09:44:00,D00171
NB00007064,AC01313469,P00341,ICIC0005678,721.34,debit,2026-08-09 10:39:24,D00172
NB00007069,AC01313469,P00341,SBIN0004321,454.5,debit,2026-08-16 17:08:02,D00172
NB00007088,AC01313469,P00008,HDFC0001234,1333.86,debit,2026-09-10 19:04:10,D00172
NB00007103,AC01313469,P00297,HDFC0001234,1338.8,debit,2026-07-10 08:24:31,D00172
NB00007106,AC01313469,E00433,ICIC0005678,29957.0,credit,2026-07-01 09:21:00,D00172
NB00007107,AC01313469,E00433,HDFC0001234,30155.0,credit,2026-08-01 09:01:00,D00172
NB00007108,AC01313469,E00433,SBIN0004321,29696.0,credit,2026-08-31 09:11:00,D00172
NB00007119,AC01324486,P00174,ICIC0005678,429.89,debit,2026-07-05 10:20:53,D00173
NB00007127,AC01324486,P00092,HDFC0001234,1200.94,debit,2026-07-29 20:03:24,D00174
NB00007164,AC01324486,P00174,SBIN0004321,606.47,debit,2026-08-19 14:37:32,D00174
NB00007166,AC01324486,P00152,HDFC0001234,4856.11,debit,2026-09-03 18:14:02,D00173
NB00007167,AC01324486,P00174,HDFC0001234,434.96,debit,2026-09-06 14:42:07,D00173
NB00007180,AC01324486,P00003,UTIB0000789,1711.58,debit,2026-08-01 10:04:51,D00173
NB00007195,AC01324486,E00428,UTIB0000789,39450.0,credit,2026-07-02 09:51:00,D00173
NB00007196,AC01324486,E00428,HDFC0001234,32009.0,credit,2026-08-01 09:21:00,D00173
NB00007197,AC01324486,E00428,ICIC0005678,25548.0,credit,2026-08-31 09:37:00,D00173
NB00007198,AC01337897,P00108,UTIB0000789,10853.53,debit,2026-08-21 06:59:00,D00176
NB00007219,AC01337897,P00097,ICIC0005678,4714.02,debit,2026-09-04 13:54:47,D00175
NB00007226,AC01337897,P00250,ICIC0005678,1294.61,debit,2026-07-30 10:56:23,D00176
NB00007232,AC01337897,P00097,SBIN0004321,14372.47,debit,2026-08-15 09:27:31,D00175
NB00007236,AC01337897,P00250,HDFC0001234,2494.26,debit,2026-09-09 20:51:37,D00175
NB00007241,AC01337897,P00108,SBIN0004321,6136.2,debit,2026-09-10 20:30:55,D00175
NB00007249,AC01337897,P00163,ICIC0005678,5117.15,debit,2026-07-18 19:08:05,D00175
NB00007256,AC01337897,E00438,SBIN0004321,154902.0,credit,2026-07-02 09:46:00,D00175
NB00007257,AC01337897,E00438,ICIC0005678,146064.0,credit,2026-08-02 09:51:00,D00175
NB00007258,AC01337897,E00438,UTIB0000789,149744.0,credit,2026-09-01 09:02:00,D00175
NB00007271,AC01349963,P00396,HDFC0001234,4212.82,debit,2026-07-12 14:57:32,D00177
NB00007283,AC01349963,P00154,ICIC0005678,1585.65,debit,2026-08-10 14:49:27,D00177
NB00007288,AC01349963,P00396,HDFC0001234,767.41,debit,2026-07-07 12:48:24,D00177
NB00007290,AC01349963,E00433,ICIC0005678,57092.0,credit,2026-07-01 09:59:00,D00177
NB00007291,AC01349963,E00433,HDFC0001234,50646.0,credit,2026-08-01 09:28:00,D00177
NB00007292,AC01349963,E00433,ICIC0005678,46155.0,credit,2026-09-01 09:50:00,D00177
NB00007296,AC01353851,P00127,SBIN0004321,3918.06,debit,2026-08-31 11:55:19,D00178
NB00007307,AC01353851,P00298,UTIB0000789,1014.51,debit,2026-09-03 13:19:27,D00178
NB00007308,AC01353851,P00251,SBIN0004321,880.27,debit,2026-07-17 08:25:30,D00178
NB00007312,AC01353851,P00237,SBIN0004321,1031.34,debit,2026-08-09 09:36:15,D00178
NB00007318,AC01353851,P00139,ICIC0005678,3019.13,debit,2026-09-03 18:34:10,D00178
NB00007334,AC01353851,E00409,ICIC0005678,64564.0,credit,2026-07-02 09:35:00,D00178
NB00007335,AC01353851,E00409,UTIB0000789,65100.0,credit,2026-07-31 09:17:00,D00178
NB00007336,AC01353851,E00409,HDFC0001234,64676.0,credit,2026-08-30 09:50:00,D00178
NB00007346,AC01369852,P00332,SBIN0004321,2892.66,debit,2026-09-09 15:43:09,D00179
NB00007367,AC01369852,P00048,HDFC0001234,560.75,debit,2026-09-09 18:30:30,D00179
NB00007368,AC01369852,P00016,HDFC0001234,1033.71,debit,2026-07-28 21:43:21,D00179
NB00007389,AC01369852,E00421,UTIB0000789,58040.0,credit,2026-07-03 09:38:00,D00179
NB00007390,AC01369852,E00421,ICIC0005678,58998.0,credit,2026-08-02 09:15:00,D00179
NB00007391,AC01369852,E00421,UTIB0000789,59555.0,credit,2026-08-31 09:17:00,D00179
NB00007407,AC01376662,P00277,UTIB0000789,9062.51,debit,2026-07-24 12:51:30,D00180
NB00007413,AC01376662,P00365,UTIB0000789,3005.97,debit,2026-07-05 07:59:15,D00180
NB00007416,AC01376662,P00320,UTIB0000789,8125.73,debit,2026-08-04 19:17:57,D00180
NB00007418,AC01376662,P00277,SBIN0004321,2563.98,debit,2026-08-20 22:52:20,D00181
NB00007419,AC01376662,P00217,ICIC0005678,1894.85,debit,2026-08-13 20:11:09,D00181
NB00007434,AC01376662,P00343,SBIN0004321,7419.75,debit,2026-07-30 13:49:32,D00180
NB00007437,AC01376662,E00408,SBIN0004321,79558.0,credit,2026-07-01 09:15:00,D00181
NB00007438,AC01376662,E00408,HDFC0001234,67815.0,credit,2026-07-31 09:44:00,D00181
NB00007439,AC01376662,E00408,SBIN0004321,55756.0,credit,2026-08-30 09:56:00,D00180
NB00007442,AC01382727,P00324,SBIN0004321,8037.91,debit,2026-08-25 16:11:55,D00182
NB00007451,AC01382727,P00121,ICIC0005678,696.35,debit,2026-09-08 19:52:25,D00182
NB00007454,AC01382727,P00209,SBIN0004321,2457.59,debit,2026-09-05 19:27:36,D00182
NB00007467,AC01382727,P00281,ICIC0005678,2779.63,debit,2026-08-12 13:37:11,D00182
NB00007473,AC01382727,P00206,SBIN0004321,933.0,debit,2026-08-11 19:07:29,D00182
NB00007475,AC01382727,P00398,ICIC0005678,3605.04,debit,2026-09-06 10:23:03,D00182
NB00007478,AC01382727,P00115,SBIN0004321,4118.89,debit,2026-08-06 11:47:47,D00182
NB00007479,AC01382727,P00206,HDFC0001234,948.45,debit,2026-08-23 19:19:42,D00182
NB00007484,AC01382727,E00432,UTIB0000789,35109.0,credit,2026-07-02 09:48:00,D00182
NB00007485,AC01382727,E00432,SBIN0004321,34733.0,credit,2026-08-02 09:16:00,D00182
NB00007486,AC01382727,E00432,SBIN0004321,35599.0,credit,2026-08-30 09:30:00,D00182
NB00007499,AC01396379,P00206,ICIC0005678,771.62,debit,2026-07-05 21:25:27,D00184
NB00007509,AC01396379,P00184,UTIB0000789,249.82,debit,2026-07-26 08:30:14,D00183
NB00007530,AC01396379,P00159,SBIN0004321,695.14,debit,2026-08-23 18:54:53,D00183
NB00007534,AC01396379,P00159,SBIN0004321,381.35,debit,2026-08-10 21:32:06,D00183
NB00007544,AC01396379,E00416,HDFC0001234,13824.0,credit,2026-07-01 09:36:00,D00184
NB00007545,AC01396379,E00416,HDFC0001234,13878.0,credit,2026-07-31 09:55:00,D00183
NB00007546,AC01396379,E00416,UTIB0000789,13355.0,credit,2026-08-30 09:22:00,D00183
NB00007573,AC01408215,P00002,UTIB0000789,2235.64,debit,2026-08-06 09:19:43,D00185
NB00007591,AC01408215,P00027,ICIC0005678,3322.68,debit,2026-07-29 18:29:06,D00185
NB00007593,AC01408215,P00347,UTIB0000789,613.52,debit,2026-08-16 21:37:01,D00185
NB00007594,AC01408215,P00241,HDFC0001234,3049.08,debit,2026-08-14 10:53:20,D00185
NB00007600,AC01408215,P00006,HDFC0001234,855.88,debit,2026-08-15 12:37:01,D00185
NB00007606,AC01408215,P00241,HDFC0001234,972.35,debit,2026-08-06 19:33:28,D00185
NB00007613,AC01408215,P00085,UTIB0000789,5343.48,debit,2026-08-16 20:42:08,D00185
NB00007616,AC01408215,P00055,ICIC0005678,4063.52,debit,2026-07-27 15:25:17,D00186
NB00007621,AC01408215,P00006,ICIC0005678,2573.21,debit,2026-08-14 17:43:31,D00186
NB00007627,AC01408215,E00405,ICIC0005678,34182.0,credit,2026-07-03 09:52:00,D00186
NB00007628,AC01408215,E00405,HDFC0001234,34224.0,credit,2026-07-31 09:42:00,D00185
NB00007629,AC01408215,E00405,ICIC0005678,35287.0,credit,2026-09-01 09:06:00,D00185
NB00007632,AC01411490,P00369,ICIC0005678,1890.26,debit,2026-07-26 10:06:59,D00187
NB00007635,AC01411490,P00331,ICIC0005678,1586.95,debit,2026-08-13 17:16:47,D00187
NB00007637,AC01411490,P00228,HDFC0001234,3173.65,debit,2026-07-25 11:00:07,D00187
NB00007638,AC01411490,P00208,UTIB0000789,1290.17,debit,2026-08-29 11:45:45,D00187
NB00007650,AC01411490,P00208,HDFC0001234,5701.21,debit,2026-08-12 17:25:35,D00187
NB00007651,AC01411490,P00108,UTIB0000789,4632.32,debit,2026-08-11 13:00:06,D00187
NB00007653,AC01411490,P00202,HDFC0001234,5087.69,debit,2026-09-05 13:56:05,D00187
NB00007674,AC01411490,E00421,SBIN0004321,56173.0,credit,2026-07-02 09:03:00,D00187
NB00007675,AC01411490,E00421,UTIB0000789,56198.0,credit,2026-08-02 09:56:00,D00187
NB00007676,AC01411490,E00421,HDFC0001234,56041.0,credit,2026-08-30 09:21:00,D00187
NB00007681,AC01421710,P00238,ICIC0005678,122.35,debit,2026-09-05 14:56:28,D00188
NB00007684,AC01421710,P00258,ICIC0005678,218.05,debit,2026-07-01 14:18:43,D00188
NB00007688,AC01421710,P00077,SBIN0004321,117.55,debit,2026-07-09 05:57:35,D00188
NB00007701,AC01421710,E00429,SBIN0004321,24366.0,credit,2026-07-02 09:13:00,D00188
NB00007702,AC01421710,E00429,HDFC0001234,23350.0,credit,2026-07-31 09:49:00,D00188
NB00007703,AC01421710,E00429,UTIB0000789,23586.0,credit,2026-09-01 09:11:00,D00188
NB00007715,AC01431046,P00296,HDFC0001234,645.22,debit,2026-08-07 12:58:35,D00189
NB00007737,AC01431046,P00171,UTIB0000789,2153.93,debit,2026-09-09 16:00:38,D00189
NB00007740,AC01431046,P00013,SBIN0004321,3223.62,debit,2026-07-26 21:07:59,D00189
NB00007744,AC01431046,P00171,UTIB0000789,1928.52,debit,2026-08-24 13:07:05,D00189
NB00007746,AC01431046,P00013,ICIC0005678,2266.35,debit,2026-07-25 18:02:17,D00189
NB00007747,AC01431046,P00187,SBIN0004321,10150.88,debit,2026-07-28 20:56:04,D00190
NB00007751,AC01431046,E00405,SBIN0004321,34205.0,credit,2026-07-02 09:23:00,D00189
NB00007752,AC01431046,E00405,ICIC0005678,35301.0,credit,2026-07-31 09:42:00,D00189
NB00007753,AC01431046,E00405,ICIC0005678,33874.0,credit,2026-09-01 09:24:00,D00190
NB00007760,AC01446132,P00168,HDFC0001234,2075.8,debit,2026-08-02 19:39:55,D00191
NB00007763,AC01446132,P00292,ICIC0005678,1863.98,debit,2026-08-30 20:07:42,D00191
NB00007774,AC01446132,P00367,UTIB0000789,1884.59,debit,2026-08-12 17:06:35,D00191
NB00007777,AC01446132,P00206,UTIB0000789,2939.04,debit,2026-09-11 17:44:55,D00191
NB00007785,AC01446132,P00263,ICIC0005678,2938.06,debit,2026-09-09 19:16:58,D00191
NB00007796,AC01446132,E00406,ICIC0005678,26505.0,credit,2026-07-02 09:16:00,D00191
NB00007797,AC01446132,E00406,SBIN0004321,26605.0,credit,2026-08-01 09:16:00,D00191
NB00007798,AC01446132,E00406,ICIC0005678,26988.0,credit,2026-08-31 09:34:00,D00191
NB00007800,AC01451519,P00106,ICIC0005678,2535.88,debit,2026-08-27 22:55:00,D00192
NB00007803,AC01451519,P00192,HDFC0001234,25007.18,debit,2026-08-16 15:13:37,D00192
NB00007809,AC01451519,P00124,UTIB0000789,3065.45,debit,2026-07-18 01:09:47,D00192
NB00007811,AC01451519,P00206,SBIN0004321,5571.69,debit,2026-08-08 17:39:23,D00192
NB00007814,AC01451519,P00106,ICIC0005678,3562.51,debit,2026-07-22 11:28:39,D00192
NB00007821,AC01451519,P00068,UTIB0000789,8131.55,debit,2026-08-25 20:21:23,D00192
NB00007823,AC01451519,P00106,UTIB0000789,8953.68,debit,2026-09-07 17:12:52,D00192
NB00007827,AC01451519,P00192,ICIC0005678,12801.43,debit,2026-07-27 20:42:13,D00192
NB00007833,AC01451519,P00287,HDFC0001234,2215.2,debit,2026-09-04 18:56:56,D00192
NB00007839,AC01451519,E00434,UTIB0000789,82340.0,credit,2026-07-02 09:01:00,D00192
NB00007840,AC01451519,E00434,UTIB0000789,65350.0,credit,2026-08-01 09:50:00,D00192
NB00007841,AC01451519,E00434,HDFC0001234,48711.0,credit,2026-08-31 09:12:00,D00192
NB00007845,AC01469388,P00174,UTIB0000789,737.08,debit,2026-08-21 11:22:36,D00193
NB00007879,AC01469388,E00426,SBIN0004321,54974.0,credit,2026-07-03 09:04:00,D00193
NB00007880,AC01469388,E00426,UTIB0000789,46170.0,credit,2026-08-02 09:15:00,D00193
NB00007881,AC01469388,E00426,SBIN0004321,38373.0,credit,2026-08-30 09:50:00,D00193
NB00007887,AC01472151,P00188,HDFC0001234,1774.11,debit,2026-07-11 19:30:45,D00194
NB00007896,AC01472151,P00382,UTIB0000789,4281.64,debit,2026-07-03 23:08:07,D00194
NB00007898,AC01472151,P00219,UTIB0000789,3261.85,debit,2026-07-09 21:28:42,D00194
NB00007899,AC01472151,P00341,SBIN0004321,619.24,debit,2026-08-12 17:24:38,D00194
NB00007931,AC01472151,E00431,HDFC0001234,50665.0,credit,2026-07-01 09:47:00,D00194
NB00007932,AC01472151,E00431,UTIB0000789,53180.0,credit,2026-08-01 09:59:00,D00194
NB00007933,AC01472151,E00431,UTIB0000789,52037.0,credit,2026-08-30 09:40:00,D00194
NB00007936,AC01481644,P00162,HDFC0001234,1423.2,debit,2026-08-19 18:26:28,D00195
NB00007939,AC01481644,P00162,ICIC0005678,614.71,debit,2026-07-24 11:05:37,D00195
NB00007950,AC01481644,P00323,UTIB0000789,2086.81,debit,2026-07-26 11:48:54,D00195
NB00007969,AC01481644,P00301,UTIB0000789,406.79,debit,2026-08-20 22:33:22,D00195
NB00007977,AC01481644,P00197,HDFC0001234,1153.71,debit,2026-08-11 19:31:29,D00195
NB00007979,AC01481644,E00404,SBIN0004321,51344.0,credit,2026-07-03 09:24:00,D00195
NB00007980,AC01481644,E00404,ICIC0005678,53424.0,credit,2026-08-01 09:29:00,D00195
NB00007981,AC01481644,E00404,UTIB0000789,51486.0,credit,2026-08-30 09:56:00,D00195
NB00007983,AC01493318,P00023,UTIB0000789,7861.61,debit,2026-09-08 12:34:10,D00196
NB00007994,AC01493318,P00023,ICIC0005678,3177.03,debit,2026-08-09 16:27:18,D00196
NB00007997,AC01493318,P00281,ICIC0005678,2100.65,debit,2026-08-09 12:43:44,D00196
NB00007998,AC01493318,P00107,SBIN0004321,3139.98,debit,2026-07-13 18:46:03,D00196
NB00007999,AC01493318,P00048,HDFC0001234,770.87,debit,2026-07-28 11:49:02,D00197
NB00008001,AC01493318,E00403,SBIN0004321,37835.0,credit,2026-07-01 09:22:00,D00197
NB00008002,AC01493318,E00403,UTIB0000789,37456.0,credit,2026-07-31 09:16:00,D00196
NB00008003,AC01493318,E00403,ICIC0005678,37514.0,credit,2026-08-30 09:20:00,D00196
NB00008006,AC01507867,P00083,SBIN0004321,3987.19,debit,2026-08-08 09:31:34,D00198
NB00008007,AC01507867,P00043,HDFC0001234,7735.51,debit,2026-08-02 17:41:56,D00198
NB00008031,AC01507867,P00162,ICIC0005678,2167.56,debit,2026-07-01 08:09:36,D00198
NB00008038,AC01507867,E00426,SBIN0004321,41743.0,credit,2026-07-01 09:19:00,D00198
NB00008039,AC01507867,E00426,SBIN0004321,41710.0,credit,2026-07-31 09:14:00,D00198
NB00008040,AC01507867,E00426,SBIN0004321,42860.0,credit,2026-08-31 09:01:00,D00198
NB00008047,AC01519161,P00110,ICIC0005678,494.69,debit,2026-08-08 18:16:53,D00199
NB00008089,AC01519161,P00106,ICIC0005678,610.55,debit,2026-08-14 09:39:25,D00199
NB00008091,AC01519161,P00269,ICIC0005678,865.74,debit,2026-09-09 19:31:51,D00200
NB00008096,AC01519161,E00432,SBIN0004321,21293.0,credit,2026-07-02 09:07:00,D00199
NB00008097,AC01519161,E00432,ICIC0005678,20843.0,credit,2026-08-02 09:58:00,D00199
NB00008098,AC01519161,E00432,ICIC0005678,20671.0,credit,2026-09-01 09:11:00,D00199
NB00008107,AC01523258,P00052,ICIC0005678,686.02,debit,2026-07-12 14:15:20,D00201
NB00008127,AC01523258,P00245,ICIC0005678,1421.56,debit,2026-07-28 20:13:51,D00201
NB00008133,AC01523258,P00159,ICIC0005678,265.92,debit,2026-08-15 11:39:47,D00201
NB00008138,AC01523258,P00293,HDFC0001234,166.46,debit,2026-07-20 15:14:28,D00201
NB00008141,AC01523258,P00245,UTIB0000789,757.27,debit,2026-07-31 03:04:52,D00201
NB00008152,AC01523258,P00015,HDFC0001234,1430.64,debit,2026-09-10 14:53:15,D00201
NB00008154,AC01523258,P00052,SBIN0004321,337.71,debit,2026-09-13 19:25:16,D00201
NB00008164,AC01523258,E00426,HDFC0001234,12589.0,credit,2026-07-02 09:27:00,D00201
NB00008165,AC01523258,E00426,SBIN0004321,12887.0,credit,2026-08-01 09:40:00,D00201
NB00008166,AC01523258,E00426,HDFC0001234,12925.0,credit,2026-08-30 09:18:00,D00201
NB00008185,AC01535667,P00204,SBIN0004321,6022.76,debit,2026-07-30 13:51:20,D00202
NB00008203,AC01535667,P00113,SBIN0004321,2718.28,debit,2026-07-10 13:09:20,D00202
NB00008208,AC01535667,E00431,ICIC0005678,41341.0,credit,2026-07-02 09:27:00,D00202
NB00008209,AC01535667,E00431,UTIB0000789,40006.0,credit,2026-08-01 09:41:00,D00202
NB00008210,AC01535667,E00431,ICIC0005678,41464.0,credit,2026-08-31 09:24:00,D00202
NB00008214,AC01547963,P00383,UTIB0000789,704.91,debit,2026-09-04 16:14:57,D00204
NB00008215,AC01547963,P00248,HDFC0001234,7306.1,debit,2026-08-23 07:10:51,D00204
NB00008227,AC01547963,P00248,SBIN0004321,5579.35,debit,2026-08-09 18:54:07,D00204
NB00008230,AC01547963,P00099,HDFC0001234,787.41,debit,2026-07-05 09:01:20,D00204
NB00008245,AC01547963,P00011,HDFC0001234,1821.03,debit,2026-08-17 14:48:07,D00204
NB00008252,AC01547963,E00406,SBIN0004321,45574.0,credit,2026-07-03 09:10:00,D00204
NB00008253,AC01547963,E00406,SBIN0004321,44816.0,credit,2026-08-01 09:03:00,D00204
NB00008254,AC01547963,E00406,HDFC0001234,46027.0,credit,2026-09-01 09:36:00,D00204
NB00008264,AC01558171,P00312,UTIB0000789,3529.35,debit,2026-08-18 12:23:08,D00205
NB00008277,AC01558171,P00003,UTIB0000789,2933.43,debit,2026-07-25 11:14:31,D00205
NB00008284,AC01558171,P00288,UTIB0000789,1164.27,debit,2026-08-25 12:02:12,D00205
NB00008289,AC01558171,E00441,SBIN0004321,70315.0,credit,2026-07-03 09:06:00,D00205
NB00008290,AC01558171,E00441,HDFC0001234,61076.0,credit,2026-08-02 09:55:00,D00205
NB00008291,AC01558171,E00441,UTIB0000789,55315.0,credit,2026-08-31 09:21:00,D00205
NB00008299,AC01562376,P00310,HDFC0001234,7752.6,debit,2026-08-28 19:35:24,D00206
NB00008315,AC01562376,E00416,ICIC0005678,84167.0,credit,2026-07-01 09:02:00,D00206
NB00008316,AC01562376,E00416,HDFC0001234,85653.0,credit,2026-08-01 09:43:00,D00206
NB00008317,AC01562376,E00416,UTIB0000789,84025.0,credit,2026-09-01 09:08:00,D00206
NB00008318,AC01578543,P00342,SBIN0004321,8609.03,debit,2026-08-19 13:46:19,D00207
NB00008349,AC01578543,P00218,UTIB0000789,2101.39,debit,2026-08-20 16:01:50,D00207
NB00008370,AC01578543,E00417,SBIN0004321,82795.0,credit,2026-07-03 09:35:00,D00207
NB00008371,AC01578543,E00417,HDFC0001234,82686.0,credit,2026-08-02 09:50:00,D00207
NB00008372,AC01578543,E00417,UTIB0000789,82987.0,credit,2026-09-01 09:42:00,D00207
NB00008390,AC01588804,P00136,ICIC0005678,438.63,debit,2026-09-13 12:29:55,D00208
NB00008402,AC01588804,P00280,SBIN0004321,1041.32,debit,2026-07-30 17:54:43,D00208
NB00008403,AC01588804,P00095,HDFC0001234,229.74,debit,2026-08-04 12:51:50,D00208
NB00008413,AC01588804,P00129,UTIB0000789,766.71,debit,2026-09-07 20:43:12,D00208
NB00008414,AC01588804,E00419,HDFC0001234,22923.0,credit,2026-07-03 09:48:00,D00208
NB00008415,AC01588804,E00419,ICIC0005678,23567.0,credit,2026-08-01 09:06:00,D00208
NB00008416,AC01588804,E00419,UTIB0000789,23542.0,credit,2026-08-31 09:55:00,D00208
NB00008423,AC01597613,P00277,UTIB0000789,3274.74,debit,2026-08-15 18:05:31,D00210
NB00008424,AC01597613,P00399,UTIB0000789,832.78,debit,2026-09-06 20:08:35,D00209
NB00008426,AC01597613,P00278,HDFC0001234,1351.64,debit,2026-07-03 09:46:11,D00209
NB00008431,AC01597613,P00087,ICIC0005678,351.41,debit,2026-08-01 07:59:05,D00210
NB00008433,AC01597613,P00285,SBIN0004321,4929.41,debit,2026-08-09 15:17:25,D00209
NB00008443,AC01597613,P00277,UTIB0000789,1412.93,debit,2026-07-26 09:22:12,D00209
NB00008450,AC01597613,P00277,SBIN0004321,1507.34,debit,2026-08-20 09:25:59,D00209
NB00008453,AC01597613,P00188,ICIC0005678,860.64,debit,2026-08-29 21:39:41,D00210
NB00008464,AC01597613,P00060,SBIN0004321,1048.26,debit,2026-07-24 15:34:38,D00210
NB00008469,AC01597613,E00432,SBIN0004321,31184.0,credit,2026-07-02 09:04:00,D00209
NB00008470,AC01597613,E00432,UTIB0000789,31918.0,credit,2026-08-01 09:09:00,D00210
NB00008471,AC01597613,E00432,SBIN0004321,31930.0,credit,2026-09-01 09:58:00,D00209
NB00008472,AC01605744,P00008,ICIC0005678,4684.1,debit,2026-08-22 19:56:28,D00211
NB00008493,AC01605744,E00404,HDFC0001234,47734.0,credit,2026-07-03 09:45:00,D00211
NB00008494,AC01605744,E00404,UTIB0000789,48618.0,credit,2026-07-31 09:45:00,D00211
NB00008495,AC01605744,E00404,ICIC0005678,49358.0,credit,2026-08-30 09:47:00,D00211
NB00008514,AC01614522,P00075,ICIC0005678,2035.83,debit,2026-08-16 17:19:04,D00212
NB00008519,AC01614522,P00028,ICIC0005678,3307.4,debit,2026-07-01 07:44:32,D00212
NB00008526,AC01614522,P00222,HDFC0001234,7293.01,debit,2026-07-17 20:59:48,D00212
NB00008555,AC01614522,E00408,UTIB0000789,136603.0,credit,2026-07-01 09:01:00,D00212
NB00008556,AC01614522,E00408,SBIN0004321,137524.0,credit,2026-08-01 09:19:00,D00212
NB00008557,AC01614522,E00408,HDFC0001234,133347.0,credit,2026-08-30 09:10:00,D00212
NB00008571,AC01629003,P00117,ICIC0005678,1829.55,debit,2026-07-15 12:48:14,D00214
NB00008579,AC01629003,P00367,ICIC0005678,1067.81,debit,2026-08-06 17:10:23,D00213
NB00008584,AC01629003,P00117,UTIB0000789,779.88,debit,2026-08-07 17:33:48,D00213
NB00008598,AC01629003,E00435,ICIC0005678,79644.0,credit,2026-07-02 09:49:00,D00214
NB00008599,AC01629003,E00435,ICIC0005678,78686.0,credit,2026-07-31 09:55:00,D00214
NB00008600,AC01629003,E00435,ICIC0005678,79886.0,credit,2026-09-01 09:04:00,D00213
NB00008606,AC01638773,P00102,HDFC0001234,7602.45,debit,2026-09-10 12:05:32,D00215
NB00008631,AC01638773,P00362,SBIN0004321,1866.39,debit,2026-09-13 15:22:45,D00215
NB00008632,AC01638773,P00300,UTIB0000789,9601.84,debit,2026-07-23 17:34:24,D00215
NB00008640,AC01638773,P00042,SBIN0004321,13576.92,debit,2026-08-16 08:23:46,D00215
NB00008667,AC01638773,E00439,UTIB0000789,66829.0,credit,2026-07-02 09:25:00,D00215
NB00008668,AC01638773,E00439,HDFC0001234,67457.0,credit,2026-08-01 09:13:00,D00215
NB00008669,AC01638773,E00439,HDFC0001234,67810.0,credit,2026-08-31 09:03:00,D00215
NB00008674,AC01645663,P00172,UTIB0000789,6449.09,debit,2026-07-24 11:14:50,D00217
NB00008694,AC01645663,P00299,SBIN0004321,962.49,debit,2026-07-15 19:20:18,D00217
NB00008697,AC01645663,P00188,UTIB0000789,982.91,debit,2026-08-16 08:17:08,D00216
NB00008712,AC01645663,P00172,SBIN0004321,1565.11,debit,2026-07-07 12:17:04,D00217
NB00008714,AC01645663,P00188,ICIC0005678,522.14,debit,2026-08-12 20:48:57,D00216
NB00008715,AC01645663,E00403,HDFC0001234,31623.0,credit,2026-07-01 09:01:00,D00216
NB00008716,AC01645663,E00403,UTIB0000789,30896.0,credit,2026-08-02 09:03:00,D00216
NB00008717,AC01645663,E00403,ICIC0005678,30665.0,credit,2026-08-30 09:00:00,D00216
NB00008719,AC01657677,P00241,ICIC0005678,503.13,debit,2026-08-10 07:56:49,D00218
NB00008731,AC01657677,P00010,UTIB0000789,328.64,debit,2026-08-03 19:31:28,D00218
NB00008751,AC01657677,P00168,ICIC0005678,594.22,debit,2026-07-12 15:22:46,D00218
NB00008757,AC01657677,P00148,SBIN0004321,1672.76,debit,2026-07-27 05:11:09,D00219
NB00008761,AC01657677,P00322,HDFC0001234,1693.16,debit,2026-09-12 18:18:09,D00218
NB00008765,AC01657677,E00425,HDFC0001234,24590.0,credit,2026-07-02 09:54:00,D00218
NB00008766,AC01657677,E00425,ICIC0005678,24949.0,credit,2026-07-31 09:11:00,D00218
NB00008767,AC01657677,E00425,UTIB0000789,24391.0,credit,2026-09-01 09:59:00,D00218
NB00008771,AC01664598,P00121,UTIB0000789,1114.31,debit,2026-08-17 07:36:16,D00220
NB00008772,AC01664598,P00178,HDFC0001234,10245.52,debit,2026-07-30 21:51:36,D00221
NB00008786,AC01664598,P00158,HDFC0001234,6078.16,debit,2026-08-08 20:06:38,D00220
NB00008832,AC01664598,P00331,SBIN0004321,3901.1,debit,2026-08-24 09:03:49,D00221
NB00008836,AC01664598,E00411,UTIB0000789,55108.0,credit,2026-07-02 09:25:00,D00220
NB00008837,AC01664598,E00411,ICIC0005678,58164.0,credit,2026-08-02 09:31:00,D00220
NB00008838,AC01664598,E00411,HDFC0001234,56814.0,credit,2026-08-30 09:52:00,D00220
NB00008844,AC01677687,P00112,UTIB0000789,641.33,debit,2026-08-19 16:27:50,D00222
NB00008853,AC01677687,P00112,UTIB0000789,1103.44,debit,2026-09-13 15:31:48,D00222
NB00008855,AC01677687,P00026,SBIN0004321,420.29,debit,2026-08-08 10:11:12,D00222
NB00008860,AC01677687,P00112,ICIC0005678,653.08,debit,2026-08-13 09:15:46,D00222
NB00008871,AC01677687,P00226,ICIC0005678,952.04,debit,2026-08-09 11:01:10,D00222
NB00008872,AC01677687,P00313,ICIC0005678,653.55,debit,2026-08-22 17:18:24,D00222
NB00008873,AC01677687,P00217,SBIN0004321,180.06,debit,2026-08-20 19:28:17,D00222
NB00008877,AC01677687,P00306,UTIB0000789,233.51,debit,2026-07-21 10:20:23,D00222
NB00008886,AC01677687,E00412,HDFC0001234,21956.0,credit,2026-07-02 09:25:00,D00222
NB00008887,AC01677687,E00412,HDFC0001234,21516.0,credit,2026-08-02 09:36:00,D00222
NB00008888,AC01677687,E00412,SBIN0004321,21905.0,credit,2026-08-31 09:21:00,D00222
NB00008896,AC01681803,P00016,HDFC0001234,536.35,debit,2026-07-29 12:14:49,D00223
NB00008898,AC01681803,P00016,ICIC0005678,1559.63,debit,2026-07-24 14:52:05,D00223
NB00008909,AC01681803,P00367,SBIN0004321,804.41,debit,2026-07-12 23:54:32,D00223
NB00008917,AC01681803,P00390,HDFC0001234,844.01,debit,2026-08-17 12:57:12,D00223
NB00008923,AC01681803,E00402,HDFC0001234,34047.0,credit,2026-07-02 09:50:00,D00223
NB00008924,AC01681803,E00402,UTIB0000789,33954.0,credit,2026-08-01 09:51:00,D00223
NB00008925,AC01681803,E00402,UTIB0000789,33356.0,credit,2026-08-31 09:54:00,D00223
NB00008935,AC01699113,P00336,ICIC0005678,882.1,debit,2026-08-10 22:40:57,D00224
NB00008954,AC01699113,P00188,HDFC0001234,534.14,debit,2026-08-09 22:32:59,D00224
NB00008961,AC01699113,P00142,HDFC0001234,2728.08,debit,2026-07-27 09:45:39,D00224
NB00008983,AC01699113,P00052,UTIB0000789,9686.03,debit,2026-08-22 11:11:45,D00224
NB00008997,AC01699113,P00386,ICIC0005678,2036.52,debit,2026-08-24 19:11:10,D00224
NB00009007,AC01699113,P00218,UTIB0000789,823.06,debit,2026-07-05 19:26:19,D00224
NB00009010,AC01699113,P00304,SBIN0004321,3009.29,debit,2026-09-05 14:56:43,D00224
NB00009018,AC01699113,E00411,UTIB0000789,35869.0,credit,2026-07-03 09:22:00,D00224
NB00009019,AC01699113,E00411,SBIN0004321,35568.0,credit,2026-08-01 09:56:00,D00224
NB00009020,AC01699113,E00411,UTIB0000789,36796.0,credit,2026-08-31 09:36:00,D00224
NB00009026,AC01705639,P00082,HDFC0001234,2315.33,debit,2026-07-30 14:03:51,D00225
NB00009027,AC01705639,P00082,HDFC0001234,3700.6,debit,2026-08-14 18:37:33,D00225
NB00009031,AC01705639,P00050,HDFC0001234,5025.76,debit,2026-07-24 13:16:31,D00225
NB00009042,AC01705639,P00219,ICIC0005678,1328.35,debit,2026-07-24 07:15:05,D00225
NB00009052,AC01705639,P00219,UTIB0000789,4493.26,debit,2026-08-11 10:12:15,D00225
NB00009063,AC01705639,P00260,HDFC0001234,1378.71,debit,2026-07-14 16:15:43,D00225
NB00009068,AC01705639,P00006,UTIB0000789,1049.03,debit,2026-07-10 07:34:15,D00225
NB00009071,AC01705639,P00082,HDFC0001234,4045.24,debit,2026-09-11 15:53:13,D00225
NB00009079,AC01705639,P00082,HDFC0001234,1545.23,debit,2026-09-05 13:32:19,D00225
NB00009082,AC01705639,P00296,ICIC0005678,863.37,debit,2026-07-25 15:27:35,D00225
NB00009092,AC01705639,P00070,HDFC0001234,1333.66,debit,2026-08-15 15:11:45,D00225
NB00009099,AC01705639,E00409,UTIB0000789,83637.0,credit,2026-07-03 09:05:00,D00225
NB00009100,AC01705639,E00409,ICIC0005678,71581.0,credit,2026-08-01 09:50:00,D00225
NB00009101,AC01705639,E00409,ICIC0005678,61672.0,credit,2026-09-01 09:12:00,D00225
NB00009105,AC01716387,P00031,HDFC0001234,806.93,debit,2026-08-14 12:29:36,D00226
NB00009108,AC01716387,P00243,HDFC0001234,1129.89,debit,2026-08-25 18:17:10,D00226
NB00009109,AC01716387,P00302,UTIB0000789,419.89,debit,2026-08-14 16:02:11,D00226
NB00009126,AC01716387,P00196,ICIC0005678,795.13,debit,2026-08-07 19:27:11,D00226
NB00009133,AC01716387,E00416,SBIN0004321,31565.0,credit,2026-07-03 09:01:00,D00226
NB00009134,AC01716387,E00416,UTIB0000789,31600.0,credit,2026-07-31 09:07:00,D00226
NB00009135,AC01716387,E00416,SBIN0004321,31259.0,credit,2026-09-01 09:58:00,D00226
NB00009146,AC01722704,P00256,HDFC0001234,1716.56,debit,2026-07-15 18:06:32,D00227
NB00009153,AC01722704,P00177,HDFC0001234,425.35,debit,2026-08-20 20:58:48,D00227
NB00009169,AC01722704,P00339,HDFC0001234,381.62,debit,2026-08-17 19:12:26,D00227
NB00009170,AC01722704,E00418,SBIN0004321,11818.0,credit,2026-07-03 09:59:00,D00227
NB00009171,AC01722704,E00418,ICIC0005678,12029.0,credit,2026-08-02 09:35:00,D00227
NB00009172,AC01722704,E00418,ICIC0005678,11952.0,credit,2026-08-30 09:58:00,D00227
NB00009173,AC01735756,P00372,UTIB0000789,1174.17,debit,2026-07-29 05:37:28,D00228
NB00009175,AC01735756,P00063,ICIC0005678,1163.1,debit,2026-09-12 13:05:15,D00228
NB00009200,AC01735756,P00275,ICIC0005678,4264.6,debit,2026-09-07 01:49:37,D00228
NB00009215,AC01735756,E00432,SBIN0004321,50731.0,credit,2026-07-02 09:34:00,D00228
NB00009216,AC01735756,E00432,SBIN0004321,49336.0,credit,2026-08-02 09:55:00,D00228
NB00009217,AC01735756,E00432,ICIC0005678,48055.0,credit,2026-09-01 09:05:00,D00228
NB00009253,AC01741028,P00225,SBIN0004321,1626.34,debit,2026-09-12 08:08:13,D00229
NB00009268,AC01741028,P00204,HDFC0001234,1135.17,debit,2026-09-12 18:03:05,D00230
NB00009279,AC01741028,P00225,HDFC0001234,352.77,debit,2026-08-23 09:25:32,D00229
NB00009292,AC01741028,E00423,UTIB0000789,26183.0,credit,2026-07-03 09:17:00,D00230
NB00009293,AC01741028,E00423,HDFC0001234,26960.0,credit,2026-08-01 09:29:00,D00229
NB00009294,AC01741028,E00423,HDFC0001234,26640.0,credit,2026-09-01 09:54:00,D00230
NB00009306,AC01759010,P00148,SBIN0004321,2058.17,debit,2026-09-05 12:08:02,D00231
NB00009307,AC01759010,P00186,ICIC0005678,1309.47,debit,2026-09-04 01:23:49,D00231
NB00009315,AC01759010,P00100,UTIB0000789,2880.39,debit,2026-08-31 09:49:03,D00231
NB00009325,AC01759010,P00081,UTIB0000789,3291.54,debit,2026-07-29 20:05:33,D00231
NB00009328,AC01759010,P00081,SBIN0004321,779.98,debit,2026-07-31 17:23:29,D00231
NB00009330,AC01759010,P00343,HDFC0001234,5437.2,debit,2026-07-07 10:10:42,D00232
NB00009331,AC01759010,P00372,SBIN0004321,556.06,debit,2026-07-03 15:11:29,D00231
NB00009332,AC01759010,P00241,ICIC0005678,804.81,debit,2026-08-27 19:26:19,D00231
NB00009337,AC01759010,P00081,SBIN0004321,1063.31,debit,2026-07-16 15:51:35,D00231
NB00009354,AC01759010,E00425,UTIB0000789,39575.0,credit,2026-07-03 09:17:00,D00231
NB00009355,AC01759010,E00425,UTIB0000789,38964.0,credit,2026-07-31 09:03:00,D00232
NB00009356,AC01759010,E00425,SBIN0004321,37646.0,credit,2026-09-01 09:18:00,D00231
NB00009375,AC01767739,P00010,SBIN0004321,251.23,debit,2026-08-09 07:10:11,D00233
NB00009381,AC01767739,P00063,ICIC0005678,356.39,debit,2026-08-05 13:32:18,D00233
NB00009386,AC01767739,P00044,SBIN0004321,849.06,debit,2026-08-28 13:29:32,D00233
NB00009401,AC01767739,P00081,ICIC0005678,1134.35,debit,2026-09-09 07:34:54,D00233
NB00009409,AC01767739,P00385,HDFC0001234,1027.79,debit,2026-07-10 12:18:12,D00233
NB00009417,AC01767739,P00081,UTIB0000789,1204.51,debit,2026-07-05 22:18:37,D00233
NB00009420,AC01767739,P00044,HDFC0001234,1188.36,debit,2026-07-11 23:10:48,D00233
NB00009429,AC01767739,P00153,HDFC0001234,1838.54,debit,2026-09-06 14:41:11,D00233
NB00009437,AC01767739,E00424,ICIC0005678,35843.0,credit,2026-07-02 09:49:00,D00233
NB00009438,AC01767739,E00424,HDFC0001234,36031.0,credit,2026-08-02 09:26:00,D00233
NB00009439,AC01767739,E00424,ICIC0005678,36641.0,credit,2026-08-30 09:28:00,D00233
NB00009446,AC01775089,P00008,SBIN0004321,7239.92,debit,2026-07-02 13:52:56,D00235
NB00009449,AC01775089,P00361,SBIN0004321,2068.65,debit,2026-07-18 18:14:13,D00234
NB00009451,AC01775089,P00113,ICIC0005678,2016.26,debit,2026-08-04 13:05:56,D00234
NB00009473,AC01775089,P00356,HDFC0001234,1255.96,debit,2026-08-10 16:44:51,D00234
NB00009477,AC01775089,E00439,UTIB0000789,32577.0,credit,2026-07-01 09:43:00,D00235
NB00009478,AC01775089,E00439,HDFC0001234,33176.0,credit,2026-08-01 09:15:00,D00234
NB00009479,AC01775089,E00439,ICIC0005678,32437.0,credit,2026-08-31 09:49:00,D00234
NB00009481,AC01788521,P00192,UTIB0000789,4409.5,debit,2026-07-25 09:24:22,D00236
NB00009491,AC01788521,P00204,ICIC0005678,4441.04,debit,2026-08-06 18:28:26,D00236
NB00009516,AC01788521,P00253,UTIB0000789,1933.48,debit,2026-07-12 08:36:23,D00236
NB00009532,AC01788521,P00255,UTIB0000789,4351.54,debit,2026-07-23 23:29:53,D00236
NB00009538,AC01788521,E00425,ICIC0005678,56405.0,credit,2026-07-03 09:57:00,D00236
NB00009539,AC01788521,E00425,HDFC0001234,56713.0,credit,2026-08-01 09:54:00,D00236
NB00009540,AC01788521,E00425,UTIB0000789,57636.0,credit,2026-08-30 09:18:00,D00236
NB00009564,AC01798303,P00277,UTIB0000789,1047.15,debit,2026-08-16 20:32:38,D00237
NB00009574,AC01798303,E00427,SBIN0004321,17765.0,credit,2026-07-01 09:28:00,D00237
NB00009575,AC01798303,E00427,HDFC0001234,17483.0,credit,2026-07-31 09:22:00,D00237
NB00009576,AC01798303,E00427,UTIB0000789,18096.0,credit,2026-08-30 09:43:00,D00237
NB00009590,AC01802071,P00174,HDFC0001234,409.39,debit,2026-09-02 17:15:03,D00239
NB00009604,AC01802071,P00326,HDFC0001234,983.78,debit,2026-08-11 14:33:21,D00239
NB00009613,AC01802071,E00416,SBIN0004321,29219.0,credit,2026-07-02 09:07:00,D00239
NB00009614,AC01802071,E00416,SBIN0004321,29640.0,credit,2026-08-01 09:07:00,D00239
NB00009615,AC01802071,E00416,UTIB0000789,29031.0,credit,2026-08-31 09:12:00,D00240
NB00009649,AC01811484,P00035,HDFC0001234,1034.61,debit,2026-08-09 21:30:50,D00241
NB00009657,AC01811484,E00412,UTIB0000789,53573.0,credit,2026-07-02 09:20:00,D00241
NB00009658,AC01811484,E00412,HDFC0001234,52857.0,credit,2026-08-01 09:17:00,D00241
NB00009659,AC01811484,E00412,ICIC0005678,53759.0,credit,2026-08-30 09:39:00,D00241
NB00009661,AC01823281,P00365,HDFC0001234,1807.4,debit,2026-07-11 12:01:05,D00243
NB00009663,AC01823281,P00212,SBIN0004321,458.61,debit,2026-07-29 16:10:24,D00243
NB00009709,AC01823281,P00178,UTIB0000789,962.24,debit,2026-09-02 20:50:09,D00243
NB00009713,AC01823281,P00062,ICIC0005678,1375.08,debit,2026-07-26 18:47:17,D00243
NB00009722,AC01823281,P00185,SBIN0004321,2976.46,debit,2026-07-01 15:01:52,D00243
NB00009730,AC01823281,P00119,ICIC0005678,271.49,debit,2026-07-19 09:03:56,D00243
NB00009736,AC01823281,P00185,HDFC0001234,1172.05,debit,2026-07-08 21:10:00,D00243
NB00009746,AC01823281,P00395,SBIN0004321,1021.85,debit,2026-07-31 19:07:31,D00243
NB00009750,AC01823281,P00185,ICIC0005678,4164.27,debit,2026-08-29 20:53:23,D00243
NB00009751,AC01823281,P00142,HDFC0001234,1828.84,debit,2026-08-13 14:47:22,D00243
NB00009752,AC01823281,P00196,ICIC0005678,793.02,debit,2026-08-02 10:12:35,D00243
NB00009757,AC01823281,E00436,HDFC0001234,28338.0,credit,2026-07-03 09:53:00,D00243
NB00009758,AC01823281,E00436,SBIN0004321,27792.0,credit,2026-08-01 09:51:00,D00243
NB00009759,AC01823281,E00436,SBIN0004321,27769.0,credit,2026-08-31 09:08:00,D00243
NB00009764,AC01831011,P00011,ICIC0005678,449.14,debit,2026-07-20 20:45:59,D00244
NB00009770,AC01831011,P00022,SBIN0004321,750.55,debit,2026-07-07 15:17:29,D00244
NB00009771,AC01831011,P00109,SBIN0004321,683.93,debit,2026-08-13 20:33:11,D00244
NB00009779,AC01831011,P00192,HDFC0001234,2549.11,debit,2026-07-08 18:53:30,D00244
NB00009799,AC01831011,P00117,SBIN0004321,452.14,debit,2026-07-16 20:48:26,D00244
NB00009806,AC01831011,P00280,ICIC0005678,1594.46,debit,2026-08-05 10:06:22,D00244
NB00009830,AC01831011,P00117,SBIN0004321,424.83,debit,2026-08-18 07:40:21,D00244
NB00009831,AC01831011,E00427,HDFC0001234,16790.0,credit,2026-07-01 09:57:00,D00244
NB00009832,AC01831011,E00427,UTIB0000789,13659.0,credit,2026-08-01 09:20:00,D00244
NB00009833,AC01831011,E00427,ICIC0005678,11013.0,credit,2026-09-01 09:29:00,D00244
NB00009841,AC01846157,P00144,HDFC0001234,885.31,debit,2026-09-12 09:03:54,D00246
NB00009847,AC01846157,P00344,UTIB0000789,2010.66,debit,2026-08-17 17:24:58,D00245
NB00009855,AC01846157,P00068,UTIB0000789,438.41,debit,2026-09-13 17:42:50,D00245
NB00009872,AC01846157,P00068,HDFC0001234,1616.31,debit,2026-09-10 09:20:48,D00245
NB00009873,AC01846157,P00144,HDFC0001234,654.77,debit,2026-07-22 08:44:50,D00245
NB00009881,AC01846157,P00068,ICIC0005678,688.93,debit,2026-07-17 11:21:21,D00245
NB00009891,AC01846157,E00428,HDFC0001234,53014.0,credit,2026-07-02 09:24:00,D00245
NB00009892,AC01846157,E00428,SBIN0004321,52997.0,credit,2026-08-02 09:45:00,D00245
NB00009893,AC01846157,E00428,HDFC0001234,53515.0,credit,2026-09-01 09:40:00,D00245
NB00009896,AC01855754,P00262,UTIB0000789,577.72,debit,2026-08-14 15:50:52,D00248
NB00009911,AC01855754,P00168,ICIC0005678,2600.96,debit,2026-07-19 18:05:26,D00248
NB00009921,AC01855754,P00079,HDFC0001234,1894.12,debit,2026-08-11 16:32:13,D00247
NB00009925,AC01855754,P00318,HDFC0001234,11166.87,debit,2026-07-27 13:02:54,D00247
NB00009935,AC01855754,E00407,SBIN0004321,67260.0,credit,2026-07-01 09:09:00,D00247
NB00009936,AC01855754,E00407,SBIN0004321,66439.0,credit,2026-08-01 09:25:00,D00247
NB00009937,AC01855754,E00407,UTIB0000789,65478.0,credit,2026-08-31 09:46:00,D00247
NB00009950,AC01865841,P00330,SBIN0004321,857.67,debit,2026-07-02 08:54:48,D00249
NB00009980,AC01865841,P00088,HDFC0001234,277.04,debit,2026-07-14 17:52:15,D00249
NB00009987,AC01865841,P00085,SBIN0004321,4145.12,debit,2026-07-28 11:10:38,D00249
NB00009993,AC01865841,E00432,SBIN0004321,36844.0,credit,2026-07-02 09:58:00,D00249
NB00009994,AC01865841,E00432,SBIN0004321,37526.0,credit,2026-07-31 09:53:00,D00249
NB00009995,AC01865841,E00432,SBIN0004321,37276.0,credit,2026-08-31 09:49:00,D00249
NB00010014,AC01871662,E00409,SBIN0004321,14132.0,credit,2026-07-02 09:11:00,D00251
NB00010015,AC01871662,E00409,HDFC0001234,12925.0,credit,2026-08-01 09:24:00,D00251
NB00010016,AC01871662,E00409,SBIN0004321,11275.0,credit,2026-08-30 09:16:00,D00251
NB00010019,AC01889262,P00327,HDFC0001234,1857.34,debit,2026-09-01 10:23:25,D00253
NB00010020,AC01889262,P00385,HDFC0001234,1321.03,debit,2026-07-15 19:17:12,D00252
NB00010023,AC01889262,P00041,UTIB0000789,10918.08,debit,2026-09-13 16:47:17,D00252
NB00010029,AC01889262,P00176,SBIN0004321,1292.28,debit,2026-09-06 13:45:51,D00253
NB00010031,AC01889262,P00290,HDFC0001234,731.24,debit,2026-08-20 16:38:36,D00252
NB00010034,AC01889262,P00073,ICIC0005678,2766.29,debit,2026-07-12 10:06:14,D00252
NB00010036,AC01889262,P00032,UTIB0000789,568.25,debit,2026-07-07 15:32:56,D00252
NB00010042,AC01889262,P00375,ICIC0005678,627.17,debit,2026-09-07 11:57:08,D00252
NB00010049,AC01889262,P00226,ICIC0005678,2633.38,debit,2026-07-02 13:43:44,D00252
NB00010058,AC01889262,E00437,ICIC0005678,54711.0,credit,2026-07-03 09:11:00,D00252
NB00010059,AC01889262,E00437,ICIC0005678,54814.0,credit,2026-08-01 09:51:00,D00253
NB00010060,AC01889262,E00437,UTIB0000789,53846.0,credit,2026-08-31 09:02:00,D00252
NB00010064,AC01899787,P00238,ICIC0005678,279.45,debit,2026-07-01 17:01:42,D00254
NB00010068,AC01899787,P00316,ICIC0005678,901.52,debit,2026-07-24 08:05:36,D00254
NB00010080,AC01899787,P00005,ICIC0005678,244.31,debit,2026-07-27 19:15:59,D00254
NB00010090,AC01899787,P00021,SBIN0004321,270.24,debit,2026-08-29 12:30:58,D00255
NB00010092,AC01899787,P00238,HDFC0001234,460.72,debit,2026-08-31 16:20:03,D00255
NB00010096,AC01899787,P00021,HDFC0001234,1435.92,debit,2026-09-06 07:33:06,D00254
NB00010105,AC01899787,P00240,HDFC0001234,2293.78,debit,2026-08-19 09:46:34,D00254
NB00010110,AC01899787,E00431,UTIB0000789,16836.0,credit,2026-07-02 09:54:00,D00255
NB00010111,AC01899787,E00431,ICIC0005678,16634.0,credit,2026-08-02 09:49:00,D00255
NB00010112,AC01899787,E00431,SBIN0004321,16667.0,credit,2026-08-31 09:07:00,D00254
NB00010119,AC01906314,P00368,HDFC0001234,413.91,debit,2026-09-07 10:22:02,D00256
NB00010137,AC01906314,P00107,ICIC0005678,2570.74,debit,2026-07-07 21:06:19,D00256
NB00010139,AC01906314,P00376,ICIC0005678,1481.32,debit,2026-07-06 09:21:12,D00256
NB00010144,AC01906314,P00070,HDFC0001234,3088.01,debit,2026-07-14 13:46:32,D00256
NB00010145,AC01906314,P00006,SBIN0004321,532.2,debit,2026-09-07 21:49:52,D00256
NB00010146,AC01906314,P00089,SBIN0004321,4383.98,debit,2026-07-06 18:30:59,D00256
NB00010159,AC01906314,P00178,SBIN0004321,1031.4,debit,2026-09-13 18:36:02,D00256
NB00010166,AC01906314,P00368,SBIN0004321,416.87,debit,2026-07-11 19:06:33,D00256
NB00010168,AC01906314,E00402,UTIB0000789,42846.0,credit,2026-07-03 09:48:00,D00256
NB00010169,AC01906314,E00402,ICIC0005678,43655.0,credit,2026-07-31 09:10:00,D00256
NB00010170,AC01906314,E00402,SBIN0004321,43691.0,credit,2026-08-30 09:00:00,D00256
NB00010192,AC01911049,P00059,HDFC0001234,2028.33,debit,2026-09-10 10:16:35,D00257
NB00010195,AC01911049,P00224,ICIC0005678,697.72,debit,2026-08-18 00:59:20,D00257
NB00010197,AC01911049,P00240,HDFC0001234,3515.36,debit,2026-08-09 15:29:23,D00257
NB00010200,AC01911049,P00352,ICIC0005678,1261.28,debit,2026-08-13 15:59:21,D00257
NB00010203,AC01911049,P00073,UTIB0000789,2171.5,debit,2026-07-23 17:36:35,D00257
NB00010206,AC01911049,P00059,ICIC0005678,236.47,debit,2026-09-08 11:01:15,D00257
NB00010210,AC01911049,P00288,ICIC0005678,1205.16,debit,2026-07-16 02:01:00,D00257
NB00010216,AC01911049,P00249,ICIC0005678,2135.52,debit,2026-08-04 21:28:08,D00257
NB00010219,AC01911049,P00288,HDFC0001234,563.24,debit,2026-08-08 19:24:38,D00257
NB00010221,AC01911049,P00288,UTIB0000789,529.81,debit,2026-08-25 23:52:00,D00257
NB00010235,AC01911049,P00249,HDFC0001234,3225.89,debit,2026-07-26 10:52:49,D00257
NB00010246,AC01911049,P00108,UTIB0000789,1812.08,debit,2026-07-29 08:25:47,D00257
NB00010252,AC01911049,E00403,ICIC0005678,24283.0,credit,2026-07-03 09:17:00,D00257
NB00010253,AC01911049,E00403,HDFC0001234,24442.0,credit,2026-07-31 09:03:00,D00257
NB00010254,AC01911049,E00403,ICIC0005678,24457.0,credit,2026-09-01 09:38:00,D00257
NB00010267,AC01924563,P00009,SBIN0004321,872.48,debit,2026-08-20 18:59:47,D00258
NB00010282,AC01924563,P00120,UTIB0000789,733.02,debit,2026-08-22 13:29:10,D00258
NB00010284,AC01924563,P00374,UTIB0000789,2115.69,debit,2026-07-22 09:30:29,D00258
NB00010299,AC01924563,E00423,SBIN0004321,21391.0,credit,2026-07-02 09:33:00,D00258
NB00010300,AC01924563,E00423,UTIB0000789,21081.0,credit,2026-08-01 09:29:00,D00258
NB00010301,AC01924563,E00423,UTIB0000789,21521.0,credit,2026-08-31 09:48:00,D00258
NB00010304,AC01937462,P00331,HDFC0001234,392.44,debit,2026-08-28 08:53:27,D00260
NB00010316,AC01937462,P00297,HDFC0001234,1039.83,debit,2026-08-21 21:34:12,D00260
NB00010319,AC01937462,P00161,ICIC0005678,229.73,debit,2026-08-13 21:30:00,D00260
NB00010336,AC01937462,E00413,ICIC0005678,31328.0,credit,2026-07-03 09:55:00,D00260
NB00010337,AC01937462,E00413,HDFC0001234,30338.0,credit,2026-08-02 09:22:00,D00260
NB00010338,AC01937462,E00413,ICIC0005678,30196.0,credit,2026-08-31 09:59:00,D00260
NB00010341,AC01947737,P00211,UTIB0000789,325.29,debit,2026-07-04 19:14:45,D00261
NB00010345,AC01947737,P00065,SBIN0004321,2196.42,debit,2026-07-05 15:20:36,D00261
NB00010363,AC01947737,P00044,ICIC0005678,1580.07,debit,2026-07-04 17:25:28,D00261
NB00010368,AC01947737,P00065,UTIB0000789,1291.4,debit,2026-07-09 14:37:11,D00261
NB00010372,AC01947737,P00269,HDFC0001234,3791.04,debit,2026-07-23 10:50:04,D00261
NB00010374,AC01947737,P00065,UTIB0000789,9222.94,debit,2026-07-07 10:19:20,D00261
NB00010379,AC01947737,E00439,HDFC0001234,34343.0,credit,2026-07-01 09:30:00,D00261
NB00010380,AC01947737,E00439,ICIC0005678,34744.0,credit,2026-07-31 09:34:00,D00261
NB00010381,AC01947737,E00439,SBIN0004321,34426.0,credit,2026-08-30 09:56:00,D00261
NB00010398,AC01953190,P00288,ICIC0005678,491.03,debit,2026-08-28 22:52:53,D00263
NB00010403,AC01953190,P00004,ICIC0005678,780.99,debit,2026-08-31 10:01:41,D00263
NB00010430,AC01953190,P00039,UTIB0000789,1380.9,debit,2026-08-12 08:45:43,D00262
NB00010436,AC01953190,P00198,UTIB0000789,1979.92,debit,2026-07-28 17:21:33,D00262
NB00010448,AC01953190,P00056,UTIB0000789,662.65,debit,2026-08-09 12:45:16,D00262
NB00010452,AC01953190,E00438,ICIC0005678,26786.0,credit,2026-07-01 09:43:00,D00262
NB00010453,AC01953190,E00438,ICIC0005678,26899.0,credit,2026-08-02 09:38:00,D00262
NB00010454,AC01953190,E00438,ICIC0005678,27921.0,credit,2026-08-31 09:09:00,D00262
NB00010455,AC01968403,P00049,ICIC0005678,2022.44,debit,2026-07-27 16:43:39,D00264
NB00010469,AC01968403,P00097,SBIN0004321,2258.09,debit,2026-09-12 12:30:25,D00264
NB00010495,AC01968403,E00407,SBIN0004321,51981.0,credit,2026-07-02 09:26:00,D00264
NB00010496,AC01968403,E00407,HDFC0001234,52224.0,credit,2026-08-01 09:58:00,D00264
NB00010497,AC01968403,E00407,SBIN0004321,51173.0,credit,2026-08-30 09:37:00,D00264
NB00010526,AC01979707,P00029,SBIN0004321,2916.3,debit,2026-09-01 15:01:47,D00265
NB00010535,AC01979707,P00300,SBIN0004321,3340.98,debit,2026-09-07 10:59:10,D00265
NB00010545,AC01979707,P00323,UTIB0000789,6158.96,debit,2026-08-23 20:42:23,D00265
NB00010549,AC01979707,P00029,HDFC0001234,2128.25,debit,2026-09-08 19:10:10,D00265
NB00010553,AC01979707,P00242,ICIC0005678,2148.39,debit,2026-09-02 13:32:42,D00265
NB00010557,AC01979707,P00312,SBIN0004321,1427.87,debit,2026-09-09 10:29:56,D00265
NB00010562,AC01979707,P00229,ICIC0005678,2818.93,debit,2026-08-20 12:24:02,D00265
NB00010578,AC01979707,P00029,ICIC0005678,535.66,debit,2026-07-10 11:15:37,D00265
NB00010579,AC01979707,P00200,ICIC0005678,1449.82,debit,2026-07-22 07:08:14,D00265
NB00010582,AC01979707,E00427,SBIN0004321,29948.0,credit,2026-07-02 09:24:00,D00265
NB00010583,AC01979707,E00427,SBIN0004321,30200.0,credit,2026-08-02 09:14:00,D00265
NB00010584,AC01979707,E00427,SBIN0004321,29720.0,credit,2026-08-31 09:55:00,D00265
NB00010586,AC01985577,P00111,SBIN0004321,20232.01,debit,2026-08-28 08:45:57,D00266
NB00010596,AC01985577,P00288,HDFC0001234,592.75,debit,2026-08-28 20:43:13,D00266
NB00010599,AC01985577,P00192,ICIC0005678,11948.02,debit,2026-07-10 08:00:03,D00266
NB00010612,AC01985577,P00335,HDFC0001234,16614.65,debit,2026-08-25 17:05:37,D00266
NB00010628,AC01985577,P00149,ICIC0005678,13932.75,debit,2026-07-17 23:25:17,D00266
NB00010630,AC01985577,P00208,SBIN0004321,5196.25,debit,2026-07-13 14:41:18,D00266
NB00010632,AC01985577,P00218,HDFC0001234,596.79,debit,2026-08-19 19:46:13,D00266
NB00010636,AC01985577,P00288,SBIN0004321,974.07,debit,2026-07-21 19:54:22,D00266
NB00010651,AC01985577,P00009,ICIC0005678,2640.08,debit,2026-07-16 17:39:32,D00266
NB00010652,AC01985577,E00426,SBIN0004321,60577.0,credit,2026-07-02 09:56:00,D00266
NB00010653,AC01985577,E00426,UTIB0000789,62237.0,credit,2026-08-01 09:15:00,D00266
NB00010654,AC01985577,E00426,ICIC0005678,62501.0,credit,2026-08-31 09:23:00,D00266
NB00010669,AC01994433,P00155,SBIN0004321,1019.99,debit,2026-07-11 13:28:09,D00268
NB00010679,AC01994433,P00009,SBIN0004321,1560.7,debit,2026-08-23 21:59:47,D00268
NB00010685,AC01994433,P00392,UTIB0000789,356.52,debit,2026-07-08 08:47:21,D00267
NB00010689,AC01994433,P00072,ICIC0005678,214.27,debit,2026-08-26 20:19:18,D00267
NB00010699,AC01994433,E00422,HDFC0001234,44984.0,credit,2026-07-03 09:33:00,D00268
NB00010700,AC01994433,E00422,HDFC0001234,43646.0,credit,2026-08-02 09:30:00,D00267
NB00010701,AC01994433,E00422,HDFC0001234,42810.0,credit,2026-08-31 09:53:00,D00267
NB00010712,AC02005734,P00016,SBIN0004321,1564.52,debit,2026-07-03 18:28:25,D00269
NB00010728,AC02005734,P00315,ICIC0005678,892.85,debit,2026-07-09 21:23:57,D00269
NB00010748,AC02005734,P00253,HDFC0001234,416.44,debit,2026-08-06 10:22:50,D00269
NB00010751,AC02005734,P00266,SBIN0004321,2628.57,debit,2026-08-12 20:10:58,D00269
NB00010756,AC02005734,P00097,UTIB0000789,2154.93,debit,2026-09-03 12:33:33,D00269
NB00010766,AC02005734,E00417,HDFC0001234,26751.0,credit,2026-07-01 09:22:00,D00269
NB00010767,AC02005734,E00417,HDFC0001234,26686.0,credit,2026-07-31 09:59:00,D00269
NB00010768,AC02005734,E00417,SBIN0004321,26603.0,credit,2026-08-30 09:39:00,D00269
NB00010769,AC02011245,P00173,HDFC0001234,308.68,debit,2026-07-22 21:23:37,D00270
NB00010781,AC02011245,P00386,ICIC0005678,1180.77,debit,2026-08-11 14:16:54,D00270
NB00010784,AC02011245,P00249,UTIB0000789,355.45,debit,2026-08-20 11:16:03,D00270
NB00010785,AC02011245,P00343,ICIC0005678,2726.43,debit,2026-08-10 16:59:08,D00270
NB00010810,AC02011245,P00386,UTIB0000789,1098.3,debit,2026-08-11 11:48:43,D00271
NB00010816,AC02011245,P00386,HDFC0001234,1422.12,debit,2026-09-02 07:15:45,D00270
NB00010820,AC02011245,P00295,SBIN0004321,442.34,debit,2026-07-20 15:53:53,D00270
NB00010833,AC02011245,E00439,SBIN0004321,24727.0,credit,2026-07-02 09:59:00,D00270
NB00010834,AC02011245,E00439,SBIN0004321,24152.0,credit,2026-07-31 09:17:00,D00271
NB00010835,AC02011245,E00439,SBIN0004321,24648.0,credit,2026-08-30 09:46:00,D00271
NB00010839,AC02025710,P00157,ICIC0005678,2234.5,debit,2026-08-05 19:55:23,D00272
NB00010846,AC02025710,P00160,SBIN0004321,1840.46,debit,2026-08-16 09:25:15,D00272
NB00010861,AC02025710,P00381,SBIN0004321,845.4,debit,2026-09-11 12:41:58,D00272
NB00010869,AC02025710,P00150,ICIC0005678,646.0,debit,2026-09-08 14:17:13,D00272
NB00010874,AC02025710,P00348,SBIN0004321,499.44,debit,2026-08-29 00:22:09,D00272
NB00010894,AC02025710,P00257,HDFC0001234,1928.28,debit,2026-09-08 17:14:01,D00272
NB00010896,AC02025710,P00160,SBIN0004321,2063.8,debit,2026-08-01 00:11:45,D00272
NB00010920,AC02025710,E00406,SBIN0004321,16826.0,credit,2026-07-02 09:20:00,D00272
NB00010921,AC02025710,E00406,UTIB0000789,16863.0,credit,2026-08-02 09:11:00,D00272
NB00010922,AC02025710,E00406,SBIN0004321,13219.0,credit,2026-08-30 09:35:00,D00272
NB00010923,AC02031242,P00301,ICIC0005678,3133.52,debit,2026-07-19 17:44:30,D00273
NB00010926,AC02031242,P00166,ICIC0005678,1548.66,debit,2026-08-18 16:41:07,D00273
NB00010929,AC02031242,P00301,ICIC0005678,1238.68,debit,2026-08-06 17:44:03,D00273
NB00010934,AC02031242,P00322,HDFC0001234,5403.41,debit,2026-07-16 13:46:08,D00273
NB00010944,AC02031242,P00072,ICIC0005678,949.3,debit,2026-08-27 15:37:18,D00273
NB00010950,AC02031242,P00070,UTIB0000789,4543.39,debit,2026-08-19 07:19:45,D00273
NB00010968,AC02031242,P00207,UTIB0000789,1465.78,debit,2026-08-04 08:44:24,D00273
NB00010978,AC02031242,P00072,SBIN0004321,520.16,debit,2026-08-25 17:44:44,D00273
NB00010986,AC02031242,E00425,HDFC0001234,44104.0,credit,2026-07-01 09:28:00,D00273
NB00010987,AC02031242,E00425,UTIB0000789,44587.0,credit,2026-07-31 09:30:00,D00273
NB00010988,AC02031242,E00425,ICIC0005678,43608.0,credit,2026-09-01 09:21:00,D00273
NB00011003,AC02041313,P00018,UTIB0000789,662.6,debit,2026-08-29 09:54:12,D00274
NB00011019,AC02041313,E00409,SBIN0004321,31655.0,credit,2026-07-01 09:16:00,D00274
NB00011020,AC02041313,E00409,ICIC0005678,32443.0,credit,2026-07-31 09:11:00,D00274
NB00011021,AC02041313,E00409,UTIB0000789,31146.0,credit,2026-09-01 09:11:00,D00274
NB00011027,AC02055979,P00023,ICIC0005678,4525.03,debit,2026-07-20 10:39:42,D00276
NB00011032,AC02055979,P00079,SBIN0004321,1585.36,debit,2026-09-11 12:47:05,D00277
NB00011035,AC02055979,P00090,ICIC0005678,534.57,debit,2026-07-09 07:01:37,D00277
NB00011041,AC02055979,P00385,HDFC0001234,1285.39,debit,2026-08-10 18:43:43,D00276
NB00011060,AC02055979,P00198,SBIN0004321,596.69,debit,2026-08-26 16:08:40,D00276
NB00011062,AC02055979,P00289,ICIC0005678,181.57,debit,2026-08-05 14:42:38,D00277
NB00011075,AC02055979,P00090,UTIB0000789,79.8,debit,2026-08-22 06:29:34,D00277
NB00011081,AC02055979,P00070,ICIC0005678,234.15,debit,2026-08-09 12:55:24,D00276
NB00011092,AC02055979,P00289,UTIB0000789,735.77,debit,2026-09-07 10:17:11,D00276
NB00011093,AC02055979,P00079,UTIB0000789,809.51,debit,2026-09-07 23:28:18,D00276
NB00011098,AC02055979,E00419,UTIB0000789,11927.0,credit,2026-07-01 09:20:00,D00277
NB00011099,AC02055979,E00419,ICIC0005678,12203.0,credit,2026-08-01 09:41:00,D00276
NB00011100,AC02055979,E00419,HDFC0001234,11962.0,credit,2026-09-01 09:18:00,D00276
NB00011112,AC02065596,P00011,SBIN0004321,1453.33,debit,2026-08-23 15:39:11,D00278
NB00011113,AC02065596,P00042,ICIC0005678,2342.21,debit,2026-08-04 07:11:45,D00278
NB00011123,AC02065596,P00312,SBIN0004321,565.09,debit,2026-08-16 21:25:00,D00278
NB00011124,AC02065596,P00397,SBIN0004321,4355.96,debit,2026-08-08 20:56:27,D00278
NB00011130,AC02065596,P00255,HDFC0001234,3145.94,debit,2026-08-28 09:28:44,D00278
NB00011140,AC02065596,P00038,SBIN0004321,845.05,debit,2026-08-17 18:30:42,D00278
NB00011143,AC02065596,E00423,SBIN0004321,28975.0,credit,2026-07-02 09:42:00,D00278
NB00011144,AC02065596,E00423,ICIC0005678,28984.0,credit,2026-08-01 09:05:00,D00278
NB00011145,AC02065596,E00423,HDFC0001234,29151.0,credit,2026-08-30 09:36:00,D00278
NB00011168,AC02079879,P00276,ICIC0005678,328.53,debit,2026-07-06 18:39:56,D00279
NB00011176,AC02079879,P00176,HDFC0001234,1007.89,debit,2026-07-01 09:35:48,D00279
NB00011197,AC02079879,E00402,UTIB0000789,24535.0,credit,2026-07-02 09:55:00,D00279
NB00011198,AC02079879,E00402,SBIN0004321,20910.0,credit,2026-07-31 09:13:00,D00279
NB00011199,AC02079879,E00402,ICIC0005678,17902.0,credit,2026-08-31 09:10:00,D00279
NB00011218,AC02085568,P00188,UTIB0000789,2209.51,debit,2026-08-11 23:52:16,D00280
NB00011221,AC02085568,P00067,HDFC0001234,1805.51,debit,2026-07-22 12:09:12,D00281
NB00011223,AC02085568,P00186,HDFC0001234,2901.04,debit,2026-08-06 20:05:07,D00281
NB00011226,AC02085568,P00238,UTIB0000789,1065.21,debit,2026-07-06 17:28:43,D00280
NB00011252,AC02085568,E00441,HDFC0001234,83928.0,credit,2026-07-02 09:29:00,D00280
NB00011253,AC02085568,E00441,HDFC0001234,84576.0,credit,2026-08-01 09:55:00,D00281
NB00011254,AC02085568,E00441,ICIC0005678,82212.0,credit,2026-08-30 09:43:00,D00281
NB00011266,AC02099816,P00297,ICIC0005678,1339.11,debit,2026-09-01 08:31:20,D00282
NB00011277,AC02099816,P00164,UTIB0000789,2474.49,debit,2026-07-16 23:29:06,D00282
NB00011285,AC02099816,P00149,SBIN0004321,1066.86,debit,2026-09-05 19:54:09,D00282
NB00011300,AC02099816,P00152,SBIN0004321,371.2,debit,2026-08-17 14:44:03,D00282
NB00011303,AC02099816,P00006,HDFC0001234,708.3,debit,2026-08-19 19:40:42,D00282
NB00011310,AC02099816,E00426,SBIN0004321,16622.0,credit,2026-07-01 09:06:00,D00282
NB00011311,AC02099816,E00426,UTIB0000789,16254.0,credit,2026-07-31 09:30:00,D00282
NB00011312,AC02099816,E00426,UTIB0000789,15532.0,credit,2026-08-30 09:21:00,D00282
NB00011315,AC02108263,P00284,HDFC0001234,3878.64,debit,2026-07-20 18:51:00,D00283
NB00011330,AC02108263,P00231,ICIC0005678,621.68,debit,2026-08-16 19:22:00,D00283
NB00011333,AC02108263,P00231,HDFC0001234,398.98,debit,2026-08-05 16:29:28,D00283
NB00011336,AC02108263,P00169,UTIB0000789,2883.79,debit,2026-09-09 17:00:43,D00283
NB00011341,AC02108263,P00346,UTIB0000789,1485.55,debit,2026-07-16 18:14:13,D00283
NB00011343,AC02108263,P00131,SBIN0004321,1389.81,debit,2026-07-24 07:26:20,D00283
NB00011348,AC02108263,P00024,SBIN0004321,576.31,debit,2026-08-09 16:14:55,D00283
NB00011368,AC02108263,E00405,HDFC0001234,18961.0,credit,2026-07-01 09:05:00,D00283
NB00011369,AC02108263,E00405,UTIB0000789,18501.0,credit,2026-07-31 09:30:00,D00283
NB00011370,AC02108263,E00405,SBIN0004321,18390.0,credit,2026-08-30 09:52:00,D00283
NB00011379,AC02114035,P00283,ICIC0005678,7959.14,debit,2026-08-24 12:40:43,D00285
NB00011380,AC02114035,P00321,SBIN0004321,551.94,debit,2026-08-09 12:59:12,D00284
NB00011382,AC02114035,P00099,HDFC0001234,1967.11,debit,2026-08-12 08:12:48,D00285
NB00011408,AC02114035,P00143,UTIB0000789,2001.63,debit,2026-07-15 06:14:14,D00285
NB00011409,AC02114035,P00275,HDFC0001234,2028.3,debit,2026-09-01 20:54:12,D00284
NB00011411,AC02114035,P00165,ICIC0005678,2432.44,debit,2026-07-10 11:48:44,D00284
NB00011413,AC02114035,P00398,SBIN0004321,5483.63,debit,2026-07-10 16:30:23,D00284
NB00011423,AC02114035,P00143,SBIN0004321,3118.6,debit,2026-07-28 21:39:40,D00285
NB00011429,AC02114035,P00259,ICIC0005678,6395.0,debit,2026-08-13 15:46:22,D00284
NB00011435,AC02114035,P00081,SBIN0004321,1111.73,debit,2026-08-15 01:00:09,D00285
NB00011445,AC02114035,E00429,SBIN0004321,66636.0,credit,2026-07-02 09:30:00,D00284
NB00011446,AC02114035,E00429,HDFC0001234,65318.0,credit,2026-07-31 09:28:00,D00285
NB00011447,AC02114035,E00429,SBIN0004321,52459.0,credit,2026-08-30 09:56:00,D00284
NB00011461,AC02129334,P00169,ICIC0005678,1889.27,debit,2026-08-13 08:29:55,D00286
NB00011463,AC02129334,P00343,SBIN0004321,3490.69,debit,2026-08-04 21:12:41,D00286
NB00011470,AC02129334,P00325,HDFC0001234,20798.37,debit,2026-07-14 13:28:15,D00286
NB00011471,AC02129334,P00226,SBIN0004321,4541.82,debit,2026-07-06 02:26:30,D00286
NB00011475,AC02129334,P00310,HDFC0001234,1041.32,debit,2026-08-02 16:00:13,D00286
NB00011478,AC02129334,P00140,HDFC0001234,1404.41,debit,2026-07-13 13:00:16,D00286
NB00011498,AC02129334,P00096,UTIB0000789,3458.65,debit,2026-08-02 11:47:43,D00286
NB00011508,AC02129334,E00402,HDFC0001234,74279.0,credit,2026-07-03 09:18:00,D00286
NB00011509,AC02129334,E00402,UTIB0000789,74572.0,credit,2026-07-31 09:23:00,D00286
NB00011510,AC02129334,E00402,SBIN0004321,74321.0,credit,2026-09-01 09:27:00,D00286
NB00011519,AC02135343,P00213,SBIN0004321,1398.6,debit,2026-08-15 16:15:47,D00287
NB00011532,AC02135343,P00259,ICIC0005678,4330.19,debit,2026-09-01 19:06:46,D00287
NB00011541,AC02135343,P00351,ICIC0005678,176.57,debit,2026-07-23 14:30:49,D00287
NB00011542,AC02135343,P00259,HDFC0001234,2765.01,debit,2026-07-01 12:58:49,D00287
NB00011545,AC02135343,P00132,UTIB0000789,1801.32,debit,2026-07-25 11:06:24,D00287
NB00011555,AC02135343,P00381,UTIB0000789,508.24,debit,2026-09-09 15:28:22,D00287
NB00011579,AC02135343,E00426,UTIB0000789,26535.0,credit,2026-07-01 09:45:00,D00287
NB00011580,AC02135343,E00426,SBIN0004321,26307.0,credit,2026-08-02 09:14:00,D00287
NB00011581,AC02135343,E00426,SBIN0004321,26354.0,credit,2026-09-01 09:44:00,D00287
NB00011600,AC02146353,P00201,UTIB0000789,1726.0,debit,2026-07-18 18:24:32,D00288
NB00011616,AC02146353,P00333,HDFC0001234,602.4,debit,2026-08-01 12:30:09,D00288
NB00011632,AC02146353,P00215,UTIB0000789,988.34,debit,2026-07-15 11:29:54,D00288
NB00011653,AC02146353,P00215,ICIC0005678,1855.77,debit,2026-07-31 12:17:23,D00288
NB00011655,AC02146353,E00414,HDFC0001234,27954.0,credit,2026-07-03 09:13:00,D00288
NB00011656,AC02146353,E00414,UTIB0000789,27661.0,credit,2026-07-31 09:13:00,D00288
NB00011657,AC02146353,E00414,ICIC0005678,27276.0,credit,2026-08-31 09:52:00,D00288
NB00011672,AC02151904,P00214,ICIC0005678,4790.74,debit,2026-07-14 09:28:29,D00289
NB00011675,AC02151904,P00043,HDFC0001234,5900.41,debit,2026-09-04 16:48:17,D00289
NB00011711,AC02151904,E00429,SBIN0004321,53100.0,credit,2026-07-02 09:20:00,D00289
NB00011712,AC02151904,E00429,SBIN0004321,52419.0,credit,2026-07-31 09:16:00,D00289
NB00011713,AC02151904,E00429,ICIC0005678,52951.0,credit,2026-08-31 09:40:00,D00289
NB00011716,AC02162913,P00082,HDFC0001234,574.03,debit,2026-08-27 01:19:59,D00290
NB00011750,AC02162913,P00200,HDFC0001234,390.59,debit,2026-08-10 20:20:08,D00290
NB00011754,AC02162913,E00432,UTIB0000789,11917.0,credit,2026-07-01 09:39:00,D00290
NB00011755,AC02162913,E00432,ICIC0005678,9627.0,credit,2026-08-02 09:21:00,D00290
NB00011756,AC02162913,E00432,HDFC0001234,7811.0,credit,2026-08-30 09:38:00,D00290
NB00011776,AC02175699,P00228,SBIN0004321,1145.53,debit,2026-07-24 18:45:36,D00291
NB00011800,AC02175699,E00440,UTIB0000789,15143.0,credit,2026-07-01 09:40:00,D00291
NB00011801,AC02175699,E00440,HDFC0001234,14977.0,credit,2026-08-02 09:32:00,D00291
NB00011802,AC02175699,E00440,SBIN0004321,14906.0,credit,2026-09-01 09:42:00,D00291
NB00011810,AC02183440,P00122,HDFC0001234,1594.28,debit,2026-08-06 07:15:45,D00292
NB00011823,AC02183440,P00298,HDFC0001234,592.68,debit,2026-08-19 16:32:10,D00292
NB00011841,AC02183440,P00122,ICIC0005678,717.48,debit,2026-08-18 19:33:33,D00292
NB00011844,AC02183440,P00044,UTIB0000789,1907.98,debit,2026-08-04 14:25:14,D00292
NB00011847,AC02183440,P00246,HDFC0001234,2890.78,debit,2026-08-23 19:39:41,D00292
NB00011850,AC02183440,E00420,HDFC0001234,31765.0,credit,2026-07-01 09:25:00,D00292
NB00011851,AC02183440,E00420,UTIB0000789,32994.0,credit,2026-07-31 09:22:00,D00292
NB00011852,AC02183440,E00420,SBIN0004321,32465.0,credit,2026-08-31 09:58:00,D00292
NB00011856,AC02196396,P00262,ICIC0005678,3140.87,debit,2026-08-08 20:45:09,D00293
NB00011863,AC02196396,P00101,UTIB0000789,13248.55,debit,2026-08-06 14:59:48,D00293
NB00011867,AC02196396,P00056,HDFC0001234,3220.78,debit,2026-07-10 12:05:47,D00293
NB00011877,AC02196396,E00425,SBIN0004321,81604.0,credit,2026-07-01 09:31:00,D00293
NB00011878,AC02196396,E00425,SBIN0004321,83552.0,credit,2026-08-01 09:51:00,D00293
NB00011879,AC02196396,E00425,UTIB0000789,81226.0,credit,2026-08-30 09:22:00,D00293
NB00011882,AC02201719,P00203,SBIN0004321,1462.79,debit,2026-09-12 16:47:30,D00294
NB00011883,AC02201719,P00364,SBIN0004321,882.08,debit,2026-08-19 10:46:08,D00294
NB00011886,AC02201719,P00203,ICIC0005678,2250.33,debit,2026-09-12 14:49:24,D00294
NB00011887,AC02201719,P00026,UTIB0000789,2337.49,debit,2026-08-31 09:51:20,D00294
NB00011889,AC02201719,P00044,SBIN0004321,1822.76,debit,2026-07-01 17:39:34,D00294
NB00011890,AC02201719,P00316,SBIN0004321,1923.9,debit,2026-09-13 21:19:45,D00294
NB00011903,AC02201719,E00426,HDFC0001234,30171.0,credit,2026-07-03 09:21:00,D00294
NB00011904,AC02201719,E00426,SBIN0004321,30685.0,credit,2026-08-01 09:03:00,D00294
NB00011905,AC02201719,E00426,SBIN0004321,31000.0,credit,2026-09-01 09:55:00,D00294
NB00011964,AC02213259,E00402,ICIC0005678,39758.0,credit,2026-07-03 09:55:00,D00295
NB00011965,AC02213259,E00402,HDFC0001234,40880.0,credit,2026-08-01 09:46:00,D00295
NB00011966,AC02213259,E00402,HDFC0001234,39233.0,credit,2026-08-30 09:15:00,D00295
NB00011972,AC02226985,P00081,UTIB0000789,3034.79,debit,2026-09-04 21:49:33,D00297
NB00011982,AC02226985,P00285,ICIC0005678,3317.0,debit,2026-08-03 10:58:16,D00297
NB00011984,AC02226985,P00396,ICIC0005678,2295.97,debit,2026-07-27 19:24:48,D00297
NB00012009,AC02226985,P00285,UTIB0000789,8682.97,debit,2026-07-21 15:08:56,D00296
NB00012029,AC02226985,E00413,ICIC0005678,65539.0,credit,2026-07-03 09:58:00,D00296
NB00012030,AC02226985,E00413,ICIC0005678,65453.0,credit,2026-08-02 09:29:00,D00296
NB00012031,AC02226985,E00413,HDFC0001234,65340.0,credit,2026-08-31 09:45:00,D00296
NB00012033,AC02236508,P00285,HDFC0001234,6232.05,debit,2026-07-08 17:47:10,D00298
NB00012042,AC02236508,P00018,UTIB0000789,1502.6,debit,2026-08-06 01:41:25,D00298
NB00012044,AC02236508,P00322,SBIN0004321,3854.29,debit,2026-08-22 18:24:44,D00298
NB00012091,AC02236508,P00178,ICIC0005678,12447.53,debit,2026-08-01 09:50:57,D00298
NB00012094,AC02236508,E00431,HDFC0001234,109550.0,credit,2026-07-03 09:16:00,D00298
NB00012095,AC02236508,E00431,UTIB0000789,107401.0,credit,2026-08-01 09:23:00,D00298
NB00012096,AC02236508,E00431,SBIN0004321,106694.0,credit,2026-08-31 09:35:00,D00298
NB00012097,AC02249851,P00085,UTIB0000789,7839.7,debit,2026-08-30 09:05:07,D00299
NB00012098,AC02249851,P00393,ICIC0005678,1114.84,debit,2026-07-05 16:51:31,D00300
NB00012119,AC02249851,P00371,UTIB0000789,1566.39,debit,2026-08-23 18:29:27,D00299
NB00012123,AC02249851,P00052,UTIB0000789,6356.53,debit,2026-08-22 13:34:33,D00300
NB00012130,AC02249851,P00001,HDFC0001234,1022.68,debit,2026-07-21 19:19:56,D00299
NB00012142,AC02249851,P00189,UTIB0000789,1278.86,debit,2026-08-20 12:25:09,D00299
NB00012157,AC02249851,E00432,UTIB0000789,28662.0,credit,2026-07-03 09:18:00,D00299
NB00012158,AC02249851,E00432,ICIC0005678,28852.0,credit,2026-07-31 09:17:00,D00300
NB00012159,AC02249851,E00432,ICIC0005678,28949.0,credit,2026-09-01 09:16:00,D00300
NB00012163,AC02259096,P00392,UTIB0000789,909.54,debit,2026-07-22 18:09:51,D00301
NB00012177,AC02259096,P00248,UTIB0000789,4829.08,debit,2026-08-17 20:10:01,D00301
NB00012181,AC02259096,P00248,UTIB0000789,4255.08,debit,2026-07-02 11:28:35,D00302
NB00012188,AC02259096,P00248,SBIN0004321,2862.97,debit,2026-07-20 09:43:37,D00301
NB00012195,AC02259096,P00392,UTIB0000789,1820.43,debit,2026-07-08 14:50:42,D00302
NB00012226,AC02259096,P00087,UTIB0000789,384.43,debit,2026-08-14 12:56:26,D00302
NB00012239,AC02259096,P00211,SBIN0004321,2366.78,debit,2026-08-06 21:15:12,D00301
NB00012250,AC02259096,P00187,ICIC0005678,6720.83,debit,2026-08-08 20:07:23,D00301
NB00012256,AC02259096,E00428,ICIC0005678,38195.0,credit,2026-07-03 09:58:00,D00302
NB00012257,AC02259096,E00428,HDFC0001234,37181.0,credit,2026-08-01 09:56:00,D00301
NB00012258,AC02259096,E00428,HDFC0001234,37856.0,credit,2026-08-31 09:03:00,D00301
NB00012308,AC02268294,P00251,UTIB0000789,2979.34,debit,2026-08-16 13:46:30,D00303
NB00012320,AC02268294,P00197,UTIB0000789,3119.72,debit,2026-08-14 16:20:27,D00303
NB00012322,AC02268294,E00419,SBIN0004321,95204.0,credit,2026-07-03 09:27:00,D00303
NB00012323,AC02268294,E00419,UTIB0000789,93827.0,credit,2026-07-31 09:03:00,D00303
NB00012324,AC02268294,E00419,HDFC0001234,94734.0,credit,2026-09-01 09:15:00,D00303
NB00012327,AC02271008,P00316,UTIB0000789,1447.47,debit,2026-07-03 21:40:22,D00305
NB00012348,AC02271008,P00187,SBIN0004321,819.96,debit,2026-08-24 16:10:13,D00305
NB00012360,AC02271008,P00187,ICIC0005678,1320.47,debit,2026-09-07 13:41:09,D00304
NB00012361,AC02271008,E00412,UTIB0000789,17466.0,credit,2026-07-01 09:15:00,D00304
NB00012362,AC02271008,E00412,UTIB0000789,17632.0,credit,2026-08-02 09:02:00,D00305
NB00012363,AC02271008,E00412,HDFC0001234,17899.0,credit,2026-08-31 09:45:00,D00305
NB00012371,AC02286421,P00359,ICIC0005678,628.74,debit,2026-08-08 20:45:43,D00306
NB00012372,AC02286421,P00122,UTIB0000789,2980.65,debit,2026-09-04 13:16:05,D00306
NB00012374,AC02286421,P00320,SBIN0004321,5578.93,debit,2026-08-04 10:18:39,D00306
NB00012377,AC02286421,P00207,SBIN0004321,1532.23,debit,2026-08-08 12:33:19,D00307
NB00012404,AC02286421,P00042,SBIN0004321,8408.32,debit,2026-08-01 19:49:25,D00306
NB00012413,AC02286421,P00207,HDFC0001234,7556.33,debit,2026-07-25 20:08:02,D00306
NB00012416,AC02286421,P00172,SBIN0004321,2432.98,debit,2026-07-05 09:32:50,D00306
NB00012421,AC02286421,P00220,UTIB0000789,6665.63,debit,2026-07-08 08:14:10,D00306
NB00012435,AC02286421,P00320,ICIC0005678,4844.52,debit,2026-07-20 13:40:30,D00306
NB00012441,AC02286421,P00253,ICIC0005678,2732.04,debit,2026-08-03 12:35:41,D00307
NB00012455,AC02286421,E00426,ICIC0005678,64597.0,credit,2026-07-02 09:29:00,D00306
NB00012456,AC02286421,E00426,SBIN0004321,64129.0,credit,2026-07-31 09:54:00,D00306
NB00012457,AC02286421,E00426,ICIC0005678,50814.0,credit,2026-09-01 09:07:00,D00306
NB00012481,AC02293060,P00384,SBIN0004321,5757.41,debit,2026-08-22 06:46:04,D00308
NB00012492,AC02293060,P00380,SBIN0004321,967.47,debit,2026-07-31 20:00:21,D00308
NB00012499,AC02293060,E00428,UTIB0000789,22774.0,credit,2026-07-01 09:22:00,D00308
NB00012500,AC02293060,E00428,UTIB0000789,22305.0,credit,2026-08-02 09:45:00,D00308
NB00012501,AC02293060,E00428,ICIC0005678,22514.0,credit,2026-08-30 09:53:00,D00308
NB00012508,AC02303401,P00015,ICIC0005678,4261.21,debit,2026-08-03 10:36:54,D00310
NB00012525,AC02303401,P00046,SBIN0004321,1789.05,debit,2026-09-12 13:48:35,D00310
NB00012527,AC02303401,P00046,UTIB0000789,2296.1,debit,2026-07-23 17:55:03,D00309
NB00012545,AC02303401,P00015,UTIB0000789,4168.19,debit,2026-09-02 12:45:29,D00309
NB00012562,AC02303401,E00439,SBIN0004321,39518.0,credit,2026-07-03 09:32:00,D00310
NB00012563,AC02303401,E00439,ICIC0005678,40345.0,credit,2026-08-01 09:29:00,D00310
NB00012564,AC02303401,E00439,UTIB0000789,40567.0,credit,2026-09-01 09:20:00,D00309
NB00012571,AC02312889,P00377,UTIB0000789,5754.1,debit,2026-07-29 12:50:55,D00311
NB00012579,AC02312889,P00377,SBIN0004321,1214.76,debit,2026-08-30 09:21:10,D00311
NB00012619,AC02312889,P00344,SBIN0004321,1066.39,debit,2026-09-03 19:47:28,D00311
NB00012621,AC02312889,P00173,ICIC0005678,208.07,debit,2026-09-07 18:18:23,D00311
NB00012634,AC02312889,P00344,ICIC0005678,441.8,debit,2026-08-21 07:48:00,D00311
NB00012641,AC02312889,P00038,ICIC0005678,441.66,debit,2026-07-11 00:17:41,D00311
NB00012648,AC02312889,P00303,UTIB0000789,2327.15,debit,2026-07-09 08:40:12,D00311
NB00012650,AC02312889,E00419,HDFC0001234,34072.0,credit,2026-07-03 09:18:00,D00311
NB00012651,AC02312889,E00419,ICIC0005678,34298.0,credit,2026-08-02 09:39:00,D00311
NB00012652,AC02312889,E00419,HDFC0001234,33737.0,credit,2026-08-30 09:49:00,D00311
NB00012671,AC02325102,P00125,HDFC0001234,487.45,debit,2026-07-11 10:44:12,D00312
NB00012672,AC02325102,P00008,ICIC0005678,1577.65,debit,2026-09-08 20:10:06,D00312
NB00012689,AC02325102,P00214,ICIC0005678,2049.42,debit,2026-09-11 18:52:34,D00312
NB00012691,AC02325102,P00254,ICIC0005678,4625.18,debit,2026-08-20 20:10:48,D00312
NB00012698,AC02325102,E00414,SBIN0004321,23154.0,credit,2026-07-01 09:31:00,D00312
NB00012699,AC02325102,E00414,ICIC0005678,23482.0,credit,2026-08-02 09:13:00,D00312
NB00012700,AC02325102,E00414,SBIN0004321,23244.0,credit,2026-08-31 09:33:00,D00312
NB00012706,AC02332114,P00262,ICIC0005678,283.77,debit,2026-07-27 16:46:21,D00313
NB00012720,AC02332114,P00152,ICIC0005678,1050.19,debit,2026-07-23 15:22:48,D00313
NB00012721,AC02332114,P00043,ICIC0005678,2548.1,debit,2026-07-09 11:19:58,D00313
NB00012739,AC02332114,P00005,HDFC0001234,379.03,debit,2026-07-14 09:32:48,D00313
NB00012741,AC02332114,P00049,UTIB0000789,187.66,debit,2026-09-09 21:06:50,D00313
NB00012755,AC02332114,P00229,ICIC0005678,358.32,debit,2026-07-22 11:55:53,D00313
NB00012758,AC02332114,P00262,HDFC0001234,696.72,debit,2026-08-30 06:21:55,D00313
NB00012760,AC02332114,P00112,ICIC0005678,1229.82,debit,2026-07-18 17:11:13,D00313
NB00012770,AC02332114,P00043,SBIN0004321,8354.74,debit,2026-07-09 12:38:46,D00313
NB00012776,AC02332114,P00334,UTIB0000789,283.94,debit,2026-08-27 15:39:02,D00313
NB00012779,AC02332114,E00419,ICIC0005678,23429.0,credit,2026-07-01 09:37:00,D00313
NB00012780,AC02332114,E00419,HDFC0001234,23075.0,credit,2026-07-31 09:59:00,D00313
NB00012781,AC02332114,E00419,SBIN0004321,23166.0,credit,2026-09-01 09:01:00,D00313
NB00012791,AC02345785,P00353,ICIC0005678,8319.31,debit,2026-08-12 16:43:31,D00314
NB00012824,AC02345785,P00063,ICIC0005678,528.53,debit,2026-07-15 09:25:05,D00314
NB00012828,AC02345785,P00353,HDFC0001234,4531.42,debit,2026-07-25 08:44:13,D00314
NB00012838,AC02345785,E00418,HDFC0001234,43115.0,credit,2026-07-01 09:10:00,D00314
NB00012839,AC02345785,E00418,UTIB0000789,44230.0,credit,2026-08-02 09:33:00,D00314
NB00012840,AC02345785,E00418,UTIB0000789,33682.0,credit,2026-08-30 09:22:00,D00314
NB00012852,AC02352494,P00141,ICIC0005678,3616.58,debit,2026-09-03 17:16:41,D00315
NB00012853,AC02352494,P00141,HDFC0001234,3633.65,debit,2026-08-09 09:36:26,D00315
NB00012873,AC02352494,P00308,SBIN0004321,629.34,debit,2026-07-07 18:33:49,D00315
NB00012883,AC02352494,P00141,SBIN0004321,7302.76,debit,2026-07-31 19:56:49,D00315
NB00012911,AC02352494,P00245,ICIC0005678,2625.78,debit,2026-09-12 10:02:19,D00315
NB00012916,AC02352494,E00407,HDFC0001234,62787.0,credit,2026-07-02 09:37:00,D00315
NB00012917,AC02352494,E00407,UTIB0000789,62415.0,credit,2026-08-02 09:32:00,D00315
NB00012918,AC02352494,E00407,UTIB0000789,63276.0,credit,2026-08-30 09:25:00,D00315
NB00012939,AC02365503,P00061,HDFC0001234,3061.87,debit,2026-08-31 16:46:43,D00316
NB00012949,AC02365503,P00066,HDFC0001234,8741.73,debit,2026-08-15 13:11:33,D00316
NB00012977,AC02365503,P00139,UTIB0000789,4755.44,debit,2026-08-05 10:40:46,D00316
NB00012980,AC02365503,P00139,SBIN0004321,9750.34,debit,2026-07-17 14:49:40,D00316
NB00012988,AC02365503,E00414,SBIN0004321,34866.0,credit,2026-07-03 09:02:00,D00316
NB00012989,AC02365503,E00414,HDFC0001234,34783.0,credit,2026-08-02 09:27:00,D00316
NB00012990,AC02365503,E00414,SBIN0004321,36001.0,credit,2026-08-31 09:23:00,D00316
NB00012997,AC02376632,P00376,SBIN0004321,2648.64,debit,2026-09-06 16:36:41,D00318
NB00012998,AC02376632,P00271,HDFC0001234,4588.22,debit,2026-09-03 09:11:20,D00317
NB00012999,AC02376632,P00108,HDFC0001234,9898.92,debit,2026-08-19 17:38:35,D00318
NB00013021,AC02376632,P00108,UTIB0000789,3183.4,debit,2026-08-24 12:19:42,D00318
NB00013026,AC02376632,P00108,ICIC0005678,6146.16,debit,2026-07-07 15:43:13,D00317
NB00013038,AC02376632,E00403,UTIB0000789,39169.0,credit,2026-07-02 09:37:00,D00317
NB00013039,AC02376632,E00403,HDFC0001234,39346.0,credit,2026-07-31 09:29:00,D00318
NB00013040,AC02376632,E00403,SBIN0004321,39010.0,credit,2026-08-30 09:52:00,D00317
NB00013042,AC02382616,P00271,SBIN0004321,1489.46,debit,2026-08-04 09:55:10,D00320
NB00013063,AC02382616,P00389,ICIC0005678,1667.26,debit,2026-09-09 11:42:27,D00319
NB00013064,AC02382616,P00046,HDFC0001234,5090.09,debit,2026-08-16 14:10:25,D00319
NB00013077,AC02382616,P00208,UTIB0000789,3889.85,debit,2026-08-23 17:33:01,D00320
NB00013079,AC02382616,P00168,ICIC0005678,917.2,debit,2026-09-12 11:43:47,D00320
NB00013081,AC02382616,P00214,SBIN0004321,5084.73,debit,2026-09-10 18:04:57,D00319
NB00013088,AC02382616,E00438,SBIN0004321,51293.0,credit,2026-07-01 09:57:00,D00319
NB00013089,AC02382616,E00438,ICIC0005678,50827.0,credit,2026-07-31 09:48:00,D00319
NB00013090,AC02382616,E00438,SBIN0004321,50783.0,credit,2026-09-01 09:03:00,D00319
NB00013106,AC02391924,P00388,ICIC0005678,1323.55,debit,2026-09-07 10:03:16,D00321
NB00013118,AC02391924,P00020,UTIB0000789,742.5,debit,2026-08-25 20:56:18,D00321
NB00013121,AC02391924,P00307,ICIC0005678,352.4,debit,2026-08-29 17:50:43,D00321
NB00013139,AC02391924,E00418,UTIB0000789,22989.0,credit,2026-07-03 09:53:00,D00321
NB00013140,AC02391924,E00418,ICIC0005678,23576.0,credit,2026-08-02 09:54:00,D00321
NB00013141,AC02391924,E00418,HDFC0001234,23052.0,credit,2026-08-31 09:33:00,D00321
NB00013146,AC02408255,P00297,ICIC0005678,4121.74,debit,2026-07-30 14:12:37,D00323
NB00013163,AC02408255,P00141,SBIN0004321,3578.95,debit,2026-09-08 12:56:20,D00322
NB00013176,AC02408255,P00004,UTIB0000789,1409.07,debit,2026-08-20 14:56:50,D00322
NB00013188,AC02408255,E00403,HDFC0001234,54457.0,credit,2026-07-03 09:49:00,D00322
NB00013189,AC02408255,E00403,ICIC0005678,53874.0,credit,2026-08-02 09:41:00,D00322
NB00013190,AC02408255,E00403,SBIN0004321,54871.0,credit,2026-08-30 09:56:00,D00322
NB00013192,AC02417646,P00281,HDFC0001234,7032.26,debit,2026-08-08 15:36:48,D00324
NB00013195,AC02417646,P00101,ICIC0005678,8954.42,debit,2026-09-08 18:05:06,D00324
NB00013200,AC02417646,P00216,UTIB0000789,2501.81,debit,2026-08-21 16:23:26,D00324
NB00013201,AC02417646,P00295,UTIB0000789,4117.54,debit,2026-08-29 18:45:10,D00324
NB00013205,AC02417646,P00295,ICIC0005678,4028.38,debit,2026-07-05 07:30:16,D00324
NB00013228,AC02417646,P00282,SBIN0004321,1498.74,debit,2026-07-17 15:19:35,D00324
NB00013231,AC02417646,P00242,ICIC0005678,30210.63,debit,2026-09-06 13:43:55,D00324
NB00013235,AC02417646,E00423,HDFC0001234,58113.0,credit,2026-07-02 09:11:00,D00324
NB00013236,AC02417646,E00423,ICIC0005678,57395.0,credit,2026-07-31 09:01:00,D00324
NB00013237,AC02417646,E00423,UTIB0000789,56821.0,credit,2026-09-01 09:43:00,D00324
NB00013240,AC02423352,P00271,SBIN0004321,12600.35,debit,2026-09-08 20:46:32,D00325
NB00013267,AC02423352,P00168,HDFC0001234,2070.3,debit,2026-09-04 16:41:13,D00325
NB00013271,AC02423352,E00411,ICIC0005678,139929.0,credit,2026-07-02 09:29:00,D00325
NB00013272,AC02423352,E00411,SBIN0004321,139917.0,credit,2026-07-31 09:25:00,D00325
NB00013273,AC02423352,E00411,UTIB0000789,139838.0,credit,2026-09-01 09:58:00,D00325
NB00013320,AC02438982,P00310,HDFC0001234,3679.54,debit,2026-07-07 20:50:23,D00326
NB00013321,AC02438982,E00414,HDFC0001234,31584.0,credit,2026-07-03 09:58:00,D00326
NB00013322,AC02438982,E00414,SBIN0004321,31009.0,credit,2026-07-31 09:50:00,D00326
NB00013323,AC02438982,E00414,UTIB0000789,31550.0,credit,2026-09-01 09:00:00,D00326
NB00013326,AC02442990,P00194,UTIB0000789,397.38,debit,2026-08-18 12:36:34,D00327
NB00013327,AC02442990,P00098,SBIN0004321,2308.02,debit,2026-08-29 10:08:11,D00327
NB00013330,AC02442990,P00098,ICIC0005678,1190.28,debit,2026-07-03 07:52:13,D00327
NB00013346,AC02442990,P00365,SBIN0004321,1655.5,debit,2026-09-11 16:15:13,D00327
NB00013363,AC02442990,P00163,SBIN0004321,2532.31,debit,2026-07-09 15:13:39,D00327
NB00013377,AC02442990,P00365,ICIC0005678,1417.48,debit,2026-07-12 20:34:44,D00327
NB00013379,AC02442990,P00271,UTIB0000789,3554.36,debit,2026-08-04 18:09:35,D00327
NB00013384,AC02442990,P00365,HDFC0001234,6777.97,debit,2026-07-25 15:02:32,D00327
NB00013397,AC02442990,E00433,UTIB0000789,29405.0,credit,2026-07-01 09:26:00,D00327
NB00013398,AC02442990,E00433,ICIC0005678,30461.0,credit,2026-08-02 09:05:00,D00327
NB00013399,AC02442990,E00433,ICIC0005678,29700.0,credit,2026-08-30 09:42:00,D00327
NB00013411,AC02459338,P00115,ICIC0005678,6467.08,debit,2026-08-12 12:51:48,D00328
NB00013416,AC02459338,P00204,SBIN0004321,2286.67,debit,2026-07-22 12:41:58,D00328
NB00013421,AC02459338,P00312,HDFC0001234,587.96,debit,2026-07-19 13:57:01,D00328
NB00013429,AC02459338,P00349,HDFC0001234,1650.03,debit,2026-09-12 16:26:26,D00328
NB00013431,AC02459338,P00095,UTIB0000789,649.8,debit,2026-07-03 09:52:49,D00328
NB00013440,AC02459338,P00089,SBIN0004321,5112.32,debit,2026-07-01 17:22:50,D00328
NB00013441,AC02459338,P00204,ICIC0005678,1410.92,debit,2026-08-22 18:37:30,D00328
NB00013450,AC02459338,E00431,UTIB0000789,56786.0,credit,2026-07-02 09:52:00,D00328
NB00013451,AC02459338,E00431,ICIC0005678,53753.0,credit,2026-08-01 09:08:00,D00328
NB00013452,AC02459338,E00431,HDFC0001234,57201.0,credit,2026-08-31 09:25:00,D00328
NB00013496,AC02462019,P00386,HDFC0001234,1166.0,debit,2026-08-29 14:14:04,D00329
NB00013497,AC02462019,E00421,ICIC0005678,55794.0,credit,2026-07-03 09:34:00,D00330
NB00013498,AC02462019,E00421,SBIN0004321,56170.0,credit,2026-08-01 09:54:00,D00329
NB00013499,AC02462019,E00421,ICIC0005678,57457.0,credit,2026-08-30 09:37:00,D00330
NB00013519,AC02476940,P00025,UTIB0000789,3423.59,debit,2026-07-06 20:41:48,D00331
NB00013530,AC02476940,P00024,HDFC0001234,296.71,debit,2026-07-04 19:09:23,D00331
NB00013532,AC02476940,P00025,SBIN0004321,3983.86,debit,2026-09-07 16:49:47,D00331
NB00013535,AC02476940,P00139,SBIN0004321,1728.46,debit,2026-07-17 17:47:25,D00331
NB00013540,AC02476940,P00025,SBIN0004321,2292.31,debit,2026-09-05 15:20:09,D00331
NB00013545,AC02476940,P00172,HDFC0001234,3676.38,debit,2026-08-25 21:11:40,D00331
NB00013550,AC02476940,P00297,HDFC0001234,925.35,debit,2026-07-02 13:42:27,D00331
NB00013558,AC02476940,P00143,ICIC0005678,333.64,debit,2026-08-02 10:45:37,D00331
NB00013563,AC02476940,P00326,SBIN0004321,313.38,debit,2026-08-24 08:00:30,D00331
NB00013586,AC02476940,P00297,UTIB0000789,1828.96,debit,2026-07-01 11:51:57,D00331
NB00013589,AC02476940,E00434,SBIN0004321,29370.0,credit,2026-07-01 09:52:00,D00331
NB00013590,AC02476940,E00434,ICIC0005678,28976.0,credit,2026-08-02 09:39:00,D00331
NB00013591,AC02476940,E00434,UTIB0000789,29490.0,credit,2026-08-30 09:37:00,D00331
NB00013614,AC02481172,P00158,SBIN0004321,5050.7,debit,2026-07-22 10:25:16,D00332
NB00013619,AC02481172,E00421,HDFC0001234,30728.0,credit,2026-07-02 09:02:00,D00332
NB00013620,AC02481172,E00421,ICIC0005678,30914.0,credit,2026-08-02 09:58:00,D00332
NB00013621,AC02481172,E00421,SBIN0004321,30959.0,credit,2026-09-01 09:45:00,D00332
NB00013650,AC02492776,P00280,HDFC0001234,7844.89,debit,2026-09-08 11:13:41,D00333
NB00013667,AC02492776,P00381,SBIN0004321,3906.24,debit,2026-08-20 21:00:09,D00333
NB00013679,AC02492776,P00138,SBIN0004321,3179.8,debit,2026-08-28 10:31:43,D00333
NB00013699,AC02492776,P00032,HDFC0001234,1487.7,debit,2026-08-14 13:01:53,D00333
NB00013706,AC02492776,P00224,SBIN0004321,1786.31,debit,2026-08-02 10:42:51,D00333
NB00013716,AC02492776,P00054,ICIC0005678,1855.5,debit,2026-08-09 01:16:59,D00333
NB00013727,AC02492776,E00434,ICIC0005678,49398.0,credit,2026-07-01 09:21:00,D00333
NB00013728,AC02492776,E00434,UTIB0000789,48355.0,credit,2026-08-01 09:36:00,D00333
NB00013729,AC02492776,E00434,SBIN0004321,49782.0,credit,2026-08-31 09:02:00,D00333
NB00013740,AC02504641,P00347,HDFC0001234,1813.57,debit,2026-07-24 10:17:34,D00335
NB00013748,AC02504641,P00077,UTIB0000789,473.76,debit,2026-09-03 10:13:41,D00334
NB00013760,AC02504641,P00185,UTIB0000789,793.13,debit,2026-09-11 10:16:41,D00334
NB00013775,AC02504641,P00281,UTIB0000789,9231.59,debit,2026-08-27 11:14:33,D00334
NB00013776,AC02504641,E00428,SBIN0004321,25057.0,credit,2026-07-02 09:42:00,D00334
NB00013777,AC02504641,E00428,UTIB0000789,25506.0,credit,2026-08-02 09:33:00,D00334
NB00013778,AC02504641,E00428,UTIB0000789,24616.0,credit,2026-08-31 09:25:00,D00335
NB00013790,AC02511767,P00293,ICIC0005678,2604.86,debit,2026-09-02 16:18:39,D00336
NB00013792,AC02511767,P00308,UTIB0000789,703.34,debit,2026-08-15 10:54:30,D00336
NB00013795,AC02511767,P00391,UTIB0000789,6527.65,debit,2026-07-26 21:24:11,D00336
NB00013808,AC02511767,P00261,SBIN0004321,4271.56,debit,2026-07-10 14:50:23,D00336
NB00013830,AC02511767,E00423,ICIC0005678,30604.0,credit,2026-07-03 09:58:00,D00336
NB00013831,AC02511767,E00423,HDFC0001234,31458.0,credit,2026-08-02 09:51:00,D00336
NB00013832,AC02511767,E00423,HDFC0001234,31036.0,credit,2026-08-30 09:23:00,D00336
NB00013839,AC02525112,P00332,SBIN0004321,3026.12,debit,2026-08-22 22:35:38,D00337
NB00013858,AC02525112,P00196,HDFC0001234,394.2,debit,2026-07-24 23:25:07,D00337
NB00013859,AC02525112,P00224,ICIC0005678,1384.03,debit,2026-09-07 11:23:06,D00337
NB00013864,AC02525112,P00104,ICIC0005678,1618.43,debit,2026-07-03 11:10:32,D00337
NB00013881,AC02525112,E00407,ICIC0005678,40027.0,credit,2026-07-03 09:52:00,D00337
NB00013882,AC02525112,E00407,SBIN0004321,39970.0,credit,2026-07-31 09:44:00,D00337
NB00013883,AC02525112,E00407,SBIN0004321,39973.0,credit,2026-08-30 09:41:00,D00337
NB00013886,AC02533087,P00323,ICIC0005678,9231.77,debit,2026-09-01 22:35:38,D00338
NB00013920,AC02533087,P00323,SBIN0004321,3797.48,debit,2026-09-08 06:32:00,D00338
NB00013927,AC02533087,P00145,UTIB0000789,3066.89,debit,2026-08-21 09:10:46,D00338
NB00013930,AC02533087,P00271,HDFC0001234,1376.75,debit,2026-09-05 08:44:34,D00338
NB00013932,AC02533087,P00212,UTIB0000789,2823.04,debit,2026-07-09 07:13:56,D00338
NB00013933,AC02533087,E00441,HDFC0001234,64207.0,credit,2026-07-01 09:36:00,D00338
NB00013934,AC02533087,E00441,HDFC0001234,62586.0,credit,2026-08-02 09:54:00,D00338
NB00013935,AC02533087,E00441,UTIB0000789,61552.0,credit,2026-08-30 09:34:00,D00338
NB00013942,AC02541890,P00097,ICIC0005678,426.78,debit,2026-08-11 12:19:35,D00340
NB00013953,AC02541890,P00296,UTIB0000789,243.37,debit,2026-07-05 19:49:03,D00340
NB00013968,AC02541890,P00354,SBIN0004321,356.07,debit,2026-07-31 21:32:37,D00339
NB00013983,AC02541890,E00426,ICIC0005678,28369.0,credit,2026-07-02 09:03:00,D00339
NB00013984,AC02541890,E00426,UTIB0000789,27861.0,credit,2026-07-31 09:36:00,D00339
NB00013985,AC02541890,E00426,UTIB0000789,28054.0,credit,2026-08-30 09:13:00,D00339
NB00013989,AC02559656,P00165,ICIC0005678,99.09,debit,2026-07-31 17:01:54,D00341
NB00013994,AC02559656,P00009,ICIC0005678,493.64,debit,2026-09-09 12:38:42,D00341
NB00013996,AC02559656,P00027,SBIN0004321,728.65,debit,2026-07-31 16:29:41,D00341
NB00014010,AC02559656,P00253,SBIN0004321,345.93,debit,2026-08-04 21:29:02,D00341
NB00014022,AC02559656,P00027,SBIN0004321,526.34,debit,2026-07-21 13:20:28,D00341
NB00014023,AC02559656,P00009,SBIN0004321,1014.02,debit,2026-07-19 15:12:10,D00341
NB00014028,AC02559656,P00240,HDFC0001234,991.1,debit,2026-08-02 13:50:12,D00341
NB00014030,AC02559656,P00122,SBIN0004321,1011.68,debit,2026-07-23 07:10:24,D00341
NB00014035,AC02559656,E00418,UTIB0000789,15184.0,credit,2026-07-03 09:52:00,D00341
NB00014036,AC02559656,E00418,HDFC0001234,14914.0,credit,2026-08-01 09:54:00,D00341
NB00014037,AC02559656,E00418,SBIN0004321,14984.0,credit,2026-09-01 09:51:00,D00341
NB00014046,AC02569835,P00359,HDFC0001234,782.61,debit,2026-07-18 21:52:01,D00342
NB00014071,AC02569835,P00158,HDFC0001234,854.91,debit,2026-08-17 20:40:46,D00342
NB00014075,AC02569835,E00410,ICIC0005678,14704.0,credit,2026-07-01 09:29:00,D00342
NB00014076,AC02569835,E00410,ICIC0005678,14480.0,credit,2026-08-01 09:36:00,D00342
NB00014077,AC02569835,E00410,UTIB0000789,14813.0,credit,2026-08-31 09:19:00,D00342
NB00014085,AC02579660,P00106,UTIB0000789,687.58,debit,2026-07-04 19:13:01,D00343
NB00014100,AC02579660,E00441,UTIB0000789,19901.0,credit,2026-07-03 09:45:00,D00343
NB00014101,AC02579660,E00441,HDFC0001234,19900.0,credit,2026-08-01 09:25:00,D00343
NB00014102,AC02579660,E00441,ICIC0005678,20778.0,credit,2026-08-31 09:46:00,D00343
NB00014103,AC02582386,P00007,ICIC0005678,103.75,debit,2026-08-14 11:28:59,D00344
NB00014106,AC02582386,P00170,HDFC0001234,365.08,debit,2026-08-16 19:00:16,D00344
NB00014110,AC02582386,P00383,SBIN0004321,92.48,debit,2026-07-08 11:39:13,D00345
NB00014121,AC02582386,P00007,SBIN0004321,337.57,debit,2026-07-09 17:12:43,D00344
NB00014144,AC02582386,E00418,UTIB0000789,19248.0,credit,2026-07-02 09:22:00,D00345
NB00014145,AC02582386,E00418,UTIB0000789,19692.0,credit,2026-08-01 09:12:00,D00344
NB00014146,AC02582386,E00418,SBIN0004321,20247.0,credit,2026-08-31 09:29:00,D00344
NB00014157,AC02594436,P00117,HDFC0001234,568.7,debit,2026-08-01 17:38:30,D00346
NB00014183,AC02594436,P00248,HDFC0001234,2350.3,debit,2026-07-23 13:34:24,D00346
NB00014190,AC02594436,P00002,ICIC0005678,5866.94,debit,2026-07-31 17:39:36,D00346
NB00014194,AC02594436,P00113,HDFC0001234,24162.72,debit,2026-07-24 07:33:06,D00346
NB00014210,AC02594436,P00247,SBIN0004321,3374.37,debit,2026-09-13 15:43:42,D00346
NB00014216,AC02594436,E00418,HDFC0001234,35185.0,credit,2026-07-01 09:46:00,D00346
NB00014217,AC02594436,E00418,UTIB0000789,35911.0,credit,2026-07-31 09:40:00,D00346
NB00014218,AC02594436,E00418,UTIB0000789,35545.0,credit,2026-09-01 09:46:00,D00346
NB00014221,AC02603946,P00389,ICIC0005678,301.07,debit,2026-07-29 19:26:28,D00347
NB00014229,AC02603946,P00277,SBIN0004321,1134.68,debit,2026-07-02 19:31:57,D00347
NB00014231,AC02603946,P00015,UTIB0000789,1230.28,debit,2026-07-06 12:08:30,D00347
NB00014236,AC02603946,P00277,SBIN0004321,1738.73,debit,2026-07-28 15:00:04,D00347
NB00014261,AC02603946,P00001,UTIB0000789,1267.91,debit,2026-08-29 19:23:10,D00347
NB00014263,AC02603946,P00245,SBIN0004321,898.33,debit,2026-08-04 14:10:52,D00347
NB00014265,AC02603946,E00429,HDFC0001234,20998.0,credit,2026-07-01 09:42:00,D00347
NB00014266,AC02603946,E00429,HDFC0001234,20959.0,credit,2026-07-31 09:39:00,D00347
NB00014267,AC02603946,E00429,SBIN0004321,20332.0,credit,2026-08-30 09:44:00,D00347
NB00014278,AC02613931,P00147,UTIB0000789,3561.64,debit,2026-07-28 12:52:03,D00348
NB00014281,AC02613931,P00114,UTIB0000789,580.94,debit,2026-07-09 15:45:48,D00348
NB00014284,AC02613931,P00147,UTIB0000789,5809.68,debit,2026-09-04 11:06:53,D00348
NB00014288,AC02613931,P00147,HDFC0001234,3084.16,debit,2026-09-13 11:27:22,D00348
NB00014295,AC02613931,P00210,HDFC0001234,916.22,debit,2026-08-14 12:40:23,D00348
NB00014315,AC02613931,P00393,HDFC0001234,474.53,debit,2026-07-01 15:53:45,D00348
NB00014325,AC02613931,P00147,UTIB0000789,2516.36,debit,2026-08-08 19:33:20,D00348
NB00014340,AC02613931,P00210,HDFC0001234,2484.9,debit,2026-09-06 22:57:18,D00348
NB00014342,AC02613931,P00062,ICIC0005678,963.24,debit,2026-07-31 08:44:05,D00348
NB00014343,AC02613931,P00210,ICIC0005678,3303.72,debit,2026-08-14 17:24:11,D00348
NB00014347,AC02613931,P00078,HDFC0001234,470.39,debit,2026-08-01 12:47:02,D00348
NB00014349,AC02613931,E00402,ICIC0005678,26572.0,credit,2026-07-03 09:14:00,D00348
NB00014350,AC02613931,E00402,SBIN0004321,26793.0,credit,2026-08-01 09:57:00,D00348
NB00014351,AC02613931,E00402,UTIB0000789,26793.0,credit,2026-08-30 09:16:00,D00348
NB00014363,AC02624749,P00103,ICIC0005678,4138.64,debit,2026-07-04 17:11:19,D00349
NB00014366,AC02624749,P00286,SBIN0004321,715.43,debit,2026-07-26 13:58:19,D00349
NB00014369,AC02624749,P00152,HDFC0001234,2428.86,debit,2026-09-06 14:21:46,D00349
NB00014389,AC02624749,P00320,HDFC0001234,3397.65,debit,2026-09-11 05:15:22,D00350
NB00014391,AC02624749,P00187,SBIN0004321,7274.86,debit,2026-08-19 19:45:56,D00349
NB00014402,AC02624749,E00417,UTIB0000789,26754.0,credit,2026-07-03 09:09:00,D00349
NB00014403,AC02624749,E00417,UTIB0000789,25909.0,credit,2026-08-01 09:03:00,D00349
NB00014404,AC02624749,E00417,SBIN0004321,26044.0,credit,2026-08-30 09:13:00,D00350
NB00014432,AC02635589,P00176,HDFC0001234,780.68,debit,2026-08-14 18:42:57,D00351
NB00014435,AC02635589,P00078,ICIC0005678,727.34,debit,2026-07-05 13:20:49,D00351
NB00014437,AC02635589,P00027,ICIC0005678,6235.0,debit,2026-08-03 12:07:09,D00351
NB00014438,AC02635589,P00356,UTIB0000789,895.66,debit,2026-08-20 18:46:13,D00351
NB00014462,AC02635589,P00353,SBIN0004321,2636.02,debit,2026-07-11 14:50:21,D00351
NB00014493,AC02635589,E00407,UTIB0000789,31033.0,credit,2026-07-02 09:11:00,D00351
NB00014494,AC02635589,E00407,UTIB0000789,30747.0,credit,2026-08-02 09:15:00,D00351
NB00014495,AC02635589,E00407,SBIN0004321,30461.0,credit,2026-08-31 09:35:00,D00351
NB00014498,AC02645365,P00367,UTIB0000789,2805.84,debit,2026-07-11 08:35:40,D00352
NB00014520,AC02645365,P00179,UTIB0000789,472.45,debit,2026-08-22 14:15:05,D00352
NB00014521,AC02645365,P00276,SBIN0004321,891.33,debit,2026-09-03 16:16:35,D00352
NB00014541,AC02645365,P00251,UTIB0000789,9537.61,debit,2026-08-28 14:09:51,D00352
NB00014542,AC02645365,P00251,ICIC0005678,2456.64,debit,2026-08-10 21:19:38,D00352
NB00014543,AC02645365,E00434,UTIB0000789,73510.0,credit,2026-07-03 09:47:00,D00352
NB00014544,AC02645365,E00434,SBIN0004321,73213.0,credit,2026-08-02 09:08:00,D00352
NB00014545,AC02645365,E00434,UTIB0000789,74090.0,credit,2026-08-31 09:07:00,D00353
NB00014553,AC02653624,P00246,ICIC0005678,2768.96,debit,2026-07-22 12:02:12,D00354
NB00014575,AC02653624,P00138,SBIN0004321,3575.75,debit,2026-09-03 08:41:51,D00354
NB00014578,AC02653624,P00311,HDFC0001234,1682.87,debit,2026-09-10 08:12:32,D00354
NB00014584,AC02653624,P00339,UTIB0000789,1332.17,debit,2026-07-01 19:43:26,D00354
NB00014586,AC02653624,P00278,ICIC0005678,3798.09,debit,2026-07-21 14:22:07,D00354
NB00014595,AC02653624,P00278,HDFC0001234,7556.36,debit,2026-07-29 19:57:59,D00354
NB00014612,AC02653624,E00433,HDFC0001234,52765.0,credit,2026-07-03 09:01:00,D00354
NB00014613,AC02653624,E00433,SBIN0004321,53396.0,credit,2026-07-31 09:06:00,D00354
NB00014614,AC02653624,E00433,SBIN0004321,52099.0,credit,2026-09-01 09:10:00,D00354
NB00014636,AC02669817,P00064,ICIC0005678,5990.46,debit,2026-08-08 18:47:22,D00355
NB00014638,AC02669817,P00365,SBIN0004321,2463.6,debit,2026-09-02 10:58:13,D00355
NB00014643,AC02669817,P00161,UTIB0000789,1893.26,debit,2026-08-06 06:43:25,D00355
NB00014659,AC02669817,E00427,ICIC0005678,38384.0,credit,2026-07-03 09:05:00,D00355
NB00014660,AC02669817,E00427,ICIC0005678,39192.0,credit,2026-07-31 09:50:00,D00355
NB00014661,AC02669817,E00427,UTIB0000789,38171.0,credit,2026-09-01 09:40:00,D00355
NB00014678,AC02679815,P00086,HDFC0001234,1075.06,debit,2026-07-15 07:38:44,D00357
NB00014697,AC02679815,P00382,UTIB0000789,177.38,debit,2026-08-17 21:37:32,D00356
NB00014698,AC02679815,P00382,UTIB0000789,537.98,debit,2026-07-29 19:12:30,D00356
NB00014701,AC02679815,P00358,ICIC0005678,3116.34,debit,2026-07-08 22:46:49,D00356
NB00014710,AC02679815,P00172,HDFC0001234,936.35,debit,2026-08-22 17:52:52,D00356
NB00014717,AC02679815,P00116,HDFC0001234,1108.06,debit,2026-07-10 10:15:48,D00356
NB00014718,AC02679815,E00417,ICIC0005678,31035.0,credit,2026-07-02 09:30:00,D00356
NB00014719,AC02679815,E00417,HDFC0001234,30274.0,credit,2026-08-01 09:16:00,D00357
NB00014720,AC02679815,E00417,ICIC0005678,30174.0,credit,2026-08-31 09:03:00,D00356
NB00014740,AC02683980,P00026,HDFC0001234,1551.24,debit,2026-09-11 09:40:21,D00358
NB00014750,AC02683980,P00382,UTIB0000789,658.61,debit,2026-07-29 20:46:00,D00359
NB00014751,AC02683980,E00434,HDFC0001234,30654.0,credit,2026-07-02 09:50:00,D00358
NB00014752,AC02683980,E00434,UTIB0000789,30457.0,credit,2026-08-02 09:28:00,D00358
NB00014753,AC02683980,E00434,UTIB0000789,29691.0,credit,2026-09-01 09:40:00,D00358
NB00014759,AC02692990,P00060,SBIN0004321,1324.69,debit,2026-07-02 21:33:19,D00360
NB00014780,AC02692990,P00086,UTIB0000789,10829.57,debit,2026-07-05 13:41:10,D00360
NB00014785,AC02692990,P00079,SBIN0004321,5253.93,debit,2026-08-08 22:05:58,D00360
NB00014796,AC02692990,P00346,SBIN0004321,5545.1,debit,2026-09-03 15:09:09,D00360
NB00014797,AC02692990,E00417,ICIC0005678,45391.0,credit,2026-07-03 09:27:00,D00360
NB00014798,AC02692990,E00417,ICIC0005678,46274.0,credit,2026-08-01 09:24:00,D00360
NB00014799,AC02692990,E00417,HDFC0001234,45123.0,credit,2026-08-31 09:09:00,D00360
NB00014822,AC02705793,P00177,ICIC0005678,1979.12,debit,2026-09-07 19:01:44,D00361
NB00014823,AC02705793,P00206,UTIB0000789,3707.92,debit,2026-07-10 12:42:59,D00361
NB00014840,AC02705793,P00248,HDFC0001234,4214.44,debit,2026-08-15 13:02:51,D00361
NB00014842,AC02705793,E00439,HDFC0001234,51313.0,credit,2026-07-02 09:35:00,D00361
NB00014843,AC02705793,E00439,UTIB0000789,50761.0,credit,2026-08-01 09:24:00,D00361
NB00014844,AC02705793,E00439,UTIB0000789,51784.0,credit,2026-09-01 09:53:00,D00361
NB00014848,AC02714321,P00168,ICIC0005678,940.93,debit,2026-09-01 20:10:49,D00362
NB00014860,AC02714321,P00328,UTIB0000789,1624.61,debit,2026-07-18 14:15:45,D00362
NB00014874,AC02714321,P00203,HDFC0001234,1159.84,debit,2026-07-23 09:33:03,D00362
NB00014875,AC02714321,P00309,ICIC0005678,180.77,debit,2026-09-08 21:59:24,D00362
NB00014882,AC02714321,P00203,UTIB0000789,322.12,debit,2026-07-21 17:26:16,D00362
NB00014893,AC02714321,P00262,SBIN0004321,1273.59,debit,2026-08-27 14:17:06,D00362
NB00014904,AC02714321,P00203,SBIN0004321,349.48,debit,2026-09-10 11:38:42,D00362
NB00014907,AC02714321,E00405,UTIB0000789,24086.0,credit,2026-07-02 09:30:00,D00362
NB00014908,AC02714321,E00405,ICIC0005678,24197.0,credit,2026-07-31 09:43:00,D00362
NB00014909,AC02714321,E00405,SBIN0004321,23534.0,credit,2026-09-01 09:53:00,D00362
NB00014910,AC02729883,P00160,ICIC0005678,7087.19,debit,2026-08-15 19:53:33,D00363
NB00014912,AC02729883,P00058,SBIN0004321,1048.2,debit,2026-07-01 06:12:55,D00363
NB00014915,AC02729883,P00394,SBIN0004321,562.08,debit,2026-07-15 20:16:44,D00363
NB00014936,AC02729883,P00191,UTIB0000789,5078.5,debit,2026-07-18 16:36:52,D00363
NB00014938,AC02729883,P00295,UTIB0000789,5035.9,debit,2026-08-21 13:15:38,D00363
NB00014941,AC02729883,P00304,SBIN0004321,2295.81,debit,2026-07-17 14:48:33,D00363
NB00014949,AC02729883,P00160,ICIC0005678,9462.97,debit,2026-09-03 12:18:51,D00363
NB00014955,AC02729883,P00340,ICIC0005678,6701.45,debit,2026-07-24 13:36:26,D00363
NB00014971,AC02729883,P00172,UTIB0000789,1392.61,debit,2026-08-31 02:46:46,D00363
NB00014973,AC02729883,E00409,SBIN0004321,38393.0,credit,2026-07-01 09:36:00,D00363
NB00014974,AC02729883,E00409,UTIB0000789,38913.0,credit,2026-08-02 09:07:00,D00363
NB00014975,AC02729883,E00409,UTIB0000789,39227.0,credit,2026-08-30 09:56:00,D00363
NB00014978,AC02734863,P00027,UTIB0000789,1236.68,debit,2026-09-08 10:01:07,D00364
NB00014979,AC02734863,P00168,HDFC0001234,574.16,debit,2026-08-29 11:19:27,D00364
NB00014993,AC02734863,P00199,UTIB0000789,265.94,debit,2026-07-16 07:03:59,D00364
NB00014997,AC02734863,P00317,HDFC0001234,50.47,debit,2026-09-11 21:27:14,D00364
NB00015004,AC02734863,P00256,SBIN0004321,791.78,debit,2026-08-23 15:09:01,D00364
NB00015005,AC02734863,P00027,SBIN0004321,1268.52,debit,2026-08-26 08:03:51,D00364
NB00015025,AC02734863,P00122,HDFC0001234,486.35,debit,2026-08-16 19:09:46,D00364
NB00015031,AC02734863,P00340,SBIN0004321,836.67,debit,2026-08-26 19:02:04,D00364
NB00015042,AC02734863,E00436,SBIN0004321,13994.0,credit,2026-07-02 09:24:00,D00364
NB00015043,AC02734863,E00436,SBIN0004321,13473.0,credit,2026-08-01 09:22:00,D00364
NB00015044,AC02734863,E00436,SBIN0004321,13494.0,credit,2026-09-01 09:05:00,D00364
NB00015067,AC02741357,P00378,ICIC0005678,744.72,debit,2026-08-09 18:01:25,D00365
NB00015073,AC02741357,P00011,UTIB0000789,1592.91,debit,2026-09-13 16:37:19,D00365
NB00015084,AC02741357,P00312,ICIC0005678,1651.27,debit,2026-08-11 11:22:05,D00365
NB00015108,AC02741357,E00422,SBIN0004321,42570.0,credit,2026-07-03 09:36:00,D00365
NB00015109,AC02741357,E00422,ICIC0005678,41727.0,credit,2026-08-02 09:38:00,D00365
NB00015110,AC02741357,E00422,ICIC0005678,42766.0,credit,2026-08-31 09:15:00,D00365
NB00015116,AC02752125,P00380,ICIC0005678,6483.53,debit,2026-08-20 09:52:58,D00366
NB00015117,AC02752125,P00195,ICIC0005678,1251.61,debit,2026-08-28 11:56:46,D00366
NB00015123,AC02752125,P00363,ICIC0005678,13415.11,debit,2026-08-17 16:42:02,D00366
NB00015126,AC02752125,P00058,ICIC0005678,1405.44,debit,2026-07-24 23:12:01,D00366
NB00015143,AC02752125,P00089,UTIB0000789,10130.2,debit,2026-07-26 16:58:19,D00366
NB00015144,AC02752125,P00187,UTIB0000789,3982.54,debit,2026-08-01 23:43:44,D00366
NB00015152,AC02752125,P00310,UTIB0000789,3833.3,debit,2026-08-29 12:26:31,D00366
NB00015162,AC02752125,E00429,UTIB0000789,54240.0,credit,2026-07-02 09:56:00,D00366
NB00015163,AC02752125,E00429,ICIC0005678,55518.0,credit,2026-08-02 09:54:00,D00366
NB00015164,AC02752125,E00429,SBIN0004321,55571.0,credit,2026-08-30 09:14:00,D00366
NB00015172,AC02761671,P00251,UTIB0000789,1083.93,debit,2026-07-27 19:32:26,D00367
NB00015201,AC02761671,P00126,SBIN0004321,5869.67,debit,2026-08-29 21:15:21,D00367
NB00015203,AC02761671,P00243,SBIN0004321,2632.75,debit,2026-08-28 13:42:33,D00367
NB00015209,AC02761671,P00396,UTIB0000789,815.18,debit,2026-08-27 20:36:47,D00367
NB00015212,AC02761671,E00437,UTIB0000789,33238.0,credit,2026-07-01 09:36:00,D00367
NB00015213,AC02761671,E00437,ICIC0005678,32490.0,credit,2026-08-02 09:05:00,D00368
NB00015214,AC02761671,E00437,UTIB0000789,32026.0,credit,2026-08-31 09:42:00,D00367
NB00015215,AC02774445,P00235,UTIB0000789,13144.85,debit,2026-07-30 06:19:05,D00369
NB00015220,AC02774445,P00225,HDFC0001234,2402.92,debit,2026-07-13 04:32:52,D00369
NB00015226,AC02774445,P00330,UTIB0000789,2161.2,debit,2026-07-02 17:35:10,D00369
NB00015234,AC02774445,P00348,UTIB0000789,6496.74,debit,2026-08-02 16:36:12,D00369
NB00015239,AC02774445,P00348,ICIC0005678,1630.61,debit,2026-07-12 19:08:49,D00369
NB00015253,AC02774445,P00330,HDFC0001234,1639.84,debit,2026-08-08 11:09:05,D00369
NB00015266,AC02774445,P00390,ICIC0005678,8092.18,debit,2026-07-17 13:09:25,D00369
NB00015267,AC02774445,P00275,UTIB0000789,4925.8,debit,2026-09-07 15:44:13,D00369
NB00015270,AC02774445,E00402,HDFC0001234,94442.0,credit,2026-07-02 09:50:00,D00369
NB00015271,AC02774445,E00402,SBIN0004321,94944.0,credit,2026-07-31 09:10:00,D00369
NB00015272,AC02774445,E00402,UTIB0000789,95624.0,credit,2026-08-30 09:18:00,D00369
NB00015276,AC02783848,P00088,HDFC0001234,237.38,debit,2026-08-07 11:12:12,D00370
NB00015277,AC02783848,P00346,SBIN0004321,2006.86,debit,2026-08-16 08:11:16,D00370
NB00015293,AC02783848,P00129,SBIN0004321,4673.13,debit,2026-07-26 22:43:43,D00370
NB00015322,AC02783848,P00108,UTIB0000789,5644.88,debit,2026-07-25 12:11:33,D00370
NB00015323,AC02783848,P00346,UTIB0000789,3020.62,debit,2026-08-20 15:43:28,D00370
NB00015329,AC02783848,P00129,UTIB0000789,1394.28,debit,2026-07-16 12:21:55,D00370
NB00015339,AC02783848,P00175,SBIN0004321,4349.55,debit,2026-08-11 17:01:27,D00370
NB00015349,AC02783848,P00134,SBIN0004321,1913.09,debit,2026-08-11 16:49:51,D00370
NB00015354,AC02783848,P00322,ICIC0005678,3125.59,debit,2026-09-09 09:17:00,D00370
NB00015360,AC02783848,P00057,ICIC0005678,1066.35,debit,2026-08-23 17:32:53,D00370
NB00015364,AC02783848,E00407,SBIN0004321,24368.0,credit,2026-07-02 09:56:00,D00370
NB00015365,AC02783848,E00407,ICIC0005678,24785.0,credit,2026-08-02 09:11:00,D00370
NB00015366,AC02783848,E00407,ICIC0005678,24679.0,credit,2026-09-01 09:08:00,D00370
NB00015394,AC02798709,P00100,UTIB0000789,2218.9,debit,2026-08-01 15:31:24,D00371
NB00015405,AC02798709,P00353,SBIN0004321,7101.99,debit,2026-07-25 18:09:43,D00371
NB00015409,AC02798709,P00248,SBIN0004321,3095.76,debit,2026-07-13 17:17:02,D00371
NB00015412,AC02798709,E00437,ICIC0005678,43241.0,credit,2026-07-03 09:49:00,D00371
NB00015413,AC02798709,E00437,ICIC0005678,42365.0,credit,2026-07-31 09:36:00,D00371
NB00015414,AC02798709,E00437,ICIC0005678,41300.0,credit,2026-08-31 09:24:00,D00371
NB00015422,AC02809014,P00039,SBIN0004321,8460.37,debit,2026-07-09 22:54:33,D00372
NB00015430,AC02809014,P00093,HDFC0001234,2192.08,debit,2026-07-02 09:11:34,D00372
NB00015435,AC02809014,P00227,UTIB0000789,1249.0,debit,2026-08-05 19:31:30,D00372
NB00015437,AC02809014,E00435,HDFC0001234,37349.0,credit,2026-07-01 09:48:00,D00372
NB00015438,AC02809014,E00435,UTIB0000789,37590.0,credit,2026-08-01 09:44:00,D00372
NB00015439,AC02809014,E00435,HDFC0001234,29533.0,credit,2026-09-01 09:15:00,D00372
NB00015449,AC02812263,P00191,HDFC0001234,16320.05,debit,2026-07-29 16:04:36,D00373
NB00015450,AC02812263,P00081,UTIB0000789,1275.74,debit,2026-07-25 11:52:24,D00373
NB00015484,AC02812263,P00273,HDFC0001234,1334.77,debit,2026-07-03 18:23:20,D00373
NB00015485,AC02812263,P00274,UTIB0000789,804.56,debit,2026-07-29 20:35:04,D00373
NB00015497,AC02812263,E00426,HDFC0001234,35931.0,credit,2026-07-02 09:13:00,D00373
NB00015498,AC02812263,E00426,UTIB0000789,36570.0,credit,2026-08-01 09:54:00,D00373
NB00015499,AC02812263,E00426,UTIB0000789,36044.0,credit,2026-08-31 09:45:00,D00373
NB00015522,AC02829500,P00305,UTIB0000789,684.81,debit,2026-07-10 13:10:01,D00374
NB00015525,AC02829500,P00313,SBIN0004321,2609.98,debit,2026-07-07 18:45:02,D00374
NB00015531,AC02829500,P00336,ICIC0005678,695.71,debit,2026-08-16 10:26:18,D00374
NB00015538,AC02829500,E00441,SBIN0004321,35735.0,credit,2026-07-02 09:15:00,D00374
NB00015539,AC02829500,E00441,UTIB0000789,36927.0,credit,2026-08-02 09:28:00,D00374
NB00015540,AC02829500,E00441,SBIN0004321,35324.0,credit,2026-09-01 09:21:00,D00374
NB00015552,AC02836255,P00078,ICIC0005678,950.61,debit,2026-07-17 19:07:43,D00375
NB00015566,AC02836255,P00329,UTIB0000789,4328.5,debit,2026-07-22 19:32:08,D00375
NB00015574,AC02836255,P00121,ICIC0005678,1037.64,debit,2026-07-09 13:47:44,D00375
NB00015580,AC02836255,P00178,HDFC0001234,1094.37,debit,2026-09-01 11:10:52,D00375
NB00015584,AC02836255,P00178,UTIB0000789,1937.25,debit,2026-07-07 10:14:23,D00375
NB00015588,AC02836255,E00402,SBIN0004321,40842.0,credit,2026-07-02 09:12:00,D00375
NB00015589,AC02836255,E00402,HDFC0001234,40714.0,credit,2026-07-31 09:56:00,D00375
NB00015590,AC02836255,E00402,ICIC0005678,39965.0,credit,2026-08-31 09:27:00,D00375
NB00015599,AC02843760,P00330,SBIN0004321,407.71,debit,2026-09-06 08:26:49,D00376
NB00015606,AC02843760,P00281,HDFC0001234,14413.62,debit,2026-08-25 17:14:55,D00376
NB00015612,AC02843760,P00068,HDFC0001234,863.09,debit,2026-09-12 23:58:36,D00376
NB00015618,AC02843760,P00398,SBIN0004321,3991.15,debit,2026-08-31 07:30:23,D00376
NB00015635,AC02843760,P00277,SBIN0004321,3779.35,debit,2026-07-30 11:18:05,D00376
NB00015643,AC02843760,P00165,HDFC0001234,759.88,debit,2026-07-06 15:35:19,D00376
NB00015650,AC02843760,P00068,ICIC0005678,737.66,debit,2026-08-12 19:01:59,D00376
NB00015665,AC02843760,P00281,SBIN0004321,4342.34,debit,2026-08-05 19:59:21,D00376
NB00015669,AC02843760,P00002,SBIN0004321,1725.06,debit,2026-07-14 09:57:06,D00376
NB00015670,AC02843760,E00437,HDFC0001234,58071.0,credit,2026-07-02 09:38:00,D00376
NB00015671,AC02843760,E00437,ICIC0005678,58068.0,credit,2026-08-01 09:20:00,D00376
NB00015672,AC02843760,E00437,ICIC0005678,58259.0,credit,2026-08-31 09:41:00,D00376
NB00015674,AC02854659,P00190,UTIB0000789,683.48,debit,2026-08-08 16:51:55,D00378
NB00015689,AC02854659,P00378,HDFC0001234,7879.92,debit,2026-09-03 20:14:06,D00377
NB00015715,AC02854659,P00159,HDFC0001234,11109.78,debit,2026-07-11 16:57:24,D00377
NB00015724,AC02854659,P00212,SBIN0004321,1797.11,debit,2026-09-04 08:12:08,D00377
NB00015741,AC02854659,E00433,UTIB0000789,75025.0,credit,2026-07-02 09:22:00,D00377
NB00015742,AC02854659,E00433,HDFC0001234,75214.0,credit,2026-08-01 09:02:00,D00377
NB00015743,AC02854659,E00433,HDFC0001234,75297.0,credit,2026-08-31 09:52:00,D00377
NB00015751,AC02864971,P00044,UTIB0000789,3221.64,debit,2026-08-10 12:29:21,D00379
NB00015776,AC02864971,P00127,SBIN0004321,1523.26,debit,2026-07-15 17:40:38,D00379
NB00015795,AC02864971,P00332,ICIC0005678,6588.38,debit,2026-09-11 13:17:51,D00379
NB00015800,AC02864971,P00036,ICIC0005678,2231.82,debit,2026-07-19 10:21:08,D00379
NB00015806,AC02864971,P00044,UTIB0000789,1284.31,debit,2026-09-05 00:04:36,D00379
NB00015818,AC02864971,E00424,UTIB0000789,37816.0,credit,2026-07-02 09:54:00,D00379
NB00015819,AC02864971,E00424,SBIN0004321,37823.0,credit,2026-08-02 09:34:00,D00379
NB00015820,AC02864971,E00424,SBIN0004321,36723.0,credit,2026-09-01 09:27:00,D00379
NB00015852,AC02872534,P00202,ICIC0005678,1485.95,debit,2026-09-09 18:36:50,D00380
NB00015884,AC02872534,E00427,UTIB0000789,57184.0,credit,2026-07-03 09:48:00,D00380
NB00015885,AC02872534,E00427,SBIN0004321,56648.0,credit,2026-07-31 09:31:00,D00380
NB00015886,AC02872534,E00427,UTIB0000789,55501.0,credit,2026-08-31 09:06:00,D00380
NB00015888,AC02888805,P00229,ICIC0005678,799.76,debit,2026-07-29 07:51:04,D00381
NB00015891,AC02888805,P00201,UTIB0000789,5331.17,debit,2026-09-03 10:07:27,D00381
NB00015921,AC02888805,E00437,ICIC0005678,26659.0,credit,2026-07-03 09:17:00,D00381
NB00015922,AC02888805,E00437,SBIN0004321,26647.0,credit,2026-08-02 09:08:00,D00381
NB00015923,AC02888805,E00437,ICIC0005678,27313.0,credit,2026-08-31 09:56:00,D00382
NB00015924,AC02891111,P00184,HDFC0001234,271.52,debit,2026-09-01 09:11:56,D00383
NB00015933,AC02891111,P00247,SBIN0004321,4645.79,debit,2026-08-14 17:27:06,D00383
NB00015945,AC02891111,P00191,SBIN0004321,38243.7,debit,2026-07-07 09:09:14,D00383
NB00015955,AC02891111,P00335,UTIB0000789,10405.86,debit,2026-09-13 21:29:06,D00383
NB00015968,AC02891111,P00335,UTIB0000789,39228.27,debit,2026-07-30 21:52:00,D00383
NB00015969,AC02891111,P00081,SBIN0004321,1871.86,debit,2026-09-06 16:02:05,D00383
NB00015970,AC02891111,P00397,ICIC0005678,5240.75,debit,2026-07-13 08:51:24,D00383
NB00015972,AC02891111,P00044,ICIC0005678,988.84,debit,2026-07-08 20:20:56,D00383
NB00015982,AC02891111,P00335,SBIN0004321,16178.72,debit,2026-08-23 20:12:10,D00383
NB00015983,AC02891111,P00179,SBIN0004321,1145.24,debit,2026-07-14 14:29:19,D00383
NB00015985,AC02891111,E00404,ICIC0005678,55249.0,credit,2026-07-01 09:21:00,D00383
NB00015986,AC02891111,E00404,HDFC0001234,56258.0,credit,2026-07-31 09:15:00,D00383
NB00015987,AC02891111,E00404,UTIB0000789,56855.0,credit,2026-09-01 09:51:00,D00383
NB00015991,AC02901627,P00321,UTIB0000789,2547.4,debit,2026-07-19 18:31:08,D00384
NB00015995,AC02901627,P00059,SBIN0004321,926.08,debit,2026-08-31 08:38:55,D00384
NB00015999,AC02901627,P00059,HDFC0001234,2292.24,debit,2026-07-11 19:58:26,D00384
NB00016000,AC02901627,P00110,ICIC0005678,920.27,debit,2026-09-12 20:16:55,D00384
NB00016007,AC02901627,P00385,UTIB0000789,3139.63,debit,2026-07-26 15:03:56,D00384
NB00016015,AC02901627,P00396,HDFC0001234,2086.51,debit,2026-07-05 23:00:28,D00384
NB00016020,AC02901627,P00110,HDFC0001234,937.71,debit,2026-07-01 13:54:25,D00385
NB00016025,AC02901627,P00207,HDFC0001234,2006.84,debit,2026-09-04 18:23:58,D00385
NB00016028,AC02901627,E00404,UTIB0000789,25981.0,credit,2026-07-03 09:26:00,D00384
NB00016029,AC02901627,E00404,SBIN0004321,22436.0,credit,2026-08-02 09:47:00,D00384
NB00016030,AC02901627,E00404,HDFC0001234,17798.0,credit,2026-08-30 09:54:00,D00384
NB00016036,AC02913459,P00033,UTIB0000789,37072.39,debit,2026-08-29 17:27:39,D00386
NB00016045,AC02913459,P00058,UTIB0000789,1341.14,debit,2026-09-13 02:31:00,D00387
NB00016068,AC02913459,P00208,UTIB0000789,7257.02,debit,2026-09-01 20:06:58,D00386
NB00016074,AC02913459,P00010,SBIN0004321,2163.32,debit,2026-07-09 11:54:04,D00387
NB00016080,AC02913459,E00430,HDFC0001234,65968.0,credit,2026-07-02 09:03:00,D00386
NB00016081,AC02913459,E00430,SBIN0004321,65199.0,credit,2026-08-02 09:42:00,D00386
NB00016082,AC02913459,E00430,ICIC0005678,66276.0,credit,2026-09-01 09:46:00,D00387
NB00016102,AC02922292,P00107,HDFC0001234,16207.22,debit,2026-07-07 14:39:20,D00388
NB00016111,AC02922292,P00290,UTIB0000789,1687.3,debit,2026-08-06 13:00:47,D00388
NB00016112,AC02922292,P00040,SBIN0004321,8005.64,debit,2026-08-26 19:44:57,D00388
NB00016116,AC02922292,P00295,HDFC0001234,9907.29,debit,2026-08-17 00:42:01,D00388
NB00016129,AC02922292,P00344,HDFC0001234,4206.02,debit,2026-07-23 08:07:02,D00388
NB00016130,AC02922292,P00107,UTIB0000789,11932.84,debit,2026-09-07 13:55:04,D00388
NB00016133,AC02922292,E00419,ICIC0005678,114732.0,credit,2026-07-03 09:14:00,D00388
NB00016134,AC02922292,E00419,ICIC0005678,111645.0,credit,2026-08-01 09:51:00,D00388
NB00016135,AC02922292,E00419,HDFC0001234,114188.0,credit,2026-08-31 09:25:00,D00388
NB00016151,AC02931556,P00158,ICIC0005678,4984.76,debit,2026-08-17 21:19:50,D00389
NB00016170,AC02931556,P00372,UTIB0000789,1743.34,debit,2026-07-29 07:53:36,D00389
NB00016176,AC02931556,P00123,ICIC0005678,1860.56,debit,2026-08-31 13:43:16,D00389
NB00016177,AC02931556,P00372,SBIN0004321,1695.3,debit,2026-07-28 18:45:47,D00389
NB00016185,AC02931556,P00242,UTIB0000789,1723.15,debit,2026-07-06 20:00:56,D00389
NB00016186,AC02931556,E00405,HDFC0001234,35066.0,credit,2026-07-01 09:54:00,D00389
NB00016187,AC02931556,E00405,ICIC0005678,35760.0,credit,2026-08-01 09:03:00,D00389
NB00016188,AC02931556,E00405,SBIN0004321,35209.0,credit,2026-08-31 09:51:00,D00389
NB00016189,AC02944450,P00255,ICIC0005678,3058.31,debit,2026-08-28 15:12:29,D00390
NB00016199,AC02944450,P00124,UTIB0000789,537.23,debit,2026-07-29 15:33:18,D00390
NB00016203,AC02944450,P00279,HDFC0001234,223.45,debit,2026-07-03 20:38:11,D00390
NB00016204,AC02944450,P00049,HDFC0001234,863.51,debit,2026-07-02 07:47:52,D00390
NB00016205,AC02944450,P00056,ICIC0005678,1074.83,debit,2026-08-20 12:50:16,D00390
NB00016212,AC02944450,P00309,UTIB0000789,296.89,debit,2026-08-31 17:17:55,D00390
NB00016236,AC02944450,P00309,ICIC0005678,443.66,debit,2026-09-05 13:08:26,D00390
NB00016240,AC02944450,P00301,SBIN0004321,182.27,debit,2026-07-24 10:10:50,D00390
NB00016241,AC02944450,P00101,ICIC0005678,1374.78,debit,2026-07-04 17:35:49,D00390
NB00016248,AC02944450,P00309,UTIB0000789,209.93,debit,2026-08-12 21:49:07,D00390
NB00016251,AC02944450,P00287,HDFC0001234,1510.51,debit,2026-07-20 23:50:26,D00390
NB00016253,AC02944450,P00279,HDFC0001234,234.64,debit,2026-07-04 09:42:14,D00390
NB00016255,AC02944450,P00342,UTIB0000789,1473.1,debit,2026-08-30 14:18:02,D00390
NB00016257,AC02944450,E00430,SBIN0004321,12791.0,credit,2026-07-03 09:59:00,D00390
NB00016258,AC02944450,E00430,UTIB0000789,12709.0,credit,2026-08-02 09:05:00,D00390
NB00016259,AC02944450,E00430,UTIB0000789,12462.0,credit,2026-08-31 09:27:00,D00390
NB00016262,AC02954390,P00100,ICIC0005678,979.11,debit,2026-08-17 17:18:53,D00391
NB00016278,AC02954390,P00100,HDFC0001234,1978.71,debit,2026-07-28 16:39:08,D00391
NB00016294,AC02954390,E00434,SBIN0004321,28686.0,credit,2026-07-01 09:57:00,D00391
NB00016295,AC02954390,E00434,ICIC0005678,29169.0,credit,2026-08-01 09:03:00,D00391
NB00016296,AC02954390,E00434,UTIB0000789,29398.0,credit,2026-08-31 09:34:00,D00391
NB00016297,AC02962129,P00083,UTIB0000789,11154.36,debit,2026-08-03 13:43:16,D00392
NB00016306,AC02962129,P00330,UTIB0000789,1957.64,debit,2026-07-27 09:07:39,D00392
NB00016323,AC02962129,P00213,UTIB0000789,3881.64,debit,2026-08-26 10:40:58,D00392
NB00016325,AC02962129,P00083,UTIB0000789,5652.89,debit,2026-09-08 14:53:49,D00392
NB00016332,AC02962129,P00330,ICIC0005678,3306.87,debit,2026-07-20 15:19:37,D00392
NB00016345,AC02962129,P00037,UTIB0000789,4154.3,debit,2026-08-20 11:30:54,D00392
NB00016347,AC02962129,E00440,UTIB0000789,69447.0,credit,2026-07-03 09:14:00,D00392
NB00016348,AC02962129,E00440,ICIC0005678,69241.0,credit,2026-08-01 09:18:00,D00392
NB00016349,AC02962129,E00440,ICIC0005678,72460.0,credit,2026-08-30 09:17:00,D00392
NB00016357,AC02978291,P00400,ICIC0005678,10122.13,debit,2026-07-27 01:36:29,D00393
NB00016358,AC02978291,P00094,ICIC0005678,3822.17,debit,2026-07-17 10:15:45,D00393
NB00016360,AC02978291,P00246,UTIB0000789,2301.51,debit,2026-08-09 13:12:11,D00394
NB00016382,AC02978291,E00436,SBIN0004321,50093.0,credit,2026-07-03 09:55:00,D00393
NB00016383,AC02978291,E00436,UTIB0000789,50169.0,credit,2026-08-02 09:33:00,D00394
NB00016384,AC02978291,E00436,HDFC0001234,49544.0,credit,2026-08-31 09:08:00,D00394
NB00016392,AC02988942,P00029,UTIB0000789,2132.08,debit,2026-08-10 12:49:02,D00395
NB00016397,AC02988942,P00340,UTIB0000789,3130.42,debit,2026-07-22 18:02:04,D00395
NB00016402,AC02988942,P00207,HDFC0001234,1769.51,debit,2026-09-10 19:27:50,D00395
NB00016403,AC02988942,P00302,SBIN0004321,585.24,debit,2026-08-28 19:48:32,D00395
NB00016407,AC02988942,P00302,SBIN0004321,1009.04,debit,2026-09-07 19:42:55,D00395
NB00016440,AC02988942,P00057,SBIN0004321,975.73,debit,2026-07-10 14:15:01,D00395
NB00016448,AC02988942,P00207,SBIN0004321,2946.31,debit,2026-08-11 13:22:36,D00395
NB00016458,AC02988942,E00405,SBIN0004321,43139.0,credit,2026-07-03 09:37:00,D00395
NB00016459,AC02988942,E00405,UTIB0000789,44106.0,credit,2026-08-02 09:36:00,D00395
NB00016460,AC02988942,E00405,UTIB0000789,43164.0,credit,2026-08-30 09:56:00,D00395
NB00016464,AC02997476,P00140,UTIB0000789,1208.78,debit,2026-07-28 09:03:00,D00396
NB00016468,AC02997476,P00379,UTIB0000789,1104.47,debit,2026-09-09 09:03:00,D00396
NB00016474,AC02997476,P00379,ICIC0005678,1987.0,debit,2026-08-25 21:28:11,D00396
NB00016476,AC02997476,P00150,SBIN0004321,8241.09,debit,2026-07-03 16:54:11,D00396
NB00016479,AC02997476,P00118,ICIC0005678,4289.57,debit,2026-07-27 16:04:05,D00396
NB00016483,AC02997476,P00123,HDFC0001234,1626.72,debit,2026-07-10 19:51:44,D00396
NB00016502,AC02997476,P00379,ICIC0005678,1245.24,debit,2026-07-05 16:18:16,D00396
NB00016506,AC02997476,P00010,SBIN0004321,1205.03,debit,2026-09-05 22:47:06,D00396
NB00016510,AC02997476,P00339,ICIC0005678,3423.28,debit,2026-08-17 18:27:25,D00396
NB00016520,AC02997476,E00411,HDFC0001234,62927.0,credit,2026-07-03 09:02:00,D00396
NB00016521,AC02997476,E00411,UTIB0000789,61932.0,credit,2026-08-01 09:59:00,D00396
NB00016522,AC02997476,E00411,UTIB0000789,45254.0,credit,2026-09-01 09:24:00,D00396
NB00016525,AC03005699,P00010,SBIN0004321,442.54,debit,2026-08-25 08:40:03,D00397
NB00016574,AC03005699,P00284,SBIN0004321,3375.4,debit,2026-09-03 15:23:45,D00397
NB00016581,AC03005699,P00026,HDFC0001234,2519.71,debit,2026-07-23 06:11:47,D00397
NB00016589,AC03005699,P00162,HDFC0001234,1580.46,debit,2026-08-16 18:13:38,D00397
NB00016600,AC03005699,E00434,HDFC0001234,48558.0,credit,2026-07-03 09:49:00,D00397
NB00016601,AC03005699,E00434,ICIC0005678,40070.0,credit,2026-08-02 09:18:00,D00397
NB00016602,AC03005699,E00434,ICIC0005678,30369.0,credit,2026-09-01 09:22:00,D00397
NB00016607,AC03019525,P00338,SBIN0004321,3155.01,debit,2026-08-11 11:43:40,D00398
NB00016620,AC03019525,P00098,SBIN0004321,6513.32,debit,2026-09-11 22:13:59,D00398
NB00016629,AC03019525,P00041,UTIB0000789,13215.17,debit,2026-08-04 10:59:59,D00398
NB00016636,AC03019525,P00098,SBIN0004321,1614.23,debit,2026-07-17 20:46:56,D00398
NB00016640,AC03019525,E00438,UTIB0000789,69577.0,credit,2026-07-01 09:33:00,D00398
NB00016641,AC03019525,E00438,ICIC0005678,69072.0,credit,2026-08-02 09:34:00,D00398
NB00016642,AC03019525,E00438,ICIC0005678,70273.0,credit,2026-08-30 09:26:00,D00398
NB00016650,AC03024154,P00288,ICIC0005678,538.64,debit,2026-07-22 12:33:35,D00399
NB00016656,AC03024154,P00288,SBIN0004321,2783.99,debit,2026-07-14 16:12:55,D00399
NB00016668,AC03024154,P00288,UTIB0000789,1508.45,debit,2026-08-30 17:01:39,D00399
NB00016675,AC03024154,E00408,UTIB0000789,59082.0,credit,2026-07-03 09:07:00,D00399
NB00016676,AC03024154,E00408,HDFC0001234,59176.0,credit,2026-07-31 09:34:00,D00399
NB00016677,AC03024154,E00408,ICIC0005678,61013.0,credit,2026-09-01 09:22:00,D00399
NB00016686,AC03034842,P00384,UTIB0000789,31266.89,debit,2026-08-21 15:36:16,D00400
NB00016701,AC03034842,P00187,ICIC0005678,7608.97,debit,2026-07-10 10:18:57,D00400
NB00016709,AC03034842,E00417,UTIB0000789,80961.0,credit,2026-07-01 09:06:00,D00400
NB00016710,AC03034842,E00417,SBIN0004321,80937.0,credit,2026-07-31 09:01:00,D00400
NB00016711,AC03034842,E00417,UTIB0000789,81094.0,credit,2026-08-31 09:49:00,D00400
NB00016727,AC03041135,P00345,UTIB0000789,3015.5,debit,2026-07-29 13:49:21,D00401
NB00016744,AC03041135,P00367,HDFC0001234,901.46,debit,2026-08-11 19:39:03,D00401
NB00016752,AC03041135,P00379,SBIN0004321,2714.6,debit,2026-08-20 18:25:25,D00401
NB00016754,AC03041135,P00296,HDFC0001234,853.82,debit,2026-08-31 22:53:22,D00401
NB00016768,AC03041135,P00308,SBIN0004321,1085.98,debit,2026-08-27 17:32:18,D00401
NB00016769,AC03041135,P00386,UTIB0000789,2285.33,debit,2026-08-14 17:40:45,D00401
NB00016773,AC03041135,E00438,SBIN0004321,45995.0,credit,2026-07-03 09:33:00,D00401
NB00016774,AC03041135,E00438,SBIN0004321,45613.0,credit,2026-08-02 09:39:00,D00401
NB00016775,AC03041135,E00438,UTIB0000789,44993.0,credit,2026-08-31 09:13:00,D00401
NB00016799,AC03057369,P00330,HDFC0001234,709.14,debit,2026-07-06 13:11:02,D00402
NB00016807,AC03057369,P00363,ICIC0005678,3749.94,debit,2026-08-07 09:58:16,D00402
NB00016817,AC03057369,P00204,SBIN0004321,4837.58,debit,2026-08-13 00:01:33,D00402
NB00016823,AC03057369,E00418,SBIN0004321,59166.0,credit,2026-07-03 09:10:00,D00402
NB00016824,AC03057369,E00418,HDFC0001234,59625.0,credit,2026-07-31 09:35:00,D00402
NB00016825,AC03057369,E00418,SBIN0004321,60071.0,credit,2026-08-31 09:04:00,D00402
NB00016827,AC03061832,P00361,ICIC0005678,1441.34,debit,2026-08-10 18:52:32,D00403
NB00016830,AC03061832,P00277,HDFC0001234,1483.83,debit,2026-07-24 18:21:28,D00403
NB00016853,AC03061832,P00136,HDFC0001234,597.2,debit,2026-08-28 18:33:44,D00403
NB00016861,AC03061832,P00176,HDFC0001234,1664.53,debit,2026-08-09 14:11:29,D00403
NB00016862,AC03061832,P00277,ICIC0005678,1986.28,debit,2026-08-29 14:59:31,D00403
NB00016867,AC03061832,P00177,UTIB0000789,391.42,debit,2026-07-13 18:29:30,D00403
NB00016868,AC03061832,P00176,HDFC0001234,551.67,debit,2026-08-08 20:13:35,D00404
NB00016871,AC03061832,E00410,ICIC0005678,32583.0,credit,2026-07-01 09:03:00,D00403
NB00016872,AC03061832,E00410,ICIC0005678,32539.0,credit,2026-08-02 09:02:00,D00403
NB00016873,AC03061832,E00410,ICIC0005678,32623.0,credit,2026-08-31 09:02:00,D00403
NB00016880,AC03076987,P00315,UTIB0000789,4810.95,debit,2026-08-31 13:43:17,D00405
NB00016881,AC03076987,P00236,HDFC0001234,769.12,debit,2026-08-29 10:58:55,D00405
NB00016911,AC03076987,P00347,SBIN0004321,456.81,debit,2026-08-18 19:51:28,D00405
NB00016913,AC03076987,E00406,SBIN0004321,28085.0,credit,2026-07-02 09:00:00,D00405
NB00016914,AC03076987,E00406,HDFC0001234,27771.0,credit,2026-08-01 09:28:00,D00405
NB00016915,AC03076987,E00406,HDFC0001234,28567.0,credit,2026-08-31 09:40:00,D00405
NB00016919,AC03088041,P00089,ICIC0005678,13593.27,debit,2026-07-13 14:45:32,D00406
NB00016921,AC03088041,P00072,SBIN0004321,1922.02,debit,2026-07-14 14:35:01,D00406
NB00016926,AC03088041,P00017,SBIN0004321,2952.79,debit,2026-07-05 18:12:11,D00406
NB00016928,AC03088041,P00017,HDFC0001234,4028.31,debit,2026-08-26 15:54:07,D00406
NB00016933,AC03088041,P00227,UTIB0000789,1963.36,debit,2026-09-08 17:14:02,D00406
NB00016935,AC03088041,P00286,HDFC0001234,2442.55,debit,2026-09-05 04:29:35,D00406
NB00016946,AC03088041,P00315,UTIB0000789,5663.64,debit,2026-08-24 19:18:16,D00406
NB00016952,AC03088041,P00388,HDFC0001234,5038.31,debit,2026-07-29 11:05:08,D00406
NB00016957,AC03088041,P00286,UTIB0000789,989.65,debit,2026-09-08 16:11:34,D00406
NB00016964,AC03088041,P00357,UTIB0000789,2544.43,debit,2026-07-19 19:45:09,D00406
NB00016970,AC03088041,P00349,ICIC0005678,2083.17,debit,2026-09-08 19:14:51,D00406
NB00016971,AC03088041,P00064,UTIB0000789,17184.18,debit,2026-07-27 13:47:19,D00406
NB00016977,AC03088041,P00357,UTIB0000789,2609.62,debit,2026-07-21 16:18:44,D00406
NB00016985,AC03088041,P00179,HDFC0001234,1011.84,debit,2026-09-12 11:47:04,D00406
NB00016987,AC03088041,P00017,ICIC0005678,1607.37,debit,2026-07-19 07:13:13,D00406
NB00016991,AC03088041,P00357,SBIN0004321,6862.66,debit,2026-07-12 21:00:41,D00406
NB00016996,AC03088041,P00317,HDFC0001234,877.07,debit,2026-07-29 19:08:06,D00406
NB00016998,AC03088041,E00415,UTIB0000789,88555.0,credit,2026-07-02 09:23:00,D00406
NB00016999,AC03088041,E00415,HDFC0001234,89373.0,credit,2026-08-02 09:40:00,D00406
NB00017000,AC03088041,E00415,SBIN0004321,86443.0,credit,2026-08-31 09:08:00,D00406
NB00017012,AC03092953,P00390,UTIB0000789,2370.41,debit,2026-07-22 19:11:31,D00407
NB00017024,AC03092953,P00346,HDFC0001234,1202.83,debit,2026-07-02 08:37:44,D00407
NB00017030,AC03092953,P00115,HDFC0001234,254.56,debit,2026-07-27 19:52:19,D00407
NB00017033,AC03092953,P00390,UTIB0000789,925.0,debit,2026-09-08 20:06:58,D00407
NB00017040,AC03092953,P00284,HDFC0001234,2060.01,debit,2026-07-03 14:48:24,D00407
NB00017061,AC03092953,P00336,SBIN0004321,378.78,debit,2026-07-29 15:27:27,D00407
NB00017069,AC03092953,E00425,HDFC0001234,42163.0,credit,2026-07-01 09:15:00,D00407
NB00017070,AC03092953,E00425,UTIB0000789,41602.0,credit,2026-07-31 09:17:00,D00407
NB00017071,AC03092953,E00425,ICIC0005678,41679.0,credit,2026-08-30 09:02:00,D00407
NB00017075,AC03106507,P00093,UTIB0000789,1015.44,debit,2026-08-01 18:28:43,D00408
NB00017081,AC03106507,P00271,HDFC0001234,2446.03,debit,2026-08-31 10:19:38,D00408
NB00017084,AC03106507,P00009,HDFC0001234,5458.62,debit,2026-07-29 19:58:07,D00408
NB00017088,AC03106507,P00100,HDFC0001234,6615.05,debit,2026-09-11 22:50:13,D00408
NB00017098,AC03106507,P00260,HDFC0001234,7220.2,debit,2026-09-13 11:06:21,D00408
NB00017106,AC03106507,P00315,HDFC0001234,14224.22,debit,2026-07-10 09:46:46,D00408
NB00017107,AC03106507,P00209,SBIN0004321,3091.55,debit,2026-07-21 11:35:41,D00408
NB00017111,AC03106507,P00288,SBIN0004321,1141.96,debit,2026-07-14 17:40:45,D00408
NB00017113,AC03106507,P00260,ICIC0005678,6834.24,debit,2026-07-20 15:27:39,D00408
NB00017124,AC03106507,P00315,HDFC0001234,4360.91,debit,2026-07-20 09:40:52,D00408
NB00017131,AC03106507,P00360,UTIB0000789,3009.21,debit,2026-09-01 18:22:56,D00408
NB00017134,AC03106507,E00412,UTIB0000789,57013.0,credit,2026-07-01 09:14:00,D00408
NB00017135,AC03106507,E00412,UTIB0000789,57845.0,credit,2026-08-02 09:37:00,D00408
NB00017136,AC03106507,E00412,HDFC0001234,41427.0,credit,2026-09-01 09:36:00,D00408
NB00017145,AC03113731,P00360,HDFC0001234,3644.48,debit,2026-07-21 12:08:31,D00409
NB00017164,AC03113731,P00102,SBIN0004321,11622.12,debit,2026-08-31 08:46:59,D00409
NB00017169,AC03113731,P00206,UTIB0000789,1052.78,debit,2026-07-21 17:51:15,D00409
NB00017170,AC03113731,P00340,HDFC0001234,2692.48,debit,2026-08-29 09:06:38,D00409
NB00017173,AC03113731,P00157,HDFC0001234,5884.02,debit,2026-07-22 10:33:34,D00409
NB00017180,AC03113731,E00404,SBIN0004321,40996.0,credit,2026-07-02 09:45:00,D00409
NB00017181,AC03113731,E00404,SBIN0004321,40279.0,credit,2026-07-31 09:29:00,D00409
NB00017182,AC03113731,E00404,UTIB0000789,41373.0,credit,2026-08-30 09:54:00,D00409
NB00017183,AC03124584,P00052,UTIB0000789,715.01,debit,2026-08-21 16:53:53,D00410
NB00017184,AC03124584,P00052,ICIC0005678,919.0,debit,2026-07-16 21:30:24,D00410
NB00017187,AC03124584,P00178,HDFC0001234,1439.73,debit,2026-07-10 08:52:54,D00410
NB00017210,AC03124584,P00282,ICIC0005678,602.47,debit,2026-07-15 08:41:47,D00410
NB00017225,AC03124584,E00414,UTIB0000789,28659.0,credit,2026-07-01 09:08:00,D00410
NB00017226,AC03124584,E00414,ICIC0005678,28318.0,credit,2026-08-02 09:14:00,D00410
NB00017227,AC03124584,E00414,SBIN0004321,28412.0,credit,2026-08-31 09:22:00,D00410
NB00017235,AC03135767,P00101,SBIN0004321,4609.52,debit,2026-07-22 21:46:32,D00411
NB00017241,AC03135767,P00101,SBIN0004321,1948.78,debit,2026-08-16 06:54:58,D00411
NB00017251,AC03135767,P00032,ICIC0005678,1776.26,debit,2026-08-17 10:55:23,D00411
NB00017253,AC03135767,P00259,HDFC0001234,2916.89,debit,2026-07-29 10:30:42,D00411
NB00017254,AC03135767,E00437,SBIN0004321,38122.0,credit,2026-07-01 09:31:00,D00411
NB00017255,AC03135767,E00437,SBIN0004321,38230.0,credit,2026-07-31 09:28:00,D00412
NB00017256,AC03135767,E00437,HDFC0001234,38175.0,credit,2026-09-01 09:02:00,D00411
NB00017265,AC03143245,P00239,HDFC0001234,5334.14,debit,2026-07-06 21:16:46,D00413
NB00017278,AC03143245,P00298,ICIC0005678,2533.51,debit,2026-07-18 20:01:49,D00413
NB00017290,AC03143245,E00402,ICIC0005678,78346.0,credit,2026-07-02 09:19:00,D00413
NB00017291,AC03143245,E00402,UTIB0000789,79933.0,credit,2026-07-31 09:02:00,D00413
NB00017292,AC03143245,E00402,HDFC0001234,76492.0,credit,2026-08-30 09:53:00,D00413
NB00017310,AC03158169,P00045,ICIC0005678,7205.64,debit,2026-08-03 10:40:26,D00414
NB00017313,AC03158169,P00045,HDFC0001234,2256.39,debit,2026-07-25 20:17:59,D00414
NB00017324,AC03158169,P00071,HDFC0001234,3109.56,debit,2026-08-31 09:32:39,D00414
NB00017335,AC03158169,E00425,HDFC0001234,51060.0,credit,2026-07-03 09:46:00,D00414
NB00017336,AC03158169,E00425,SBIN0004321,49923.0,credit,2026-08-02 09:48:00,D00414
NB00017337,AC03158169,E00425,SBIN0004321,51156.0,credit,2026-08-31 09:37:00,D00414
NB00017345,AC03164551,P00367,HDFC0001234,666.55,debit,2026-07-07 07:12:04,D00415
NB00017353,AC03164551,P00325,ICIC0005678,1528.67,debit,2026-08-22 17:33:04,D00415
NB00017354,AC03164551,P00266,ICIC0005678,2905.02,debit,2026-07-22 21:03:25,D00415
NB00017370,AC03164551,P00037,SBIN0004321,1264.56,debit,2026-07-14 16:32:31,D00415
NB00017376,AC03164551,P00266,SBIN0004321,986.04,debit,2026-08-18 19:01:24,D00415
NB00017386,AC03164551,P00325,HDFC0001234,3614.62,debit,2026-08-06 14:14:47,D00415
NB00017392,AC03164551,P00325,SBIN0004321,1695.06,debit,2026-07-15 14:37:39,D00415
NB00017393,AC03164551,E00405,HDFC0001234,16019.0,credit,2026-07-03 09:31:00,D00415
NB00017394,AC03164551,E00405,ICIC0005678,16200.0,credit,2026-07-31 09:55:00,D00416
NB00017395,AC03164551,E00405,ICIC0005678,16062.0,credit,2026-09-01 09:36:00,D00415
NB00017404,AC03175155,P00069,SBIN0004321,7911.87,debit,2026-09-10 13:21:58,D00417
NB00017414,AC03175155,P00069,UTIB0000789,1344.03,debit,2026-08-31 14:57:03,D00417
NB00017424,AC03175155,P00180,ICIC0005678,4718.85,debit,2026-08-09 09:30:21,D00417
NB00017426,AC03175155,P00180,HDFC0001234,1102.88,debit,2026-07-18 13:02:24,D00417
NB00017429,AC03175155,P00085,UTIB0000789,3783.9,debit,2026-07-30 07:32:20,D00417
NB00017449,AC03175155,P00139,SBIN0004321,2369.05,debit,2026-07-26 11:44:25,D00417
NB00017450,AC03175155,E00432,HDFC0001234,33215.0,credit,2026-07-02 09:51:00,D00417
NB00017451,AC03175155,E00432,UTIB0000789,34989.0,credit,2026-07-31 09:59:00,D00417
NB00017452,AC03175155,E00432,ICIC0005678,33618.0,credit,2026-08-30 09:45:00,D00417
NB00017478,AC03188331,P00177,HDFC0001234,1927.91,debit,2026-08-27 15:20:40,D00418
NB00017489,AC03188331,P00066,UTIB0000789,5654.44,debit,2026-07-20 20:50:48,D00418
NB00017495,AC03188331,E00440,ICIC0005678,92717.0,credit,2026-07-02 09:10:00,D00418
NB00017496,AC03188331,E00440,ICIC0005678,91138.0,credit,2026-07-31 09:15:00,D00418
NB00017497,AC03188331,E00440,UTIB0000789,90743.0,credit,2026-08-30 09:06:00,D00418
NB00017526,AC03193049,P00167,SBIN0004321,318.9,debit,2026-07-19 20:45:35,D00419
NB00017534,AC03193049,P00124,SBIN0004321,658.05,debit,2026-08-31 19:47:16,D00419
NB00017539,AC03193049,P00116,ICIC0005678,2862.0,debit,2026-08-03 17:58:37,D00419
NB00017546,AC03193049,P00384,UTIB0000789,15632.14,debit,2026-07-27 12:19:12,D00419
NB00017549,AC03193049,P00034,ICIC0005678,1231.9,debit,2026-07-18 12:30:42,D00419
NB00017550,AC03193049,P00088,SBIN0004321,402.5,debit,2026-08-05 18:47:10,D00419
NB00017552,AC03193049,E00429,UTIB0000789,33796.0,credit,2026-07-03 09:53:00,D00419
NB00017553,AC03193049,E00429,HDFC0001234,28802.0,credit,2026-08-02 09:07:00,D00419
NB00017554,AC03193049,E00429,ICIC0005678,24519.0,credit,2026-08-31 09:09:00,D00419
NB00017560,AC03205069,P00117,ICIC0005678,185.08,debit,2026-07-05 10:37:38,D00420
NB00017566,AC03205069,P00041,HDFC0001234,929.41,debit,2026-09-03 16:16:29,D00420
NB00017567,AC03205069,P00041,UTIB0000789,1015.9,debit,2026-09-04 07:21:49,D00420
NB00017582,AC03205069,P00120,UTIB0000789,369.52,debit,2026-08-30 20:28:20,D00420
NB00017590,AC03205069,E00403,UTIB0000789,15058.0,credit,2026-07-03 09:39:00,D00420
NB00017591,AC03205069,E00403,UTIB0000789,15429.0,credit,2026-07-31 09:56:00,D00420
NB00017592,AC03205069,E00403,HDFC0001234,15371.0,credit,2026-09-01 09:43:00,D00420
NB00017594,AC03219940,P00089,ICIC0005678,7426.52,debit,2026-08-18 17:38:06,D00421
NB00017611,AC03219940,P00136,HDFC0001234,966.76,debit,2026-08-28 20:00:35,D00421
NB00017614,AC03219940,P00055,UTIB0000789,7110.43,debit,2026-09-01 11:33:15,D00421
NB00017617,AC03219940,P00295,SBIN0004321,11385.24,debit,2026-08-26 16:20:38,D00421
NB00017620,AC03219940,P00396,HDFC0001234,1603.24,debit,2026-08-08 09:24:55,D00421
NB00017626,AC03219940,P00295,UTIB0000789,4882.1,debit,2026-07-16 10:39:14,D00421
NB00017630,AC03219940,P00295,ICIC0005678,5653.26,debit,2026-07-21 20:27:59,D00421
NB00017634,AC03219940,P00295,ICIC0005678,7908.56,debit,2026-08-12 16:57:18,D00421
NB00017635,AC03219940,P00058,UTIB0000789,3164.97,debit,2026-08-21 19:13:52,D00421
NB00017647,AC03219940,P00295,SBIN0004321,1516.63,debit,2026-07-20 06:35:37,D00421
NB00017656,AC03219940,E00414,HDFC0001234,94258.0,credit,2026-07-02 09:50:00,D00421
NB00017657,AC03219940,E00414,ICIC0005678,97132.0,credit,2026-08-01 09:18:00,D00421
NB00017658,AC03219940,E00414,SBIN0004321,98588.0,credit,2026-08-31 09:38:00,D00421
NB00017661,AC03224597,P00282,HDFC0001234,1189.51,debit,2026-07-23 16:53:45,D00423
NB00017663,AC03224597,P00335,ICIC0005678,7887.72,debit,2026-08-24 15:16:12,D00422
NB00017666,AC03224597,P00368,HDFC0001234,930.51,debit,2026-07-13 10:46:25,D00422
NB00017673,AC03224597,P00332,ICIC0005678,5733.9,debit,2026-08-09 19:32:25,D00423
NB00017685,AC03224597,P00282,UTIB0000789,3632.26,debit,2026-09-03 18:11:10,D00423
NB00017686,AC03224597,P00332,ICIC0005678,6214.22,debit,2026-07-24 09:10:45,D00422
NB00017717,AC03224597,P00335,SBIN0004321,39209.41,debit,2026-09-11 14:50:53,D00422
NB00017718,AC03224597,E00415,UTIB0000789,53911.0,credit,2026-07-03 09:26:00,D00422
NB00017719,AC03224597,E00415,UTIB0000789,46810.0,credit,2026-08-02 09:33:00,D00422
NB00017720,AC03224597,E00415,HDFC0001234,38913.0,credit,2026-08-30 09:44:00,D00422
NB00017736,AC03232040,P00316,SBIN0004321,2969.27,debit,2026-08-05 10:11:44,D00424
NB00017752,AC03232040,P00376,SBIN0004321,772.6,debit,2026-07-06 10:52:37,D00424
NB00017771,AC03232040,P00352,ICIC0005678,410.55,debit,2026-09-03 10:00:56,D00424
NB00017772,AC03232040,P00352,HDFC0001234,2003.45,debit,2026-07-11 20:52:00,D00424
NB00017775,AC03232040,P00281,SBIN0004321,7414.47,debit,2026-09-01 10:25:52,D00424
NB00017791,AC03232040,P00349,ICIC0005678,870.71,debit,2026-07-12 12:55:12,D00424
NB00017792,AC03232040,E00426,ICIC0005678,36693.0,credit,2026-07-02 09:39:00,D00424
NB00017793,AC03232040,E00426,ICIC0005678,37154.0,credit,2026-07-31 09:25:00,D00424
NB00017794,AC03232040,E00426,UTIB0000789,36218.0,credit,2026-08-31 09:37:00,D00424
NB00017808,AC03243559,P00156,ICIC0005678,868.08,debit,2026-08-17 13:28:17,D00425
NB00017812,AC03243559,P00088,ICIC0005678,301.81,debit,2026-08-17 09:43:14,D00425
NB00017817,AC03243559,P00126,ICIC0005678,2865.13,debit,2026-07-01 19:54:40,D00425
NB00017834,AC03243559,P00156,UTIB0000789,1936.44,debit,2026-08-08 17:01:53,D00425
NB00017836,AC03243559,P00156,HDFC0001234,1563.35,debit,2026-07-10 22:24:44,D00425
NB00017837,AC03243559,P00199,ICIC0005678,561.62,debit,2026-07-15 01:42:33,D00426
NB00017845,AC03243559,E00427,SBIN0004321,31502.0,credit,2026-07-03 09:16:00,D00425
NB00017846,AC03243559,E00427,ICIC0005678,32145.0,credit,2026-08-02 09:17:00,D00426
NB00017847,AC03243559,E00427,ICIC0005678,31193.0,credit,2026-08-30 09:23:00,D00425
NB00017878,AC03259602,P00193,HDFC0001234,2114.28,debit,2026-08-26 06:52:23,D00427
NB00017890,AC03259602,P00193,UTIB0000789,4361.95,debit,2026-07-04 18:04:50,D00427
NB00017899,AC03259602,P00069,HDFC0001234,3193.23,debit,2026-09-05 20:21:56,D00427
NB00017907,AC03259602,E00422,UTIB0000789,65750.0,credit,2026-07-01 09:59:00,D00427
NB00017908,AC03259602,E00422,ICIC0005678,64243.0,credit,2026-08-02 09:00:00,D00427
NB00017909,AC03259602,E00422,HDFC0001234,65142.0,credit,2026-09-01 09:29:00,D00428
NB00017915,AC03267831,P00244,UTIB0000789,2139.86,debit,2026-09-11 21:55:33,D00429
NB00017916,AC03267831,P00290,ICIC0005678,618.04,debit,2026-08-10 12:38:46,D00429
NB00017919,AC03267831,P00308,SBIN0004321,1096.47,debit,2026-09-07 06:05:58,D00429
NB00017930,AC03267831,P00382,ICIC0005678,989.3,debit,2026-07-26 20:55:26,D00429
NB00017934,AC03267831,P00017,HDFC0001234,1102.51,debit,2026-07-18 12:36:30,D00429
NB00017939,AC03267831,P00125,HDFC0001234,577.26,debit,2026-07-07 17:56:20,D00429
NB00017947,AC03267831,P00051,UTIB0000789,1330.93,debit,2026-07-11 18:53:34,D00429
NB00017953,AC03267831,P00099,SBIN0004321,525.44,debit,2026-07-26 12:09:22,D00429
NB00017962,AC03267831,P00099,UTIB0000789,770.09,debit,2026-08-15 17:14:44,D00429
NB00017966,AC03267831,E00420,ICIC0005678,29194.0,credit,2026-07-01 09:19:00,D00429
NB00017967,AC03267831,E00420,HDFC0001234,27954.0,credit,2026-08-02 09:48:00,D00429
NB00017968,AC03267831,E00420,HDFC0001234,28768.0,credit,2026-08-30 09:55:00,D00429
NB00017973,AC03278280,P00031,HDFC0001234,8104.37,debit,2026-08-17 09:12:25,D00430
NB00018000,AC03278280,P00199,HDFC0001234,2790.07,debit,2026-08-29 14:09:41,D00430
NB00018003,AC03278280,P00031,HDFC0001234,844.53,debit,2026-08-23 01:19:18,D00430
NB00018031,AC03278280,P00031,SBIN0004321,2687.4,debit,2026-08-17 11:26:39,D00430
NB00018034,AC03278280,P00031,HDFC0001234,3102.09,debit,2026-08-23 16:19:43,D00430
NB00018036,AC03278280,P00330,UTIB0000789,677.74,debit,2026-08-03 18:35:02,D00430
NB00018040,AC03278280,P00146,SBIN0004321,4120.73,debit,2026-07-06 17:20:29,D00430
NB00018063,AC03278280,E00431,HDFC0001234,67935.0,credit,2026-07-03 09:19:00,D00430
NB00018064,AC03278280,E00431,UTIB0000789,67729.0,credit,2026-08-02 09:23:00,D00430
NB00018065,AC03278280,E00431,UTIB0000789,66971.0,credit,2026-08-31 09:00:00,D00430
NB00018069,AC03283281,P00287,HDFC0001234,3442.31,debit,2026-07-10 15:42:27,D00431
NB00018090,AC03283281,P00398,ICIC0005678,3810.07,debit,2026-08-10 17:03:03,D00431
NB00018108,AC03283281,P00225,ICIC0005678,2854.4,debit,2026-07-04 09:53:56,D00431
NB00018121,AC03283281,P00294,UTIB0000789,4945.54,debit,2026-09-05 20:47:06,D00431
NB00018123,AC03283281,P00218,SBIN0004321,480.74,debit,2026-07-21 09:57:47,D00431
NB00018126,AC03283281,E00436,UTIB0000789,48975.0,credit,2026-07-02 09:13:00,D00431
NB00018127,AC03283281,E00436,HDFC0001234,50269.0,credit,2026-07-31 09:18:00,D00431
NB00018128,AC03283281,E00436,HDFC0001234,49559.0,credit,2026-08-30 09:01:00,D00431
NB00018137,AC03298549,P00324,UTIB0000789,6875.95,debit,2026-07-26 17:49:17,D00432
NB00018161,AC03298549,P00345,HDFC0001234,3726.03,debit,2026-08-22 14:10:34,D00432
NB00018169,AC03298549,E00411,UTIB0000789,43251.0,credit,2026-07-02 09:41:00,D00432
NB00018170,AC03298549,E00411,ICIC0005678,43145.0,credit,2026-07-31 09:46:00,D00432
NB00018171,AC03298549,E00411,ICIC0005678,42612.0,credit,2026-09-01 09:31:00,D00432
NB00018189,AC03304539,P00020,SBIN0004321,961.66,debit,2026-07-16 19:01:20,D00433
NB00018199,AC03304539,P00020,ICIC0005678,2559.17,debit,2026-07-20 10:45:17,D00433
NB00018226,AC03304539,P00314,HDFC0001234,830.22,debit,2026-07-29 10:28:42,D00433
NB00018229,AC03304539,E00430,ICIC0005678,41558.0,credit,2026-07-02 09:16:00,D00433
NB00018230,AC03304539,E00430,ICIC0005678,40535.0,credit,2026-08-02 09:14:00,D00433
NB00018231,AC03304539,E00430,ICIC0005678,41630.0,credit,2026-08-31 09:17:00,D00433
NB00018234,AC03318153,P00158,ICIC0005678,3683.84,debit,2026-07-15 19:42:08,D00434
NB00018237,AC03318153,P00142,ICIC0005678,1860.16,debit,2026-07-18 20:55:06,D00434
NB00018252,AC03318153,P00220,UTIB0000789,2456.32,debit,2026-07-24 09:36:42,D00434
NB00018255,AC03318153,P00129,UTIB0000789,3946.85,debit,2026-07-30 12:30:55,D00435
NB00018282,AC03318153,E00433,UTIB0000789,35348.0,credit,2026-07-03 09:03:00,D00434
NB00018283,AC03318153,E00433,ICIC0005678,34706.0,credit,2026-07-31 09:41:00,D00434
NB00018284,AC03318153,E00433,HDFC0001234,27010.0,credit,2026-08-30 09:27:00,D00434
NB00018286,AC03328927,P00272,ICIC0005678,1263.72,debit,2026-09-07 19:59:34,D00436
NB00018288,AC03328927,P00240,UTIB0000789,1816.56,debit,2026-08-11 11:37:37,D00436
NB00018294,AC03328927,P00160,HDFC0001234,5377.39,debit,2026-08-10 06:12:14,D00436
NB00018295,AC03328927,P00108,ICIC0005678,1454.01,debit,2026-07-09 21:14:58,D00437
NB00018303,AC03328927,P00201,HDFC0001234,3881.36,debit,2026-07-14 20:32:51,D00436
NB00018310,AC03328927,P00255,ICIC0005678,8723.82,debit,2026-07-27 10:34:40,D00436
NB00018314,AC03328927,P00037,HDFC0001234,1594.35,debit,2026-07-26 19:44:55,D00436
NB00018333,AC03328927,P00339,SBIN0004321,3567.87,debit,2026-07-04 13:27:01,D00436
NB00018334,AC03328927,P00397,ICIC0005678,16986.29,debit,2026-07-16 16:50:31,D00437
NB00018340,AC03328927,E00438,ICIC0005678,64332.0,credit,2026-07-01 09:00:00,D00436
NB00018341,AC03328927,E00438,UTIB0000789,64079.0,credit,2026-08-02 09:39:00,D00436
NB00018342,AC03328927,E00438,SBIN0004321,52235.0,credit,2026-09-01 09:49:00,D00436
NB00018343,AC03332873,P00336,UTIB0000789,565.29,debit,2026-07-07 10:35:06,D00439
NB00018346,AC03332873,P00196,SBIN0004321,1167.31,debit,2026-07-07 19:28:57,D00438
NB00018361,AC03332873,P00209,HDFC0001234,1362.22,debit,2026-08-14 13:29:15,D00438
NB00018362,AC03332873,P00219,UTIB0000789,846.13,debit,2026-08-17 17:46:10,D00438
NB00018366,AC03332873,P00196,ICIC0005678,252.26,debit,2026-08-21 18:10:06,D00439
NB00018382,AC03332873,P00263,UTIB0000789,2180.94,debit,2026-07-26 12:09:17,D00439
NB00018394,AC03332873,P00219,ICIC0005678,2437.53,debit,2026-08-12 09:36:55,D00438
NB00018398,AC03332873,P00209,SBIN0004321,3092.25,debit,2026-07-05 12:15:18,D00439
NB00018416,AC03332873,P00114,SBIN0004321,458.89,debit,2026-07-29 11:13:06,D00438
NB00018417,AC03332873,E00411,UTIB0000789,25180.0,credit,2026-07-03 09:50:00,D00438
NB00018418,AC03332873,E00411,SBIN0004321,24488.0,credit,2026-08-02 09:10:00,D00439
NB00018419,AC03332873,E00411,ICIC0005678,25041.0,credit,2026-08-30 09:33:00,D00438
NB00018428,AC03349445,P00376,UTIB0000789,295.49,debit,2026-09-08 13:22:37,D00440
NB00018432,AC03349445,P00104,ICIC0005678,273.64,debit,2026-08-26 08:34:54,D00440
NB00018434,AC03349445,P00104,SBIN0004321,1335.89,debit,2026-08-30 17:30:09,D00440
NB00018436,AC03349445,P00335,SBIN0004321,1411.69,debit,2026-07-05 12:45:04,D00440
NB00018441,AC03349445,P00318,UTIB0000789,3614.12,debit,2026-07-15 15:22:14,D00440
NB00018448,AC03349445,P00104,ICIC0005678,633.56,debit,2026-09-03 22:06:46,D00440
NB00018449,AC03349445,E00425,UTIB0000789,17194.0,credit,2026-07-02 09:32:00,D00440
NB00018450,AC03349445,E00425,SBIN0004321,17053.0,credit,2026-08-01 09:57:00,D00440
NB00018451,AC03349445,E00425,ICIC0005678,16725.0,credit,2026-08-31 09:47:00,D00440
NB00018455,AC03356692,P00342,HDFC0001234,12087.15,debit,2026-08-10 23:14:05,D00441
NB00018461,AC03356692,P00075,UTIB0000789,488.44,debit,2026-08-04 15:20:50,D00441
NB00018462,AC03356692,P00075,UTIB0000789,569.01,debit,2026-09-02 08:29:10,D00441
NB00018465,AC03356692,P00182,ICIC0005678,10661.26,debit,2026-07-28 18:05:36,D00441
NB00018474,AC03356692,P00042,HDFC0001234,3047.72,debit,2026-09-10 13:08:16,D00442
NB00018479,AC03356692,P00367,ICIC0005678,3094.76,debit,2026-08-14 10:51:37,D00441
NB00018482,AC03356692,P00055,UTIB0000789,3384.49,debit,2026-09-03 18:37:17,D00441
NB00018490,AC03356692,P00139,HDFC0001234,6568.07,debit,2026-09-11 08:40:38,D00441
NB00018494,AC03356692,P00367,ICIC0005678,2069.71,debit,2026-09-06 14:37:47,D00441
NB00018495,AC03356692,E00436,SBIN0004321,51435.0,credit,2026-07-03 09:15:00,D00441
NB00018496,AC03356692,E00436,SBIN0004321,49624.0,credit,2026-08-01 09:20:00,D00441
NB00018497,AC03356692,E00436,UTIB0000789,51610.0,credit,2026-08-31 09:36:00,D00441
NB00018508,AC03367577,P00149,UTIB0000789,3633.49,debit,2026-07-03 09:10:58,D00443
NB00018511,AC03367577,P00272,UTIB0000789,2526.13,debit,2026-08-22 08:42:49,D00443
NB00018512,AC03367577,P00147,UTIB0000789,2405.17,debit,2026-07-27 14:17:37,D00443
NB00018516,AC03367577,P00039,ICIC0005678,5977.83,debit,2026-08-09 12:17:49,D00443
NB00018520,AC03367577,P00059,HDFC0001234,2831.14,debit,2026-08-20 21:37:04,D00443
NB00018532,AC03367577,P00059,ICIC0005678,3111.46,debit,2026-08-28 21:03:54,D00443
NB00018541,AC03367577,P00039,HDFC0001234,2588.83,debit,2026-08-08 10:00:54,D00443
NB00018553,AC03367577,P00330,ICIC0005678,2739.02,debit,2026-09-05 12:58:04,D00443
NB00018558,AC03367577,P00018,ICIC0005678,529.9,debit,2026-07-04 19:36:15,D00443
NB00018560,AC03367577,P00384,HDFC0001234,7694.87,debit,2026-07-01 15:52:50,D00443
NB00018562,AC03367577,P00330,ICIC0005678,627.61,debit,2026-09-05 21:08:22,D00443
NB00018566,AC03367577,P00362,UTIB0000789,1858.55,debit,2026-09-08 16:10:50,D00443
NB00018575,AC03367577,E00424,ICIC0005678,52727.0,credit,2026-07-01 09:11:00,D00443
NB00018576,AC03367577,E00424,UTIB0000789,51914.0,credit,2026-08-01 09:57:00,D00443
NB00018577,AC03367577,E00424,UTIB0000789,51639.0,credit,2026-08-31 09:40:00,D00443
NB00018583,AC03377809,P00244,ICIC0005678,1141.06,debit,2026-07-01 09:56:37,D00444
NB00018588,AC03377809,P00110,HDFC0001234,1734.12,debit,2026-08-18 13:01:40,D00444
NB00018593,AC03377809,P00200,UTIB0000789,3452.7,debit,2026-07-14 21:06:51,D00445
NB00018598,AC03377809,P00201,UTIB0000789,3201.44,debit,2026-08-16 13:30:01,D00444
NB00018622,AC03377809,E00408,HDFC0001234,48084.0,credit,2026-07-02 09:38:00,D00444
NB00018623,AC03377809,E00408,ICIC0005678,49181.0,credit,2026-08-01 09:55:00,D00444
NB00018624,AC03377809,E00408,SBIN0004321,48261.0,credit,2026-08-31 09:36:00,D00444
NB00018643,AC03382515,P00036,ICIC0005678,3236.57,debit,2026-07-14 16:11:55,D00446
NB00018647,AC03382515,P00022,SBIN0004321,3546.58,debit,2026-09-10 06:31:43,D00446
NB00018662,AC03382515,P00166,ICIC0005678,4910.88,debit,2026-07-23 09:34:39,D00446
NB00018670,AC03382515,E00410,UTIB0000789,47899.0,credit,2026-07-01 09:25:00,D00446
NB00018671,AC03382515,E00410,SBIN0004321,46201.0,credit,2026-08-02 09:18:00,D00446
NB00018672,AC03382515,E00410,UTIB0000789,46752.0,credit,2026-09-01 09:57:00,D00446
NB00018696,AC03397710,P00251,HDFC0001234,687.08,debit,2026-08-07 17:20:06,D00447
NB00018703,AC03397710,P00383,HDFC0001234,611.72,debit,2026-08-10 16:30:53,D00447
NB00018712,AC03397710,P00016,HDFC0001234,1580.8,debit,2026-09-13 21:40:29,D00447
NB00018714,AC03397710,P00246,UTIB0000789,2254.01,debit,2026-08-12 09:43:12,D00447
NB00018722,AC03397710,E00410,UTIB0000789,32189.0,credit,2026-07-01 09:14:00,D00447
NB00018723,AC03397710,E00410,HDFC0001234,33408.0,credit,2026-07-31 09:58:00,D00447
NB00018724,AC03397710,E00410,HDFC0001234,32487.0,credit,2026-08-31 09:58:00,D00447
NB00018734,AC03402916,P00325,ICIC0005678,17675.12,debit,2026-08-09 16:57:41,D00448
NB00018749,AC03402916,P00379,SBIN0004321,560.83,debit,2026-07-04 08:31:35,D00448
NB00018755,AC03402916,P00051,SBIN0004321,5354.11,debit,2026-08-12 19:27:08,D00448
NB00018760,AC03402916,P00334,UTIB0000789,3031.08,debit,2026-08-18 11:13:55,D00448
NB00018761,AC03402916,P00347,HDFC0001234,1264.16,debit,2026-08-03 08:11:23,D00448
NB00018763,AC03402916,P00049,ICIC0005678,2194.55,debit,2026-07-13 08:48:47,D00448
NB00018771,AC03402916,P00107,HDFC0001234,5563.34,debit,2026-07-12 21:09:22,D00448
NB00018772,AC03402916,P00379,HDFC0001234,941.24,debit,2026-07-10 11:21:49,D00448
NB00018775,AC03402916,P00027,SBIN0004321,4264.7,debit,2026-07-27 13:35:03,D00448
NB00018788,AC03402916,E00409,SBIN0004321,55945.0,credit,2026-07-03 09:08:00,D00448
NB00018789,AC03402916,E00409,ICIC0005678,48270.0,credit,2026-08-02 09:42:00,D00448
NB00018790,AC03402916,E00409,SBIN0004321,38145.0,credit,2026-08-31 09:41:00,D00448
NB00018798,AC03413443,P00100,SBIN0004321,1179.0,debit,2026-08-26 19:15:10,D00449
NB00018802,AC03413443,P00131,UTIB0000789,1868.65,debit,2026-08-14 18:49:23,D00449
NB00018806,AC03413443,P00309,ICIC0005678,294.88,debit,2026-07-27 18:15:15,D00449
NB00018809,AC03413443,P00132,ICIC0005678,496.97,debit,2026-07-10 11:45:23,D00449
NB00018836,AC03413443,P00132,ICIC0005678,3489.47,debit,2026-08-14 18:04:01,D00449
NB00018838,AC03413443,P00282,UTIB0000789,1299.24,debit,2026-08-25 18:10:39,D00449
NB00018846,AC03413443,P00272,ICIC0005678,306.98,debit,2026-09-13 17:14:44,D00449
NB00018853,AC03413443,P00272,HDFC0001234,564.69,debit,2026-07-23 13:18:27,D00449
NB00018858,AC03413443,E00434,ICIC0005678,37566.0,credit,2026-07-01 09:04:00,D00449
NB00018859,AC03413443,E00434,SBIN0004321,36421.0,credit,2026-07-31 09:14:00,D00449
NB00018860,AC03413443,E00434,UTIB0000789,37294.0,credit,2026-09-01 09:46:00,D00449
NB00018875,AC03422048,P00060,UTIB0000789,452.1,debit,2026-07-04 19:55:51,D00450
NB00018894,AC03422048,P00110,HDFC0001234,515.85,debit,2026-08-05 07:02:11,D00450
NB00018908,AC03422048,P00331,HDFC0001234,1528.19,debit,2026-08-06 18:44:46,D00450
NB00018915,AC03422048,P00149,UTIB0000789,2195.69,debit,2026-08-12 12:01:12,D00450
NB00018921,AC03422048,E00426,HDFC0001234,29322.0,credit,2026-07-03 09:11:00,D00450
NB00018922,AC03422048,E00426,HDFC0001234,29915.0,credit,2026-08-02 09:35:00,D00450
NB00018923,AC03422048,E00426,SBIN0004321,29121.0,credit,2026-08-30 09:26:00,D00450
NB00018928,AC03432629,P00030,HDFC0001234,1446.9,debit,2026-09-07 18:16:17,D00451
NB00018931,AC03432629,P00062,HDFC0001234,2793.81,debit,2026-08-25 22:14:01,D00451
NB00018960,AC03432629,P00126,HDFC0001234,4401.53,debit,2026-07-26 07:47:09,D00451
NB00018967,AC03432629,P00062,HDFC0001234,4803.43,debit,2026-08-03 06:55:47,D00451
NB00019009,AC03432629,E00427,HDFC0001234,32454.0,credit,2026-07-01 09:39:00,D00451
NB00019010,AC03432629,E00427,SBIN0004321,33034.0,credit,2026-07-31 09:21:00,D00451
NB00019011,AC03432629,E00427,UTIB0000789,32767.0,credit,2026-08-31 09:03:00,D00451
NB00019012,AC03449809,P00372,HDFC0001234,1625.79,debit,2026-08-20 15:02:54,D00452
NB00019030,AC03449809,P00286,HDFC0001234,3827.1,debit,2026-07-19 17:33:17,D00452
NB00019039,AC03449809,P00348,SBIN0004321,5213.58,debit,2026-07-30 15:37:22,D00452
NB00019050,AC03449809,P00286,UTIB0000789,766.74,debit,2026-07-24 10:12:59,D00452
NB00019069,AC03449809,P00302,ICIC0005678,2519.62,debit,2026-08-31 08:39:10,D00452
NB00019075,AC03449809,P00372,HDFC0001234,6535.29,debit,2026-07-01 22:44:13,D00452
NB00019088,AC03449809,P00320,HDFC0001234,2811.25,debit,2026-09-02 19:45:55,D00452
NB00019093,AC03449809,E00408,HDFC0001234,101427.0,credit,2026-07-02 09:35:00,D00452
NB00019094,AC03449809,E00408,UTIB0000789,89442.0,credit,2026-08-01 09:19:00,D00452
NB00019095,AC03449809,E00408,SBIN0004321,74896.0,credit,2026-09-01 09:22:00,D00452
NB00019104,AC03453952,P00060,SBIN0004321,536.93,debit,2026-08-30 10:14:35,D00453
NB00019112,AC03453952,P00029,ICIC0005678,361.24,debit,2026-08-12 21:08:38,D00453
NB00019129,AC03453952,P00195,SBIN0004321,574.79,debit,2026-07-26 08:11:15,D00453
NB00019131,AC03453952,P00060,UTIB0000789,225.07,debit,2026-07-02 18:35:51,D00453
NB00019145,AC03453952,E00437,UTIB0000789,15769.0,credit,2026-07-03 09:48:00,D00453
NB00019146,AC03453952,E00437,UTIB0000789,16503.0,credit,2026-07-31 09:14:00,D00453
NB00019147,AC03453952,E00437,HDFC0001234,15998.0,credit,2026-08-31 09:13:00,D00453
NB00019149,AC03464482,P00290,HDFC0001234,764.83,debit,2026-08-15 21:21:36,D00454
NB00019158,AC03464482,P00231,HDFC0001234,332.79,debit,2026-08-10 13:02:33,D00454
NB00019161,AC03464482,P00198,UTIB0000789,1636.14,debit,2026-08-22 19:12:59,D00454
NB00019180,AC03464482,P00290,SBIN0004321,1871.02,debit,2026-09-05 14:09:59,D00454
NB00019188,AC03464482,P00108,UTIB0000789,1483.54,debit,2026-09-09 08:20:08,D00454
NB00019189,AC03464482,P00108,HDFC0001234,2562.96,debit,2026-07-27 09:41:24,D00454
NB00019202,AC03464482,P00198,HDFC0001234,1618.82,debit,2026-08-12 19:23:26,D00454
NB00019211,AC03464482,E00435,ICIC0005678,47366.0,credit,2026-07-02 09:28:00,D00454
NB00019212,AC03464482,E00435,ICIC0005678,47657.0,credit,2026-08-02 09:31:00,D00454
NB00019213,AC03464482,E00435,HDFC0001234,49364.0,credit,2026-08-30 09:03:00,D00454
NB00019214,AC03475318,P00246,ICIC0005678,205.15,debit,2026-07-20 18:30:49,D00455
NB00019241,AC03475318,P00089,UTIB0000789,1133.27,debit,2026-08-13 09:52:29,D00455
NB00019243,AC03475318,P00129,HDFC0001234,2281.29,debit,2026-09-11 20:31:00,D00455
NB00019264,AC03475318,P00035,SBIN0004321,444.54,debit,2026-09-09 06:47:31,D00455
NB00019272,AC03475318,P00297,SBIN0004321,388.37,debit,2026-08-07 21:40:43,D00455
NB00019284,AC03475318,P00281,ICIC0005678,4750.41,debit,2026-07-09 23:07:41,D00455
NB00019287,AC03475318,P00355,UTIB0000789,184.43,debit,2026-08-24 17:14:53,D00455
NB00019288,AC03475318,E00436,UTIB0000789,16432.0,credit,2026-07-02 09:37:00,D00455
NB00019289,AC03475318,E00436,SBIN0004321,16765.0,credit,2026-08-01 09:12:00,D00455
NB00019290,AC03475318,E00436,HDFC0001234,16105.0,credit,2026-08-31 09:25:00,D00455
NB00019293,AC03487415,P00125,HDFC0001234,336.13,debit,2026-07-31 18:45:09,D00456
NB00019297,AC03487415,P00125,SBIN0004321,630.08,debit,2026-08-10 21:50:43,D00456
NB00019302,AC03487415,P00171,SBIN0004321,3074.28,debit,2026-07-20 10:45:03,D00457
NB00019312,AC03487415,P00347,ICIC0005678,360.88,debit,2026-09-10 17:52:33,D00456
NB00019313,AC03487415,P00304,HDFC0001234,1447.78,debit,2026-08-04 19:40:39,D00456
NB00019314,AC03487415,P00326,UTIB0000789,571.42,debit,2026-09-05 14:12:23,D00456
NB00019316,AC03487415,P00289,ICIC0005678,223.85,debit,2026-07-27 11:53:05,D00456
NB00019324,AC03487415,P00347,SBIN0004321,925.34,debit,2026-09-06 16:18:53,D00456
NB00019332,AC03487415,P00125,HDFC0001234,389.15,debit,2026-09-07 21:26:01,D00456
NB00019338,AC03487415,P00347,HDFC0001234,303.57,debit,2026-08-13 21:50:05,D00456
NB00019348,AC03487415,P00347,ICIC0005678,2824.55,debit,2026-09-09 12:33:02,D00457
NB00019352,AC03487415,E00412,ICIC0005678,36064.0,credit,2026-07-03 09:45:00,D00456
NB00019353,AC03487415,E00412,ICIC0005678,36004.0,credit,2026-08-01 09:31:00,D00456
NB00019354,AC03487415,E00412,HDFC0001234,35923.0,credit,2026-08-31 09:13:00,D00456
NB00019357,AC03496163,P00393,HDFC0001234,1290.23,debit,2026-08-14 14:31:50,D00458
NB00019378,AC03496163,P00336,HDFC0001234,1095.22,debit,2026-07-06 14:58:29,D00459
NB00019389,AC03496163,P00336,SBIN0004321,1858.33,debit,2026-08-26 08:04:06,D00458
NB00019390,AC03496163,P00222,SBIN0004321,462.62,debit,2026-09-01 06:48:31,D00459
NB00019394,AC03496163,E00405,UTIB0000789,30424.0,credit,2026-07-03 09:02:00,D00459
NB00019395,AC03496163,E00405,HDFC0001234,30434.0,credit,2026-07-31 09:48:00,D00458
NB00019396,AC03496163,E00405,ICIC0005678,30680.0,credit,2026-08-31 09:06:00,D00458
NB00019400,AC03505824,P00186,UTIB0000789,339.44,debit,2026-08-03 19:04:20,D00460
NB00019429,AC03505824,E00441,HDFC0001234,13461.0,credit,2026-07-01 09:18:00,D00460
NB00019430,AC03505824,E00441,HDFC0001234,13451.0,credit,2026-08-02 09:43:00,D00460
NB00019431,AC03505824,E00441,SBIN0004321,13642.0,credit,2026-08-30 09:21:00,D00460
NB00019441,AC03518531,P00206,SBIN0004321,796.0,debit,2026-07-29 20:30:34,D00461
NB00019443,AC03518531,P00204,ICIC0005678,7583.42,debit,2026-07-16 08:40:43,D00461
NB00019448,AC03518531,P00317,HDFC0001234,2098.55,debit,2026-07-02 17:32:18,D00461
NB00019454,AC03518531,P00204,UTIB0000789,4624.84,debit,2026-08-31 19:42:19,D00461
NB00019457,AC03518531,P00395,ICIC0005678,3945.41,debit,2026-07-26 09:50:53,D00461
NB00019461,AC03518531,P00311,UTIB0000789,5268.28,debit,2026-09-03 17:50:31,D00461
NB00019468,AC03518531,E00426,ICIC0005678,45368.0,credit,2026-07-03 09:48:00,D00461
NB00019469,AC03518531,E00426,UTIB0000789,44945.0,credit,2026-07-31 09:11:00,D00461
NB00019470,AC03518531,E00426,ICIC0005678,46905.0,credit,2026-08-30 09:41:00,D00461
NB00019479,AC03525462,P00382,HDFC0001234,402.29,debit,2026-07-22 19:17:23,D00463
NB00019510,AC03525462,E00427,SBIN0004321,30956.0,credit,2026-07-03 09:56:00,D00463
NB00019511,AC03525462,E00427,UTIB0000789,31221.0,credit,2026-08-02 09:06:00,D00462
NB00019512,AC03525462,E00427,ICIC0005678,31112.0,credit,2026-08-30 09:26:00,D00462
NB00019522,AC03537920,P00355,ICIC0005678,171.15,debit,2026-07-10 11:05:06,D00464
NB00019526,AC03537920,P00334,HDFC0001234,227.4,debit,2026-07-23 16:45:40,D00464
NB00019532,AC03537920,P00355,UTIB0000789,430.65,debit,2026-08-06 10:38:47,D00464
NB00019535,AC03537920,P00217,UTIB0000789,253.44,debit,2026-08-12 19:07:43,D00464
NB00019536,AC03537920,P00355,ICIC0005678,327.23,debit,2026-07-28 14:54:13,D00464
NB00019537,AC03537920,P00250,UTIB0000789,190.62,debit,2026-07-14 11:10:00,D00464
NB00019539,AC03537920,E00404,SBIN0004321,13174.0,credit,2026-07-03 09:14:00,D00464
NB00019540,AC03537920,E00404,HDFC0001234,13009.0,credit,2026-08-01 09:28:00,D00464
NB00019541,AC03537920,E00404,ICIC0005678,13186.0,credit,2026-08-30 09:21:00,D00464
NB00019545,AC03549197,P00258,HDFC0001234,938.87,debit,2026-08-24 15:21:48,D00465
NB00019561,AC03549197,P00142,SBIN0004321,5318.72,debit,2026-07-25 18:40:10,D00465
NB00019564,AC03549197,P00095,ICIC0005678,791.19,debit,2026-07-19 16:41:04,D00465
NB00019568,AC03549197,P00323,ICIC0005678,12286.81,debit,2026-07-20 08:22:56,D00465
NB00019588,AC03549197,P00139,SBIN0004321,6189.86,debit,2026-08-07 11:08:38,D00465
NB00019591,AC03549197,P00066,UTIB0000789,19535.95,debit,2026-07-25 11:41:18,D00465
NB00019597,AC03549197,E00416,SBIN0004321,58363.0,credit,2026-07-01 09:16:00,D00465
NB00019598,AC03549197,E00416,SBIN0004321,57797.0,credit,2026-08-01 09:30:00,D00466
NB00019599,AC03549197,E00416,SBIN0004321,58237.0,credit,2026-08-30 09:57:00,D00465
NB00019612,AC03557084,P00102,SBIN0004321,7966.17,debit,2026-08-05 08:35:14,D00467
NB00019613,AC03557084,P00260,UTIB0000789,4359.04,debit,2026-09-02 17:15:30,D00467
NB00019615,AC03557084,P00110,HDFC0001234,1637.77,debit,2026-07-09 18:20:02,D00467
NB00019626,AC03557084,E00430,SBIN0004321,77320.0,credit,2026-07-03 09:30:00,D00467
NB00019627,AC03557084,E00430,SBIN0004321,78955.0,credit,2026-08-02 09:27:00,D00467
NB00019628,AC03557084,E00430,UTIB0000789,77306.0,credit,2026-09-01 09:34:00,D00467
NB00019631,AC03561317,P00217,ICIC0005678,1636.67,debit,2026-08-28 09:55:49,D00468
NB00019646,AC03561317,P00366,UTIB0000789,609.82,debit,2026-07-11 17:28:26,D00468
NB00019662,AC03561317,E00431,SBIN0004321,80380.0,credit,2026-07-01 09:09:00,D00468
NB00019663,AC03561317,E00431,HDFC0001234,80921.0,credit,2026-08-02 09:41:00,D00468
NB00019664,AC03561317,E00431,SBIN0004321,63188.0,credit,2026-08-31 09:13:00,D00468
NB00019675,AC03573371,P00393,HDFC0001234,310.31,debit,2026-08-05 13:14:55,D00469
NB00019687,AC03573371,P00393,ICIC0005678,1319.1,debit,2026-08-06 10:04:12,D00469
NB00019692,AC03573371,P00210,SBIN0004321,2554.69,debit,2026-07-19 23:36:03,D00469
NB00019701,AC03573371,P00129,ICIC0005678,14560.11,debit,2026-07-10 08:56:56,D00469
NB00019715,AC03573371,E00424,UTIB0000789,46318.0,credit,2026-07-02 09:02:00,D00469
NB00019716,AC03573371,E00424,ICIC0005678,44919.0,credit,2026-08-02 09:44:00,D00469
NB00019717,AC03573371,E00424,HDFC0001234,45958.0,credit,2026-08-31 09:12:00,D00469
NB00019744,AC03586559,P00300,SBIN0004321,3145.51,debit,2026-08-08 16:52:03,D00470
NB00019757,AC03586559,P00202,ICIC0005678,2446.94,debit,2026-09-01 08:16:44,D00470
NB00019767,AC03586559,P00300,UTIB0000789,4010.54,debit,2026-08-02 11:11:17,D00470
NB00019773,AC03586559,P00152,HDFC0001234,2467.08,debit,2026-07-02 19:28:00,D00470
NB00019780,AC03586559,P00132,HDFC0001234,4508.29,debit,2026-07-24 07:27:35,D00470
NB00019785,AC03586559,P00278,SBIN0004321,3267.02,debit,2026-09-02 19:46:59,D00470
NB00019786,AC03586559,E00418,SBIN0004321,39918.0,credit,2026-07-02 09:23:00,D00470
NB00019787,AC03586559,E00418,ICIC0005678,38921.0,credit,2026-08-01 09:41:00,D00470
NB00019788,AC03586559,E00418,SBIN0004321,38768.0,credit,2026-08-30 09:00:00,D00470
NB00019789,AC03595309,P00137,UTIB0000789,794.51,debit,2026-07-18 17:46:43,D00471
NB00019795,AC03595309,P00357,HDFC0001234,11903.96,debit,2026-07-02 12:53:38,D00471
NB00019834,AC03595309,E00438,SBIN0004321,73683.0,credit,2026-07-02 09:26:00,D00471
NB00019835,AC03595309,E00438,HDFC0001234,75603.0,credit,2026-08-01 09:59:00,D00471
NB00019836,AC03595309,E00438,SBIN0004321,74246.0,credit,2026-08-30 09:34:00,D00471
NB00019841,AC03603562,P00133,UTIB0000789,1164.97,debit,2026-09-09 20:21:36,D00472
NB00019842,AC03603562,P00319,UTIB0000789,2648.84,debit,2026-08-02 10:36:54,D00472
NB00019894,AC03603562,E00433,SBIN0004321,90934.0,credit,2026-07-03 09:26:00,D00472
NB00019895,AC03603562,E00433,HDFC0001234,88469.0,credit,2026-07-31 09:20:00,D00472
NB00019896,AC03603562,E00433,ICIC0005678,87236.0,credit,2026-08-31 09:09:00,D00472
NB00019901,AC03614018,P00236,HDFC0001234,855.1,debit,2026-07-22 10:06:48,D00473
NB00019902,AC03614018,P00355,UTIB0000789,4104.46,debit,2026-07-21 22:28:21,D00473
NB00019907,AC03614018,P00281,SBIN0004321,38535.78,debit,2026-08-31 19:51:01,D00473
NB00019919,AC03614018,P00096,HDFC0001234,2428.19,debit,2026-09-05 13:32:15,D00474
NB00019921,AC03614018,P00351,ICIC0005678,2844.62,debit,2026-07-05 16:56:22,D00473
NB00019930,AC03614018,P00058,ICIC0005678,920.46,debit,2026-09-12 19:02:27,D00474
NB00019937,AC03614018,P00351,HDFC0001234,1179.14,debit,2026-08-27 01:39:53,D00473
NB00019942,AC03614018,E00414,UTIB0000789,66414.0,credit,2026-07-03 09:16:00,D00474
NB00019943,AC03614018,E00414,HDFC0001234,67062.0,credit,2026-08-01 09:09:00,D00473
NB00019944,AC03614018,E00414,ICIC0005678,64948.0,credit,2026-08-30 09:02:00,D00473
NB00019949,AC03621705,P00400,UTIB0000789,1442.93,debit,2026-08-21 13:40:08,D00475
NB00019964,AC03621705,P00237,UTIB0000789,781.39,debit,2026-09-04 15:02:30,D00475
NB00019981,AC03621705,P00237,HDFC0001234,506.32,debit,2026-08-31 17:44:04,D00475
NB00019987,AC03621705,P00284,ICIC0005678,2006.44,debit,2026-08-23 01:29:52,D00475
NB00019996,AC03621705,E00417,SBIN0004321,23531.0,credit,2026-07-03 09:17:00,D00475
NB00019997,AC03621705,E00417,UTIB0000789,23539.0,credit,2026-08-01 09:03:00,D00475
NB00019998,AC03621705,E00417,HDFC0001234,23785.0,credit,2026-09-01 09:51:00,D00475
NB00020032,AC03633114,P00040,UTIB0000789,1847.65,debit,2026-07-18 10:57:51,D00476
NB00020033,AC03633114,P00340,SBIN0004321,3097.0,debit,2026-07-12 07:06:08,D00476
NB00020051,AC03633114,E00415,HDFC0001234,43223.0,credit,2026-07-02 09:15:00,D00476
NB00020052,AC03633114,E00415,UTIB0000789,42035.0,credit,2026-08-01 09:55:00,D00476
NB00020053,AC03633114,E00415,ICIC0005678,40789.0,credit,2026-08-31 09:57:00,D00476
NB00020070,AC03648044,P00224,SBIN0004321,496.44,debit,2026-07-01 20:14:10,D00477
NB00020094,AC03648044,P00374,HDFC0001234,1681.37,debit,2026-08-10 16:50:52,D00477
NB00020097,AC03648044,P00294,UTIB0000789,7359.37,debit,2026-07-12 18:50:47,D00477
NB00020098,AC03648044,P00223,SBIN0004321,1600.95,debit,2026-08-21 20:10:52,D00477
NB00020102,AC03648044,P00086,UTIB0000789,1588.31,debit,2026-08-01 11:48:07,D00477
NB00020103,AC03648044,E00437,SBIN0004321,47486.0,credit,2026-07-02 09:35:00,D00477
NB00020104,AC03648044,E00437,HDFC0001234,39777.0,credit,2026-08-02 09:52:00,D00477
NB00020105,AC03648044,E00437,UTIB0000789,32927.0,credit,2026-08-30 09:14:00,D00477
NB00020111,AC03651092,P00330,HDFC0001234,352.66,debit,2026-08-17 18:16:35,D00478
NB00020146,AC03651092,P00067,SBIN0004321,3616.94,debit,2026-08-09 10:04:57,D00478
NB00020147,AC03651092,P00340,SBIN0004321,814.2,debit,2026-09-03 19:09:42,D00478
NB00020170,AC03651092,E00427,SBIN0004321,15622.0,credit,2026-07-03 09:44:00,D00478
NB00020171,AC03651092,E00427,ICIC0005678,15615.0,credit,2026-07-31 09:11:00,D00478
NB00020172,AC03651092,E00427,ICIC0005678,15350.0,credit,2026-08-30 09:04:00,D00478
NB00020175,AC03668530,P00151,SBIN0004321,13253.67,debit,2026-09-09 17:27:49,D00479
NB00020177,AC03668530,P00067,UTIB0000789,2395.48,debit,2026-07-10 10:35:01,D00479
NB00020200,AC03668530,E00436,SBIN0004321,48893.0,credit,2026-07-03 09:16:00,D00479
NB00020201,AC03668530,E00436,HDFC0001234,47454.0,credit,2026-08-02 09:58:00,D00479
NB00020202,AC03668530,E00436,HDFC0001234,48799.0,credit,2026-09-01 09:03:00,D00479
NB00020215,AC03674054,P00134,ICIC0005678,5177.83,debit,2026-09-08 21:38:56,D00480
NB00020217,AC03674054,P00323,HDFC0001234,9508.38,debit,2026-07-18 07:40:19,D00480
NB00020219,AC03674054,P00330,SBIN0004321,2541.28,debit,2026-07-12 17:43:05,D00480
NB00020226,AC03674054,P00263,SBIN0004321,13321.11,debit,2026-07-24 13:34:33,D00480
NB00020237,AC03674054,P00031,UTIB0000789,9003.32,debit,2026-08-23 20:14:21,D00480
NB00020238,AC03674054,P00379,HDFC0001234,2600.21,debit,2026-07-24 15:55:30,D00480
NB00020240,AC03674054,P00165,HDFC0001234,2467.99,debit,2026-07-23 15:54:21,D00480
NB00020252,AC03674054,P00165,ICIC0005678,1978.54,debit,2026-09-06 20:05:07,D00480
NB00020261,AC03674054,P00167,SBIN0004321,2213.25,debit,2026-07-02 20:39:01,D00480
NB00020266,AC03674054,E00414,HDFC0001234,117898.0,credit,2026-07-02 09:51:00,D00480
NB00020267,AC03674054,E00414,HDFC0001234,115828.0,credit,2026-08-01 09:10:00,D00480
NB00020268,AC03674054,E00414,HDFC0001234,119454.0,credit,2026-09-01 09:15:00,D00480
NB00020274,AC03688270,P00353,UTIB0000789,5554.2,debit,2026-07-21 20:07:13,D00481
NB00020280,AC03688270,P00331,SBIN0004321,1750.01,debit,2026-08-22 08:29:36,D00481
NB00020281,AC03688270,P00324,HDFC0001234,14247.66,debit,2026-09-08 21:49:49,D00481
NB00020283,AC03688270,P00323,HDFC0001234,18495.63,debit,2026-08-16 14:48:15,D00481
NB00020287,AC03688270,E00406,UTIB0000789,53396.0,credit,2026-07-02 09:40:00,D00481
NB00020288,AC03688270,E00406,ICIC0005678,51981.0,credit,2026-08-02 09:15:00,D00481
NB00020289,AC03688270,E00406,UTIB0000789,53526.0,credit,2026-08-31 09:18:00,D00481
NB00020296,AC03693304,P00039,ICIC0005678,5319.92,debit,2026-07-28 07:59:45,D00482
NB00020297,AC03693304,P00243,SBIN0004321,2351.72,debit,2026-08-08 00:15:53,D00483
NB00020303,AC03693304,P00039,ICIC0005678,16579.85,debit,2026-07-08 14:22:58,D00483
NB00020306,AC03693304,P00250,UTIB0000789,6379.59,debit,2026-09-10 11:05:12,D00482
NB00020307,AC03693304,P00039,ICIC0005678,9949.87,debit,2026-07-06 18:18:05,D00482
NB00020332,AC03693304,E00408,SBIN0004321,77428.0,credit,2026-07-01 09:20:00,D00482
NB00020333,AC03693304,E00408,ICIC0005678,77975.0,credit,2026-08-01 09:58:00,D00483
NB00020334,AC03693304,E00408,SBIN0004321,79225.0,credit,2026-08-30 09:16:00,D00482
NB00020364,AC03708458,P00123,HDFC0001234,277.04,debit,2026-08-06 15:59:47,D00484
NB00020374,AC03708458,P00038,SBIN0004321,1569.26,debit,2026-07-24 21:52:04,D00484
NB00020376,AC03708458,P00167,ICIC0005678,616.0,debit,2026-08-12 17:34:55,D00484
NB00020383,AC03708458,P00167,UTIB0000789,2057.38,debit,2026-07-01 21:46:51,D00484
NB00020385,AC03708458,P00216,ICIC0005678,1876.22,debit,2026-08-15 16:41:39,D00484
NB00020386,AC03708458,E00409,HDFC0001234,41184.0,credit,2026-07-03 09:40:00,D00484
NB00020387,AC03708458,E00409,SBIN0004321,41683.0,credit,2026-08-02 09:19:00,D00484
NB00020388,AC03708458,E00409,ICIC0005678,33265.0,credit,2026-09-01 09:27:00,D00484
NB00020391,AC03716146,P00358,HDFC0001234,3813.59,debit,2026-07-29 21:42:11,D00485
NB00020392,AC03716146,P00112,ICIC0005678,1466.23,debit,2026-09-13 22:41:02,D00485
NB00020405,AC03716146,P00003,HDFC0001234,727.78,debit,2026-07-17 12:06:57,D00485
NB00020412,AC03716146,P00333,SBIN0004321,981.24,debit,2026-07-03 10:56:12,D00485
NB00020434,AC03716146,E00415,ICIC0005678,36403.0,credit,2026-07-01 09:03:00,D00485
NB00020435,AC03716146,E00415,UTIB0000789,36753.0,credit,2026-08-02 09:28:00,D00485
NB00020436,AC03716146,E00415,UTIB0000789,36234.0,credit,2026-08-30 09:22:00,D00485
NB00020439,AC03728662,P00062,ICIC0005678,2664.55,debit,2026-09-04 14:41:46,D00486
NB00020441,AC03728662,P00158,UTIB0000789,2163.08,debit,2026-08-23 07:46:09,D00486
NB00020449,AC03728662,P00349,UTIB0000789,273.83,debit,2026-08-23 20:08:48,D00486
NB00020452,AC03728662,P00079,HDFC0001234,2834.13,debit,2026-08-22 11:56:09,D00486
NB00020479,AC03728662,P00079,HDFC0001234,1881.06,debit,2026-07-07 06:11:04,D00486
NB00020480,AC03728662,P00358,ICIC0005678,2085.96,debit,2026-07-20 19:51:08,D00486
NB00020485,AC03728662,E00426,ICIC0005678,45927.0,credit,2026-07-03 09:02:00,D00486
NB00020486,AC03728662,E00426,UTIB0000789,45555.0,credit,2026-08-02 09:08:00,D00486
NB00020487,AC03728662,E00426,HDFC0001234,45168.0,credit,2026-08-31 09:51:00,D00486
NB00020496,AC03731560,P00264,ICIC0005678,721.61,debit,2026-07-02 10:45:26,D00487
NB00020521,AC03731560,P00264,HDFC0001234,220.7,debit,2026-09-10 01:00:45,D00487
NB00020532,AC03731560,E00408,SBIN0004321,25590.0,credit,2026-07-03 09:20:00,D00487
NB00020533,AC03731560,E00408,HDFC0001234,25948.0,credit,2026-07-31 09:59:00,D00487
NB00020534,AC03731560,E00408,SBIN0004321,25704.0,credit,2026-08-31 09:26:00,D00487
NB00020539,AC03748176,P00151,ICIC0005678,4325.03,debit,2026-08-22 11:58:29,D00488
NB00020543,AC03748176,P00004,ICIC0005678,654.18,debit,2026-09-12 16:52:54,D00488
NB00020544,AC03748176,P00004,SBIN0004321,887.05,debit,2026-08-29 13:47:56,D00489
NB00020554,AC03748176,P00151,HDFC0001234,22747.47,debit,2026-07-12 20:14:41,D00488
NB00020555,AC03748176,P00293,HDFC0001234,1547.18,debit,2026-08-11 19:06:26,D00488
NB00020562,AC03748176,P00284,SBIN0004321,1065.18,debit,2026-07-02 08:28:10,D00488
NB00020572,AC03748176,P00264,UTIB0000789,471.93,debit,2026-07-29 13:23:47,D00489
NB00020580,AC03748176,E00437,ICIC0005678,23617.0,credit,2026-07-03 09:20:00,D00488
NB00020581,AC03748176,E00437,UTIB0000789,23274.0,credit,2026-08-01 09:27:00,D00488
NB00020582,AC03748176,E00437,SBIN0004321,23399.0,credit,2026-08-31 09:16:00,D00489
NB00020583,AC03753434,P00211,SBIN0004321,1183.28,debit,2026-08-19 15:38:58,D00490
NB00020599,AC03753434,P00282,UTIB0000789,2818.83,debit,2026-08-26 15:11:41,D00490
NB00020600,AC03753434,P00142,HDFC0001234,6110.44,debit,2026-09-13 15:06:21,D00490
NB00020614,AC03753434,P00142,UTIB0000789,3741.81,debit,2026-07-09 08:12:18,D00490
NB00020623,AC03753434,E00414,ICIC0005678,72735.0,credit,2026-07-02 09:26:00,D00490
NB00020624,AC03753434,E00414,ICIC0005678,69150.0,credit,2026-07-31 09:19:00,D00490
NB00020625,AC03753434,E00414,ICIC0005678,71210.0,credit,2026-08-30 09:08:00,D00490
NB00020630,AC03764229,P00175,HDFC0001234,8366.22,debit,2026-09-10 16:33:54,D00491
NB00020638,AC03764229,P00177,SBIN0004321,642.14,debit,2026-08-08 16:20:22,D00491
NB00020646,AC03764229,P00268,HDFC0001234,14433.14,debit,2026-09-12 20:54:49,D00491
NB00020656,AC03764229,P00177,SBIN0004321,728.83,debit,2026-07-30 15:00:29,D00491
NB00020659,AC03764229,E00413,HDFC0001234,76331.0,credit,2026-07-01 09:05:00,D00492
NB00020660,AC03764229,E00413,HDFC0001234,74211.0,credit,2026-08-02 09:06:00,D00492
NB00020661,AC03764229,E00413,SBIN0004321,75979.0,credit,2026-09-01 09:52:00,D00491
NB00020679,AC03771402,P00004,UTIB0000789,1257.0,debit,2026-07-16 19:04:32,D00493
NB00020684,AC03771402,P00293,HDFC0001234,137.78,debit,2026-09-02 23:20:10,D00493
NB00020700,AC03771402,P00268,SBIN0004321,1970.77,debit,2026-07-07 18:34:22,D00493
NB00020711,AC03771402,P00269,UTIB0000789,4503.88,debit,2026-08-20 12:43:00,D00493
NB00020714,AC03771402,P00323,HDFC0001234,2342.15,debit,2026-08-08 02:13:47,D00493
NB00020735,AC03771402,P00219,HDFC0001234,657.42,debit,2026-09-04 23:22:26,D00493
NB00020740,AC03771402,E00436,UTIB0000789,23331.0,credit,2026-07-02 09:30:00,D00493
NB00020741,AC03771402,E00436,UTIB0000789,22694.0,credit,2026-08-02 09:50:00,D00493
NB00020742,AC03771402,E00436,SBIN0004321,23230.0,credit,2026-08-30 09:19:00,D00493
NB00020751,AC03789585,P00287,HDFC0001234,7406.44,debit,2026-08-31 04:35:21,D00494
NB00020788,AC03789585,P00192,ICIC0005678,8795.5,debit,2026-08-21 21:58:07,D00494
NB00020810,AC03789585,P00392,UTIB0000789,3687.62,debit,2026-07-21 09:54:49,D00494
NB00020813,AC03789585,P00371,HDFC0001234,2125.51,debit,2026-08-10 09:31:43,D00494
NB00020815,AC03789585,E00433,ICIC0005678,61129.0,credit,2026-07-03 09:22:00,D00494
NB00020816,AC03789585,E00433,HDFC0001234,62085.0,credit,2026-08-01 09:56:00,D00494
NB00020817,AC03789585,E00433,HDFC0001234,62320.0,credit,2026-08-31 09:02:00,D00494
NB00020820,AC03796772,P00348,UTIB0000789,4558.72,debit,2026-07-21 17:16:05,D00495
NB00020829,AC03796772,P00186,SBIN0004321,1575.77,debit,2026-08-31 08:13:45,D00495
NB00020830,AC03796772,P00113,UTIB0000789,2871.93,debit,2026-07-22 18:02:26,D00495
NB00020835,AC03796772,P00113,ICIC0005678,7142.13,debit,2026-07-22 15:13:59,D00495
NB00020836,AC03796772,P00186,HDFC0001234,2714.11,debit,2026-08-20 15:05:50,D00495
NB00020846,AC03796772,P00251,SBIN0004321,628.12,debit,2026-07-14 20:19:30,D00495
NB00020855,AC03796772,E00421,HDFC0001234,36618.0,credit,2026-07-03 09:31:00,D00495
NB00020856,AC03796772,E00421,HDFC0001234,36440.0,credit,2026-07-31 09:59:00,D00495
NB00020857,AC03796772,E00421,HDFC0001234,36558.0,credit,2026-08-31 09:01:00,D00495
NB00020867,AC03809827,P00352,SBIN0004321,297.45,debit,2026-07-27 08:39:30,D00496
NB00020879,AC03809827,P00052,UTIB0000789,3005.13,debit,2026-07-10 17:26:46,D00496
NB00020889,AC03809827,P00364,UTIB0000789,527.4,debit,2026-08-27 08:36:02,D00496
NB00020896,AC03809827,E00421,ICIC0005678,44206.0,credit,2026-07-01 09:10:00,D00496
NB00020897,AC03809827,E00421,SBIN0004321,44979.0,credit,2026-08-01 09:38:00,D00496
NB00020898,AC03809827,E00421,SBIN0004321,44462.0,credit,2026-08-30 09:28:00,D00496
NB00020909,AC03816113,P00339,SBIN0004321,1000.9,debit,2026-08-04 13:21:58,D00497
NB00020918,AC03816113,P00083,UTIB0000789,4810.39,debit,2026-08-06 10:19:09,D00497
NB00020927,AC03816113,P00339,UTIB0000789,565.39,debit,2026-08-15 14:14:01,D00497
NB00020958,AC03816113,P00105,ICIC0005678,4251.36,debit,2026-07-11 16:05:58,D00497
NB00020961,AC03816113,E00418,ICIC0005678,48540.0,credit,2026-07-01 09:37:00,D00497
NB00020962,AC03816113,E00418,ICIC0005678,48290.0,credit,2026-07-31 09:30:00,D00497
NB00020963,AC03816113,E00418,SBIN0004321,48288.0,credit,2026-08-31 09:36:00,D00497
NB00020970,AC03822423,P00376,HDFC0001234,1057.15,debit,2026-09-12 22:28:28,D00498
NB00020971,AC03822423,P00395,SBIN0004321,10418.84,debit,2026-07-26 08:51:30,D00498
NB00020986,AC03822423,P00388,UTIB0000789,2682.44,debit,2026-07-17 11:22:54,D00498
NB00020990,AC03822423,P00376,UTIB0000789,1058.17,debit,2026-08-29 11:23:50,D00498
NB00020991,AC03822423,P00376,HDFC0001234,1383.28,debit,2026-08-02 11:00:19,D00498
NB00020993,AC03822423,P00221,ICIC0005678,1444.75,debit,2026-08-29 16:00:35,D00498
NB00021014,AC03822423,E00408,SBIN0004321,64106.0,credit,2026-07-02 09:40:00,D00498
NB00021015,AC03822423,E00408,SBIN0004321,62191.0,credit,2026-07-31 09:03:00,D00498
NB00021016,AC03822423,E00408,SBIN0004321,61985.0,credit,2026-09-01 09:14:00,D00498
NB00021019,AC03834036,P00214,ICIC0005678,566.04,debit,2026-07-11 18:09:56,D00499
NB00021021,AC03834036,P00338,ICIC0005678,2152.58,debit,2026-09-09 19:29:53,D00499
NB00021023,AC03834036,P00239,HDFC0001234,1180.21,debit,2026-08-01 14:49:02,D00499
NB00021059,AC03834036,P00387,HDFC0001234,7340.82,debit,2026-07-02 13:26:57,D00499
NB00021061,AC03834036,P00214,UTIB0000789,2409.18,debit,2026-07-18 10:46:44,D00499
NB00021062,AC03834036,P00088,SBIN0004321,384.7,debit,2026-07-19 19:15:39,D00500
NB00021081,AC03834036,P00151,ICIC0005678,3126.55,debit,2026-09-01 23:20:08,D00499
NB00021086,AC03834036,E00425,HDFC0001234,39390.0,credit,2026-07-01 09:23:00,D00499
NB00021087,AC03834036,E00425,SBIN0004321,38648.0,credit,2026-07-31 09:40:00,D00499
NB00021088,AC03834036,E00425,ICIC0005678,38695.0,credit,2026-08-31 09:07:00,D00499
NB00021095,AC03844958,P00324,HDFC0001234,5026.01,debit,2026-07-16 07:52:18,D00501
NB00021099,AC03844958,P00283,SBIN0004321,10053.63,debit,2026-09-06 16:11:36,D00501
NB00021106,AC03844958,P00325,HDFC0001234,13882.83,debit,2026-08-05 13:50:03,D00501
NB00021121,AC03844958,P00374,ICIC0005678,12009.66,debit,2026-07-14 11:27:11,D00501
NB00021130,AC03844958,P00374,HDFC0001234,6234.41,debit,2026-07-25 12:13:22,D00501
NB00021134,AC03844958,E00415,SBIN0004321,77616.0,credit,2026-07-03 09:34:00,D00501
NB00021135,AC03844958,E00415,UTIB0000789,75291.0,credit,2026-08-02 09:30:00,D00501
NB00021136,AC03844958,E00415,SBIN0004321,75660.0,credit,2026-09-01 09:55:00,D00501
NB00021154,AC03852325,P00154,HDFC0001234,2124.44,debit,2026-07-24 04:56:50,D00502
NB00021166,AC03852325,P00339,ICIC0005678,430.53,debit,2026-08-26 06:56:48,D00502
NB00021167,AC03852325,P00212,SBIN0004321,539.79,debit,2026-07-29 10:56:07,D00502
NB00021174,AC03852325,P00013,UTIB0000789,7049.11,debit,2026-08-07 08:59:57,D00502
NB00021175,AC03852325,E00413,SBIN0004321,44125.0,credit,2026-07-01 09:31:00,D00502
NB00021176,AC03852325,E00413,SBIN0004321,38759.0,credit,2026-08-02 09:33:00,D00502
NB00021177,AC03852325,E00413,SBIN0004321,32130.0,credit,2026-09-01 09:37:00,D00502
NB00021183,AC03869382,P00243,UTIB0000789,1777.67,debit,2026-09-02 19:33:54,D00503
NB00021192,AC03869382,P00087,HDFC0001234,764.61,debit,2026-07-28 23:00:30,D00503
NB00021194,AC03869382,P00343,SBIN0004321,9934.53,debit,2026-07-11 14:45:07,D00503
NB00021195,AC03869382,P00161,HDFC0001234,917.07,debit,2026-08-23 12:00:30,D00503
NB00021205,AC03869382,P00187,UTIB0000789,2625.45,debit,2026-09-02 14:32:10,D00503
NB00021223,AC03869382,P00161,SBIN0004321,487.63,debit,2026-08-01 16:36:43,D00503
NB00021226,AC03869382,P00001,ICIC0005678,1957.0,debit,2026-08-04 17:30:01,D00503
NB00021230,AC03869382,P00399,UTIB0000789,648.07,debit,2026-08-10 06:18:50,D00503
NB00021239,AC03869382,P00399,UTIB0000789,436.46,debit,2026-08-22 18:04:36,D00503
NB00021241,AC03869382,E00431,UTIB0000789,52656.0,credit,2026-07-01 09:03:00,D00503
NB00021242,AC03869382,E00431,UTIB0000789,52467.0,credit,2026-07-31 09:42:00,D00503
NB00021243,AC03869382,E00431,ICIC0005678,40609.0,credit,2026-08-31 09:37:00,D00503
NB00021264,AC03879620,P00280,HDFC0001234,1828.12,debit,2026-07-01 21:30:04,D00504
NB00021281,AC03879620,E00417,UTIB0000789,25195.0,credit,2026-07-02 09:11:00,D00504
NB00021282,AC03879620,E00417,HDFC0001234,24831.0,credit,2026-07-31 09:18:00,D00504
NB00021283,AC03879620,E00417,UTIB0000789,24821.0,credit,2026-09-01 09:57:00,D00504
NB00021301,AC03886070,P00235,SBIN0004321,57732.62,debit,2026-07-23 18:56:14,D00505
NB00021304,AC03886070,P00235,UTIB0000789,8614.78,debit,2026-08-05 11:55:45,D00505
NB00021322,AC03886070,P00293,UTIB0000789,2952.14,debit,2026-08-23 19:55:15,D00505
NB00021325,AC03886070,P00392,HDFC0001234,3823.95,debit,2026-08-21 12:12:05,D00505
NB00021328,AC03886070,P00114,UTIB0000789,2827.89,debit,2026-07-26 19:54:40,D00505
NB00021335,AC03886070,P00214,ICIC0005678,2395.42,debit,2026-08-27 18:40:44,D00505
NB00021346,AC03886070,E00421,SBIN0004321,114935.0,credit,2026-07-02 09:48:00,D00505
NB00021347,AC03886070,E00421,ICIC0005678,112008.0,credit,2026-07-31 09:22:00,D00505
NB00021348,AC03886070,E00421,SBIN0004321,111435.0,credit,2026-08-30 09:59:00,D00505
NB00021356,AC03896258,P00120,HDFC0001234,2681.9,debit,2026-08-12 18:47:21,D00506
NB00021366,AC03896258,P00147,SBIN0004321,9178.09,debit,2026-08-27 15:40:45,D00506
NB00021372,AC03896258,P00074,UTIB0000789,18324.41,debit,2026-07-06 17:21:16,D00506
NB00021380,AC03896258,P00083,HDFC0001234,7363.29,debit,2026-08-28 14:08:17,D00506
NB00021391,AC03896258,E00419,SBIN0004321,48161.0,credit,2026-07-01 09:10:00,D00506
NB00021392,AC03896258,E00419,HDFC0001234,48731.0,credit,2026-07-31 09:47:00,D00506
NB00021393,AC03896258,E00419,HDFC0001234,47594.0,credit,2026-08-31 09:21:00,D00506
NB00021398,AC03907330,P00175,SBIN0004321,6938.04,debit,2026-08-29 08:45:37,D00507
NB00021417,AC03907330,E00417,UTIB0000789,53868.0,credit,2026-07-02 09:14:00,D00507
NB00021418,AC03907330,E00417,HDFC0001234,54835.0,credit,2026-07-31 09:05:00,D00507
NB00021419,AC03907330,E00417,SBIN0004321,53065.0,credit,2026-09-01 09:48:00,D00507
NB00021427,AC03917111,P00162,SBIN0004321,894.77,debit,2026-08-24 12:18:58,D00508
NB00021428,AC03917111,P00195,HDFC0001234,573.86,debit,2026-08-21 06:55:00,D00508
NB00021441,AC03917111,P00044,ICIC0005678,1770.03,debit,2026-08-08 19:23:21,D00508
NB00021443,AC03917111,P00287,ICIC0005678,1227.62,debit,2026-07-12 10:37:41,D00508
NB00021455,AC03917111,P00119,ICIC0005678,220.2,debit,2026-09-11 14:54:20,D00508
NB00021458,AC03917111,P00360,ICIC0005678,393.44,debit,2026-07-15 22:18:54,D00508
NB00021482,AC03917111,P00100,UTIB0000789,1303.79,debit,2026-08-19 15:17:48,D00508
NB00021494,AC03917111,P00119,SBIN0004321,638.91,debit,2026-08-18 17:21:54,D00508
NB00021495,AC03917111,E00439,SBIN0004321,17253.0,credit,2026-07-03 09:55:00,D00508
NB00021496,AC03917111,E00439,SBIN0004321,16591.0,credit,2026-08-01 09:03:00,D00508
NB00021497,AC03917111,E00439,SBIN0004321,16937.0,credit,2026-08-30 09:05:00,D00508
NB00021498,AC03921563,P00160,SBIN0004321,9964.02,debit,2026-08-27 21:11:59,D00510
NB00021513,AC03921563,P00282,SBIN0004321,2528.77,debit,2026-09-03 14:32:44,D00510
NB00021514,AC03921563,P00100,SBIN0004321,1934.63,debit,2026-09-11 21:25:35,D00510
NB00021517,AC03921563,P00391,ICIC0005678,1862.36,debit,2026-08-11 19:34:06,D00509
NB00021521,AC03921563,P00388,UTIB0000789,2295.59,debit,2026-07-25 17:45:52,D00510
NB00021524,AC03921563,P00095,ICIC0005678,530.59,debit,2026-08-27 20:57:42,D00509
NB00021527,AC03921563,P00186,UTIB0000789,969.79,debit,2026-07-10 21:28:09,D00509
NB00021537,AC03921563,P00154,UTIB0000789,803.6,debit,2026-08-18 22:23:03,D00509
NB00021544,AC03921563,P00186,UTIB0000789,1276.89,debit,2026-07-07 12:35:24,D00509
NB00021559,AC03921563,P00391,UTIB0000789,974.18,debit,2026-07-18 22:54:29,D00510
NB00021567,AC03921563,P00315,UTIB0000789,2808.72,debit,2026-08-20 18:36:40,D00509
NB00021577,AC03921563,E00409,HDFC0001234,24596.0,credit,2026-07-02 09:10:00,D00509
NB00021578,AC03921563,E00409,HDFC0001234,24801.0,credit,2026-07-31 09:58:00,D00509
NB00021579,AC03921563,E00409,HDFC0001234,25691.0,credit,2026-08-30 09:28:00,D00510
NB00021593,AC03935781,P00367,UTIB0000789,2066.6,debit,2026-07-08 17:47:44,D00511
NB00021605,AC03935781,E00404,HDFC0001234,71706.0,credit,2026-07-02 09:40:00,D00511
NB00021606,AC03935781,E00404,HDFC0001234,71819.0,credit,2026-08-02 09:59:00,D00511
NB00021607,AC03935781,E00404,UTIB0000789,69066.0,credit,2026-08-30 09:46:00,D00511
NB00021611,AC03947993,P00205,HDFC0001234,1850.9,debit,2026-09-11 08:21:25,D00513
NB00021613,AC03947993,P00205,ICIC0005678,1972.89,debit,2026-08-02 15:30:38,D00513
NB00021619,AC03947993,P00205,ICIC0005678,757.36,debit,2026-08-26 17:55:43,D00513
NB00021624,AC03947993,P00355,HDFC0001234,983.08,debit,2026-07-09 15:35:47,D00513
NB00021636,AC03947993,P00205,SBIN0004321,1729.63,debit,2026-08-19 20:00:12,D00513
NB00021643,AC03947993,P00030,UTIB0000789,7093.17,debit,2026-08-23 06:35:48,D00513
NB00021647,AC03947993,P00345,UTIB0000789,3181.77,debit,2026-07-11 17:06:05,D00513
NB00021655,AC03947993,P00030,UTIB0000789,3221.74,debit,2026-07-08 07:01:16,D00513
NB00021658,AC03947993,E00405,UTIB0000789,43208.0,credit,2026-07-02 09:50:00,D00513
NB00021659,AC03947993,E00405,SBIN0004321,44124.0,credit,2026-07-31 09:09:00,D00513
NB00021660,AC03947993,E00405,HDFC0001234,44371.0,credit,2026-08-30 09:37:00,D00513
NB00021664,AC03958257,P00297,SBIN0004321,521.57,debit,2026-08-20 16:31:55,D00514
NB00021671,AC03958257,P00200,HDFC0001234,512.25,debit,2026-07-22 21:26:27,D00514
NB00021715,AC03958257,P00021,HDFC0001234,456.2,debit,2026-08-10 08:00:58,D00514
NB00021716,AC03958257,P00025,UTIB0000789,729.6,debit,2026-07-06 08:45:40,D00514
NB00021727,AC03958257,P00375,HDFC0001234,437.08,debit,2026-09-01 16:18:11,D00514
NB00021736,AC03958257,P00200,UTIB0000789,1184.8,debit,2026-09-02 20:35:05,D00514
NB00021744,AC03958257,P00025,HDFC0001234,916.21,debit,2026-07-20 18:47:12,D00514
NB00021761,AC03958257,E00410,UTIB0000789,14425.0,credit,2026-07-02 09:19:00,D00514
NB00021762,AC03958257,E00410,HDFC0001234,14473.0,credit,2026-08-02 09:37:00,D00514
NB00021763,AC03958257,E00410,SBIN0004321,14352.0,credit,2026-09-01 09:14:00,D00514
NB00021764,AC03966363,P00109,ICIC0005678,5200.57,debit,2026-07-30 15:48:59,D00515
NB00021773,AC03966363,P00236,ICIC0005678,1623.63,debit,2026-07-19 13:22:51,D00515
NB00021784,AC03966363,P00236,SBIN0004321,2055.31,debit,2026-07-24 08:22:41,D00515
NB00021791,AC03966363,P00213,ICIC0005678,2880.45,debit,2026-08-27 14:29:09,D00515
NB00021792,AC03966363,P00060,SBIN0004321,2177.89,debit,2026-07-08 20:00:12,D00515
NB00021808,AC03966363,P00264,HDFC0001234,1302.69,debit,2026-08-14 13:50:52,D00515
NB00021832,AC03966363,P00245,ICIC0005678,14555.68,debit,2026-07-28 16:43:46,D00515
NB00021835,AC03966363,P00313,SBIN0004321,2690.89,debit,2026-07-23 09:36:04,D00515
NB00021838,AC03966363,E00418,ICIC0005678,65489.0,credit,2026-07-03 09:11:00,D00515
NB00021839,AC03966363,E00418,SBIN0004321,63445.0,credit,2026-07-31 09:45:00,D00515
NB00021840,AC03966363,E00418,UTIB0000789,63930.0,credit,2026-08-30 09:42:00,D00515
NB00021861,AC03979066,P00188,UTIB0000789,496.24,debit,2026-08-14 21:22:46,D00516
NB00021880,AC03979066,E00438,SBIN0004321,29036.0,credit,2026-07-02 09:09:00,D00516
NB00021881,AC03979066,E00438,HDFC0001234,29481.0,credit,2026-07-31 09:13:00,D00516
NB00021882,AC03979066,E00438,SBIN0004321,28586.0,credit,2026-08-30 09:35:00,D00516
NB00021893,AC03986275,P00033,HDFC0001234,16541.24,debit,2026-08-10 13:50:51,D00517
NB00021911,AC03986275,P00296,UTIB0000789,3064.0,debit,2026-08-04 08:23:14,D00517
NB00021926,AC03986275,E00438,SBIN0004321,78349.0,credit,2026-07-02 09:13:00,D00517
NB00021927,AC03986275,E00438,HDFC0001234,75523.0,credit,2026-08-02 09:05:00,D00517
NB00021928,AC03986275,E00438,SBIN0004321,78346.0,credit,2026-09-01 09:03:00,D00518
NB00021936,AC03994444,P00219,SBIN0004321,999.26,debit,2026-08-04 16:45:51,D00519
NB00021937,AC03994444,P00358,SBIN0004321,7465.02,debit,2026-07-21 16:47:43,D00519
NB00021945,AC03994444,P00301,ICIC0005678,552.33,debit,2026-08-07 14:06:45,D00519
NB00021963,AC03994444,P00301,UTIB0000789,289.83,debit,2026-07-02 16:45:02,D00519
NB00021976,AC03994444,P00290,ICIC0005678,538.86,debit,2026-08-18 12:24:29,D00519
NB00021995,AC03994444,P00219,HDFC0001234,854.06,debit,2026-08-19 11:39:09,D00519
NB00022009,AC03994444,E00424,HDFC0001234,35463.0,credit,2026-07-03 09:34:00,D00519
NB00022010,AC03994444,E00424,SBIN0004321,36343.0,credit,2026-08-01 09:52:00,D00519
NB00022011,AC03994444,E00424,UTIB0000789,37287.0,credit,2026-09-01 09:18:00,D00519
NB00022015,AC04004983,P00017,HDFC0001234,4005.29,debit,2026-08-02 18:40:40,D00520
NB00022021,AC04004983,P00017,ICIC0005678,2991.43,debit,2026-08-20 07:53:57,D00520
NB00022034,AC04004983,P00285,SBIN0004321,6438.87,debit,2026-09-04 12:31:17,D00520
NB00022035,AC04004983,E00441,ICIC0005678,42540.0,credit,2026-07-03 09:01:00,D00520
NB00022036,AC04004983,E00441,ICIC0005678,42366.0,credit,2026-08-02 09:25:00,D00520
NB00022037,AC04004983,E00441,UTIB0000789,41438.0,credit,2026-09-01 09:47:00,D00520
NB00022040,AC04017209,P00271,UTIB0000789,2109.94,debit,2026-08-12 17:44:08,D00521
NB00022049,AC04017209,P00129,HDFC0001234,10829.59,debit,2026-07-17 12:55:53,D00521
NB00022065,AC04017209,P00271,HDFC0001234,3555.84,debit,2026-08-11 17:04:26,D00521
NB00022067,AC04017209,P00002,HDFC0001234,1657.33,debit,2026-08-11 20:21:46,D00521
NB00022073,AC04017209,P00002,HDFC0001234,2345.67,debit,2026-08-18 18:16:54,D00521
NB00022095,AC04017209,P00107,HDFC0001234,3108.49,debit,2026-07-02 19:45:40,D00521
NB00022099,AC04017209,P00344,ICIC0005678,4074.58,debit,2026-08-23 11:58:09,D00521
NB00022102,AC04017209,E00430,HDFC0001234,67745.0,credit,2026-07-03 09:35:00,D00521
NB00022103,AC04017209,E00430,SBIN0004321,69881.0,credit,2026-08-01 09:45:00,D00521
NB00022104,AC04017209,E00430,SBIN0004321,68985.0,credit,2026-08-30 09:32:00,D00521
NB00022135,AC04028977,P00239,HDFC0001234,732.14,debit,2026-07-13 10:32:07,D00522
NB00022158,AC04028977,P00148,HDFC0001234,5286.93,debit,2026-07-26 16:01:00,D00522
NB00022187,AC04028977,E00407,SBIN0004321,24624.0,credit,2026-07-02 09:57:00,D00522
NB00022188,AC04028977,E00407,ICIC0005678,24327.0,credit,2026-07-31 09:23:00,D00522
NB00022189,AC04028977,E00407,HDFC0001234,24197.0,credit,2026-08-30 09:01:00,D00522
NB00022198,AC04033068,P00257,HDFC0001234,2351.44,debit,2026-07-26 08:17:45,D00523
NB00022223,AC04033068,P00241,UTIB0000789,294.67,debit,2026-08-05 12:44:50,D00523
NB00022239,AC04033068,P00166,UTIB0000789,279.79,debit,2026-07-17 15:04:39,D00523
NB00022240,AC04033068,P00159,SBIN0004321,383.96,debit,2026-07-25 07:09:57,D00523
NB00022244,AC04033068,P00237,ICIC0005678,340.64,debit,2026-07-02 09:11:47,D00523
NB00022255,AC04033068,E00429,SBIN0004321,23366.0,credit,2026-07-02 09:59:00,D00523
NB00022256,AC04033068,E00429,SBIN0004321,23190.0,credit,2026-07-31 09:11:00,D00523
NB00022257,AC04033068,E00429,UTIB0000789,23041.0,credit,2026-08-30 09:49:00,D00523
NB00022260,AC04043641,P00236,UTIB0000789,6359.93,debit,2026-07-05 21:02:57,D00525
NB00022268,AC04043641,P00386,ICIC0005678,669.22,debit,2026-07-15 17:57:42,D00525
NB00022287,AC04043641,P00151,HDFC0001234,15653.41,debit,2026-07-31 15:29:31,D00524
NB00022290,AC04043641,P00386,SBIN0004321,819.26,debit,2026-09-06 18:37:56,D00524
NB00022307,AC04043641,P00398,HDFC0001234,1388.23,debit,2026-08-11 21:07:53,D00524
NB00022312,AC04043641,E00419,ICIC0005678,33670.0,credit,2026-07-01 09:45:00,D00525
NB00022313,AC04043641,E00419,SBIN0004321,34892.0,credit,2026-07-31 09:54:00,D00524
NB00022314,AC04043641,E00419,UTIB0000789,34627.0,credit,2026-08-31 09:02:00,D00524
NB00022330,AC04056866,P00207,HDFC0001234,1540.59,debit,2026-07-19 06:27:09,D00526
NB00022343,AC04056866,P00315,UTIB0000789,7080.0,debit,2026-08-14 10:52:07,D00526
NB00022345,AC04056866,P00255,UTIB0000789,3532.5,debit,2026-07-01 16:26:04,D00526
NB00022352,AC04056866,P00059,UTIB0000789,5329.48,debit,2026-08-17 19:02:36,D00526
NB00022369,AC04056866,P00260,SBIN0004321,14958.78,debit,2026-07-07 17:39:20,D00526
NB00022387,AC04056866,E00422,SBIN0004321,56977.0,credit,2026-07-02 09:03:00,D00526
NB00022388,AC04056866,E00422,ICIC0005678,58517.0,credit,2026-07-31 09:00:00,D00526
NB00022389,AC04056866,E00422,UTIB0000789,57710.0,credit,2026-09-01 09:46:00,D00526
NB00022392,AC04067871,P00211,SBIN0004321,822.5,debit,2026-09-11 19:20:24,D00527
NB00022396,AC04067871,P00167,ICIC0005678,300.87,debit,2026-07-05 17:18:43,D00527
NB00022410,AC04067871,P00272,HDFC0001234,506.74,debit,2026-08-09 17:04:05,D00527
NB00022421,AC04067871,E00430,ICIC0005678,19577.0,credit,2026-07-03 09:30:00,D00527
NB00022422,AC04067871,E00430,SBIN0004321,19759.0,credit,2026-08-01 09:59:00,D00527
NB00022423,AC04067871,E00430,UTIB0000789,19696.0,credit,2026-09-01 09:29:00,D00527
NB00022424,AC04074592,P00355,ICIC0005678,414.82,debit,2026-08-18 09:37:30,D00528
NB00022425,AC04074592,P00215,UTIB0000789,2406.25,debit,2026-09-07 15:17:17,D00528
NB00022428,AC04074592,P00355,HDFC0001234,171.53,debit,2026-08-02 18:46:34,D00529
NB00022434,AC04074592,P00257,SBIN0004321,1315.16,debit,2026-08-22 17:50:57,D00528
NB00022440,AC04074592,P00326,HDFC0001234,358.97,debit,2026-08-21 19:01:51,D00529
NB00022444,AC04074592,P00179,HDFC0001234,159.61,debit,2026-07-02 21:22:25,D00529
NB00022448,AC04074592,P00326,HDFC0001234,648.52,debit,2026-08-28 03:26:51,D00529
NB00022463,AC04074592,P00355,HDFC0001234,459.85,debit,2026-08-21 09:15:20,D00528
NB00022466,AC04074592,P00212,UTIB0000789,922.55,debit,2026-08-16 17:16:23,D00528
NB00022475,AC04074592,P00179,HDFC0001234,215.49,debit,2026-08-23 17:25:36,D00528
NB00022476,AC04074592,P00257,HDFC0001234,2019.26,debit,2026-08-30 09:15:21,D00528
NB00022485,AC04074592,P00212,HDFC0001234,716.52,debit,2026-09-12 10:58:26,D00529
NB00022493,AC04074592,E00406,UTIB0000789,16573.0,credit,2026-07-02 09:59:00,D00529
NB00022494,AC04074592,E00406,HDFC0001234,16453.0,credit,2026-08-02 09:51:00,D00528
NB00022495,AC04074592,E00406,ICIC0005678,16991.0,credit,2026-08-31 09:10:00,D00528
NB00022507,AC04086787,P00314,UTIB0000789,3285.62,debit,2026-08-05 14:35:44,D00530
NB00022521,AC04086787,P00285,HDFC0001234,2789.53,debit,2026-07-18 17:46:15,D00530
NB00022523,AC04086787,P00364,HDFC0001234,3059.32,debit,2026-09-13 20:39:44,D00530
NB00022536,AC04086787,P00028,UTIB0000789,984.87,debit,2026-08-31 17:50:08,D00530
NB00022538,AC04086787,P00046,ICIC0005678,1200.31,debit,2026-09-02 20:28:25,D00530
NB00022545,AC04086787,P00046,ICIC0005678,2608.65,debit,2026-07-19 13:14:34,D00531
NB00022550,AC04086787,E00432,HDFC0001234,56768.0,credit,2026-07-01 09:32:00,D00530
NB00022551,AC04086787,E00432,SBIN0004321,58042.0,credit,2026-08-01 09:16:00,D00530
NB00022552,AC04086787,E00432,ICIC0005678,57328.0,credit,2026-09-01 09:55:00,D00531
NB00022561,AC04091061,P00162,HDFC0001234,408.47,debit,2026-08-24 14:27:05,D00532
NB00022562,AC04091061,P00374,SBIN0004321,1727.91,debit,2026-07-17 11:52:07,D00533
NB00022572,AC04091061,P00140,HDFC0001234,2195.32,debit,2026-07-21 19:39:07,D00532
NB00022573,AC04091061,P00355,ICIC0005678,283.51,debit,2026-09-04 15:31:55,D00532
NB00022574,AC04091061,P00355,SBIN0004321,243.79,debit,2026-09-03 16:41:56,D00532
NB00022578,AC04091061,P00362,SBIN0004321,1229.95,debit,2026-08-07 15:01:20,D00532
NB00022584,AC04091061,P00355,HDFC0001234,398.0,debit,2026-09-01 10:15:58,D00533
NB00022591,AC04091061,P00355,ICIC0005678,225.43,debit,2026-08-10 07:28:11,D00532
NB00022597,AC04091061,P00391,ICIC0005678,262.49,debit,2026-07-10 18:27:54,D00532
NB00022599,AC04091061,P00312,UTIB0000789,1309.31,debit,2026-09-10 05:44:01,D00532
NB00022604,AC04091061,P00162,UTIB0000789,723.74,debit,2026-08-29 02:06:19,D00532
NB00022605,AC04091061,P00073,SBIN0004321,1073.39,debit,2026-07-17 22:05:12,D00532
NB00022606,AC04091061,P00175,HDFC0001234,964.89,debit,2026-09-05 10:10:22,D00532
NB00022615,AC04091061,P00217,UTIB0000789,401.65,debit,2026-07-10 16:53:21,D00533
NB00022631,AC04091061,P00266,HDFC0001234,1054.08,debit,2026-09-13 11:40:00,D00533
NB00022641,AC04091061,E00402,ICIC0005678,28292.0,credit,2026-07-01 09:58:00,D00532
NB00022642,AC04091061,E00402,UTIB0000789,28620.0,credit,2026-08-02 09:32:00,D00532
NB00022643,AC04091061,E00402,UTIB0000789,27969.0,credit,2026-08-31 09:40:00,D00532
NB00022646,AC04103625,P00057,UTIB0000789,596.3,debit,2026-07-16 19:25:44,D00534
NB00022648,AC04103625,P00195,UTIB0000789,3486.56,debit,2026-08-21 01:03:40,D00534
NB00022652,AC04103625,P00059,ICIC0005678,852.45,debit,2026-07-14 16:40:03,D00534
NB00022654,AC04103625,P00069,ICIC0005678,6785.65,debit,2026-07-03 01:46:20,D00534
NB00022669,AC04103625,P00195,HDFC0001234,701.33,debit,2026-07-15 18:24:41,D00534
NB00022699,AC04103625,E00411,SBIN0004321,31482.0,credit,2026-07-01 09:12:00,D00534
NB00022700,AC04103625,E00411,HDFC0001234,31324.0,credit,2026-08-02 09:25:00,D00534
NB00022701,AC04103625,E00411,SBIN0004321,30900.0,credit,2026-08-31 09:45:00,D00534
NB00022718,AC04119598,E00418,ICIC0005678,15283.0,credit,2026-07-02 09:44:00,D00536
NB00022719,AC04119598,E00418,UTIB0000789,15160.0,credit,2026-08-02 09:30:00,D00536
NB00022720,AC04119598,E00418,ICIC0005678,14902.0,credit,2026-08-30 09:33:00,D00535
NB00022721,AC04126187,P00181,SBIN0004321,2737.82,debit,2026-08-22 21:10:40,D00537
NB00022760,AC04126187,P00022,HDFC0001234,1894.15,debit,2026-08-19 08:53:28,D00537
NB00022762,AC04126187,E00414,UTIB0000789,27549.0,credit,2026-07-03 09:00:00,D00537
NB00022763,AC04126187,E00414,ICIC0005678,26762.0,credit,2026-08-01 09:31:00,D00537
NB00022764,AC04126187,E00414,UTIB0000789,27088.0,credit,2026-08-31 09:39:00,D00537
NB00022766,AC04138815,P00288,ICIC0005678,1735.7,debit,2026-08-12 22:45:46,D00538
NB00022768,AC04138815,P00241,HDFC0001234,1498.27,debit,2026-08-16 22:11:01,D00538
NB00022779,AC04138815,P00281,ICIC0005678,10702.93,debit,2026-09-06 10:18:39,D00538
NB00022780,AC04138815,P00288,SBIN0004321,764.0,debit,2026-07-23 15:15:14,D00538
NB00022786,AC04138815,P00288,UTIB0000789,350.89,debit,2026-08-27 10:51:47,D00538
NB00022799,AC04138815,P00288,SBIN0004321,759.65,debit,2026-08-30 20:40:00,D00538
NB00022806,AC04138815,P00281,ICIC0005678,13904.14,debit,2026-08-21 09:19:59,D00538
NB00022811,AC04138815,P00288,HDFC0001234,1223.99,debit,2026-07-01 12:22:18,D00538
NB00022814,AC04138815,E00426,ICIC0005678,37656.0,credit,2026-07-02 09:51:00,D00538
NB00022815,AC04138815,E00426,UTIB0000789,38327.0,credit,2026-07-31 09:06:00,D00538
NB00022816,AC04138815,E00426,UTIB0000789,37627.0,credit,2026-09-01 09:48:00,D00538
NB00022842,AC04142958,P00237,SBIN0004321,1426.27,debit,2026-08-11 10:23:13,D00539
NB00022848,AC04142958,P00141,ICIC0005678,1304.0,debit,2026-08-06 21:38:58,D00539
NB00022863,AC04142958,P00320,ICIC0005678,3981.94,debit,2026-09-12 21:08:26,D00539
NB00022872,AC04142958,E00424,HDFC0001234,61039.0,credit,2026-07-02 09:52:00,D00539
NB00022873,AC04142958,E00424,SBIN0004321,50046.0,credit,2026-08-01 09:04:00,D00539
NB00022874,AC04142958,E00424,HDFC0001234,41260.0,credit,2026-08-30 09:29:00,D00539
NB00022876,AC04153617,P00223,UTIB0000789,1059.75,debit,2026-09-10 16:11:16,D00540
NB00022879,AC04153617,P00280,UTIB0000789,1385.68,debit,2026-08-28 18:36:48,D00540
NB00022886,AC04153617,P00093,UTIB0000789,509.7,debit,2026-07-22 06:19:49,D00540
NB00022888,AC04153617,P00339,SBIN0004321,639.77,debit,2026-08-13 18:41:11,D00540
NB00022889,AC04153617,P00323,UTIB0000789,2969.84,debit,2026-07-07 15:24:36,D00540
NB00022921,AC04153617,P00212,SBIN0004321,727.3,debit,2026-07-09 17:43:47,D00540
NB00022925,AC04153617,E00432,SBIN0004321,25512.0,credit,2026-07-03 09:44:00,D00540
NB00022926,AC04153617,E00432,HDFC0001234,25255.0,credit,2026-07-31 09:09:00,D00540
NB00022927,AC04153617,E00432,UTIB0000789,26131.0,credit,2026-09-01 09:16:00,D00540
NB00022937,AC04169773,P00002,ICIC0005678,4297.45,debit,2026-07-12 18:59:09,D00542
NB00022939,AC04169773,P00313,UTIB0000789,3821.15,debit,2026-08-01 18:02:23,D00541
NB00022940,AC04169773,P00043,ICIC0005678,2209.55,debit,2026-08-10 15:29:35,D00541
NB00022946,AC04169773,P00355,ICIC0005678,1929.5,debit,2026-07-28 01:33:45,D00541
NB00022950,AC04169773,P00278,UTIB0000789,4574.63,debit,2026-08-16 19:48:05,D00541
NB00022952,AC04169773,P00139,HDFC0001234,3138.87,debit,2026-07-14 12:51:07,D00542
NB00022954,AC04169773,P00002,HDFC0001234,3460.55,debit,2026-08-23 15:01:39,D00542
NB00022956,AC04169773,P00125,HDFC0001234,1315.2,debit,2026-08-07 20:09:24,D00541
NB00022960,AC04169773,P00306,HDFC0001234,455.99,debit,2026-07-20 20:07:22,D00541
NB00022968,AC04169773,P00278,SBIN0004321,4276.8,debit,2026-08-14 14:17:22,D00541
NB00022979,AC04169773,P00002,SBIN0004321,4204.22,debit,2026-07-17 15:11:14,D00541
NB00022985,AC04169773,E00430,HDFC0001234,84195.0,credit,2026-07-03 09:02:00,D00541
NB00022986,AC04169773,E00430,UTIB0000789,88947.0,credit,2026-08-01 09:21:00,D00541
NB00022987,AC04169773,E00430,HDFC0001234,87133.0,credit,2026-08-30 09:18:00,D00541
NB00023006,AC04179978,P00019,UTIB0000789,725.29,debit,2026-07-28 11:00:54,D00543
NB00023007,AC04179978,P00067,ICIC0005678,2366.66,debit,2026-08-07 13:16:37,D00543
NB00023019,AC04179978,P00291,SBIN0004321,269.51,debit,2026-07-28 11:01:28,D00543
NB00023024,AC04179978,P00041,UTIB0000789,5229.96,debit,2026-07-03 11:13:44,D00543
NB00023027,AC04179978,P00276,HDFC0001234,974.82,debit,2026-07-22 09:47:14,D00543
NB00023029,AC04179978,P00104,HDFC0001234,927.83,debit,2026-08-04 16:46:41,D00543
NB00023043,AC04179978,P00067,HDFC0001234,999.08,debit,2026-08-11 23:53:59,D00543
NB00023046,AC04179978,P00334,UTIB0000789,366.1,debit,2026-08-25 00:42:47,D00543
NB00023048,AC04179978,E00415,SBIN0004321,26616.0,credit,2026-07-02 09:47:00,D00543
NB00023049,AC04179978,E00415,HDFC0001234,26338.0,credit,2026-07-31 09:54:00,D00543
NB00023050,AC04179978,E00415,SBIN0004321,20820.0,credit,2026-09-01 09:56:00,D00543
NB00023069,AC04188890,P00322,UTIB0000789,938.92,debit,2026-09-13 14:07:06,D00544
NB00023082,AC04188890,E00432,HDFC0001234,26463.0,credit,2026-07-03 09:03:00,D00544
NB00023083,AC04188890,E00432,SBIN0004321,27203.0,credit,2026-08-01 09:38:00,D00544
NB00023084,AC04188890,E00432,UTIB0000789,26877.0,credit,2026-09-01 09:21:00,D00544
NB00023089,AC04193853,P00273,SBIN0004321,4010.28,debit,2026-09-13 12:28:24,D00545
NB00023103,AC04193853,P00273,ICIC0005678,4140.35,debit,2026-07-15 13:04:38,D00545
NB00023116,AC04193853,P00035,HDFC0001234,2794.66,debit,2026-07-30 19:32:55,D00545
NB00023124,AC04193853,E00420,HDFC0001234,82626.0,credit,2026-07-02 09:27:00,D00545
NB00023125,AC04193853,E00420,SBIN0004321,82767.0,credit,2026-08-02 09:40:00,D00545
NB00023126,AC04193853,E00420,SBIN0004321,70250.0,credit,2026-08-31 09:59:00,D00545
NB00023139,AC04208212,P00284,ICIC0005678,1554.4,debit,2026-07-01 10:26:04,D00546
NB00023147,AC04208212,P00266,SBIN0004321,4251.98,debit,2026-07-23 15:36:41,D00546
NB00023156,AC04208212,P00284,ICIC0005678,3425.01,debit,2026-07-04 12:10:19,D00546
NB00023158,AC04208212,E00436,HDFC0001234,41799.0,credit,2026-07-02 09:21:00,D00546
NB00023159,AC04208212,E00436,UTIB0000789,42181.0,credit,2026-08-02 09:39:00,D00546
NB00023160,AC04208212,E00436,HDFC0001234,41798.0,credit,2026-08-31 09:53:00,D00546
NB00023167,AC04215129,P00318,ICIC0005678,3117.68,debit,2026-08-14 11:38:31,D00548
NB00023174,AC04215129,P00304,SBIN0004321,2037.25,debit,2026-07-20 15:40:52,D00548
NB00023182,AC04215129,P00266,SBIN0004321,550.05,debit,2026-09-07 08:59:44,D00548
NB00023197,AC04215129,P00075,SBIN0004321,1615.75,debit,2026-08-28 17:09:16,D00548
NB00023229,AC04215129,P00189,SBIN0004321,1379.02,debit,2026-09-05 23:32:54,D00549
NB00023238,AC04215129,E00432,HDFC0001234,28870.0,credit,2026-07-02 09:49:00,D00548
NB00023239,AC04215129,E00432,HDFC0001234,28464.0,credit,2026-08-01 09:44:00,D00549
NB00023240,AC04215129,E00432,HDFC0001234,28617.0,credit,2026-09-01 09:46:00,D00549
NB00023243,AC04228594,P00295,SBIN0004321,2359.58,debit,2026-08-24 19:15:09,D00550
NB00023254,AC04228594,P00200,ICIC0005678,2183.65,debit,2026-07-25 12:01:57,D00550
NB00023276,AC04228594,P00074,HDFC0001234,4454.64,debit,2026-09-13 19:32:21,D00550
NB00023283,AC04228594,P00074,HDFC0001234,7178.2,debit,2026-07-16 14:10:18,D00550
NB00023285,AC04228594,P00225,UTIB0000789,2308.02,debit,2026-08-17 10:24:22,D00550
NB00023291,AC04228594,E00405,HDFC0001234,34979.0,credit,2026-07-01 09:23:00,D00550
NB00023292,AC04228594,E00405,SBIN0004321,35355.0,credit,2026-07-31 09:08:00,D00550
NB00023293,AC04228594,E00405,SBIN0004321,35202.0,credit,2026-08-31 09:13:00,D00550
NB00023295,AC04238660,P00344,HDFC0001234,7209.32,debit,2026-09-07 15:28:47,D00551
NB00023303,AC04238660,P00379,UTIB0000789,766.74,debit,2026-08-08 17:05:24,D00552
NB00023319,AC04238660,P00282,UTIB0000789,1049.18,debit,2026-07-30 08:47:49,D00551
NB00023326,AC04238660,P00246,ICIC0005678,2185.18,debit,2026-07-12 19:14:09,D00551
NB00023337,AC04238660,P00342,ICIC0005678,5040.71,debit,2026-08-14 20:01:05,D00551
NB00023341,AC04238660,P00342,SBIN0004321,9434.63,debit,2026-08-17 13:26:54,D00551
NB00023363,AC04238660,E00408,ICIC0005678,75267.0,credit,2026-07-01 09:14:00,D00551
NB00023364,AC04238660,E00408,ICIC0005678,74580.0,credit,2026-08-01 09:00:00,D00551
NB00023365,AC04238660,E00408,SBIN0004321,74050.0,credit,2026-09-01 09:05:00,D00551
NB00023369,AC04244913,P00092,HDFC0001234,2558.63,debit,2026-08-02 16:32:23,D00553
NB00023372,AC04244913,P00070,SBIN0004321,1762.1,debit,2026-07-31 18:08:40,D00553
NB00023373,AC04244913,P00070,SBIN0004321,2734.58,debit,2026-09-07 08:28:06,D00553
NB00023389,AC04244913,P00125,UTIB0000789,2100.21,debit,2026-07-26 19:04:37,D00553
NB00023390,AC04244913,P00093,UTIB0000789,3015.23,debit,2026-08-17 21:36:38,D00553
NB00023403,AC04244913,P00070,ICIC0005678,1262.88,debit,2026-07-20 15:59:12,D00553
NB00023405,AC04244913,P00061,SBIN0004321,863.04,debit,2026-08-20 12:02:19,D00553
NB00023407,AC04244913,P00331,ICIC0005678,1717.14,debit,2026-08-29 06:00:41,D00553
NB00023414,AC04244913,P00200,SBIN0004321,993.8,debit,2026-07-09 06:19:01,D00553
NB00023419,AC04244913,E00438,SBIN0004321,79327.0,credit,2026-07-01 09:37:00,D00553
NB00023420,AC04244913,E00438,SBIN0004321,78012.0,credit,2026-08-02 09:11:00,D00553
NB00023421,AC04244913,E00438,SBIN0004321,79775.0,credit,2026-08-31 09:11:00,D00553
NB00023433,AC04253741,P00218,UTIB0000789,292.0,debit,2026-09-07 21:27:23,D00554
NB00023443,AC04253741,P00021,SBIN0004321,1701.56,debit,2026-09-10 17:19:50,D00554
NB00023448,AC04253741,P00210,HDFC0001234,1463.94,debit,2026-08-30 14:44:09,D00554
NB00023458,AC04253741,E00411,SBIN0004321,25192.0,credit,2026-07-03 09:53:00,D00554
NB00023459,AC04253741,E00411,ICIC0005678,25378.0,credit,2026-08-02 09:01:00,D00554
NB00023460,AC04253741,E00411,UTIB0000789,25383.0,credit,2026-08-30 09:27:00,D00554
NB00023469,AC04269772,P00061,UTIB0000789,2385.33,debit,2026-08-02 18:25:46,D00556
NB00023471,AC04269772,P00061,UTIB0000789,1497.67,debit,2026-08-30 09:09:27,D00555
NB00023473,AC04269772,P00031,UTIB0000789,2072.11,debit,2026-07-12 12:00:10,D00555
NB00023478,AC04269772,P00175,ICIC0005678,2962.59,debit,2026-08-24 14:09:28,D00556
NB00023484,AC04269772,P00073,HDFC0001234,1415.47,debit,2026-07-14 17:20:26,D00555
NB00023485,AC04269772,P00074,SBIN0004321,3234.91,debit,2026-08-10 19:38:59,D00555
NB00023497,AC04269772,P00031,HDFC0001234,4002.14,debit,2026-07-21 14:05:00,D00556
NB00023509,AC04269772,P00074,ICIC0005678,3728.12,debit,2026-08-11 09:01:02,D00556
NB00023518,AC04269772,P00061,SBIN0004321,1002.0,debit,2026-09-12 21:19:58,D00555
NB00023519,AC04269772,P00061,HDFC0001234,1117.5,debit,2026-08-22 06:54:45,D00555
NB00023520,AC04269772,P00076,SBIN0004321,1144.87,debit,2026-07-24 12:04:17,D00555
NB00023523,AC04269772,E00418,SBIN0004321,38094.0,credit,2026-07-02 09:38:00,D00555
NB00023524,AC04269772,E00418,ICIC0005678,37413.0,credit,2026-08-02 09:49:00,D00556
NB00023525,AC04269772,E00418,ICIC0005678,37241.0,credit,2026-08-30 09:27:00,D00555
NB00023532,AC04275054,P00246,UTIB0000789,1430.74,debit,2026-08-15 13:52:58,D00557
NB00023533,AC04275054,P00151,UTIB0000789,24681.55,debit,2026-07-31 15:46:40,D00557
NB00023543,AC04275054,P00222,UTIB0000789,982.59,debit,2026-09-10 13:17:22,D00557
NB00023552,AC04275054,P00151,UTIB0000789,10435.94,debit,2026-08-08 22:12:50,D00557
NB00023559,AC04275054,E00409,ICIC0005678,39387.0,credit,2026-07-02 09:04:00,D00557
NB00023560,AC04275054,E00409,UTIB0000789,40279.0,credit,2026-08-01 09:23:00,D00557
NB00023561,AC04275054,E00409,HDFC0001234,39639.0,credit,2026-09-01 09:47:00,D00557
NB00023598,AC04284884,P00258,SBIN0004321,191.68,debit,2026-07-30 22:15:14,D00558
NB00023600,AC04284884,P00215,SBIN0004321,1807.74,debit,2026-07-17 08:36:24,D00559
NB00023621,AC04284884,P00238,HDFC0001234,830.2,debit,2026-07-11 22:05:00,D00558
NB00023628,AC04284884,P00395,HDFC0001234,3762.41,debit,2026-08-01 14:29:45,D00558
NB00023632,AC04284884,E00437,ICIC0005678,22669.0,credit,2026-07-01 09:05:00,D00559
NB00023633,AC04284884,E00437,ICIC0005678,23132.0,credit,2026-07-31 09:45:00,D00558
NB00023634,AC04284884,E00437,UTIB0000789,23267.0,credit,2026-08-30 09:06:00,D00559
NB00023656,AC04296989,P00256,HDFC0001234,2178.26,debit,2026-09-06 16:17:19,D00560
NB00023663,AC04296989,P00378,HDFC0001234,2918.25,debit,2026-07-07 18:49:56,D00560
NB00023675,AC04296989,P00323,UTIB0000789,2588.38,debit,2026-09-08 18:50:03,D00560
NB00023684,AC04296989,E00438,ICIC0005678,36546.0,credit,2026-07-03 09:15:00,D00560
NB00023685,AC04296989,E00438,SBIN0004321,36934.0,credit,2026-07-31 09:43:00,D00560
NB00023686,AC04296989,E00438,UTIB0000789,36960.0,credit,2026-09-01 09:40:00,D00560
NB00023690,AC04309429,P00193,HDFC0001234,1052.13,debit,2026-08-21 19:17:15,D00561
NB00023692,AC04309429,P00388,ICIC0005678,1368.16,debit,2026-08-11 19:17:52,D00561
NB00023700,AC04309429,P00046,SBIN0004321,2255.17,debit,2026-08-05 08:42:12,D00561
NB00023709,AC04309429,P00362,ICIC0005678,863.76,debit,2026-07-21 18:01:08,D00561
NB00023724,AC04309429,P00071,ICIC0005678,2380.39,debit,2026-09-01 16:41:06,D00561
NB00023725,AC04309429,P00071,HDFC0001234,1188.41,debit,2026-07-22 09:19:04,D00561
NB00023747,AC04309429,E00413,SBIN0004321,38068.0,credit,2026-07-02 09:17:00,D00561
NB00023748,AC04309429,E00413,SBIN0004321,38806.0,credit,2026-08-01 09:11:00,D00561
NB00023749,AC04309429,E00413,SBIN0004321,37350.0,credit,2026-09-01 09:09:00,D00561
NB00023751,AC04312174,P00025,SBIN0004321,8783.89,debit,2026-09-07 14:39:07,D00562
NB00023759,AC04312174,P00045,ICIC0005678,2679.62,debit,2026-09-02 19:06:20,D00562
NB00023762,AC04312174,P00388,ICIC0005678,1534.13,debit,2026-08-18 05:31:57,D00562
NB00023780,AC04312174,P00040,SBIN0004321,6027.58,debit,2026-09-13 15:16:40,D00562
NB00023804,AC04312174,P00030,HDFC0001234,8127.56,debit,2026-09-03 17:36:11,D00562
NB00023821,AC04312174,P00388,HDFC0001234,3495.7,debit,2026-09-12 13:51:09,D00562
NB00023840,AC04312174,P00399,UTIB0000789,454.27,debit,2026-07-17 18:17:26,D00562
NB00023856,AC04312174,P00393,UTIB0000789,1561.54,debit,2026-08-25 09:47:13,D00562
NB00023857,AC04312174,P00337,UTIB0000789,14140.05,debit,2026-07-26 14:22:58,D00562
NB00023864,AC04312174,E00418,UTIB0000789,69250.0,credit,2026-07-03 09:01:00,D00562
NB00023865,AC04312174,E00418,SBIN0004321,67167.0,credit,2026-07-31 09:03:00,D00562
NB00023866,AC04312174,E00418,UTIB0000789,67785.0,credit,2026-08-30 09:15:00,D00562
NB00023880,AC04329859,P00048,HDFC0001234,4159.98,debit,2026-07-08 06:50:43,D00563
NB00023910,AC04329859,P00137,SBIN0004321,1764.86,debit,2026-07-03 14:08:31,D00563
NB00023911,AC04329859,P00170,UTIB0000789,2231.2,debit,2026-07-14 19:17:23,D00563
NB00023915,AC04329859,P00137,HDFC0001234,1342.16,debit,2026-08-20 11:16:49,D00563
NB00023916,AC04329859,E00419,HDFC0001234,69633.0,credit,2026-07-01 09:37:00,D00563
NB00023917,AC04329859,E00419,SBIN0004321,67701.0,credit,2026-08-01 09:54:00,D00563
NB00023918,AC04329859,E00419,ICIC0005678,68399.0,credit,2026-08-30 09:47:00,D00563
NB00023920,AC04334800,P00164,ICIC0005678,8612.01,debit,2026-08-31 16:16:22,D00564
NB00023925,AC04334800,P00091,HDFC0001234,3167.81,debit,2026-08-16 16:41:53,D00564
NB00023943,AC04334800,P00370,SBIN0004321,1476.28,debit,2026-08-23 16:13:35,D00564
NB00023956,AC04334800,P00164,HDFC0001234,1222.32,debit,2026-08-26 19:01:26,D00564
NB00023988,AC04334800,P00280,SBIN0004321,1570.62,debit,2026-07-14 10:43:12,D00564
NB00023991,AC04334800,P00209,SBIN0004321,2721.64,debit,2026-07-17 16:07:52,D00564
NB00023995,AC04334800,P00161,UTIB0000789,338.56,debit,2026-07-18 14:19:04,D00564
NB00023999,AC04334800,P00091,HDFC0001234,1317.82,debit,2026-07-07 20:22:58,D00564
NB00024000,AC04334800,P00347,UTIB0000789,500.11,debit,2026-07-27 22:52:17,D00564
NB00024003,AC04334800,P00170,UTIB0000789,1320.37,debit,2026-08-30 18:23:18,D00564
NB00024004,AC04334800,P00381,ICIC0005678,3330.42,debit,2026-08-14 15:37:07,D00564
NB00024020,AC04334800,E00407,HDFC0001234,31947.0,credit,2026-07-02 09:42:00,D00564
NB00024021,AC04334800,E00407,ICIC0005678,32680.0,credit,2026-08-01 09:56:00,D00564
NB00024022,AC04334800,E00407,UTIB0000789,31531.0,credit,2026-08-31 09:32:00,D00564
NB00024027,AC04341230,P00099,SBIN0004321,1540.43,debit,2026-08-22 18:54:39,D00565
NB00024029,AC04341230,P00136,HDFC0001234,542.74,debit,2026-07-27 09:29:10,D00565
NB00024032,AC04341230,P00306,SBIN0004321,426.91,debit,2026-07-29 11:50:05,D00565
NB00024044,AC04341230,E00425,UTIB0000789,33662.0,credit,2026-07-03 09:37:00,D00565
NB00024045,AC04341230,E00425,ICIC0005678,34184.0,credit,2026-07-31 09:02:00,D00565
NB00024046,AC04341230,E00425,SBIN0004321,34342.0,credit,2026-08-30 09:45:00,D00565
NB00024064,AC04353784,P00189,ICIC0005678,901.75,debit,2026-07-02 18:13:40,D00566
NB00024072,AC04353784,P00088,ICIC0005678,1505.07,debit,2026-08-06 09:26:32,D00566
NB00024080,AC04353784,P00088,UTIB0000789,1131.68,debit,2026-09-08 07:06:53,D00566
NB00024094,AC04353784,P00383,HDFC0001234,1223.38,debit,2026-08-14 08:47:10,D00566
NB00024102,AC04353784,E00428,SBIN0004321,53352.0,credit,2026-07-01 09:54:00,D00566
NB00024103,AC04353784,E00428,HDFC0001234,52218.0,credit,2026-08-01 09:06:00,D00566
NB00024104,AC04353784,E00428,HDFC0001234,51730.0,credit,2026-08-30 09:14:00,D00566
NB00024113,AC04365161,P00001,HDFC0001234,1176.82,debit,2026-08-09 15:53:54,D00567
NB00024151,AC04365161,E00417,HDFC0001234,28630.0,credit,2026-07-02 09:27:00,D00567
NB00024152,AC04365161,E00417,UTIB0000789,29011.0,credit,2026-07-31 09:14:00,D00567
NB00024153,AC04365161,E00417,UTIB0000789,28253.0,credit,2026-08-31 09:49:00,D00567
NB00024157,AC04377090,P00354,HDFC0001234,482.44,debit,2026-09-01 16:09:21,D00568
NB00024194,AC04377090,P00358,HDFC0001234,2601.8,debit,2026-08-29 18:14:43,D00568
NB00024195,AC04377090,P00061,ICIC0005678,1183.66,debit,2026-09-13 09:19:04,D00568
NB00024209,AC04377090,E00411,HDFC0001234,50124.0,credit,2026-07-02 09:42:00,D00569
NB00024210,AC04377090,E00411,HDFC0001234,50671.0,credit,2026-07-31 09:00:00,D00568
NB00024211,AC04377090,E00411,HDFC0001234,51301.0,credit,2026-08-30 09:40:00,D00569
NB00024213,AC04386096,P00203,SBIN0004321,1495.51,debit,2026-08-06 12:51:18,D00570
NB00024214,AC04386096,P00031,UTIB0000789,1071.46,debit,2026-08-28 21:36:05,D00570
NB00024252,AC04386096,P00102,UTIB0000789,5536.14,debit,2026-07-20 09:53:33,D00570
NB00024256,AC04386096,P00081,SBIN0004321,2092.5,debit,2026-08-16 16:14:54,D00571
NB00024257,AC04386096,P00191,UTIB0000789,7730.62,debit,2026-07-21 11:25:53,D00570
NB00024265,AC04386096,P00193,ICIC0005678,9433.51,debit,2026-08-11 15:04:27,D00570
NB00024277,AC04386096,E00437,ICIC0005678,37168.0,credit,2026-07-01 09:32:00,D00570
NB00024278,AC04386096,E00437,HDFC0001234,30333.0,credit,2026-08-02 09:40:00,D00570
NB00024279,AC04386096,E00437,HDFC0001234,23500.0,credit,2026-08-30 09:21:00,D00570
NB00024307,AC04392223,P00030,HDFC0001234,1885.72,debit,2026-08-30 14:21:33,D00572
NB00024345,AC04392223,P00061,UTIB0000789,232.77,debit,2026-09-06 21:27:45,D00572
NB00024346,AC04392223,P00177,HDFC0001234,467.08,debit,2026-09-04 19:43:33,D00572
NB00024348,AC04392223,P00263,UTIB0000789,1505.42,debit,2026-07-13 19:08:02,D00572
NB00024352,AC04392223,P00271,HDFC0001234,1202.25,debit,2026-09-06 12:24:09,D00572
NB00024356,AC04392223,P00111,ICIC0005678,10788.66,debit,2026-08-31 09:48:18,D00572
NB00024367,AC04392223,E00417,HDFC0001234,22714.0,credit,2026-07-01 09:47:00,D00572
NB00024368,AC04392223,E00417,UTIB0000789,23157.0,credit,2026-08-01 09:07:00,D00572
NB00024369,AC04392223,E00417,HDFC0001234,23208.0,credit,2026-09-01 09:30:00,D00572
NB00024371,AC04405393,P00117,HDFC0001234,1610.86,debit,2026-08-29 16:00:07,D00573
NB00024379,AC04405393,P00185,ICIC0005678,572.6,debit,2026-08-04 20:10:45,D00573
NB00024405,AC04405393,E00415,HDFC0001234,23336.0,credit,2026-07-02 09:58:00,D00573
NB00024406,AC04405393,E00415,ICIC0005678,23668.0,credit,2026-07-31 09:19:00,D00573
NB00024407,AC04405393,E00415,HDFC0001234,23675.0,credit,2026-08-30 09:40:00,D00573
NB00024414,AC04413094,P00147,HDFC0001234,5326.18,debit,2026-09-04 14:06:15,D00574
NB00024435,AC04413094,P00351,UTIB0000789,950.22,debit,2026-07-17 10:38:00,D00574
NB00024451,AC04413094,P00214,ICIC0005678,4863.28,debit,2026-08-30 10:47:40,D00574
NB00024461,AC04413094,P00160,UTIB0000789,7122.74,debit,2026-08-18 19:15:00,D00574
NB00024468,AC04413094,E00418,UTIB0000789,76334.0,credit,2026-07-03 09:40:00,D00574
NB00024469,AC04413094,E00418,HDFC0001234,79245.0,credit,2026-07-31 09:41:00,D00574
NB00024470,AC04413094,E00418,UTIB0000789,78319.0,credit,2026-09-01 09:07:00,D00574
NB00024473,AC04423425,P00201,ICIC0005678,3314.86,debit,2026-09-04 18:46:48,D00575
NB00024484,AC04423425,P00182,ICIC0005678,1298.5,debit,2026-08-27 07:14:26,D00575
NB00024512,AC04423425,E00433,HDFC0001234,35288.0,credit,2026-07-02 09:41:00,D00575
NB00024513,AC04423425,E00433,ICIC0005678,35492.0,credit,2026-07-31 09:49:00,D00575
NB00024514,AC04423425,E00433,ICIC0005678,34696.0,credit,2026-08-31 09:14:00,D00575
NB00024518,AC04437401,P00251,HDFC0001234,8519.45,debit,2026-08-10 15:23:02,D00576
NB00024523,AC04437401,P00387,UTIB0000789,11244.28,debit,2026-09-03 20:47:29,D00576
NB00024528,AC04437401,P00293,UTIB0000789,2401.24,debit,2026-09-04 20:13:02,D00576
NB00024531,AC04437401,P00251,HDFC0001234,2603.67,debit,2026-08-21 13:18:18,D00576
NB00024535,AC04437401,P00238,SBIN0004321,1675.71,debit,2026-08-16 23:47:34,D00576
NB00024536,AC04437401,P00251,HDFC0001234,3319.81,debit,2026-08-18 19:22:22,D00576
NB00024550,AC04437401,E00413,UTIB0000789,86116.0,credit,2026-07-02 09:07:00,D00576
NB00024551,AC04437401,E00413,SBIN0004321,70921.0,credit,2026-07-31 09:51:00,D00576
NB00024552,AC04437401,E00413,ICIC0005678,51693.0,credit,2026-09-01 09:38:00,D00576
NB00024583,AC04448228,P00070,UTIB0000789,2717.88,debit,2026-07-11 01:43:10,D00577
NB00024608,AC04448228,P00096,UTIB0000789,1241.64,debit,2026-08-14 09:06:40,D00578
NB00024614,AC04448228,E00427,HDFC0001234,30034.0,credit,2026-07-02 09:44:00,D00577
NB00024615,AC04448228,E00427,ICIC0005678,29001.0,credit,2026-08-02 09:32:00,D00577
NB00024616,AC04448228,E00427,UTIB0000789,30524.0,credit,2026-08-31 09:40:00,D00577
NB00024621,AC04452405,P00382,SBIN0004321,484.72,debit,2026-08-01 21:08:05,D00579
NB00024627,AC04452405,P00311,ICIC0005678,2849.37,debit,2026-07-03 13:13:23,D00579
NB00024635,AC04452405,P00341,UTIB0000789,818.74,debit,2026-09-01 15:11:48,D00579
NB00024665,AC04452405,E00407,UTIB0000789,43372.0,credit,2026-07-02 09:39:00,D00579
NB00024666,AC04452405,E00407,ICIC0005678,44697.0,credit,2026-08-02 09:10:00,D00579
NB00024667,AC04452405,E00407,UTIB0000789,43761.0,credit,2026-08-30 09:47:00,D00579
NB00024668,AC04466420,P00225,SBIN0004321,4046.06,debit,2026-08-19 10:17:20,D00580
NB00024671,AC04466420,P00250,HDFC0001234,1169.55,debit,2026-07-06 11:54:55,D00580
NB00024680,AC04466420,P00250,HDFC0001234,5408.58,debit,2026-07-21 16:29:51,D00581
NB00024690,AC04466420,P00080,ICIC0005678,444.46,debit,2026-08-03 20:02:06,D00581
NB00024691,AC04466420,P00164,UTIB0000789,12349.87,debit,2026-09-09 16:05:26,D00581
NB00024695,AC04466420,P00365,ICIC0005678,6470.24,debit,2026-08-11 17:47:44,D00581
NB00024704,AC04466420,P00080,UTIB0000789,3331.5,debit,2026-08-07 21:49:36,D00581
NB00024715,AC04466420,P00365,SBIN0004321,12194.87,debit,2026-08-13 18:19:00,D00581
NB00024720,AC04466420,P00164,HDFC0001234,11209.85,debit,2026-07-19 18:12:31,D00580
NB00024722,AC04466420,P00081,HDFC0001234,3834.9,debit,2026-08-19 15:26:11,D00580
NB00024727,AC04466420,P00360,SBIN0004321,21854.75,debit,2026-07-06 11:41:26,D00581
NB00024734,AC04466420,P00280,HDFC0001234,8838.04,debit,2026-08-21 18:53:39,D00580
NB00024737,AC04466420,E00435,ICIC0005678,127048.0,credit,2026-07-02 09:16:00,D00580
NB00024738,AC04466420,E00435,UTIB0000789,125624.0,credit,2026-08-01 09:28:00,D00580
NB00024739,AC04466420,E00435,HDFC0001234,123642.0,credit,2026-08-30 09:01:00,D00580
NB00024764,AC04474797,P00096,SBIN0004321,2180.24,debit,2026-09-05 21:32:38,D00582
NB00024789,AC04474797,P00243,UTIB0000789,1236.35,debit,2026-08-03 13:48:39,D00582
NB00024796,AC04474797,E00425,UTIB0000789,21460.0,credit,2026-07-01 09:49:00,D00582
NB00024797,AC04474797,E00425,SBIN0004321,23243.0,credit,2026-08-01 09:52:00,D00582
NB00024798,AC04474797,E00425,UTIB0000789,22425.0,credit,2026-08-30 09:17:00,D00582
NB00024803,AC04484029,P00258,ICIC0005678,570.15,debit,2026-07-07 11:14:00,D00583
NB00024805,AC04484029,P00133,SBIN0004321,1422.91,debit,2026-07-19 13:54:37,D00583
NB00024833,AC04484029,P00258,HDFC0001234,344.05,debit,2026-08-11 01:34:23,D00583
NB00024839,AC04484029,P00056,HDFC0001234,287.98,debit,2026-07-31 22:32:12,D00583
NB00024844,AC04484029,P00056,ICIC0005678,604.81,debit,2026-08-20 10:02:46,D00584
NB00024847,AC04484029,P00214,ICIC0005678,1100.18,debit,2026-08-07 21:54:53,D00583
NB00024849,AC04484029,P00315,HDFC0001234,1163.22,debit,2026-08-12 22:14:56,D00583
NB00024862,AC04484029,E00433,HDFC0001234,14767.0,credit,2026-07-01 09:12:00,D00584
NB00024863,AC04484029,E00433,HDFC0001234,12088.0,credit,2026-08-01 09:31:00,D00583
NB00024864,AC04484029,E00433,SBIN0004321,9130.0,credit,2026-09-01 09:34:00,D00583
NB00024875,AC04497415,P00113,ICIC0005678,39244.91,debit,2026-08-31 11:25:39,D00585
NB00024876,AC04497415,P00206,HDFC0001234,5419.35,debit,2026-08-22 20:54:32,D00585
NB00024889,AC04497415,P00227,UTIB0000789,1690.03,debit,2026-07-24 17:54:35,D00585
NB00024890,AC04497415,P00129,SBIN0004321,7083.69,debit,2026-07-04 10:31:09,D00585
NB00024893,AC04497415,P00241,ICIC0005678,4207.6,debit,2026-08-09 20:26:07,D00585
NB00024895,AC04497415,P00253,HDFC0001234,781.01,debit,2026-08-14 14:32:55,D00585
NB00024903,AC04497415,E00441,ICIC0005678,72278.0,credit,2026-07-03 09:31:00,D00585
NB00024904,AC04497415,E00441,UTIB0000789,62929.0,credit,2026-08-02 09:41:00,D00585
NB00024905,AC04497415,E00441,ICIC0005678,51406.0,credit,2026-08-31 09:42:00,D00585
NB00024922,AC04503239,P00149,SBIN0004321,4594.78,debit,2026-07-14 15:55:24,D00586
NB00024934,AC04503239,P00001,SBIN0004321,2580.56,debit,2026-08-01 09:57:09,D00586
NB00024936,AC04503239,P00139,HDFC0001234,1689.35,debit,2026-07-27 21:15:16,D00586
NB00024940,AC04503239,P00298,UTIB0000789,824.16,debit,2026-07-07 13:36:52,D00586
NB00024945,AC04503239,P00277,SBIN0004321,4446.34,debit,2026-09-05 13:52:42,D00586
NB00024953,AC04503239,P00046,UTIB0000789,1787.96,debit,2026-07-07 21:22:57,D00587
NB00024955,AC04503239,P00069,SBIN0004321,3128.59,debit,2026-08-11 07:44:31,D00587
NB00024962,AC04503239,P00035,SBIN0004321,418.93,debit,2026-09-05 13:12:59,D00586
NB00024965,AC04503239,E00425,ICIC0005678,25651.0,credit,2026-07-01 09:08:00,D00586
NB00024966,AC04503239,E00425,ICIC0005678,25526.0,credit,2026-07-31 09:47:00,D00586
NB00024967,AC04503239,E00425,SBIN0004321,25014.0,credit,2026-08-30 09:58:00,D00587
NB00024971,AC04517888,P00282,HDFC0001234,2995.72,debit,2026-09-07 11:39:51,D00588
NB00024974,AC04517888,P00045,SBIN0004321,2998.27,debit,2026-08-26 11:38:59,D00588
NB00024982,AC04517888,P00079,UTIB0000789,1042.75,debit,2026-07-11 13:51:11,D00588
NB00024987,AC04517888,P00089,SBIN0004321,12205.74,debit,2026-07-18 19:39:55,D00588
NB00024990,AC04517888,P00282,UTIB0000789,680.79,debit,2026-08-02 13:34:43,D00588
NB00024995,AC04517888,P00276,SBIN0004321,1297.48,debit,2026-08-12 15:05:29,D00588
NB00024999,AC04517888,P00236,ICIC0005678,1319.12,debit,2026-07-01 08:52:42,D00588
NB00025027,AC04517888,E00407,UTIB0000789,36714.0,credit,2026-07-03 09:32:00,D00588
NB00025028,AC04517888,E00407,ICIC0005678,37472.0,credit,2026-08-01 09:17:00,D00588
NB00025029,AC04517888,E00407,UTIB0000789,37897.0,credit,2026-08-31 09:05:00,D00588
NB00025037,AC04524606,P00329,SBIN0004321,2501.43,debit,2026-07-29 18:10:02,D00589
NB00025040,AC04524606,P00238,SBIN0004321,883.08,debit,2026-07-16 18:34:58,D00589
NB00025041,AC04524606,P00329,SBIN0004321,2245.59,debit,2026-09-09 21:22:36,D00589
NB00025046,AC04524606,P00210,SBIN0004321,2395.11,debit,2026-07-02 13:18:36,D00589
NB00025051,AC04524606,P00094,UTIB0000789,1732.94,debit,2026-07-27 17:22:10,D00589
NB00025055,AC04524606,P00074,HDFC0001234,2450.59,debit,2026-07-26 15:59:07,D00589
NB00025058,AC04524606,P00238,SBIN0004321,444.94,debit,2026-07-18 13:02:21,D00589
NB00025065,AC04524606,P00023,SBIN0004321,7078.29,debit,2026-07-08 19:41:09,D00589
NB00025067,AC04524606,P00014,SBIN0004321,573.96,debit,2026-09-03 01:31:38,D00589
NB00025068,AC04524606,P00188,HDFC0001234,299.49,debit,2026-07-30 20:54:07,D00589
NB00025074,AC04524606,P00038,HDFC0001234,2171.74,debit,2026-07-03 16:01:56,D00589
NB00025080,AC04524606,P00210,UTIB0000789,712.48,debit,2026-07-01 21:15:05,D00589
NB00025087,AC04524606,P00261,UTIB0000789,1807.88,debit,2026-08-04 07:26:11,D00589
NB00025091,AC04524606,P00210,SBIN0004321,2846.24,debit,2026-09-13 07:39:09,D00589
NB00025092,AC04524606,P00094,UTIB0000789,1307.09,debit,2026-07-20 12:15:52,D00589
NB00025103,AC04524606,P00023,HDFC0001234,3067.63,debit,2026-08-01 19:15:02,D00589
NB00025104,AC04524606,P00038,SBIN0004321,2324.52,debit,2026-08-17 06:54:30,D00589
NB00025107,AC04524606,E00406,ICIC0005678,28426.0,credit,2026-07-02 09:21:00,D00589
NB00025108,AC04524606,E00406,HDFC0001234,28670.0,credit,2026-07-31 09:11:00,D00589
NB00025109,AC04524606,E00406,ICIC0005678,28768.0,credit,2026-08-31 09:54:00,D00589
NB00025118,AC04531853,P00007,SBIN0004321,1245.43,debit,2026-07-14 11:38:10,D00590
NB00025154,AC04531853,E00434,HDFC0001234,43846.0,credit,2026-07-01 09:41:00,D00590
NB00025155,AC04531853,E00434,SBIN0004321,43320.0,credit,2026-08-02 09:53:00,D00590
NB00025156,AC04531853,E00434,SBIN0004321,43839.0,credit,2026-08-31 09:04:00,D00590
NB00025162,AC04548129,P00287,HDFC0001234,3495.98,debit,2026-08-20 13:35:40,D00591
NB00025176,AC04548129,P00172,UTIB0000789,853.61,debit,2026-08-17 18:42:02,D00591
NB00025191,AC04548129,P00327,SBIN0004321,7407.85,debit,2026-07-25 09:59:21,D00591
NB00025211,AC04548129,E00419,ICIC0005678,24391.0,credit,2026-07-01 09:34:00,D00591
NB00025212,AC04548129,E00419,ICIC0005678,23073.0,credit,2026-08-01 09:52:00,D00591
NB00025213,AC04548129,E00419,UTIB0000789,23772.0,credit,2026-09-01 09:59:00,D00591
NB00025220,AC04558667,P00100,ICIC0005678,2499.31,debit,2026-07-02 18:56:04,D00592
NB00025223,AC04558667,P00262,HDFC0001234,1515.88,debit,2026-09-01 18:10:44,D00592
NB00025233,AC04558667,P00347,UTIB0000789,368.44,debit,2026-09-08 10:21:43,D00592
NB00025263,AC04558667,P00076,HDFC0001234,1255.98,debit,2026-07-01 08:11:13,D00592
NB00025268,AC04558667,P00100,SBIN0004321,4316.56,debit,2026-07-07 14:42:46,D00592
NB00025271,AC04558667,P00206,ICIC0005678,1820.86,debit,2026-08-27 17:16:03,D00592
NB00025277,AC04558667,P00076,SBIN0004321,2884.02,debit,2026-07-22 08:07:25,D00592
NB00025280,AC04558667,P00100,SBIN0004321,1503.38,debit,2026-07-17 10:07:08,D00592
NB00025282,AC04558667,E00417,ICIC0005678,35654.0,credit,2026-07-03 09:18:00,D00592
NB00025283,AC04558667,E00417,ICIC0005678,34089.0,credit,2026-07-31 09:00:00,D00592
NB00025284,AC04558667,E00417,HDFC0001234,35221.0,credit,2026-09-01 09:00:00,D00592
NB00025296,AC04566067,P00038,ICIC0005678,1821.52,debit,2026-09-01 22:32:40,D00594
NB00025303,AC04566067,P00273,ICIC0005678,3014.82,debit,2026-07-10 18:53:50,D00593
NB00025308,AC04566067,P00319,ICIC0005678,1375.15,debit,2026-07-10 16:35:01,D00594
NB00025326,AC04566067,P00273,UTIB0000789,2072.08,debit,2026-08-29 15:28:15,D00593
NB00025337,AC04566067,P00273,UTIB0000789,822.46,debit,2026-07-22 04:14:37,D00594
NB00025338,AC04566067,E00439,ICIC0005678,48410.0,credit,2026-07-01 09:36:00,D00593
NB00025339,AC04566067,E00439,SBIN0004321,46546.0,credit,2026-07-31 09:31:00,D00593
NB00025340,AC04566067,E00439,ICIC0005678,48109.0,credit,2026-09-01 09:37:00,D00593
NB00025371,AC04577515,P00252,HDFC0001234,1905.62,debit,2026-08-13 23:42:31,D00596
NB00025387,AC04577515,P00158,UTIB0000789,1643.45,debit,2026-08-13 14:52:21,D00595
NB00025389,AC04577515,P00337,UTIB0000789,5184.61,debit,2026-09-13 21:44:28,D00595
NB00025392,AC04577515,E00410,ICIC0005678,22906.0,credit,2026-07-03 09:22:00,D00595
NB00025393,AC04577515,E00410,HDFC0001234,22979.0,credit,2026-08-01 09:54:00,D00595
NB00025394,AC04577515,E00410,ICIC0005678,22888.0,credit,2026-09-01 09:34:00,D00595
NB00025399,AC04582327,P00275,UTIB0000789,2009.31,debit,2026-08-12 13:00:46,D00597
NB00025402,AC04582327,P00065,UTIB0000789,819.6,debit,2026-07-25 13:48:24,D00597
NB00025405,AC04582327,P00390,UTIB0000789,8132.46,debit,2026-09-09 02:43:11,D00597
NB00025407,AC04582327,P00228,UTIB0000789,2215.12,debit,2026-08-26 15:11:18,D00597
NB00025436,AC04582327,P00228,ICIC0005678,1910.42,debit,2026-08-01 16:06:38,D00597
NB00025439,AC04582327,P00337,HDFC0001234,2098.01,debit,2026-09-06 20:57:29,D00597
NB00025440,AC04582327,P00310,SBIN0004321,1068.44,debit,2026-07-08 21:02:03,D00597
NB00025449,AC04582327,E00421,ICIC0005678,27328.0,credit,2026-07-03 09:01:00,D00597
NB00025450,AC04582327,E00421,UTIB0000789,26755.0,credit,2026-08-02 09:25:00,D00597
NB00025451,AC04582327,E00421,UTIB0000789,26614.0,credit,2026-08-30 09:47:00,D00597
NB00025466,AC04594053,P00050,HDFC0001234,4493.79,debit,2026-08-18 17:53:03,D00598
NB00025480,AC04594053,P00092,SBIN0004321,936.36,debit,2026-07-24 08:06:14,D00598
NB00025488,AC04594053,P00118,ICIC0005678,2045.32,debit,2026-09-06 19:19:29,D00598
NB00025490,AC04594053,P00371,UTIB0000789,475.88,debit,2026-07-05 09:23:26,D00598
NB00025515,AC04594053,P00167,HDFC0001234,859.69,debit,2026-08-21 23:33:55,D00598
NB00025516,AC04594053,P00123,SBIN0004321,502.5,debit,2026-07-27 20:58:56,D00598
NB00025520,AC04594053,P00178,SBIN0004321,2436.0,debit,2026-07-04 19:33:03,D00598
NB00025522,AC04594053,P00355,SBIN0004321,368.38,debit,2026-07-11 07:45:52,D00598
NB00025525,AC04594053,P00050,SBIN0004321,5936.21,debit,2026-09-13 11:12:56,D00598
NB00025527,AC04594053,E00407,UTIB0000789,31686.0,credit,2026-07-02 09:40:00,D00598
NB00025528,AC04594053,E00407,UTIB0000789,31737.0,credit,2026-07-31 09:54:00,D00598
NB00025529,AC04594053,E00407,HDFC0001234,31383.0,credit,2026-08-30 09:58:00,D00598
NB00025551,AC04604148,P00157,ICIC0005678,2448.26,debit,2026-08-20 19:06:46,D00599
NB00025557,AC04604148,P00221,UTIB0000789,299.56,debit,2026-07-16 08:08:26,D00599
NB00025558,AC04604148,P00081,UTIB0000789,710.14,debit,2026-07-31 13:52:36,D00599
NB00025562,AC04604148,P00054,ICIC0005678,1590.92,debit,2026-08-17 19:11:35,D00599
NB00025563,AC04604148,P00157,SBIN0004321,2767.32,debit,2026-07-01 00:34:33,D00599
NB00025564,AC04604148,P00111,HDFC0001234,6301.99,debit,2026-07-13 11:46:59,D00599
NB00025565,AC04604148,P00352,UTIB0000789,124.88,debit,2026-08-27 17:55:41,D00599
NB00025570,AC04604148,P00237,UTIB0000789,555.0,debit,2026-07-28 01:25:48,D00599
NB00025583,AC04604148,E00415,ICIC0005678,18468.0,credit,2026-07-01 09:47:00,D00599
NB00025584,AC04604148,E00415,HDFC0001234,18633.0,credit,2026-08-01 09:11:00,D00599
NB00025585,AC04604148,E00415,ICIC0005678,18713.0,credit,2026-08-30 09:59:00,D00599
NB00025586,AC04617873,P00206,UTIB0000789,2179.28,debit,2026-08-23 21:01:58,D00600
NB00025598,AC04617873,P00292,ICIC0005678,820.79,debit,2026-08-21 23:23:46,D00600
NB00025612,AC04617873,P00203,UTIB0000789,1066.44,debit,2026-08-04 07:25:32,D00600
NB00025613,AC04617873,P00245,UTIB0000789,3189.5,debit,2026-08-11 20:38:45,D00600
NB00025620,AC04617873,P00292,UTIB0000789,2064.94,debit,2026-09-02 08:49:46,D00600
NB00025633,AC04617873,P00258,HDFC0001234,245.66,debit,2026-07-24 20:11:23,D00600
NB00025635,AC04617873,P00245,HDFC0001234,4718.71,debit,2026-09-04 13:47:06,D00600
NB00025658,AC04617873,E00433,UTIB0000789,31356.0,credit,2026-07-01 09:51:00,D00600
NB00025659,AC04617873,E00433,ICIC0005678,30911.0,credit,2026-08-01 09:38:00,D00600
NB00025660,AC04617873,E00433,HDFC0001234,30581.0,credit,2026-08-30 09:50:00,D00600
NB00025662,AC04624167,P00108,ICIC0005678,8814.51,debit,2026-08-18 16:28:01,D00601
NB00025676,AC04624167,P00106,ICIC0005678,949.02,debit,2026-07-05 17:45:29,D00601
NB00025691,AC04624167,P00059,UTIB0000789,1751.39,debit,2026-09-05 17:05:27,D00601
NB00025696,AC04624167,P00106,ICIC0005678,824.03,debit,2026-08-19 09:30:58,D00601
NB00025702,AC04624167,E00412,UTIB0000789,39689.0,credit,2026-07-01 09:13:00,D00601
NB00025703,AC04624167,E00412,ICIC0005678,40478.0,credit,2026-08-01 09:31:00,D00601
NB00025704,AC04624167,E00412,HDFC0001234,40229.0,credit,2026-09-01 09:41:00,D00601
NB00025705,AC04637553,P00058,UTIB0000789,1256.7,debit,2026-07-19 23:08:05,D00602
NB00025706,AC04637553,P00086,ICIC0005678,1803.69,debit,2026-08-28 23:31:47,D00602
NB00025714,AC04637553,P00118,UTIB0000789,4576.99,debit,2026-08-22 14:10:09,D00602
NB00025715,AC04637553,P00086,SBIN0004321,7755.96,debit,2026-07-23 22:02:10,D00602
NB00025719,AC04637553,P00372,UTIB0000789,576.31,debit,2026-07-31 16:51:35,D00602
NB00025725,AC04637553,P00238,SBIN0004321,206.95,debit,2026-07-15 09:00:01,D00602
NB00025731,AC04637553,P00109,UTIB0000789,1195.16,debit,2026-07-22 17:23:56,D00602
NB00025760,AC04637553,P00252,SBIN0004321,955.74,debit,2026-07-13 19:56:28,D00602
NB00025766,AC04637553,P00029,ICIC0005678,1574.14,debit,2026-07-08 22:43:34,D00602
NB00025774,AC04637553,P00313,ICIC0005678,1672.52,debit,2026-08-02 12:06:41,D00602
NB00025776,AC04637553,E00428,UTIB0000789,31061.0,credit,2026-07-02 09:06:00,D00602
NB00025777,AC04637553,E00428,HDFC0001234,31222.0,credit,2026-08-02 09:12:00,D00602
NB00025778,AC04637553,E00428,ICIC0005678,31342.0,credit,2026-09-01 09:00:00,D00602
NB00025779,AC04643761,P00258,UTIB0000789,174.69,debit,2026-08-16 09:28:28,D00604
NB00025784,AC04643761,P00378,HDFC0001234,1144.41,debit,2026-08-29 14:16:28,D00603
NB00025796,AC04643761,P00306,ICIC0005678,229.06,debit,2026-07-15 20:58:43,D00603
NB00025802,AC04643761,P00342,UTIB0000789,3449.41,debit,2026-08-30 12:43:13,D00603
NB00025830,AC04643761,P00307,ICIC0005678,1614.41,debit,2026-08-04 10:39:10,D00604
NB00025836,AC04643761,P00378,HDFC0001234,740.59,debit,2026-08-08 10:24:46,D00603
NB00025843,AC04643761,E00427,HDFC0001234,33334.0,credit,2026-07-03 09:58:00,D00603
NB00025844,AC04643761,E00427,HDFC0001234,33115.0,credit,2026-07-31 09:45:00,D00603
NB00025845,AC04643761,E00427,UTIB0000789,32801.0,credit,2026-08-30 09:44:00,D00604
NB00025848,AC04656407,P00054,HDFC0001234,1302.1,debit,2026-07-04 11:06:24,D00605
NB00025849,AC04656407,P00257,HDFC0001234,1576.27,debit,2026-08-04 08:33:33,D00605
NB00025867,AC04656407,P00146,UTIB0000789,429.35,debit,2026-07-02 02:16:21,D00605
NB00025888,AC04656407,P00054,ICIC0005678,568.44,debit,2026-07-14 01:40:41,D00605
NB00025908,AC04656407,E00427,ICIC0005678,37254.0,credit,2026-07-01 09:21:00,D00605
NB00025909,AC04656407,E00427,UTIB0000789,38078.0,credit,2026-08-01 09:11:00,D00605
NB00025910,AC04656407,E00427,SBIN0004321,37361.0,credit,2026-08-30 09:26:00,D00605
NB00025915,AC04662888,P00252,ICIC0005678,707.63,debit,2026-08-17 13:24:49,D00606
NB00025942,AC04662888,P00316,SBIN0004321,1667.77,debit,2026-08-16 17:27:02,D00606
NB00025946,AC04662888,P00294,SBIN0004321,3311.52,debit,2026-08-25 19:31:39,D00606
NB00025948,AC04662888,P00395,SBIN0004321,1842.2,debit,2026-08-19 07:03:50,D00606
NB00025949,AC04662888,P00395,SBIN0004321,2000.33,debit,2026-09-05 17:23:10,D00606
NB00025954,AC04662888,P00294,ICIC0005678,2254.31,debit,2026-07-01 19:38:59,D00606
NB00025980,AC04662888,E00419,SBIN0004321,26847.0,credit,2026-07-03 09:38:00,D00606
NB00025981,AC04662888,E00419,SBIN0004321,27877.0,credit,2026-08-01 09:31:00,D00606
NB00025982,AC04662888,E00419,UTIB0000789,27013.0,credit,2026-08-31 09:44:00,D00606
NB00025984,AC04676025,P00084,HDFC0001234,1800.96,debit,2026-08-28 22:27:02,D00607
NB00025987,AC04676025,P00290,ICIC0005678,1166.73,debit,2026-09-11 20:11:48,D00608
NB00025989,AC04676025,P00290,SBIN0004321,2455.44,debit,2026-07-18 18:52:08,D00607
NB00025998,AC04676025,P00059,ICIC0005678,1076.9,debit,2026-09-07 21:41:21,D00608
NB00026007,AC04676025,P00281,SBIN0004321,11283.82,debit,2026-07-30 18:50:33,D00608
NB00026011,AC04676025,P00099,ICIC0005678,2827.41,debit,2026-07-25 19:28:53,D00607
NB00026013,AC04676025,P00290,SBIN0004321,3433.54,debit,2026-07-11 17:26:08,D00607
NB00026019,AC04676025,P00290,HDFC0001234,904.93,debit,2026-07-01 23:13:54,D00607
NB00026023,AC04676025,P00274,HDFC0001234,2958.44,debit,2026-07-09 10:40:47,D00607
NB00026029,AC04676025,P00290,SBIN0004321,896.32,debit,2026-08-31 12:38:08,D00607
NB00026032,AC04676025,E00433,HDFC0001234,53728.0,credit,2026-07-02 09:13:00,D00608
NB00026033,AC04676025,E00433,HDFC0001234,54096.0,credit,2026-08-02 09:54:00,D00607
NB00026034,AC04676025,E00433,HDFC0001234,53703.0,credit,2026-08-31 09:00:00,D00607
NB00026046,AC04681727,P00064,HDFC0001234,2623.73,debit,2026-07-27 18:37:13,D00609
NB00026048,AC04681727,P00001,UTIB0000789,4093.2,debit,2026-07-06 19:35:15,D00609
NB00026053,AC04681727,P00329,UTIB0000789,7279.51,debit,2026-08-08 09:58:13,D00609
NB00026054,AC04681727,P00076,UTIB0000789,1655.94,debit,2026-07-11 19:26:08,D00609
NB00026055,AC04681727,P00222,ICIC0005678,1341.24,debit,2026-07-20 22:55:19,D00609
NB00026058,AC04681727,P00264,SBIN0004321,6933.29,debit,2026-08-23 12:49:15,D00609
NB00026059,AC04681727,P00222,SBIN0004321,1454.11,debit,2026-07-04 05:42:24,D00609
NB00026067,AC04681727,P00051,HDFC0001234,3908.59,debit,2026-08-26 08:57:15,D00609
NB00026070,AC04681727,P00096,HDFC0001234,4787.02,debit,2026-08-12 12:39:26,D00609
NB00026074,AC04681727,P00064,ICIC0005678,14885.26,debit,2026-09-02 19:41:22,D00609
NB00026085,AC04681727,P00051,ICIC0005678,10381.79,debit,2026-09-05 13:11:33,D00609
NB00026088,AC04681727,P00329,SBIN0004321,6610.95,debit,2026-07-01 08:34:24,D00609
NB00026099,AC04681727,P00346,UTIB0000789,1721.81,debit,2026-07-30 20:35:39,D00609
NB00026102,AC04681727,E00423,SBIN0004321,75004.0,credit,2026-07-02 09:57:00,D00609
NB00026103,AC04681727,E00423,SBIN0004321,78356.0,credit,2026-07-31 09:40:00,D00609
NB00026104,AC04681727,E00423,HDFC0001234,79450.0,credit,2026-08-31 09:16:00,D00609
NB00026108,AC04697611,P00335,HDFC0001234,5532.84,debit,2026-08-10 16:22:03,D00610
NB00026116,AC04697611,P00320,UTIB0000789,6322.16,debit,2026-09-10 14:04:04,D00611
NB00026118,AC04697611,P00158,SBIN0004321,3717.25,debit,2026-08-22 11:09:11,D00610
NB00026121,AC04697611,P00010,ICIC0005678,569.91,debit,2026-09-11 01:32:44,D00610
NB00026147,AC04697611,E00414,HDFC0001234,30455.0,credit,2026-07-01 09:43:00,D00610
NB00026148,AC04697611,E00414,SBIN0004321,29141.0,credit,2026-08-02 09:26:00,D00610
NB00026149,AC04697611,E00414,HDFC0001234,31060.0,credit,2026-09-01 09:40:00,D00610
NB00026160,AC04701261,P00361,UTIB0000789,1056.93,debit,2026-08-19 09:32:50,D00612
NB00026161,AC04701261,P00018,UTIB0000789,426.4,debit,2026-07-07 19:15:13,D00612
NB00026177,AC04701261,P00095,ICIC0005678,390.11,debit,2026-08-15 11:57:47,D00612
NB00026190,AC04701261,P00095,HDFC0001234,738.19,debit,2026-08-01 21:32:10,D00612
NB00026196,AC04701261,P00018,HDFC0001234,1367.34,debit,2026-08-20 15:52:37,D00612
NB00026197,AC04701261,P00335,HDFC0001234,10458.65,debit,2026-07-08 11:57:23,D00612
NB00026199,AC04701261,P00395,SBIN0004321,3182.58,debit,2026-08-25 21:57:01,D00612
NB00026202,AC04701261,E00406,HDFC0001234,47437.0,credit,2026-07-01 09:19:00,D00612
NB00026203,AC04701261,E00406,UTIB0000789,47617.0,credit,2026-08-02 09:58:00,D00612
NB00026204,AC04701261,E00406,UTIB0000789,48968.0,credit,2026-09-01 09:49:00,D00612
NB00026215,AC04719992,P00175,ICIC0005678,2723.21,debit,2026-08-04 08:56:49,D00613
NB00026216,AC04719992,P00148,SBIN0004321,2659.77,debit,2026-09-08 21:58:51,D00613
NB00026236,AC04719992,P00233,SBIN0004321,1012.06,debit,2026-07-08 08:18:38,D00613
NB00026239,AC04719992,P00107,ICIC0005678,1498.45,debit,2026-09-11 14:58:03,D00613
NB00026250,AC04719992,E00406,HDFC0001234,33929.0,credit,2026-07-02 09:05:00,D00613
NB00026251,AC04719992,E00406,ICIC0005678,33741.0,credit,2026-08-01 09:42:00,D00613
NB00026252,AC04719992,E00406,HDFC0001234,33412.0,credit,2026-08-31 09:16:00,D00613
NB00026281,AC04728549,E00422,ICIC0005678,46510.0,credit,2026-07-02 09:22:00,D00614
NB00026282,AC04728549,E00422,HDFC0001234,45573.0,credit,2026-08-02 09:37:00,D00614
NB00026283,AC04728549,E00422,SBIN0004321,44529.0,credit,2026-08-30 09:25:00,D00614
NB00026286,AC04736206,P00049,HDFC0001234,6511.21,debit,2026-09-05 09:35:42,D00615
NB00026296,AC04736206,P00204,HDFC0001234,3904.6,debit,2026-08-21 19:04:27,D00615
NB00026303,AC04736206,P00082,UTIB0000789,3143.56,debit,2026-07-05 20:10:52,D00615
NB00026305,AC04736206,P00220,SBIN0004321,1732.92,debit,2026-08-21 19:57:54,D00615
NB00026311,AC04736206,P00204,HDFC0001234,2208.28,debit,2026-07-14 15:54:44,D00616
NB00026317,AC04736206,P00019,UTIB0000789,843.49,debit,2026-07-09 02:27:48,D00615
NB00026329,AC04736206,P00287,SBIN0004321,7550.48,debit,2026-09-08 20:11:41,D00615
NB00026338,AC04736206,P00082,UTIB0000789,2770.52,debit,2026-08-12 21:36:44,D00616
NB00026357,AC04736206,P00072,UTIB0000789,1328.63,debit,2026-07-18 12:13:24,D00615
NB00026359,AC04736206,E00405,SBIN0004321,84636.0,credit,2026-07-01 09:08:00,D00615
NB00026360,AC04736206,E00405,HDFC0001234,83373.0,credit,2026-08-02 09:19:00,D00615
NB00026361,AC04736206,E00405,HDFC0001234,84490.0,credit,2026-08-31 09:18:00,D00615
NB00026365,AC04749185,P00030,HDFC0001234,7722.63,debit,2026-07-10 18:00:02,D00617
NB00026375,AC04749185,P00188,ICIC0005678,744.03,debit,2026-07-17 18:13:01,D00617
NB00026376,AC04749185,P00226,SBIN0004321,6121.29,debit,2026-09-06 15:42:15,D00617
NB00026377,AC04749185,P00188,ICIC0005678,673.89,debit,2026-08-05 13:18:00,D00617
NB00026386,AC04749185,P00188,ICIC0005678,969.49,debit,2026-08-30 17:07:22,D00617
NB00026388,AC04749185,P00269,ICIC0005678,2128.84,debit,2026-09-02 13:33:23,D00617
NB00026393,AC04749185,P00349,UTIB0000789,1510.24,debit,2026-07-27 11:12:14,D00617
NB00026398,AC04749185,P00226,ICIC0005678,4013.23,debit,2026-07-19 17:38:44,D00617
NB00026400,AC04749185,E00412,UTIB0000789,49421.0,credit,2026-07-03 09:46:00,D00617
NB00026401,AC04749185,E00412,ICIC0005678,50758.0,credit,2026-08-01 09:08:00,D00617
NB00026402,AC04749185,E00412,HDFC0001234,48772.0,credit,2026-09-01 09:22:00,D00617
NB00026404,AC04758277,P00327,SBIN0004321,818.18,debit,2026-08-21 09:04:33,D00618
NB00026409,AC04758277,P00327,SBIN0004321,457.81,debit,2026-08-05 14:08:42,D00618
NB00026414,AC04758277,P00327,ICIC0005678,749.45,debit,2026-07-27 09:56:00,D00618
NB00026417,AC04758277,P00179,HDFC0001234,586.57,debit,2026-09-13 16:59:59,D00618
NB00026423,AC04758277,P00179,HDFC0001234,151.71,debit,2026-08-19 13:20:26,D00618
NB00026425,AC04758277,P00179,ICIC0005678,250.87,debit,2026-07-15 20:23:29,D00618
NB00026439,AC04758277,P00190,HDFC0001234,363.12,debit,2026-08-12 17:13:39,D00618
NB00026444,AC04758277,P00228,SBIN0004321,707.77,debit,2026-07-16 12:08:43,D00618
NB00026451,AC04758277,P00327,SBIN0004321,1104.24,debit,2026-07-14 19:01:17,D00618
NB00026452,AC04758277,P00031,HDFC0001234,728.76,debit,2026-07-27 10:59:10,D00618
NB00026461,AC04758277,P00017,SBIN0004321,535.77,debit,2026-09-06 18:05:41,D00618
NB00026467,AC04758277,E00407,UTIB0000789,15870.0,credit,2026-07-02 09:18:00,D00618
NB00026468,AC04758277,E00407,SBIN0004321,15628.0,credit,2026-08-01 09:11:00,D00618
NB00026469,AC04758277,E00407,HDFC0001234,13205.0,credit,2026-08-31 09:33:00,D00618
NB00026488,AC04762284,P00322,UTIB0000789,1489.01,debit,2026-07-10 14:49:55,D00619
NB00026504,AC04762284,P00073,HDFC0001234,4223.69,debit,2026-08-07 11:08:58,D00619
NB00026510,AC04762284,P00150,UTIB0000789,2356.84,debit,2026-07-06 11:53:52,D00619
NB00026511,AC04762284,P00119,UTIB0000789,4471.33,debit,2026-08-08 10:04:11,D00619
NB00026525,AC04762284,E00408,SBIN0004321,45591.0,credit,2026-07-02 09:26:00,D00619
NB00026526,AC04762284,E00408,HDFC0001234,47648.0,credit,2026-08-02 09:01:00,D00619
NB00026527,AC04762284,E00408,SBIN0004321,47626.0,credit,2026-09-01 09:38:00,D00619
NB00026532,AC04777697,P00116,ICIC0005678,4281.49,debit,2026-08-03 12:57:59,D00620
NB00026538,AC04777697,P00142,HDFC0001234,4085.05,debit,2026-09-12 03:40:04,D00620
NB00026540,AC04777697,P00080,ICIC0005678,854.92,debit,2026-07-28 21:58:04,D00620
NB00026542,AC04777697,P00116,HDFC0001234,6535.45,debit,2026-08-08 18:22:59,D00620
NB00026544,AC04777697,P00116,ICIC0005678,5036.53,debit,2026-07-04 09:58:27,D00620
NB00026547,AC04777697,P00023,ICIC0005678,4137.38,debit,2026-07-01 13:50:37,D00620
NB00026565,AC04777697,P00346,ICIC0005678,2296.43,debit,2026-09-04 19:16:33,D00620
NB00026569,AC04777697,P00023,UTIB0000789,6370.62,debit,2026-08-29 17:03:05,D00620
NB00026572,AC04777697,E00403,ICIC0005678,70253.0,credit,2026-07-01 09:13:00,D00620
NB00026573,AC04777697,E00403,ICIC0005678,69474.0,credit,2026-08-02 09:08:00,D00620
NB00026574,AC04777697,E00403,HDFC0001234,71357.0,credit,2026-08-31 09:02:00,D00620
NB00026579,AC04784395,P00213,UTIB0000789,2650.15,debit,2026-07-13 18:56:32,D00621
NB00026583,AC04784395,P00028,SBIN0004321,517.04,debit,2026-08-23 19:58:40,D00621
NB00026606,AC04784395,P00048,UTIB0000789,268.48,debit,2026-08-29 19:43:01,D00621
NB00026614,AC04784395,P00320,UTIB0000789,3799.23,debit,2026-08-20 23:54:28,D00621
NB00026627,AC04784395,P00087,HDFC0001234,1121.97,debit,2026-09-11 20:24:33,D00621
NB00026638,AC04784395,E00407,ICIC0005678,33743.0,credit,2026-07-02 09:33:00,D00621
NB00026639,AC04784395,E00407,ICIC0005678,34102.0,credit,2026-08-01 09:50:00,D00621
NB00026640,AC04784395,E00407,ICIC0005678,33981.0,credit,2026-08-31 09:16:00,D00621
NB00026641,AC04798701,P00169,HDFC0001234,2138.19,debit,2026-08-04 15:48:43,D00623
NB00026646,AC04798701,P00276,SBIN0004321,3147.5,debit,2026-09-09 07:08:57,D00623
NB00026650,AC04798701,P00086,UTIB0000789,8751.29,debit,2026-09-13 14:39:49,D00622
NB00026671,AC04798701,P00156,UTIB0000789,7898.93,debit,2026-08-20 15:00:55,D00623
NB00026674,AC04798701,P00181,SBIN0004321,4384.89,debit,2026-07-04 09:24:43,D00623
NB00026687,AC04798701,E00418,SBIN0004321,62969.0,credit,2026-07-03 09:06:00,D00622
NB00026688,AC04798701,E00418,UTIB0000789,63842.0,credit,2026-08-01 09:50:00,D00622
NB00026689,AC04798701,E00418,SBIN0004321,62683.0,credit,2026-08-31 09:54:00,D00623
NB00026693,AC04808773,P00363,ICIC0005678,1219.86,debit,2026-09-05 12:12:17,D00624
NB00026708,AC04808773,P00012,HDFC0001234,1362.77,debit,2026-07-10 00:37:34,D00624
NB00026716,AC04808773,E00417,UTIB0000789,27240.0,credit,2026-07-01 09:01:00,D00624
NB00026717,AC04808773,E00417,SBIN0004321,26958.0,credit,2026-08-02 09:43:00,D00624
NB00026718,AC04808773,E00417,UTIB0000789,26696.0,credit,2026-09-01 09:38:00,D00624
NB00026735,AC04819589,P00077,UTIB0000789,245.53,debit,2026-08-17 08:30:53,D00625
NB00026761,AC04819589,P00331,UTIB0000789,344.81,debit,2026-08-27 14:27:33,D00625
NB00026772,AC04819589,P00388,HDFC0001234,1022.61,debit,2026-09-10 19:00:51,D00625
NB00026774,AC04819589,P00358,UTIB0000789,1890.65,debit,2026-08-19 14:26:44,D00625
NB00026795,AC04819589,E00431,HDFC0001234,18062.0,credit,2026-07-03 09:02:00,D00625
NB00026796,AC04819589,E00431,HDFC0001234,18023.0,credit,2026-07-31 09:51:00,D00625
NB00026797,AC04819589,E00431,ICIC0005678,18254.0,credit,2026-08-30 09:03:00,D00625
NB00026801,AC04825058,P00043,ICIC0005678,9255.87,debit,2026-07-29 22:30:40,D00626
NB00026806,AC04825058,P00045,UTIB0000789,2377.0,debit,2026-08-13 19:48:56,D00626
NB00026818,AC04825058,P00053,ICIC0005678,1372.85,debit,2026-09-10 15:39:21,D00626
NB00026822,AC04825058,P00271,ICIC0005678,2233.86,debit,2026-07-16 13:25:43,D00626
NB00026833,AC04825058,E00406,UTIB0000789,40865.0,credit,2026-07-02 09:33:00,D00626
NB00026834,AC04825058,E00406,ICIC0005678,40314.0,credit,2026-08-02 09:33:00,D00626
NB00026835,AC04825058,E00406,UTIB0000789,40664.0,credit,2026-09-01 09:27:00,D00626
NB00026847,AC04832737,P00295,ICIC0005678,769.41,debit,2026-09-12 16:49:39,D00627
NB00026853,AC04832737,P00187,UTIB0000789,2653.66,debit,2026-07-13 16:19:31,D00627
NB00026876,AC04832737,P00039,UTIB0000789,999.67,debit,2026-07-18 19:45:58,D00627
NB00026877,AC04832737,P00333,UTIB0000789,165.09,debit,2026-07-30 17:34:48,D00627
NB00026886,AC04832737,P00258,HDFC0001234,128.39,debit,2026-08-17 20:36:01,D00628
NB00026888,AC04832737,P00039,HDFC0001234,930.39,debit,2026-09-09 22:36:27,D00627
NB00026902,AC04832737,E00440,UTIB0000789,15438.0,credit,2026-07-02 09:07:00,D00627
NB00026903,AC04832737,E00440,HDFC0001234,15756.0,credit,2026-07-31 09:09:00,D00627
NB00026904,AC04832737,E00440,HDFC0001234,15800.0,credit,2026-08-30 09:41:00,D00628
NB00026906,AC04842125,P00305,ICIC0005678,448.65,debit,2026-08-27 11:30:11,D00629
NB00026933,AC04842125,P00015,SBIN0004321,3692.54,debit,2026-08-26 08:59:53,D00629
NB00026936,AC04842125,P00025,HDFC0001234,1919.41,debit,2026-09-05 14:51:18,D00629
NB00026937,AC04842125,P00268,UTIB0000789,760.41,debit,2026-08-09 09:47:55,D00629
NB00026948,AC04842125,P00060,SBIN0004321,1344.37,debit,2026-08-25 15:55:25,D00629
NB00026953,AC04842125,E00434,UTIB0000789,34614.0,credit,2026-07-01 09:09:00,D00629
NB00026954,AC04842125,E00434,SBIN0004321,34382.0,credit,2026-08-02 09:26:00,D00629
NB00026955,AC04842125,E00434,UTIB0000789,33177.0,credit,2026-08-31 09:10:00,D00629
NB00026975,AC04852488,P00121,ICIC0005678,4135.1,debit,2026-07-16 13:37:56,D00630
NB00026980,AC04852488,P00237,SBIN0004321,2033.79,debit,2026-09-06 15:58:25,D00630
NB00026988,AC04852488,P00158,UTIB0000789,48603.66,debit,2026-07-12 15:38:25,D00630
NB00026999,AC04852488,E00435,UTIB0000789,72519.0,credit,2026-07-03 09:55:00,D00630
NB00027000,AC04852488,E00435,SBIN0004321,72538.0,credit,2026-08-02 09:44:00,D00630
NB00027001,AC04852488,E00435,ICIC0005678,72050.0,credit,2026-08-30 09:23:00,D00630
NB00027003,AC04869925,P00058,SBIN0004321,748.53,debit,2026-09-10 15:41:12,D00631
NB00027004,AC04869925,P00093,ICIC0005678,431.74,debit,2026-07-20 13:25:14,D00631
NB00027008,AC04869925,P00260,SBIN0004321,1425.72,debit,2026-07-24 20:47:08,D00631
NB00027032,AC04869925,P00376,UTIB0000789,1255.35,debit,2026-07-21 20:33:51,D00631
NB00027060,AC04869925,E00438,SBIN0004321,14563.0,credit,2026-07-01 09:35:00,D00631
NB00027061,AC04869925,E00438,UTIB0000789,14522.0,credit,2026-08-01 09:25:00,D00631
NB00027062,AC04869925,E00438,UTIB0000789,15010.0,credit,2026-08-31 09:40:00,D00631
NB00027079,AC04876276,P00292,SBIN0004321,1439.72,debit,2026-07-20 18:50:56,D00632
NB00027085,AC04876276,P00158,UTIB0000789,1071.23,debit,2026-08-23 10:18:00,D00632
NB00027088,AC04876276,P00298,UTIB0000789,157.56,debit,2026-07-01 19:07:36,D00632
NB00027101,AC04876276,P00112,UTIB0000789,2240.72,debit,2026-08-04 19:04:49,D00632
NB00027103,AC04876276,E00416,HDFC0001234,19875.0,credit,2026-07-01 09:28:00,D00632
NB00027104,AC04876276,E00416,UTIB0000789,20102.0,credit,2026-08-01 09:52:00,D00632
NB00027105,AC04876276,E00416,ICIC0005678,19241.0,credit,2026-09-01 09:13:00,D00632
NB00027116,AC04884165,P00024,HDFC0001234,3491.89,debit,2026-07-06 19:33:38,D00633
NB00027126,AC04884165,P00270,ICIC0005678,1143.2,debit,2026-08-15 05:49:31,D00633
NB00027133,AC04884165,P00164,UTIB0000789,1666.02,debit,2026-08-18 18:51:02,D00633
NB00027139,AC04884165,P00266,HDFC0001234,1927.32,debit,2026-07-29 17:27:09,D00633
NB00027155,AC04884165,E00438,UTIB0000789,22980.0,credit,2026-07-03 09:03:00,D00633
NB00027156,AC04884165,E00438,UTIB0000789,23103.0,credit,2026-08-01 09:05:00,D00633
NB00027157,AC04884165,E00438,ICIC0005678,22342.0,credit,2026-09-01 09:43:00,D00633
NB00027184,AC04895043,P00340,UTIB0000789,2967.5,debit,2026-07-12 22:53:06,D00634
NB00027202,AC04895043,E00404,ICIC0005678,37049.0,credit,2026-07-02 09:16:00,D00634
NB00027203,AC04895043,E00404,HDFC0001234,30559.0,credit,2026-07-31 09:44:00,D00634
NB00027204,AC04895043,E00404,ICIC0005678,24471.0,credit,2026-08-31 09:34:00,D00634
NB00027231,AC04902555,P00397,ICIC0005678,697.46,debit,2026-08-21 15:28:23,D00635
NB00027239,AC04902555,P00041,SBIN0004321,4820.05,debit,2026-09-09 10:50:44,D00635
NB00027240,AC04902555,P00232,HDFC0001234,2771.75,debit,2026-08-12 04:56:10,D00635
NB00027249,AC04902555,P00375,ICIC0005678,240.55,debit,2026-07-05 16:49:37,D00635
NB00027256,AC04902555,P00232,HDFC0001234,2181.78,debit,2026-08-10 18:10:58,D00635
NB00027258,AC04902555,P00294,HDFC0001234,2584.0,debit,2026-08-22 00:39:22,D00635
NB00027260,AC04902555,E00441,SBIN0004321,31464.0,credit,2026-07-03 09:40:00,D00635
NB00027261,AC04902555,E00441,ICIC0005678,32483.0,credit,2026-08-02 09:22:00,D00635
NB00027262,AC04902555,E00441,HDFC0001234,31283.0,credit,2026-08-30 09:26:00,D00635
NB00027294,AC04916135,P00186,SBIN0004321,11370.92,debit,2026-09-12 14:43:06,D00636
NB00027297,AC04916135,P00261,SBIN0004321,2760.83,debit,2026-08-30 15:56:57,D00636
NB00027301,AC04916135,P00186,SBIN0004321,10446.33,debit,2026-08-25 14:38:51,D00636
NB00027305,AC04916135,P00201,HDFC0001234,6238.72,debit,2026-08-01 02:55:28,D00636
NB00027334,AC04916135,P00115,HDFC0001234,1969.42,debit,2026-09-06 19:48:30,D00636
NB00027345,AC04916135,E00406,UTIB0000789,77925.0,credit,2026-07-01 09:30:00,D00636
NB00027346,AC04916135,E00406,UTIB0000789,65977.0,credit,2026-07-31 09:51:00,D00636
NB00027347,AC04916135,E00406,SBIN0004321,52987.0,credit,2026-09-01 09:13:00,D00636
NB00027367,AC04924830,P00301,HDFC0001234,702.04,debit,2026-08-11 18:04:42,D00637
NB00027375,AC04924830,P00339,UTIB0000789,1046.59,debit,2026-08-27 10:09:30,D00637
NB00027378,AC04924830,P00315,ICIC0005678,3259.01,debit,2026-07-14 12:00:14,D00637
NB00027385,AC04924830,P00339,ICIC0005678,890.1,debit,2026-09-04 17:47:26,D00637
NB00027387,AC04924830,E00422,UTIB0000789,62035.0,credit,2026-07-01 09:53:00,D00637
NB00027388,AC04924830,E00422,SBIN0004321,61754.0,credit,2026-08-01 09:19:00,D00638
NB00027389,AC04924830,E00422,UTIB0000789,59254.0,credit,2026-09-01 09:16:00,D00637
NB00027396,AC04938181,P00098,HDFC0001234,918.86,debit,2026-07-26 14:54:07,D00639
NB00027401,AC04938181,P00114,ICIC0005678,880.88,debit,2026-07-19 16:01:19,D00639
NB00027405,AC04938181,P00141,UTIB0000789,3418.44,debit,2026-07-26 12:23:59,D00639
NB00027418,AC04938181,P00306,SBIN0004321,798.75,debit,2026-09-03 22:41:41,D00639
NB00027419,AC04938181,P00092,ICIC0005678,878.32,debit,2026-09-05 18:00:14,D00639
NB00027422,AC04938181,P00157,HDFC0001234,2740.54,debit,2026-07-14 07:27:28,D00639
NB00027423,AC04938181,P00114,SBIN0004321,626.11,debit,2026-08-09 15:16:12,D00639
NB00027427,AC04938181,P00393,SBIN0004321,2694.35,debit,2026-07-24 22:05:41,D00639
NB00027431,AC04938181,P00164,SBIN0004321,3834.98,debit,2026-07-20 10:16:30,D00639
NB00027437,AC04938181,E00404,SBIN0004321,47674.0,credit,2026-07-02 09:48:00,D00639
NB00027438,AC04938181,E00404,SBIN0004321,48961.0,credit,2026-08-02 09:36:00,D00639
NB00027439,AC04938181,E00404,UTIB0000789,48603.0,credit,2026-09-01 09:27:00,D00639
NB00027440,AC04941190,P00137,ICIC0005678,957.86,debit,2026-08-14 12:18:31,D00640
NB00027453,AC04941190,P00052,HDFC0001234,5016.69,debit,2026-09-01 00:04:51,D00640
NB00027480,AC04941190,P00294,HDFC0001234,3766.53,debit,2026-08-10 11:12:04,D00640
NB00027490,AC04941190,P00324,UTIB0000789,2997.51,debit,2026-08-30 12:54:58,D00641
NB00027492,AC04941190,P00250,ICIC0005678,866.29,debit,2026-08-21 07:14:00,D00640
NB00027506,AC04941190,P00052,HDFC0001234,1207.14,debit,2026-08-26 13:47:48,D00640
NB00027507,AC04941190,P00032,ICIC0005678,653.84,debit,2026-07-28 07:34:45,D00640
NB00027510,AC04941190,E00413,SBIN0004321,40583.0,credit,2026-07-03 09:44:00,D00640
NB00027511,AC04941190,E00413,HDFC0001234,41562.0,credit,2026-07-31 09:39:00,D00641
NB00027512,AC04941190,E00413,UTIB0000789,40358.0,credit,2026-08-31 09:50:00,D00640
NB00027527,AC04959384,P00211,SBIN0004321,1298.62,debit,2026-08-09 08:44:21,D00642
NB00027534,AC04959384,P00023,ICIC0005678,8387.47,debit,2026-07-31 16:53:07,D00642
NB00027535,AC04959384,P00047,HDFC0001234,1819.99,debit,2026-09-09 13:42:55,D00642
NB00027540,AC04959384,P00017,HDFC0001234,694.37,debit,2026-07-27 01:10:57,D00642
NB00027544,AC04959384,P00211,UTIB0000789,398.32,debit,2026-08-29 21:38:07,D00642
NB00027555,AC04959384,P00299,UTIB0000789,4440.37,debit,2026-08-16 13:34:31,D00642
NB00027565,AC04959384,P00047,ICIC0005678,1903.97,debit,2026-08-14 23:20:08,D00642
NB00027570,AC04959384,P00047,ICIC0005678,997.95,debit,2026-08-02 18:00:37,D00642
NB00027571,AC04959384,P00211,SBIN0004321,1146.36,debit,2026-07-04 02:26:16,D00642
NB00027579,AC04959384,E00409,ICIC0005678,45984.0,credit,2026-07-03 09:05:00,D00642
NB00027580,AC04959384,E00409,SBIN0004321,45851.0,credit,2026-08-02 09:23:00,D00642
NB00027581,AC04959384,E00409,UTIB0000789,46654.0,credit,2026-09-01 09:36:00,D00642
NB00027597,AC04961545,P00252,HDFC0001234,320.98,debit,2026-08-03 17:05:50,D00643
NB00027604,AC04961545,P00024,HDFC0001234,813.06,debit,2026-08-03 20:22:20,D00643
NB00027616,AC04961545,P00073,SBIN0004321,1140.15,debit,2026-07-01 18:57:44,D00644
NB00027624,AC04961545,P00318,ICIC0005678,2239.51,debit,2026-07-16 12:21:32,D00643
NB00027625,AC04961545,P00300,UTIB0000789,595.63,debit,2026-07-22 19:38:05,D00644
NB00027627,AC04961545,E00422,ICIC0005678,24063.0,credit,2026-07-03 09:35:00,D00644
NB00027628,AC04961545,E00422,ICIC0005678,24516.0,credit,2026-07-31 09:07:00,D00643
NB00027629,AC04961545,E00422,HDFC0001234,24062.0,credit,2026-08-30 09:46:00,D00643
NB00027654,AC04974756,P00162,UTIB0000789,2314.76,debit,2026-08-13 09:57:21,D00645
NB00027671,AC04974756,P00341,UTIB0000789,1026.51,debit,2026-07-30 08:44:55,D00645
NB00027674,AC04974756,P00001,ICIC0005678,5513.22,debit,2026-08-25 11:08:09,D00645
NB00027678,AC04974756,P00243,HDFC0001234,14338.29,debit,2026-09-02 11:37:53,D00645
NB00027685,AC04974756,E00424,SBIN0004321,58026.0,credit,2026-07-02 09:09:00,D00645
NB00027686,AC04974756,E00424,ICIC0005678,58932.0,credit,2026-08-01 09:16:00,D00645
NB00027687,AC04974756,E00424,UTIB0000789,58948.0,credit,2026-08-30 09:01:00,D00645
NB00027690,AC04984065,P00025,HDFC0001234,820.46,debit,2026-08-05 18:34:04,D00646
NB00027694,AC04984065,P00287,ICIC0005678,921.86,debit,2026-09-10 14:14:05,D00646
NB00027705,AC04984065,P00156,ICIC0005678,697.02,debit,2026-07-10 10:16:10,D00646
NB00027710,AC04984065,P00156,SBIN0004321,1006.98,debit,2026-07-28 23:55:50,D00646
NB00027712,AC04984065,P00297,UTIB0000789,1343.57,debit,2026-08-05 12:58:54,D00646
NB00027730,AC04984065,P00025,SBIN0004321,1465.3,debit,2026-07-24 08:26:00,D00646
NB00027741,AC04984065,E00426,ICIC0005678,21562.0,credit,2026-07-01 09:10:00,D00646
NB00027742,AC04984065,E00426,SBIN0004321,21974.0,credit,2026-08-02 09:40:00,D00646
NB00027743,AC04984065,E00426,ICIC0005678,21739.0,credit,2026-09-01 09:25:00,D00646
NB00027769,AC04997460,P00361,ICIC0005678,1107.86,debit,2026-09-07 20:47:56,D00647
NB00027770,AC04997460,P00320,UTIB0000789,1205.86,debit,2026-07-30 15:40:55,D00647
NB00027775,AC04997460,P00259,ICIC0005678,6709.42,debit,2026-08-08 20:38:34,D00647
NB00027780,AC04997460,P00233,ICIC0005678,1992.22,debit,2026-08-25 23:19:35,D00647
NB00027782,AC04997460,P00259,SBIN0004321,5318.34,debit,2026-09-05 09:34:05,D00647
NB00027786,AC04997460,P00263,SBIN0004321,4614.79,debit,2026-07-11 16:00:54,D00647
NB00027798,AC04997460,P00022,ICIC0005678,3476.29,debit,2026-08-22 10:02:37,D00647
NB00027804,AC04997460,P00092,HDFC0001234,2615.38,debit,2026-07-07 12:12:18,D00647
NB00027811,AC04997460,P00022,UTIB0000789,1369.56,debit,2026-09-13 10:33:57,D00647
NB00027815,AC04997460,P00233,HDFC0001234,594.05,debit,2026-09-08 06:28:09,D00647
NB00027826,AC04997460,P00022,ICIC0005678,2841.72,debit,2026-08-02 15:30:18,D00647
NB00027830,AC04997460,E00432,ICIC0005678,58878.0,credit,2026-07-02 09:30:00,D00647
NB00027831,AC04997460,E00432,HDFC0001234,57588.0,credit,2026-07-31 09:56:00,D00647
NB00027832,AC04997460,E00432,SBIN0004321,55127.0,credit,2026-08-31 09:06:00,D00647
NB00027837,AC05006923,P00083,ICIC0005678,3798.41,debit,2026-07-06 17:51:48,D00648
NB00027843,AC05006923,P00363,ICIC0005678,7674.91,debit,2026-07-07 08:02:02,D00648
NB00027847,AC05006923,P00180,SBIN0004321,7716.17,debit,2026-07-18 20:17:34,D00648
NB00027862,AC05006923,P00045,HDFC0001234,16190.74,debit,2026-08-26 14:00:32,D00648
NB00027866,AC05006923,P00385,HDFC0001234,3146.2,debit,2026-07-13 12:05:36,D00648
NB00027871,AC05006923,E00414,SBIN0004321,69723.0,credit,2026-07-03 09:18:00,D00648
NB00027872,AC05006923,E00414,SBIN0004321,68326.0,credit,2026-08-01 09:25:00,D00648
NB00027873,AC05006923,E00414,HDFC0001234,68517.0,credit,2026-08-31 09:54:00,D00648
NB00027878,AC05012770,P00373,ICIC0005678,1053.3,debit,2026-07-18 17:44:41,D00649
NB00027881,AC05012770,P00203,ICIC0005678,1622.7,debit,2026-07-17 06:36:43,D00649
NB00027883,AC05012770,P00092,SBIN0004321,1315.81,debit,2026-07-06 17:27:05,D00650
NB00027887,AC05012770,P00382,UTIB0000789,1400.37,debit,2026-08-07 11:46:30,D00649
NB00027892,AC05012770,P00382,HDFC0001234,999.98,debit,2026-07-01 11:18:42,D00650
NB00027900,AC05012770,E00411,HDFC0001234,42413.0,credit,2026-07-01 09:41:00,D00649
NB00027901,AC05012770,E00411,UTIB0000789,41298.0,credit,2026-08-02 09:53:00,D00650
NB00027902,AC05012770,E00411,ICIC0005678,42247.0,credit,2026-08-31 09:56:00,D00649
NB00027903,AC05025416,P00069,ICIC0005678,2312.35,debit,2026-07-26 16:57:55,D00651
NB00027926,AC05025416,E00422,SBIN0004321,35079.0,credit,2026-07-03 09:59:00,D00651
NB00027927,AC05025416,E00422,ICIC0005678,34990.0,credit,2026-07-31 09:02:00,D00652
NB00027928,AC05025416,E00422,HDFC0001234,34487.0,credit,2026-08-31 09:31:00,D00652
NB00027938,AC05035810,P00120,HDFC0001234,1947.49,debit,2026-08-27 01:24:12,D00653
NB00027958,AC05035810,P00205,SBIN0004321,1092.25,debit,2026-09-12 01:54:16,D00653
NB00027964,AC05035810,P00279,HDFC0001234,437.08,debit,2026-07-06 18:59:18,D00653
NB00027972,AC05035810,P00342,ICIC0005678,980.99,debit,2026-07-01 17:32:22,D00653
NB00027976,AC05035810,E00434,HDFC0001234,47090.0,credit,2026-07-03 09:48:00,D00653
NB00027977,AC05035810,E00434,SBIN0004321,45706.0,credit,2026-07-31 09:40:00,D00653
NB00027978,AC05035810,E00434,HDFC0001234,45965.0,credit,2026-09-01 09:29:00,D00653
NB00027985,AC05045174,P00010,UTIB0000789,418.97,debit,2026-07-14 10:35:04,D00654
NB00027988,AC05045174,P00118,SBIN0004321,1232.32,debit,2026-08-21 19:24:08,D00654
NB00028018,AC05045174,P00010,ICIC0005678,198.53,debit,2026-07-17 19:54:33,D00654
NB00028023,AC05045174,P00118,ICIC0005678,2088.27,debit,2026-08-21 23:40:40,D00654
NB00028025,AC05045174,P00123,HDFC0001234,389.57,debit,2026-07-29 09:23:44,D00654
NB00028030,AC05045174,P00131,ICIC0005678,408.95,debit,2026-09-12 07:51:36,D00654
NB00028037,AC05045174,P00397,SBIN0004321,1715.1,debit,2026-09-08 17:24:18,D00654
NB00028038,AC05045174,P00118,HDFC0001234,2365.68,debit,2026-09-04 21:39:01,D00654
NB00028045,AC05045174,P00097,ICIC0005678,1137.07,debit,2026-07-03 13:05:38,D00654
NB00028046,AC05045174,E00424,HDFC0001234,11976.0,credit,2026-07-02 09:43:00,D00654
NB00028047,AC05045174,E00424,HDFC0001234,12053.0,credit,2026-08-01 09:17:00,D00654
NB00028048,AC05045174,E00424,SBIN0004321,11942.0,credit,2026-08-31 09:04:00,D00654
NB00028052,AC05051196,P00110,UTIB0000789,812.22,debit,2026-07-09 17:32:34,D00655
NB00028055,AC05051196,P00078,SBIN0004321,1760.84,debit,2026-09-08 12:34:44,D00655
NB00028068,AC05051196,P00106,SBIN0004321,3446.42,debit,2026-08-03 12:26:12,D00655
NB00028083,AC05051196,P00232,UTIB0000789,1640.14,debit,2026-08-30 10:44:07,D00655
NB00028091,AC05051196,P00374,UTIB0000789,1888.29,debit,2026-08-05 18:16:47,D00655
NB00028093,AC05051196,P00110,SBIN0004321,1872.52,debit,2026-08-30 22:13:50,D00655
NB00028105,AC05051196,P00078,HDFC0001234,1129.08,debit,2026-09-09 20:43:51,D00655
NB00028107,AC05051196,E00434,UTIB0000789,45015.0,credit,2026-07-01 09:55:00,D00655
NB00028108,AC05051196,E00434,UTIB0000789,44396.0,credit,2026-07-31 09:30:00,D00655
NB00028109,AC05051196,E00434,ICIC0005678,44250.0,credit,2026-08-30 09:05:00,D00655
NB00028111,AC05062602,P00246,SBIN0004321,585.9,debit,2026-09-10 13:46:14,D00656
NB00028115,AC05062602,P00368,UTIB0000789,765.29,debit,2026-07-27 21:56:52,D00656
NB00028119,AC05062602,P00036,SBIN0004321,1745.74,debit,2026-07-16 13:25:06,D00656
NB00028120,AC05062602,P00036,UTIB0000789,778.07,debit,2026-08-01 21:54:11,D00656
NB00028121,AC05062602,P00077,UTIB0000789,708.59,debit,2026-07-21 17:27:05,D00656
NB00028123,AC05062602,P00378,SBIN0004321,1560.25,debit,2026-09-08 18:58:50,D00656
NB00028136,AC05062602,P00394,SBIN0004321,205.42,debit,2026-08-29 15:55:08,D00656
NB00028137,AC05062602,P00379,SBIN0004321,757.05,debit,2026-08-27 09:18:22,D00656
NB00028145,AC05062602,P00036,SBIN0004321,938.42,debit,2026-08-07 17:19:22,D00656
NB00028147,AC05062602,E00429,SBIN0004321,36295.0,credit,2026-07-01 09:02:00,D00656
NB00028148,AC05062602,E00429,SBIN0004321,36030.0,credit,2026-08-01 09:09:00,D00656
NB00028149,AC05062602,E00429,HDFC0001234,26347.0,credit,2026-08-31 09:53:00,D00656
NB00028162,AC05075533,P00006,ICIC0005678,447.59,debit,2026-08-24 13:39:48,D00657
NB00028171,AC05075533,P00133,UTIB0000789,946.54,debit,2026-07-11 18:58:24,D00657
NB00028175,AC05075533,P00172,UTIB0000789,1448.1,debit,2026-08-16 10:45:38,D00657
NB00028177,AC05075533,P00193,UTIB0000789,4196.35,debit,2026-09-09 06:50:04,D00657
NB00028186,AC05075533,P00305,SBIN0004321,957.17,debit,2026-07-21 12:54:21,D00657
NB00028188,AC05075533,E00426,SBIN0004321,37706.0,credit,2026-07-01 09:43:00,D00657
NB00028189,AC05075533,E00426,ICIC0005678,37167.0,credit,2026-07-31 09:57:00,D00657
NB00028190,AC05075533,E00426,UTIB0000789,37481.0,credit,2026-09-01 09:34:00,D00657
NB00028193,AC05083343,P00204,HDFC0001234,4218.41,debit,2026-07-22 11:11:37,D00658
NB00028195,AC05083343,P00391,SBIN0004321,1758.78,debit,2026-08-11 11:37:08,D00658
NB00028203,AC05083343,P00027,SBIN0004321,1448.8,debit,2026-08-13 15:07:41,D00658
NB00028204,AC05083343,P00165,UTIB0000789,1060.1,debit,2026-08-26 19:41:50,D00658
NB00028217,AC05083343,P00232,ICIC0005678,13248.52,debit,2026-08-30 08:22:44,D00658
NB00028220,AC05083343,P00027,ICIC0005678,4499.29,debit,2026-09-03 21:54:09,D00658
NB00028230,AC05083343,P00266,UTIB0000789,1467.23,debit,2026-07-22 10:08:33,D00658
NB00028232,AC05083343,P00274,SBIN0004321,3705.44,debit,2026-09-02 10:14:07,D00658
NB00028257,AC05083343,P00358,SBIN0004321,13707.86,debit,2026-07-28 15:32:47,D00658
NB00028267,AC05083343,P00027,UTIB0000789,3407.25,debit,2026-07-30 11:22:58,D00658
NB00028275,AC05083343,E00421,HDFC0001234,52618.0,credit,2026-07-02 09:36:00,D00658
NB00028276,AC05083343,E00421,HDFC0001234,42954.0,credit,2026-08-01 09:41:00,D00658
NB00028277,AC05083343,E00421,UTIB0000789,34356.0,credit,2026-09-01 09:29:00,D00658
NB00028296,AC05095907,P00277,HDFC0001234,913.67,debit,2026-08-02 13:15:57,D00660
NB00028301,AC05095907,P00289,SBIN0004321,987.69,debit,2026-08-18 18:33:24,D00659
NB00028305,AC05095907,P00120,ICIC0005678,2366.88,debit,2026-07-22 18:39:40,D00659
NB00028309,AC05095907,P00009,SBIN0004321,1644.11,debit,2026-07-15 16:11:22,D00660
NB00028310,AC05095907,P00047,ICIC0005678,717.48,debit,2026-07-16 09:08:22,D00659
NB00028320,AC05095907,P00340,ICIC0005678,1142.37,debit,2026-09-05 16:41:42,D00659
NB00028333,AC05095907,P00083,SBIN0004321,2527.21,debit,2026-07-17 21:30:25,D00660
NB00028340,AC05095907,P00342,ICIC0005678,2736.21,debit,2026-08-19 17:37:00,D00659
NB00028344,AC05095907,P00047,HDFC0001234,1585.21,debit,2026-07-31 20:47:17,D00659
NB00028355,AC05095907,E00435,HDFC0001234,36884.0,credit,2026-07-01 09:52:00,D00660
NB00028356,AC05095907,E00435,SBIN0004321,37313.0,credit,2026-07-31 09:37:00,D00659
NB00028357,AC05095907,E00435,HDFC0001234,36766.0,credit,2026-08-30 09:34:00,D00660
NB00028360,AC05102472,P00361,SBIN0004321,228.45,debit,2026-08-27 20:35:01,D00661
NB00028362,AC05102472,P00285,UTIB0000789,4377.75,debit,2026-09-05 19:59:58,D00661
NB00028371,AC05102472,P00394,UTIB0000789,518.67,debit,2026-07-23 15:59:17,D00661
NB00028377,AC05102472,E00419,UTIB0000789,21247.0,credit,2026-07-02 09:41:00,D00661
NB00028378,AC05102472,E00419,HDFC0001234,18387.0,credit,2026-08-02 09:22:00,D00661
NB00028379,AC05102472,E00419,ICIC0005678,14252.0,credit,2026-09-01 09:48:00,D00661
NB00028383,AC05117618,P00061,ICIC0005678,1787.27,debit,2026-07-01 10:33:37,D00662
NB00028390,AC05117618,P00167,SBIN0004321,542.05,debit,2026-08-02 18:25:31,D00663
NB00028391,AC05117618,P00210,HDFC0001234,2646.89,debit,2026-07-29 20:04:33,D00662
NB00028408,AC05117618,P00210,SBIN0004321,2393.22,debit,2026-07-04 19:39:08,D00663
NB00028423,AC05117618,E00428,HDFC0001234,36396.0,credit,2026-07-03 09:51:00,D00662
NB00028424,AC05117618,E00428,ICIC0005678,29699.0,credit,2026-08-02 09:23:00,D00663
NB00028425,AC05117618,E00428,ICIC0005678,22282.0,credit,2026-08-30 09:40:00,D00663
NB00028450,AC05122695,P00083,ICIC0005678,2154.35,debit,2026-08-13 17:02:12,D00664
NB00028451,AC05122695,P00300,ICIC0005678,938.11,debit,2026-08-10 07:50:15,D00664
NB00028454,AC05122695,P00015,UTIB0000789,2763.73,debit,2026-07-25 08:19:38,D00664
NB00028473,AC05122695,P00328,SBIN0004321,2574.69,debit,2026-08-02 18:53:13,D00664
NB00028477,AC05122695,P00146,UTIB0000789,1813.81,debit,2026-08-07 09:12:52,D00664
NB00028478,AC05122695,P00083,UTIB0000789,2305.31,debit,2026-07-10 14:35:46,D00664
NB00028479,AC05122695,E00420,SBIN0004321,39099.0,credit,2026-07-02 09:50:00,D00664
NB00028480,AC05122695,E00420,UTIB0000789,39510.0,credit,2026-08-01 09:39:00,D00664
NB00028481,AC05122695,E00420,UTIB0000789,39836.0,credit,2026-09-01 09:59:00,D00664
NB00028493,AC05136844,P00170,HDFC0001234,2332.39,debit,2026-08-10 12:47:25,D00665
NB00028500,AC05136844,P00199,UTIB0000789,1817.5,debit,2026-09-04 07:39:51,D00665
NB00028513,AC05136844,P00199,ICIC0005678,2398.51,debit,2026-07-16 12:41:01,D00666
NB00028520,AC05136844,E00406,UTIB0000789,39536.0,credit,2026-07-02 09:12:00,D00666
NB00028521,AC05136844,E00406,UTIB0000789,40029.0,credit,2026-07-31 09:20:00,D00665
NB00028522,AC05136844,E00406,SBIN0004321,32521.0,credit,2026-08-31 09:48:00,D00665
NB00028523,AC05148528,P00361,ICIC0005678,1105.88,debit,2026-09-13 08:35:33,D00667
NB00028524,AC05148528,P00012,ICIC0005678,5407.13,debit,2026-07-15 03:06:15,D00667
NB00028526,AC05148528,P00073,ICIC0005678,1779.97,debit,2026-09-05 21:55:57,D00667
NB00028527,AC05148528,P00085,HDFC0001234,16971.85,debit,2026-09-08 09:27:21,D00667
NB00028540,AC05148528,P00012,SBIN0004321,2369.73,debit,2026-08-19 14:33:45,D00667
NB00028552,AC05148528,P00361,HDFC0001234,1475.84,debit,2026-07-08 17:33:20,D00667
NB00028554,AC05148528,E00403,HDFC0001234,41967.0,credit,2026-07-02 09:58:00,D00667
NB00028555,AC05148528,E00403,ICIC0005678,40819.0,credit,2026-07-31 09:20:00,D00667
NB00028556,AC05148528,E00403,ICIC0005678,41259.0,credit,2026-08-30 09:34:00,D00667
NB00028564,AC05154225,P00125,ICIC0005678,1132.64,debit,2026-07-22 01:18:27,D00669
NB00028566,AC05154225,P00125,HDFC0001234,859.73,debit,2026-08-14 19:33:21,D00668
NB00028578,AC05154225,P00054,HDFC0001234,2049.84,debit,2026-09-02 16:02:56,D00668
NB00028579,AC05154225,P00261,ICIC0005678,1169.87,debit,2026-07-16 00:26:25,D00669
NB00028592,AC05154225,P00125,ICIC0005678,2621.57,debit,2026-08-02 09:00:10,D00668
NB00028597,AC05154225,P00185,ICIC0005678,1605.64,debit,2026-08-08 14:14:32,D00668
NB00028605,AC05154225,P00155,ICIC0005678,1883.83,debit,2026-08-12 17:01:19,D00668
NB00028607,AC05154225,P00125,ICIC0005678,431.05,debit,2026-08-22 23:34:47,D00668
NB00028608,AC05154225,P00155,SBIN0004321,1193.15,debit,2026-07-06 13:43:02,D00669
NB00028612,AC05154225,P00125,HDFC0001234,187.36,debit,2026-08-28 08:58:53,D00668
NB00028623,AC05154225,E00439,HDFC0001234,64842.0,credit,2026-07-03 09:51:00,D00668
NB00028624,AC05154225,E00439,ICIC0005678,65127.0,credit,2026-07-31 09:47:00,D00668
NB00028625,AC05154225,E00439,UTIB0000789,64100.0,credit,2026-08-30 09:40:00,D00669
NB00028634,AC05162255,P00210,SBIN0004321,3014.27,debit,2026-07-07 21:07:21,D00671
NB00028637,AC05162255,P00394,UTIB0000789,327.3,debit,2026-07-07 20:53:28,D00671
NB00028641,AC05162255,P00394,ICIC0005678,553.83,debit,2026-07-10 22:45:13,D00671
NB00028646,AC05162255,P00064,SBIN0004321,843.66,debit,2026-07-26 09:20:45,D00670
NB00028655,AC05162255,P00170,SBIN0004321,1020.82,debit,2026-08-01 19:20:56,D00670
NB00028686,AC05162255,P00236,ICIC0005678,618.26,debit,2026-09-08 15:18:27,D00671
NB00028687,AC05162255,E00417,UTIB0000789,22227.0,credit,2026-07-01 09:31:00,D00671
NB00028688,AC05162255,E00417,SBIN0004321,21763.0,credit,2026-08-01 09:58:00,D00670
NB00028689,AC05162255,E00417,HDFC0001234,22439.0,credit,2026-08-31 09:13:00,D00670
NB00028692,AC05171051,P00171,SBIN0004321,516.65,debit,2026-08-20 15:46:46,D00672
NB00028695,AC05171051,P00171,SBIN0004321,1139.89,debit,2026-08-02 19:41:45,D00672
NB00028699,AC05171051,P00324,UTIB0000789,4502.27,debit,2026-09-02 18:17:54,D00672
NB00028702,AC05171051,P00235,ICIC0005678,3415.32,debit,2026-08-28 11:59:36,D00672
NB00028707,AC05171051,P00065,ICIC0005678,1685.05,debit,2026-09-07 14:56:02,D00672
NB00028721,AC05171051,P00200,UTIB0000789,1462.57,debit,2026-09-10 12:46:06,D00672
NB00028723,AC05171051,P00171,UTIB0000789,1388.03,debit,2026-07-22 17:17:13,D00672
NB00028725,AC05171051,P00355,HDFC0001234,688.06,debit,2026-07-02 08:19:09,D00672
NB00028728,AC05171051,P00111,SBIN0004321,20228.99,debit,2026-08-09 07:06:12,D00672
NB00028737,AC05171051,P00324,ICIC0005678,2630.18,debit,2026-08-18 13:47:26,D00672
NB00028758,AC05171051,P00324,HDFC0001234,5954.02,debit,2026-09-04 07:18:14,D00672
NB00028779,AC05171051,E00433,UTIB0000789,42287.0,credit,2026-07-01 09:06:00,D00672
NB00028780,AC05171051,E00433,SBIN0004321,40336.0,credit,2026-07-31 09:17:00,D00672
NB00028781,AC05171051,E00433,ICIC0005678,42597.0,credit,2026-08-31 09:38:00,D00672
NB00028794,AC05184244,P00375,SBIN0004321,2140.09,debit,2026-08-14 19:12:14,D00673
NB00028807,AC05184244,P00379,HDFC0001234,743.47,debit,2026-07-13 20:48:24,D00673
NB00028822,AC05184244,P00081,UTIB0000789,3449.73,debit,2026-09-10 13:48:40,D00673
NB00028827,AC05184244,P00118,HDFC0001234,4508.65,debit,2026-08-08 17:22:23,D00673
NB00028835,AC05184244,P00047,HDFC0001234,2764.52,debit,2026-07-13 18:16:58,D00673
NB00028840,AC05184244,P00318,HDFC0001234,25619.54,debit,2026-09-01 21:12:45,D00673
NB00028843,AC05184244,P00081,ICIC0005678,1492.59,debit,2026-08-06 13:45:44,D00673
NB00028845,AC05184244,P00158,SBIN0004321,9071.07,debit,2026-07-20 17:25:35,D00673
NB00028855,AC05184244,P00379,UTIB0000789,3034.2,debit,2026-07-23 17:39:26,D00673
NB00028856,AC05184244,P00019,HDFC0001234,1895.25,debit,2026-08-22 11:28:21,D00673
NB00028857,AC05184244,P00081,ICIC0005678,5033.41,debit,2026-08-02 08:05:18,D00673
NB00028864,AC05184244,P00013,ICIC0005678,11232.23,debit,2026-07-03 15:53:34,D00673
NB00028865,AC05184244,E00408,UTIB0000789,71639.0,credit,2026-07-02 09:02:00,D00673
NB00028866,AC05184244,E00408,HDFC0001234,73046.0,credit,2026-08-02 09:23:00,D00673
NB00028867,AC05184244,E00408,ICIC0005678,72484.0,credit,2026-08-31 09:22:00,D00673
NB00028869,AC05192039,P00321,HDFC0001234,860.57,debit,2026-08-18 16:02:00,D00674
NB00028871,AC05192039,P00321,UTIB0000789,234.21,debit,2026-08-07 20:08:53,D00674
NB00028879,AC05192039,P00054,ICIC0005678,1051.15,debit,2026-08-23 10:07:02,D00674
NB00028902,AC05192039,P00126,UTIB0000789,2655.9,debit,2026-07-13 20:22:20,D00674
NB00028911,AC05192039,P00234,SBIN0004321,198.64,debit,2026-08-24 17:16:14,D00674
NB00028923,AC05192039,E00412,UTIB0000789,15986.0,credit,2026-07-02 09:47:00,D00674
NB00028924,AC05192039,E00412,UTIB0000789,15950.0,credit,2026-08-02 09:21:00,D00674
NB00028925,AC05192039,E00412,ICIC0005678,15762.0,credit,2026-08-30 09:54:00,D00674
NB00028935,AC05208935,P00098,UTIB0000789,2346.02,debit,2026-08-31 12:57:24,D00675
NB00028962,AC05208935,E00425,ICIC0005678,41927.0,credit,2026-07-02 09:22:00,D00675
NB00028963,AC05208935,E00425,SBIN0004321,41422.0,credit,2026-08-02 09:23:00,D00675
NB00028964,AC05208935,E00425,UTIB0000789,40783.0,credit,2026-08-31 09:46:00,D00676
NB00028970,AC05219756,P00260,UTIB0000789,492.49,debit,2026-09-06 19:17:42,D00677
NB00028980,AC05219756,P00066,ICIC0005678,3690.87,debit,2026-07-13 13:07:42,D00677
NB00028986,AC05219756,P00139,UTIB0000789,4997.63,debit,2026-07-14 14:22:49,D00677
NB00028996,AC05219756,P00219,UTIB0000789,1428.13,debit,2026-07-12 17:14:53,D00677
NB00028998,AC05219756,E00439,HDFC0001234,27959.0,credit,2026-07-03 09:55:00,D00677
NB00028999,AC05219756,E00439,UTIB0000789,27849.0,credit,2026-08-02 09:03:00,D00677
NB00029000,AC05219756,E00439,HDFC0001234,28177.0,credit,2026-08-31 09:55:00,D00677
NB00029006,AC05229824,P00282,UTIB0000789,976.43,debit,2026-07-23 12:56:41,D00678
NB00029013,AC05229824,P00069,ICIC0005678,4819.67,debit,2026-07-03 20:44:38,D00678
NB00029017,AC05229824,P00328,SBIN0004321,4788.06,debit,2026-08-05 18:41:26,D00678
NB00029030,AC05229824,P00219,SBIN0004321,1152.46,debit,2026-07-09 08:10:19,D00678
NB00029070,AC05229824,P00069,ICIC0005678,7851.07,debit,2026-09-13 17:32:43,D00678
NB00029074,AC05229824,P00309,UTIB0000789,2622.53,debit,2026-07-09 13:34:47,D00678
NB00029077,AC05229824,E00405,UTIB0000789,31263.0,credit,2026-07-01 09:01:00,D00678
NB00029078,AC05229824,E00405,SBIN0004321,32062.0,credit,2026-08-01 09:22:00,D00678
NB00029079,AC05229824,E00405,SBIN0004321,23060.0,credit,2026-08-31 09:23:00,D00678
NB00029091,AC05239300,P00051,ICIC0005678,1282.33,debit,2026-07-13 08:16:39,D00679
NB00029102,AC05239300,P00277,UTIB0000789,3773.95,debit,2026-09-03 20:12:02,D00679
NB00029120,AC05239300,P00298,UTIB0000789,691.68,debit,2026-08-12 16:37:33,D00679
NB00029122,AC05239300,E00419,UTIB0000789,24095.0,credit,2026-07-01 09:50:00,D00679
NB00029123,AC05239300,E00419,ICIC0005678,24206.0,credit,2026-08-01 09:37:00,D00679
NB00029124,AC05239300,E00419,UTIB0000789,24706.0,credit,2026-08-30 09:01:00,D00679
NB00029144,AC05246279,P00295,ICIC0005678,1910.2,debit,2026-07-09 14:50:28,D00680
NB00029145,AC05246279,P00047,HDFC0001234,2508.69,debit,2026-08-24 20:26:16,D00680
NB00029160,AC05246279,P00119,ICIC0005678,312.87,debit,2026-08-03 09:21:08,D00680
NB00029163,AC05246279,P00140,UTIB0000789,696.32,debit,2026-07-14 11:52:19,D00680
NB00029165,AC05246279,P00202,UTIB0000789,5339.9,debit,2026-07-28 07:41:31,D00680
NB00029170,AC05246279,P00202,SBIN0004321,4252.36,debit,2026-08-20 08:33:48,D00680
NB00029181,AC05246279,P00263,HDFC0001234,2980.27,debit,2026-08-03 11:23:29,D00680
NB00029186,AC05246279,E00435,UTIB0000789,34182.0,credit,2026-07-01 09:04:00,D00680
NB00029187,AC05246279,E00435,ICIC0005678,35767.0,credit,2026-08-01 09:06:00,D00680
NB00029188,AC05246279,E00435,HDFC0001234,35403.0,credit,2026-09-01 09:20:00,D00680
NB00029192,AC05253925,P00040,HDFC0001234,2153.49,debit,2026-08-27 12:20:13,D00681
NB00029193,AC05253925,P00040,SBIN0004321,4450.48,debit,2026-07-10 19:44:25,D00682
NB00029201,AC05253925,P00292,SBIN0004321,3084.6,debit,2026-07-15 20:54:12,D00681
NB00029207,AC05253925,P00050,SBIN0004321,8941.15,debit,2026-07-11 08:02:05,D00681
NB00029209,AC05253925,P00243,ICIC0005678,6019.73,debit,2026-07-16 09:38:53,D00681
NB00029215,AC05253925,P00292,UTIB0000789,4845.81,debit,2026-07-01 09:32:36,D00681
NB00029221,AC05253925,E00438,HDFC0001234,95369.0,credit,2026-07-01 09:35:00,D00681
NB00029222,AC05253925,E00438,HDFC0001234,97093.0,credit,2026-08-02 09:33:00,D00682
NB00029223,AC05253925,E00438,UTIB0000789,94939.0,credit,2026-08-31 09:32:00,D00681
NB00029228,AC05265018,P00062,UTIB0000789,214.57,debit,2026-08-21 10:47:25,D00683
NB00029250,AC05265018,P00062,ICIC0005678,533.02,debit,2026-08-13 17:38:30,D00683
NB00029254,AC05265018,P00039,SBIN0004321,4566.97,debit,2026-08-08 10:58:10,D00683
NB00029256,AC05265018,P00029,ICIC0005678,593.31,debit,2026-07-20 00:26:01,D00683
NB00029262,AC05265018,P00294,UTIB0000789,4639.44,debit,2026-07-04 09:01:05,D00683
NB00029264,AC05265018,P00119,ICIC0005678,153.97,debit,2026-07-08 10:21:49,D00683
NB00029271,AC05265018,E00427,ICIC0005678,20287.0,credit,2026-07-01 09:16:00,D00683
NB00029272,AC05265018,E00427,ICIC0005678,20036.0,credit,2026-08-02 09:42:00,D00683
NB00029273,AC05265018,E00427,ICIC0005678,20493.0,credit,2026-08-31 09:22:00,D00683
NB00029274,AC05273329,P00387,SBIN0004321,2176.47,debit,2026-07-28 20:54:46,D00684
NB00029283,AC05273329,P00388,SBIN0004321,498.2,debit,2026-08-26 20:33:10,D00684
NB00029314,AC05273329,P00045,HDFC0001234,1593.55,debit,2026-07-13 18:29:32,D00684
NB00029316,AC05273329,E00423,HDFC0001234,21184.0,credit,2026-07-01 09:05:00,D00684
NB00029317,AC05273329,E00423,HDFC0001234,21416.0,credit,2026-08-02 09:53:00,D00684
NB00029318,AC05273329,E00423,HDFC0001234,15178.0,credit,2026-08-30 09:47:00,D00684
NB00029319,AC05288561,P00254,UTIB0000789,801.08,debit,2026-09-07 18:21:20,D00685
NB00029320,AC05288561,P00102,ICIC0005678,7617.27,debit,2026-07-03 14:23:13,D00685
NB00029322,AC05288561,P00389,HDFC0001234,651.7,debit,2026-09-12 17:30:10,D00685
NB00029323,AC05288561,P00255,ICIC0005678,935.29,debit,2026-07-17 21:51:59,D00685
NB00029325,AC05288561,P00368,ICIC0005678,519.14,debit,2026-08-20 08:23:51,D00685
NB00029330,AC05288561,P00087,HDFC0001234,431.41,debit,2026-08-14 09:37:43,D00685
NB00029351,AC05288561,P00042,SBIN0004321,2584.9,debit,2026-08-30 08:49:49,D00685
NB00029354,AC05288561,P00317,ICIC0005678,511.66,debit,2026-08-05 13:13:53,D00685
NB00029373,AC05288561,P00003,HDFC0001234,340.26,debit,2026-07-17 13:30:53,D00685
NB00029384,AC05288561,E00412,HDFC0001234,19556.0,credit,2026-07-01 09:39:00,D00685
NB00029385,AC05288561,E00412,ICIC0005678,20024.0,credit,2026-08-01 09:02:00,D00685
NB00029386,AC05288561,E00412,ICIC0005678,19508.0,credit,2026-09-01 09:15:00,D00685
NB00029402,AC05294927,P00023,HDFC0001234,15082.06,debit,2026-07-08 00:14:44,D00686
NB00029403,AC05294927,P00271,ICIC0005678,7561.68,debit,2026-09-06 19:40:39,D00686
NB00029426,AC05294927,E00413,HDFC0001234,87194.0,credit,2026-07-01 09:30:00,D00686
NB00029427,AC05294927,E00413,SBIN0004321,89089.0,credit,2026-08-01 09:33:00,D00686
NB00029428,AC05294927,E00413,ICIC0005678,91228.0,credit,2026-08-31 09:50:00,D00686
NB00029440,AC05304465,P00259,ICIC0005678,4349.03,debit,2026-08-29 22:28:37,D00688
NB00029441,AC05304465,P00376,ICIC0005678,838.72,debit,2026-08-16 19:38:12,D00687
NB00029442,AC05304465,P00207,UTIB0000789,1228.74,debit,2026-07-05 13:52:01,D00688
NB00029464,AC05304465,E00428,UTIB0000789,30194.0,credit,2026-07-02 09:31:00,D00687
NB00029465,AC05304465,E00428,SBIN0004321,29958.0,credit,2026-08-01 09:42:00,D00687
NB00029466,AC05304465,E00428,ICIC0005678,30225.0,credit,2026-08-31 09:09:00,D00688
NB00029475,AC05317208,P00175,ICIC0005678,4210.19,debit,2026-08-03 17:25:48,D00690
NB00029476,AC05317208,P00394,HDFC0001234,546.44,debit,2026-07-22 20:46:25,D00690
NB00029485,AC05317208,P00184,HDFC0001234,844.42,debit,2026-09-09 03:40:02,D00690
NB00029487,AC05317208,P00234,ICIC0005678,1029.89,debit,2026-09-04 14:50:36,D00690
NB00029492,AC05317208,P00129,SBIN0004321,1928.09,debit,2026-08-17 19:39:30,D00689
NB00029498,AC05317208,P00176,UTIB0000789,2273.61,debit,2026-07-13 22:47:22,D00689
NB00029500,AC05317208,P00328,ICIC0005678,1966.21,debit,2026-09-03 14:57:03,D00689
NB00029504,AC05317208,P00224,SBIN0004321,319.52,debit,2026-08-05 09:10:19,D00690
NB00029509,AC05317208,E00410,ICIC0005678,37850.0,credit,2026-07-03 09:47:00,D00689
NB00029510,AC05317208,E00410,UTIB0000789,36593.0,credit,2026-08-02 09:25:00,D00690
NB00029511,AC05317208,E00410,HDFC0001234,30399.0,credit,2026-08-31 09:43:00,D00690
NB00029520,AC05324363,P00356,ICIC0005678,423.7,debit,2026-09-06 10:44:30,D00691
NB00029549,AC05324363,P00005,ICIC0005678,3939.55,debit,2026-08-30 08:23:48,D00691
NB00029552,AC05324363,P00265,UTIB0000789,852.99,debit,2026-09-09 21:20:43,D00691
NB00029554,AC05324363,E00409,SBIN0004321,31158.0,credit,2026-07-03 09:20:00,D00691
NB00029555,AC05324363,E00409,HDFC0001234,30463.0,credit,2026-07-31 09:05:00,D00691
NB00029556,AC05324363,E00409,HDFC0001234,30457.0,credit,2026-09-01 09:16:00,D00691
NB00029557,AC05334211,P00008,ICIC0005678,1547.57,debit,2026-08-04 02:29:42,D00692
NB00029570,AC05334211,P00004,UTIB0000789,325.35,debit,2026-07-09 08:57:14,D00692
NB00029582,AC05334211,P00221,HDFC0001234,470.3,debit,2026-08-10 16:04:13,D00692
NB00029592,AC05334211,P00243,UTIB0000789,371.9,debit,2026-07-06 21:46:13,D00692
NB00029601,AC05334211,P00176,ICIC0005678,419.19,debit,2026-09-02 15:01:10,D00693
NB00029604,AC05334211,P00004,SBIN0004321,2214.09,debit,2026-07-24 16:49:40,D00692
NB00029606,AC05334211,P00131,SBIN0004321,962.44,debit,2026-09-10 09:34:39,D00692
NB00029608,AC05334211,P00244,UTIB0000789,701.07,debit,2026-08-21 19:02:20,D00692
NB00029610,AC05334211,P00174,HDFC0001234,91.05,debit,2026-08-20 17:13:44,D00692
NB00029612,AC05334211,P00244,SBIN0004321,5188.2,debit,2026-08-03 03:29:30,D00693
NB00029620,AC05334211,E00424,SBIN0004321,23570.0,credit,2026-07-01 09:35:00,D00692
NB00029621,AC05334211,E00424,UTIB0000789,23703.0,credit,2026-08-02 09:23:00,D00692
NB00029622,AC05334211,E00424,UTIB0000789,23704.0,credit,2026-08-31 09:44:00,D00692
NB00029625,AC05343045,P00059,ICIC0005678,2838.71,debit,2026-07-20 15:32:53,D00694
NB00029630,AC05343045,P00040,HDFC0001234,1747.43,debit,2026-08-01 20:54:00,D00694
NB00029635,AC05343045,P00101,UTIB0000789,1961.41,debit,2026-07-27 10:36:45,D00694
NB00029638,AC05343045,P00235,HDFC0001234,5025.16,debit,2026-07-20 15:11:57,D00694
NB00029639,AC05343045,P00180,ICIC0005678,3196.17,debit,2026-08-30 17:03:51,D00694
NB00029642,AC05343045,P00113,ICIC0005678,3444.73,debit,2026-07-03 06:37:04,D00694
NB00029652,AC05343045,P00339,ICIC0005678,962.9,debit,2026-08-17 17:25:25,D00694
NB00029662,AC05343045,P00190,SBIN0004321,1160.92,debit,2026-08-18 18:21:52,D00694
NB00029665,AC05343045,E00436,SBIN0004321,33497.0,credit,2026-07-03 09:24:00,D00694
NB00029666,AC05343045,E00436,SBIN0004321,27157.0,credit,2026-07-31 09:33:00,D00694
NB00029667,AC05343045,E00436,HDFC0001234,20930.0,credit,2026-08-31 09:07:00,D00694
NB00029711,AC05351605,P00177,SBIN0004321,1532.08,debit,2026-08-20 17:02:44,D00695
NB00029723,AC05351605,E00433,ICIC0005678,132325.0,credit,2026-07-03 09:35:00,D00695
NB00029724,AC05351605,E00433,SBIN0004321,125574.0,credit,2026-08-01 09:32:00,D00695
NB00029725,AC05351605,E00433,UTIB0000789,131114.0,credit,2026-08-31 09:01:00,D00695
NB00029740,AC05361341,P00236,HDFC0001234,3300.85,debit,2026-08-01 21:27:41,D00697
NB00029753,AC05361341,P00307,HDFC0001234,8544.76,debit,2026-08-11 08:40:24,D00697
NB00029757,AC05361341,P00033,UTIB0000789,17524.92,debit,2026-09-07 22:50:08,D00697
NB00029767,AC05361341,P00380,HDFC0001234,2839.98,debit,2026-07-27 08:50:22,D00697
NB00029779,AC05361341,P00150,UTIB0000789,7663.13,debit,2026-08-30 21:19:03,D00697
NB00029792,AC05361341,E00439,ICIC0005678,76801.0,credit,2026-07-02 09:19:00,D00697
NB00029793,AC05361341,E00439,ICIC0005678,63839.0,credit,2026-08-01 09:32:00,D00698
NB00029794,AC05361341,E00439,ICIC0005678,48690.0,credit,2026-08-30 09:21:00,D00698
NB00029803,AC05374624,P00250,HDFC0001234,354.38,debit,2026-08-06 08:28:06,D00699
NB00029804,AC05374624,P00220,SBIN0004321,663.46,debit,2026-08-06 08:10:19,D00699
NB00029825,AC05374624,P00208,UTIB0000789,1598.06,debit,2026-08-21 22:27:38,D00699
NB00029838,AC05374624,E00414,SBIN0004321,25151.0,credit,2026-07-01 09:50:00,D00699
NB00029839,AC05374624,E00414,HDFC0001234,24333.0,credit,2026-08-02 09:39:00,D00699
NB00029840,AC05374624,E00414,ICIC0005678,24847.0,credit,2026-08-30 09:39:00,D00699
NB00029847,AC05389956,P00193,SBIN0004321,1668.54,debit,2026-08-28 11:01:52,D00700
NB00029855,AC05389956,P00131,SBIN0004321,1033.45,debit,2026-08-09 11:05:39,D00700
NB00029878,AC05389956,P00071,ICIC0005678,4203.61,debit,2026-07-14 13:37:46,D00700
NB00029902,AC05389956,E00408,HDFC0001234,52309.0,credit,2026-07-02 09:50:00,D00700
NB00029903,AC05389956,E00408,ICIC0005678,52536.0,credit,2026-07-31 09:04:00,D00700
NB00029904,AC05389956,E00408,ICIC0005678,51721.0,credit,2026-08-31 09:07:00,D00700
NB00029905,AC05393345,P00002,HDFC0001234,423.48,debit,2026-09-02 13:30:45,D00701
NB00029921,AC05393345,P00323,UTIB0000789,3769.17,debit,2026-08-27 15:51:47,D00701
NB00029923,AC05393345,P00125,UTIB0000789,171.81,debit,2026-08-25 09:48:42,D00701
NB00029939,AC05393345,P00128,HDFC0001234,1266.26,debit,2026-09-06 15:38:18,D00701
NB00029958,AC05393345,E00428,ICIC0005678,25697.0,credit,2026-07-02 09:43:00,D00701
NB00029959,AC05393345,E00428,UTIB0000789,24734.0,credit,2026-08-01 09:06:00,D00701
NB00029960,AC05393345,E00428,HDFC0001234,21128.0,credit,2026-09-01 09:33:00,D00701
NB00029985,AC05406768,P00209,HDFC0001234,616.35,debit,2026-09-08 16:05:03,D00702
NB00029990,AC05406768,P00105,HDFC0001234,781.2,debit,2026-08-29 14:29:30,D00702
NB00029993,AC05406768,P00209,HDFC0001234,410.81,debit,2026-07-31 12:17:06,D00702
NB00030007,AC05406768,P00121,HDFC0001234,260.23,debit,2026-08-09 19:52:50,D00703
NB00030039,AC05406768,E00423,HDFC0001234,15800.0,credit,2026-07-02 09:42:00,D00703
NB00030040,AC05406768,E00423,SBIN0004321,15531.0,credit,2026-07-31 09:16:00,D00702
NB00030041,AC05406768,E00423,UTIB0000789,15918.0,credit,2026-09-01 09:19:00,D00702
NB00030050,AC05413924,P00108,SBIN0004321,5918.74,debit,2026-07-27 09:17:54,D00704
NB00030051,AC05413924,P00139,HDFC0001234,6527.65,debit,2026-08-16 07:50:13,D00704
NB00030054,AC05413924,P00236,UTIB0000789,4788.42,debit,2026-07-30 09:31:50,D00705
NB00030061,AC05413924,P00258,SBIN0004321,5029.0,debit,2026-08-06 22:47:45,D00704
NB00030065,AC05413924,P00061,UTIB0000789,3560.69,debit,2026-08-30 21:12:04,D00704
NB00030069,AC05413924,P00386,UTIB0000789,6419.44,debit,2026-07-21 07:28:01,D00704
NB00030073,AC05413924,P00108,UTIB0000789,6951.48,debit,2026-08-20 07:22:30,D00704
NB00030083,AC05413924,P00258,UTIB0000789,3936.13,debit,2026-08-05 02:14:46,D00704
NB00030093,AC05413924,P00139,ICIC0005678,11297.73,debit,2026-07-14 17:23:02,D00704
NB00030094,AC05413924,P00235,ICIC0005678,12610.61,debit,2026-07-05 18:33:30,D00705
NB00030100,AC05413924,P00258,UTIB0000789,2925.0,debit,2026-07-24 16:31:16,D00705
NB00030107,AC05413924,P00075,ICIC0005678,5243.13,debit,2026-08-26 23:54:26,D00704
NB00030113,AC05413924,P00235,UTIB0000789,19127.46,debit,2026-08-12 18:10:46,D00704
NB00030121,AC05413924,P00048,UTIB0000789,2323.53,debit,2026-07-20 19:53:30,D00704
NB00030125,AC05413924,P00394,ICIC0005678,1323.33,debit,2026-07-10 12:47:55,D00704
NB00030129,AC05413924,P00365,HDFC0001234,1567.38,debit,2026-08-25 22:27:52,D00704
NB00030138,AC05413924,P00008,ICIC0005678,10340.79,debit,2026-07-24 02:36:11,D00704
NB00030139,AC05413924,E00403,ICIC0005678,62892.0,credit,2026-07-03 09:17:00,D00705
NB00030140,AC05413924,E00403,ICIC0005678,63190.0,credit,2026-08-01 09:41:00,D00705
NB00030141,AC05413924,E00403,UTIB0000789,62357.0,credit,2026-08-31 09:51:00,D00704
NB00030165,AC05423724,P00183,HDFC0001234,1845.52,debit,2026-07-31 08:10:16,D00706
NB00030185,AC05423724,E00419,UTIB0000789,68029.0,credit,2026-07-03 09:23:00,D00706
NB00030186,AC05423724,E00419,ICIC0005678,67903.0,credit,2026-08-02 09:39:00,D00706
NB00030187,AC05423724,E00419,UTIB0000789,68548.0,credit,2026-08-31 09:39:00,D00706
NB00030191,AC05432466,P00149,ICIC0005678,2875.29,debit,2026-08-18 13:58:05,D00707
NB00030218,AC05432466,P00202,ICIC0005678,1383.74,debit,2026-07-02 17:00:00,D00707
NB00030235,AC05432466,P00202,HDFC0001234,3366.19,debit,2026-07-04 10:22:29,D00707
NB00030249,AC05432466,P00148,ICIC0005678,6474.77,debit,2026-07-14 08:43:12,D00707
NB00030254,AC05432466,P00148,UTIB0000789,6945.66,debit,2026-08-10 10:40:18,D00707
NB00030258,AC05432466,P00378,SBIN0004321,1308.04,debit,2026-07-09 08:42:58,D00707
NB00030291,AC05432466,P00148,HDFC0001234,11957.39,debit,2026-08-03 09:41:24,D00707
NB00030308,AC05432466,E00435,ICIC0005678,63444.0,credit,2026-07-01 09:17:00,D00707
NB00030309,AC05432466,E00435,UTIB0000789,64545.0,credit,2026-07-31 09:42:00,D00707
NB00030310,AC05432466,E00435,ICIC0005678,46233.0,credit,2026-08-31 09:19:00,D00707
NB00030318,AC05446070,P00306,HDFC0001234,443.52,debit,2026-07-18 14:15:50,D00708
NB00030331,AC05446070,P00249,SBIN0004321,1183.23,debit,2026-08-09 12:02:00,D00708
NB00030338,AC05446070,E00436,ICIC0005678,30283.0,credit,2026-07-03 09:45:00,D00708
NB00030339,AC05446070,E00436,UTIB0000789,30831.0,credit,2026-08-02 09:32:00,D00708
NB00030340,AC05446070,E00436,SBIN0004321,30250.0,credit,2026-09-01 09:42:00,D00708
NB00030358,AC05456928,P00167,HDFC0001234,334.11,debit,2026-08-21 13:35:57,D00709
NB00030395,AC05456928,E00406,SBIN0004321,35273.0,credit,2026-07-01 09:24:00,D00709
NB00030396,AC05456928,E00406,UTIB0000789,35357.0,credit,2026-08-01 09:47:00,D00709
NB00030397,AC05456928,E00406,ICIC0005678,35781.0,credit,2026-08-30 09:42:00,D00709
NB00030403,AC05464151,P00127,HDFC0001234,1857.71,debit,2026-08-23 13:04:24,D00710
NB00030404,AC05464151,P00326,SBIN0004321,1188.22,debit,2026-07-13 13:57:57,D00710
NB00030409,AC05464151,P00157,HDFC0001234,7263.66,debit,2026-07-20 08:25:37,D00710
NB00030444,AC05464151,E00408,ICIC0005678,54400.0,credit,2026-07-01 09:55:00,D00710
NB00030445,AC05464151,E00408,HDFC0001234,47623.0,credit,2026-07-31 09:15:00,D00710
NB00030446,AC05464151,E00408,ICIC0005678,38971.0,credit,2026-08-30 09:39:00,D00710
NB00030458,AC05475739,P00388,HDFC0001234,862.02,debit,2026-07-16 13:20:27,D00711
NB00030461,AC05475739,P00285,ICIC0005678,5461.48,debit,2026-07-27 11:22:38,D00711
NB00030488,AC05475739,P00205,HDFC0001234,1434.29,debit,2026-07-03 10:22:25,D00711
NB00030497,AC05475739,P00017,HDFC0001234,2195.64,debit,2026-07-27 10:47:34,D00711
NB00030509,AC05475739,P00207,UTIB0000789,1525.17,debit,2026-07-28 15:12:01,D00711
NB00030523,AC05475739,P00388,ICIC0005678,676.35,debit,2026-09-11 13:35:24,D00711
NB00030537,AC05475739,P00388,HDFC0001234,2736.38,debit,2026-08-28 13:16:33,D00711
NB00030542,AC05475739,E00439,ICIC0005678,46066.0,credit,2026-07-01 09:35:00,D00711
NB00030543,AC05475739,E00439,HDFC0001234,44971.0,credit,2026-07-31 09:28:00,D00711
NB00030544,AC05475739,E00439,UTIB0000789,45133.0,credit,2026-08-31 09:50:00,D00711
NB00030545,AC05485284,P00254,SBIN0004321,6247.38,debit,2026-08-08 21:45:28,D00712
NB00030549,AC05485284,P00252,UTIB0000789,1831.23,debit,2026-08-02 21:06:22,D00712
NB00030567,AC05485284,P00102,UTIB0000789,5511.98,debit,2026-07-10 14:57:31,D00712
NB00030570,AC05485284,P00235,HDFC0001234,24263.55,debit,2026-09-01 11:38:10,D00712
NB00030576,AC05485284,P00102,UTIB0000789,2857.42,debit,2026-07-20 11:14:29,D00712
NB00030578,AC05485284,P00111,HDFC0001234,3804.71,debit,2026-09-03 20:57:52,D00712
NB00030579,AC05485284,P00103,UTIB0000789,3128.2,debit,2026-07-29 11:53:40,D00712
NB00030581,AC05485284,P00020,ICIC0005678,1177.74,debit,2026-09-08 17:14:56,D00712
NB00030582,AC05485284,P00235,ICIC0005678,3552.06,debit,2026-07-01 21:20:27,D00712
NB00030583,AC05485284,P00252,ICIC0005678,1096.6,debit,2026-08-25 13:34:56,D00712
NB00030586,AC05485284,P00327,HDFC0001234,2147.8,debit,2026-07-03 19:00:11,D00712
NB00030591,AC05485284,P00235,ICIC0005678,1247.71,debit,2026-07-09 19:15:13,D00712
NB00030601,AC05485284,P00175,ICIC0005678,3781.06,debit,2026-08-13 16:29:47,D00712
NB00030604,AC05485284,P00252,SBIN0004321,1605.15,debit,2026-07-08 08:09:48,D00712
NB00030606,AC05485284,E00432,UTIB0000789,31029.0,credit,2026-07-02 09:00:00,D00712
NB00030607,AC05485284,E00432,UTIB0000789,30515.0,credit,2026-08-01 09:21:00,D00712
NB00030608,AC05485284,E00432,ICIC0005678,31039.0,credit,2026-08-30 09:52:00,D00712
NB00030648,AC05493437,P00045,UTIB0000789,2870.07,debit,2026-07-01 14:18:27,D00713
NB00030656,AC05493437,P00029,ICIC0005678,1097.52,debit,2026-07-26 09:35:39,D00713
NB00030657,AC05493437,P00264,UTIB0000789,96.5,debit,2026-08-23 17:45:07,D00713
NB00030658,AC05493437,E00416,HDFC0001234,17081.0,credit,2026-07-01 09:43:00,D00713
NB00030659,AC05493437,E00416,ICIC0005678,16753.0,credit,2026-08-01 09:10:00,D00713
NB00030660,AC05493437,E00416,HDFC0001234,16921.0,credit,2026-08-31 09:10:00,D00713
NB00030679,AC05507224,P00358,SBIN0004321,15136.63,debit,2026-08-04 19:31:47,D00714
NB00030692,AC05507224,P00297,HDFC0001234,3895.95,debit,2026-07-24 22:25:47,D00714
NB00030704,AC05507224,P00231,ICIC0005678,299.7,debit,2026-08-23 20:35:06,D00714
NB00030707,AC05507224,P00105,SBIN0004321,2651.12,debit,2026-07-18 19:05:22,D00714
NB00030720,AC05507224,P00297,HDFC0001234,1805.94,debit,2026-08-20 23:09:02,D00714
NB00030722,AC05507224,E00405,UTIB0000789,39555.0,credit,2026-07-02 09:20:00,D00714
NB00030723,AC05507224,E00405,HDFC0001234,40380.0,credit,2026-08-02 09:46:00,D00714
NB00030724,AC05507224,E00405,ICIC0005678,40506.0,credit,2026-09-01 09:01:00,D00714
NB00030734,AC05515984,P00190,SBIN0004321,1817.61,debit,2026-08-18 19:46:30,D00715
NB00030755,AC05515984,E00440,SBIN0004321,63808.0,credit,2026-07-03 09:15:00,D00715
NB00030756,AC05515984,E00440,SBIN0004321,64465.0,credit,2026-08-01 09:14:00,D00715
NB00030757,AC05515984,E00440,UTIB0000789,63961.0,credit,2026-08-31 09:16:00,D00715
NB00030768,AC05521592,P00239,UTIB0000789,1194.52,debit,2026-07-08 18:39:20,D00716
NB00030790,AC05521592,P00199,HDFC0001234,609.23,debit,2026-07-15 09:11:55,D00716
NB00030795,AC05521592,P00239,UTIB0000789,559.4,debit,2026-08-03 17:04:03,D00716
NB00030834,AC05521592,E00410,HDFC0001234,21060.0,credit,2026-07-02 09:54:00,D00716
NB00030835,AC05521592,E00410,UTIB0000789,20951.0,credit,2026-07-31 09:41:00,D00716
NB00030836,AC05521592,E00410,SBIN0004321,20884.0,credit,2026-08-30 09:10:00,D00716
NB00030840,AC05535433,P00192,HDFC0001234,4521.9,debit,2026-08-15 11:10:00,D00717
NB00030842,AC05535433,P00003,ICIC0005678,492.24,debit,2026-09-13 16:58:51,D00718
NB00030843,AC05535433,P00230,HDFC0001234,1803.87,debit,2026-08-11 22:02:35,D00717
NB00030871,AC05535433,P00239,ICIC0005678,2306.86,debit,2026-09-02 22:51:48,D00718
NB00030876,AC05535433,E00436,ICIC0005678,52199.0,credit,2026-07-01 09:45:00,D00717
NB00030877,AC05535433,E00436,SBIN0004321,52553.0,credit,2026-08-01 09:42:00,D00717
NB00030878,AC05535433,E00436,UTIB0000789,52569.0,credit,2026-08-31 09:35:00,D00717
NB00030886,AC05544504,P00241,UTIB0000789,871.67,debit,2026-07-29 22:24:15,D00719
NB00030891,AC05544504,P00176,HDFC0001234,1216.37,debit,2026-09-04 17:56:02,D00719
NB00030902,AC05544504,P00276,SBIN0004321,1643.75,debit,2026-07-07 18:25:38,D00719
NB00030903,AC05544504,P00176,SBIN0004321,811.92,debit,2026-08-20 22:54:56,D00719
NB00030927,AC05544504,E00417,SBIN0004321,44566.0,credit,2026-07-01 09:24:00,D00719
NB00030928,AC05544504,E00417,SBIN0004321,44472.0,credit,2026-07-31 09:37:00,D00719
NB00030929,AC05544504,E00417,HDFC0001234,44860.0,credit,2026-08-30 09:20:00,D00719
NB00030934,AC05558162,P00207,UTIB0000789,2828.96,debit,2026-07-11 18:12:25,D00720
NB00030949,AC05558162,P00352,HDFC0001234,1889.46,debit,2026-07-29 16:33:13,D00720
NB00030952,AC05558162,E00421,HDFC0001234,55143.0,credit,2026-07-01 09:02:00,D00720
NB00030953,AC05558162,E00421,UTIB0000789,57009.0,credit,2026-08-01 09:15:00,D00720
NB00030954,AC05558162,E00421,ICIC0005678,54982.0,credit,2026-09-01 09:25:00,D00720
NB00030961,AC05563759,P00138,UTIB0000789,1580.56,debit,2026-07-25 08:05:44,D00721
NB00030962,AC05563759,P00005,ICIC0005678,567.61,debit,2026-08-06 14:46:53,D00721
NB00030967,AC05563759,P00358,UTIB0000789,17129.69,debit,2026-07-29 10:04:12,D00721
NB00030972,AC05563759,P00392,UTIB0000789,818.65,debit,2026-08-27 08:10:18,D00721
NB00030976,AC05563759,P00202,SBIN0004321,3791.51,debit,2026-07-26 12:22:55,D00721
NB00030977,AC05563759,P00358,ICIC0005678,9383.49,debit,2026-07-04 19:28:41,D00721
NB00030978,AC05563759,P00117,ICIC0005678,4149.72,debit,2026-08-12 11:13:38,D00721
NB00030981,AC05563759,P00224,SBIN0004321,1433.83,debit,2026-07-29 13:02:40,D00721
NB00031000,AC05563759,P00392,HDFC0001234,1265.78,debit,2026-08-13 15:58:33,D00721
NB00031008,AC05563759,P00394,HDFC0001234,1259.36,debit,2026-08-19 19:33:07,D00721
NB00031012,AC05563759,P00139,SBIN0004321,4031.71,debit,2026-09-05 17:26:39,D00721
NB00031023,AC05563759,E00410,SBIN0004321,59055.0,credit,2026-07-02 09:32:00,D00721
NB00031024,AC05563759,E00410,UTIB0000789,59211.0,credit,2026-08-02 09:15:00,D00721
NB00031025,AC05563759,E00410,ICIC0005678,60035.0,credit,2026-08-30 09:14:00,D00721
NB00031037,AC05579602,P00188,SBIN0004321,599.06,debit,2026-07-06 18:54:43,D00722
NB00031038,AC05579602,P00153,SBIN0004321,1525.12,debit,2026-08-18 17:02:14,D00722
NB00031056,AC05579602,P00223,SBIN0004321,133.59,debit,2026-08-27 16:05:11,D00722
NB00031080,AC05579602,P00150,SBIN0004321,1852.34,debit,2026-07-28 20:03:41,D00722
NB00031086,AC05579602,E00439,UTIB0000789,26573.0,credit,2026-07-01 09:15:00,D00722
NB00031087,AC05579602,E00439,SBIN0004321,27441.0,credit,2026-08-01 09:13:00,D00722
NB00031088,AC05579602,E00439,ICIC0005678,26841.0,credit,2026-08-30 09:53:00,D00722
NB00031089,AC05586534,P00300,UTIB0000789,1589.52,debit,2026-07-30 16:29:01,D00723
NB00031093,AC05586534,P00391,HDFC0001234,1197.15,debit,2026-08-04 07:53:25,D00723
NB00031108,AC05586534,P00159,SBIN0004321,636.71,debit,2026-08-10 18:48:52,D00723
NB00031111,AC05586534,P00159,ICIC0005678,529.62,debit,2026-08-04 19:48:20,D00723
NB00031154,AC05586534,P00300,HDFC0001234,2962.65,debit,2026-08-20 10:37:26,D00723
NB00031159,AC05586534,E00413,HDFC0001234,17534.0,credit,2026-07-03 09:48:00,D00723
NB00031160,AC05586534,E00413,SBIN0004321,16992.0,credit,2026-07-31 09:30:00,D00723
NB00031161,AC05586534,E00413,SBIN0004321,16588.0,credit,2026-08-30 09:40:00,D00723
NB00031164,AC05592175,P00001,UTIB0000789,280.27,debit,2026-07-04 16:09:50,D00724
NB00031167,AC05592175,P00399,HDFC0001234,651.06,debit,2026-07-08 14:49:05,D00724
NB00031169,AC05592175,P00374,SBIN0004321,6025.43,debit,2026-07-29 15:45:25,D00724
NB00031171,AC05592175,P00032,SBIN0004321,567.56,debit,2026-08-15 16:08:58,D00724
NB00031174,AC05592175,P00268,SBIN0004321,1231.9,debit,2026-09-13 22:12:36,D00724
NB00031187,AC05592175,P00201,UTIB0000789,2304.57,debit,2026-07-27 18:44:21,D00724
NB00031191,AC05592175,P00399,UTIB0000789,353.95,debit,2026-07-13 09:54:46,D00724
NB00031196,AC05592175,P00374,SBIN0004321,4002.76,debit,2026-08-03 19:36:23,D00724
NB00031199,AC05592175,P00337,ICIC0005678,2134.77,debit,2026-09-09 20:27:01,D00724
NB00031201,AC05592175,P00298,UTIB0000789,977.74,debit,2026-07-31 11:28:17,D00724
NB00031209,AC05592175,E00430,SBIN0004321,29014.0,credit,2026-07-01 09:32:00,D00724
NB00031210,AC05592175,E00430,HDFC0001234,29683.0,credit,2026-07-31 09:47:00,D00724
NB00031211,AC05592175,E00430,ICIC0005678,29136.0,credit,2026-09-01 09:32:00,D00724
NB00031213,AC05604629,P00305,HDFC0001234,1335.53,debit,2026-08-01 14:50:19,D00725
NB00031218,AC05604629,P00286,ICIC0005678,2033.92,debit,2026-08-03 19:45:32,D00725
NB00031262,AC05604629,P00020,SBIN0004321,1375.18,debit,2026-08-28 13:01:23,D00725
NB00031263,AC05604629,P00218,ICIC0005678,1210.55,debit,2026-09-12 07:39:37,D00725
NB00031266,AC05604629,P00368,SBIN0004321,933.14,debit,2026-09-08 17:04:38,D00725
NB00031287,AC05604629,P00305,SBIN0004321,3268.4,debit,2026-07-30 15:40:39,D00725
NB00031297,AC05604629,P00305,ICIC0005678,1793.76,debit,2026-07-25 09:08:56,D00725
NB00031298,AC05604629,E00433,HDFC0001234,59247.0,credit,2026-07-03 09:30:00,D00725
NB00031299,AC05604629,E00433,HDFC0001234,59940.0,credit,2026-08-01 09:05:00,D00725
NB00031300,AC05604629,E00433,UTIB0000789,58993.0,credit,2026-09-01 09:55:00,D00725
NB00031307,AC05618954,P00024,HDFC0001234,2002.05,debit,2026-08-05 15:26:03,D00726
NB00031311,AC05618954,P00204,SBIN0004321,2718.02,debit,2026-08-27 11:51:49,D00726
NB00031314,AC05618954,P00024,UTIB0000789,675.42,debit,2026-09-05 10:08:04,D00726
NB00031322,AC05618954,P00316,HDFC0001234,2656.81,debit,2026-07-29 12:35:04,D00726
NB00031324,AC05618954,P00204,ICIC0005678,2170.49,debit,2026-08-31 18:38:39,D00726
NB00031331,AC05618954,P00328,SBIN0004321,3174.37,debit,2026-07-25 18:01:35,D00726
NB00031354,AC05618954,E00433,UTIB0000789,28908.0,credit,2026-07-02 09:54:00,D00726
NB00031355,AC05618954,E00433,UTIB0000789,28589.0,credit,2026-08-02 09:29:00,D00726
NB00031356,AC05618954,E00433,ICIC0005678,29752.0,credit,2026-09-01 09:33:00,D00726
NB00031379,AC05623291,P00326,ICIC0005678,301.06,debit,2026-09-12 18:02:42,D00727
NB00031385,AC05623291,P00249,UTIB0000789,985.15,debit,2026-07-31 18:25:07,D00727
NB00031399,AC05623291,P00324,SBIN0004321,5426.18,debit,2026-07-05 08:21:49,D00727
NB00031407,AC05623291,P00152,UTIB0000789,4512.45,debit,2026-07-27 21:44:44,D00727
NB00031413,AC05623291,P00090,UTIB0000789,1869.9,debit,2026-07-07 23:42:11,D00727
NB00031415,AC05623291,P00090,SBIN0004321,638.11,debit,2026-08-24 12:09:18,D00727
NB00031439,AC05623291,P00326,ICIC0005678,4517.57,debit,2026-08-04 18:37:50,D00727
NB00031441,AC05623291,P00249,HDFC0001234,345.84,debit,2026-07-18 07:18:45,D00727
NB00031455,AC05623291,P00326,UTIB0000789,1072.48,debit,2026-08-09 12:02:01,D00727
NB00031466,AC05623291,P00383,SBIN0004321,824.69,debit,2026-07-21 22:48:07,D00727
NB00031467,AC05623291,E00416,UTIB0000789,26407.0,credit,2026-07-02 09:41:00,D00727
NB00031468,AC05623291,E00416,ICIC0005678,26968.0,credit,2026-08-01 09:02:00,D00727
NB00031469,AC05623291,E00416,ICIC0005678,27094.0,credit,2026-09-01 09:20:00,D00727
NB00031479,AC05637342,P00276,HDFC0001234,311.14,debit,2026-08-25 06:49:56,D00728
NB00031482,AC05637342,P00167,UTIB0000789,361.17,debit,2026-09-12 11:20:25,D00728
NB00031485,AC05637342,P00376,HDFC0001234,415.51,debit,2026-09-08 20:30:44,D00728
NB00031526,AC05637342,P00321,SBIN0004321,275.08,debit,2026-08-06 19:24:37,D00728
NB00031527,AC05637342,P00167,ICIC0005678,315.06,debit,2026-08-29 13:04:50,D00728
NB00031545,AC05637342,P00276,SBIN0004321,288.41,debit,2026-08-23 19:57:39,D00728
NB00031549,AC05637342,P00321,HDFC0001234,143.47,debit,2026-08-19 06:07:57,D00728
NB00031552,AC05637342,E00408,SBIN0004321,15297.0,credit,2026-07-02 09:28:00,D00728
NB00031553,AC05637342,E00408,ICIC0005678,15012.0,credit,2026-08-02 09:34:00,D00728
NB00031554,AC05637342,E00408,SBIN0004321,15071.0,credit,2026-08-30 09:07:00,D00728
NB00031555,AC05648049,P00062,SBIN0004321,2078.57,debit,2026-07-26 07:04:36,D00729
NB00031557,AC05648049,P00380,UTIB0000789,8107.99,debit,2026-08-17 18:21:27,D00729
NB00031596,AC05648049,P00062,UTIB0000789,5138.59,debit,2026-09-05 08:10:08,D00729
NB00031599,AC05648049,P00380,SBIN0004321,1777.18,debit,2026-08-13 11:04:04,D00729
NB00031607,AC05648049,P00124,UTIB0000789,4183.31,debit,2026-08-23 23:53:17,D00730
NB00031610,AC05648049,P00360,ICIC0005678,11152.1,debit,2026-07-09 06:19:07,D00730
NB00031614,AC05648049,E00404,ICIC0005678,92016.0,credit,2026-07-01 09:24:00,D00729
NB00031615,AC05648049,E00404,SBIN0004321,90232.0,credit,2026-08-01 09:22:00,D00729
NB00031616,AC05648049,E00404,SBIN0004321,88462.0,credit,2026-09-01 09:32:00,D00730
NB00031619,AC05657232,P00287,SBIN0004321,6508.23,debit,2026-07-07 08:31:59,D00731
NB00031621,AC05657232,P00223,UTIB0000789,3165.71,debit,2026-07-28 06:53:41,D00731
NB00031628,AC05657232,P00253,SBIN0004321,2102.67,debit,2026-07-06 22:24:18,D00731
NB00031632,AC05657232,P00301,ICIC0005678,818.29,debit,2026-07-05 19:30:29,D00731
NB00031633,AC05657232,P00138,SBIN0004321,2035.93,debit,2026-08-28 16:06:34,D00731
NB00031638,AC05657232,P00253,ICIC0005678,1821.76,debit,2026-07-11 10:35:04,D00731
NB00031654,AC05657232,P00132,HDFC0001234,4021.32,debit,2026-08-13 17:15:00,D00731
NB00031657,AC05657232,P00271,UTIB0000789,3723.68,debit,2026-08-05 16:21:13,D00731
NB00031662,AC05657232,P00253,UTIB0000789,1993.36,debit,2026-08-29 23:01:22,D00731
NB00031689,AC05657232,P00009,SBIN0004321,3234.33,debit,2026-09-06 12:58:50,D00731
NB00031700,AC05657232,P00001,SBIN0004321,5695.03,debit,2026-07-13 13:19:33,D00731
NB00031709,AC05657232,E00403,ICIC0005678,57733.0,credit,2026-07-01 09:35:00,D00731
NB00031710,AC05657232,E00403,SBIN0004321,56649.0,credit,2026-08-01 09:44:00,D00731
NB00031711,AC05657232,E00403,UTIB0000789,57943.0,credit,2026-09-01 09:32:00,D00731
NB00031734,AC05661813,P00106,HDFC0001234,1092.47,debit,2026-07-16 11:03:54,D00732
NB00031740,AC05661813,P00106,HDFC0001234,1538.11,debit,2026-08-28 17:29:03,D00732
NB00031749,AC05661813,E00427,HDFC0001234,55591.0,credit,2026-07-01 09:34:00,D00732
NB00031750,AC05661813,E00427,HDFC0001234,47239.0,credit,2026-07-31 09:40:00,D00732
NB00031751,AC05661813,E00427,SBIN0004321,37945.0,credit,2026-08-30 09:39:00,D00732
NB00031771,AC05674368,P00350,HDFC0001234,3724.01,debit,2026-07-29 15:24:11,D00733
NB00031781,AC05674368,E00405,HDFC0001234,61360.0,credit,2026-07-02 09:36:00,D00733
NB00031782,AC05674368,E00405,UTIB0000789,52347.0,credit,2026-08-01 09:02:00,D00733
NB00031783,AC05674368,E00405,UTIB0000789,45404.0,credit,2026-09-01 09:03:00,D00733
NB00031784,AC05684133,P00130,ICIC0005678,2275.1,debit,2026-07-31 17:12:55,D00734
NB00031790,AC05684133,P00292,SBIN0004321,4568.81,debit,2026-07-31 13:14:11,D00734
NB00031807,AC05684133,P00130,UTIB0000789,668.36,debit,2026-08-15 09:01:03,D00734
NB00031825,AC05684133,P00130,UTIB0000789,2967.06,debit,2026-07-25 15:31:03,D00734
NB00031829,AC05684133,E00411,HDFC0001234,50466.0,credit,2026-07-03 09:37:00,D00734
NB00031830,AC05684133,E00411,UTIB0000789,49598.0,credit,2026-08-02 09:24:00,D00734
NB00031831,AC05684133,E00411,SBIN0004321,50275.0,credit,2026-09-01 09:09:00,D00734
NB00031835,AC05694094,P00270,ICIC0005678,5963.39,debit,2026-08-06 13:56:56,D00735
NB00031867,AC05694094,P00270,HDFC0001234,4614.89,debit,2026-07-10 17:42:20,D00735
NB00031871,AC05694094,P00361,ICIC0005678,938.86,debit,2026-07-08 15:05:25,D00735
NB00031873,AC05694094,E00441,SBIN0004321,33651.0,credit,2026-07-02 09:41:00,D00735
NB00031874,AC05694094,E00441,UTIB0000789,33375.0,credit,2026-08-02 09:25:00,D00735
NB00031875,AC05694094,E00441,HDFC0001234,33802.0,credit,2026-09-01 09:30:00,D00735
NB00031890,AC05708910,P00019,SBIN0004321,1262.1,debit,2026-09-11 17:00:56,D00736
NB00031904,AC05708910,P00114,HDFC0001234,1512.85,debit,2026-07-10 20:30:53,D00736
NB00031913,AC05708910,P00369,UTIB0000789,6714.68,debit,2026-07-11 18:53:58,D00737
NB00031916,AC05708910,P00288,UTIB0000789,594.21,debit,2026-07-08 20:09:20,D00736
NB00031925,AC05708910,P00152,UTIB0000789,5025.8,debit,2026-08-23 20:45:47,D00736
NB00031933,AC05708910,E00441,UTIB0000789,35301.0,credit,2026-07-02 09:28:00,D00736
NB00031934,AC05708910,E00441,UTIB0000789,36261.0,credit,2026-08-01 09:14:00,D00737
NB00031935,AC05708910,E00441,UTIB0000789,35604.0,credit,2026-08-30 09:58:00,D00736
NB00031944,AC05711050,P00359,HDFC0001234,2024.52,debit,2026-07-12 08:10:44,D00738
NB00031951,AC05711050,P00049,UTIB0000789,1512.11,debit,2026-08-24 13:45:57,D00738
NB00031959,AC05711050,P00302,SBIN0004321,559.61,debit,2026-07-30 17:45:07,D00738
NB00031975,AC05711050,P00158,HDFC0001234,2262.44,debit,2026-09-13 20:19:31,D00738
NB00031976,AC05711050,P00095,SBIN0004321,1351.7,debit,2026-09-04 12:27:10,D00738
NB00031978,AC05711050,P00359,SBIN0004321,2150.43,debit,2026-09-06 15:24:41,D00738
NB00031980,AC05711050,P00152,ICIC0005678,2811.5,debit,2026-09-03 12:02:35,D00738
NB00031981,AC05711050,E00432,HDFC0001234,29946.0,credit,2026-07-01 09:48:00,D00738
NB00031982,AC05711050,E00432,ICIC0005678,30534.0,credit,2026-08-01 09:45:00,D00738
NB00031983,AC05711050,E00432,UTIB0000789,30577.0,credit,2026-08-30 09:15:00,D00738
NB00031989,AC05725850,P00227,UTIB0000789,1944.43,debit,2026-08-17 18:22:29,D00739
NB00031993,AC05725850,P00392,ICIC0005678,961.11,debit,2026-08-21 16:18:41,D00739
NB00031995,AC05725850,P00014,HDFC0001234,8271.99,debit,2026-08-09 17:01:04,D00739
NB00031997,AC05725850,P00198,SBIN0004321,3117.42,debit,2026-07-29 15:01:22,D00739
NB00032000,AC05725850,P00024,UTIB0000789,5563.48,debit,2026-07-31 17:45:58,D00739
NB00032005,AC05725850,P00299,HDFC0001234,10421.1,debit,2026-07-06 00:02:13,D00739
NB00032010,AC05725850,P00313,SBIN0004321,4557.53,debit,2026-09-09 13:40:45,D00739
NB00032011,AC05725850,P00253,ICIC0005678,4368.82,debit,2026-09-09 10:49:13,D00739
NB00032014,AC05725850,E00417,ICIC0005678,143124.0,credit,2026-07-03 09:33:00,D00739
NB00032015,AC05725850,E00417,SBIN0004321,139913.0,credit,2026-08-02 09:38:00,D00739
NB00032016,AC05725850,E00417,SBIN0004321,140769.0,credit,2026-08-31 09:07:00,D00739
NB00032022,AC05739838,P00243,UTIB0000789,5411.33,debit,2026-08-22 00:04:32,D00740
NB00032023,AC05739838,P00400,UTIB0000789,4145.82,debit,2026-08-02 13:11:25,D00740
NB00032024,AC05739838,P00101,SBIN0004321,2264.46,debit,2026-07-26 18:44:32,D00740
NB00032040,AC05739838,P00272,HDFC0001234,1026.77,debit,2026-08-28 12:41:42,D00740
NB00032044,AC05739838,P00134,SBIN0004321,1083.5,debit,2026-08-16 19:03:00,D00740
NB00032049,AC05739838,P00272,SBIN0004321,633.61,debit,2026-07-20 18:03:12,D00740
NB00032050,AC05739838,P00272,HDFC0001234,661.77,debit,2026-08-19 14:38:39,D00740
NB00032051,AC05739838,P00272,SBIN0004321,404.71,debit,2026-07-27 10:29:19,D00740
NB00032052,AC05739838,P00162,SBIN0004321,979.89,debit,2026-08-10 20:04:58,D00740
NB00032056,AC05739838,P00272,SBIN0004321,613.53,debit,2026-07-09 18:29:11,D00740
NB00032062,AC05739838,P00162,UTIB0000789,1959.19,debit,2026-09-05 12:03:02,D00740
NB00032068,AC05739838,E00421,HDFC0001234,49263.0,credit,2026-07-03 09:18:00,D00740
NB00032069,AC05739838,E00421,UTIB0000789,49746.0,credit,2026-08-02 09:16:00,D00740
NB00032070,AC05739838,E00421,ICIC0005678,49775.0,credit,2026-08-30 09:07:00,D00740
NB00032083,AC05748878,P00116,HDFC0001234,914.19,debit,2026-08-23 17:24:16,D00741
NB00032087,AC05748878,P00017,HDFC0001234,1187.1,debit,2026-08-29 00:03:21,D00741
NB00032101,AC05748878,E00421,SBIN0004321,29959.0,credit,2026-07-03 09:23:00,D00741
NB00032102,AC05748878,E00421,UTIB0000789,29564.0,credit,2026-07-31 09:43:00,D00741
NB00032103,AC05748878,E00421,HDFC0001234,30543.0,credit,2026-08-31 09:21:00,D00741
NB00032114,AC05756457,P00204,UTIB0000789,5212.5,debit,2026-07-08 21:33:33,D00742
NB00032116,AC05756457,P00339,HDFC0001234,758.05,debit,2026-07-07 15:27:49,D00742
NB00032134,AC05756457,E00410,UTIB0000789,48340.0,credit,2026-07-01 09:18:00,D00742
NB00032135,AC05756457,E00410,HDFC0001234,46957.0,credit,2026-08-02 09:16:00,D00742
NB00032136,AC05756457,E00410,SBIN0004321,48019.0,credit,2026-09-01 09:03:00,D00742
NB00032139,AC05769980,P00191,SBIN0004321,8950.39,debit,2026-08-02 08:59:35,D00743
NB00032156,AC05769980,P00292,HDFC0001234,1800.82,debit,2026-08-03 21:03:03,D00743
NB00032180,AC05769980,E00439,HDFC0001234,22362.0,credit,2026-07-03 09:27:00,D00744
NB00032181,AC05769980,E00439,UTIB0000789,23361.0,credit,2026-08-01 09:48:00,D00743
NB00032182,AC05769980,E00439,UTIB0000789,23454.0,credit,2026-08-30 09:21:00,D00743
NB00032188,AC05774620,P00369,HDFC0001234,2114.38,debit,2026-07-27 19:55:15,D00745
NB00032211,AC05774620,P00133,HDFC0001234,7391.88,debit,2026-08-07 14:59:55,D00745
NB00032217,AC05774620,P00130,ICIC0005678,3056.55,debit,2026-07-11 10:50:16,D00745
NB00032218,AC05774620,P00355,SBIN0004321,3264.55,debit,2026-08-06 20:34:06,D00745
NB00032251,AC05774620,P00133,HDFC0001234,6530.0,debit,2026-07-02 08:00:00,D00745
NB00032257,AC05774620,E00420,HDFC0001234,80533.0,credit,2026-07-01 09:26:00,D00745
NB00032258,AC05774620,E00420,SBIN0004321,79569.0,credit,2026-08-02 09:58:00,D00745
NB00032259,AC05774620,E00420,UTIB0000789,79797.0,credit,2026-08-30 09:50:00,D00745
NB00032264,AC05786501,P00310,HDFC0001234,479.11,debit,2026-08-29 12:36:44,D00747
NB00032273,AC05786501,P00317,HDFC0001234,249.38,debit,2026-08-31 16:40:41,D00747
NB00032274,AC05786501,P00375,HDFC0001234,252.69,debit,2026-07-16 21:41:30,D00746
NB00032286,AC05786501,P00011,ICIC0005678,834.94,debit,2026-07-15 18:14:25,D00746
NB00032293,AC05786501,P00054,SBIN0004321,888.18,debit,2026-09-07 16:22:55,D00746
NB00032296,AC05786501,P00199,HDFC0001234,351.25,debit,2026-07-08 19:50:09,D00746
NB00032302,AC05786501,P00256,UTIB0000789,3270.46,debit,2026-09-04 22:24:44,D00747
NB00032308,AC05786501,P00137,HDFC0001234,903.81,debit,2026-08-07 11:44:09,D00747
NB00032312,AC05786501,P00011,SBIN0004321,1061.79,debit,2026-07-19 07:28:15,D00747
NB00032323,AC05786501,E00404,SBIN0004321,27114.0,credit,2026-07-02 09:27:00,D00746
NB00032324,AC05786501,E00404,ICIC0005678,27256.0,credit,2026-08-01 09:32:00,D00746
NB00032325,AC05786501,E00404,HDFC0001234,27861.0,credit,2026-08-31 09:54:00,D00746
NB00032329,AC05795893,P00358,HDFC0001234,23691.1,debit,2026-09-11 11:32:04,D00748
NB00032351,AC05795893,P00312,ICIC0005678,1708.68,debit,2026-07-23 09:05:00,D00748
NB00032366,AC05795893,P00319,ICIC0005678,3008.24,debit,2026-08-09 07:29:18,D00748
NB00032369,AC05795893,P00021,HDFC0001234,3537.87,debit,2026-07-07 15:10:53,D00748
NB00032374,AC05795893,P00312,HDFC0001234,880.45,debit,2026-08-17 00:31:35,D00748
NB00032376,AC05795893,P00161,ICIC0005678,1469.87,debit,2026-07-20 08:24:22,D00748
NB00032379,AC05795893,P00362,UTIB0000789,2034.52,debit,2026-08-04 16:48:54,D00748
NB00032383,AC05795893,P00312,UTIB0000789,1891.29,debit,2026-09-09 10:29:06,D00748
NB00032394,AC05795893,E00422,ICIC0005678,49500.0,credit,2026-07-03 09:36:00,D00748
NB00032395,AC05795893,E00422,SBIN0004321,49511.0,credit,2026-08-02 09:45:00,D00748
NB00032396,AC05795893,E00422,SBIN0004321,48925.0,credit,2026-09-01 09:02:00,D00749
NB00032402,AC05801425,P00241,SBIN0004321,3327.04,debit,2026-07-13 16:33:23,D00750
NB00032411,AC05801425,P00241,SBIN0004321,2452.79,debit,2026-07-24 16:15:47,D00750
NB00032414,AC05801425,P00254,HDFC0001234,3222.05,debit,2026-08-15 20:44:41,D00750
NB00032429,AC05801425,P00200,SBIN0004321,2965.61,debit,2026-08-10 07:01:18,D00750
NB00032432,AC05801425,P00220,ICIC0005678,4961.01,debit,2026-07-14 20:50:48,D00750
NB00032438,AC05801425,P00115,ICIC0005678,4032.7,debit,2026-09-02 16:54:24,D00750
NB00032447,AC05801425,P00354,ICIC0005678,1861.55,debit,2026-08-14 22:58:27,D00750
NB00032460,AC05801425,E00426,ICIC0005678,63679.0,credit,2026-07-01 09:18:00,D00750
NB00032461,AC05801425,E00426,SBIN0004321,64052.0,credit,2026-08-02 09:24:00,D00750
NB00032462,AC05801425,E00426,ICIC0005678,64859.0,credit,2026-08-30 09:51:00,D00750
NB00032467,AC05811364,P00193,ICIC0005678,3848.03,debit,2026-07-04 20:07:29,D00752
NB00032483,AC05811364,P00217,ICIC0005678,415.42,debit,2026-08-30 22:34:39,D00752
NB00032492,AC05811364,P00333,ICIC0005678,1308.27,debit,2026-07-25 20:51:22,D00751
NB00032501,AC05811364,P00333,SBIN0004321,3210.26,debit,2026-08-12 10:44:28,D00751
NB00032507,AC05811364,E00438,UTIB0000789,45269.0,credit,2026-07-03 09:24:00,D00751
NB00032508,AC05811364,E00438,UTIB0000789,46310.0,credit,2026-08-01 09:46:00,D00751
NB00032509,AC05811364,E00438,HDFC0001234,46657.0,credit,2026-08-31 09:28:00,D00751
NB00032530,AC05829070,P00364,ICIC0005678,506.31,debit,2026-07-31 09:32:50,D00753
NB00032553,AC05829070,P00364,HDFC0001234,1180.08,debit,2026-08-17 15:07:56,D00753
NB00032555,AC05829070,P00061,HDFC0001234,1376.31,debit,2026-07-24 11:01:29,D00753
NB00032557,AC05829070,P00172,SBIN0004321,2865.62,debit,2026-09-08 09:55:58,D00753
NB00032559,AC05829070,P00292,SBIN0004321,1854.55,debit,2026-07-14 11:41:14,D00753
NB00032560,AC05829070,P00373,HDFC0001234,3739.75,debit,2026-08-16 10:37:40,D00753
NB00032570,AC05829070,P00079,UTIB0000789,1289.23,debit,2026-07-07 18:33:25,D00753
NB00032580,AC05829070,P00321,SBIN0004321,580.72,debit,2026-08-20 11:46:12,D00753
NB00032591,AC05829070,E00422,SBIN0004321,40126.0,credit,2026-07-02 09:24:00,D00753
NB00032592,AC05829070,E00422,SBIN0004321,40102.0,credit,2026-07-31 09:17:00,D00753
NB00032593,AC05829070,E00422,UTIB0000789,38686.0,credit,2026-09-01 09:51:00,D00753
NB00032594,AC05832562,P00214,HDFC0001234,967.96,debit,2026-07-24 12:45:34,D00754
NB00032595,AC05832562,P00084,SBIN0004321,511.46,debit,2026-07-26 13:43:53,D00754
NB00032596,AC05832562,P00250,ICIC0005678,266.78,debit,2026-07-20 13:25:05,D00754
NB00032605,AC05832562,P00236,HDFC0001234,4281.0,debit,2026-09-06 09:59:03,D00754
NB00032617,AC05832562,P00084,UTIB0000789,1422.56,debit,2026-08-16 23:13:47,D00754
NB00032629,AC05832562,E00440,HDFC0001234,38964.0,credit,2026-07-03 09:12:00,D00754
NB00032630,AC05832562,E00440,ICIC0005678,37302.0,credit,2026-08-01 09:15:00,D00754
NB00032631,AC05832562,E00440,UTIB0000789,38112.0,credit,2026-09-01 09:58:00,D00754
NB00032642,AC05844193,P00368,ICIC0005678,308.83,debit,2026-07-01 00:45:39,D00755
NB00032644,AC05844193,P00092,ICIC0005678,1470.54,debit,2026-09-04 17:13:24,D00756
NB00032648,AC05844193,P00239,UTIB0000789,2118.4,debit,2026-09-06 20:31:14,D00755
NB00032666,AC05844193,P00391,ICIC0005678,6333.66,debit,2026-09-08 19:01:33,D00755
NB00032668,AC05844193,P00205,UTIB0000789,1514.27,debit,2026-07-22 07:10:24,D00755
NB00032672,AC05844193,P00312,SBIN0004321,678.1,debit,2026-07-17 21:57:49,D00755
NB00032680,AC05844193,P00368,ICIC0005678,947.32,debit,2026-08-07 16:35:29,D00756
NB00032691,AC05844193,E00402,SBIN0004321,37242.0,credit,2026-07-01 09:14:00,D00756
NB00032692,AC05844193,E00402,ICIC0005678,37098.0,credit,2026-08-01 09:35:00,D00755
NB00032693,AC05844193,E00402,SBIN0004321,36193.0,credit,2026-08-31 09:15:00,D00755
NB00032694,AC05856609,P00092,HDFC0001234,2132.93,debit,2026-07-16 18:22:09,D00757
NB00032698,AC05856609,P00243,UTIB0000789,1842.09,debit,2026-07-20 08:04:01,D00757
NB00032701,AC05856609,P00092,UTIB0000789,1835.38,debit,2026-08-20 07:10:22,D00757
NB00032712,AC05856609,P00100,SBIN0004321,817.24,debit,2026-07-16 13:55:07,D00757
NB00032719,AC05856609,P00101,ICIC0005678,3977.74,debit,2026-07-16 09:07:00,D00757
NB00032720,AC05856609,E00426,UTIB0000789,28030.0,credit,2026-07-01 09:23:00,D00757
NB00032721,AC05856609,E00426,SBIN0004321,28623.0,credit,2026-07-31 09:17:00,D00757
NB00032722,AC05856609,E00426,ICIC0005678,28718.0,credit,2026-08-31 09:56:00,D00757
NB00032723,AC05866179,P00377,HDFC0001234,1681.21,debit,2026-08-26 19:19:43,D00758
NB00032770,AC05866179,E00434,SBIN0004321,29895.0,credit,2026-07-03 09:58:00,D00758
NB00032771,AC05866179,E00434,SBIN0004321,30579.0,credit,2026-08-01 09:48:00,D00758
NB00032772,AC05866179,E00434,ICIC0005678,29709.0,credit,2026-08-30 09:19:00,D00758
NB00032773,AC05875627,P00231,ICIC0005678,2356.2,debit,2026-07-30 10:36:52,D00759
NB00032795,AC05875627,P00222,UTIB0000789,1092.26,debit,2026-07-07 13:01:52,D00759
NB00032803,AC05875627,P00002,ICIC0005678,2186.9,debit,2026-09-03 16:49:12,D00759
NB00032809,AC05875627,P00040,UTIB0000789,3042.13,debit,2026-08-05 11:08:00,D00759
NB00032820,AC05875627,P00124,HDFC0001234,775.07,debit,2026-07-09 16:50:40,D00759
NB00032821,AC05875627,E00403,ICIC0005678,80346.0,credit,2026-07-01 09:41:00,D00759
NB00032822,AC05875627,E00403,UTIB0000789,78545.0,credit,2026-07-31 09:36:00,D00759
NB00032823,AC05875627,E00403,SBIN0004321,79696.0,credit,2026-09-01 09:04:00,D00759
NB00032825,AC05889811,P00317,HDFC0001234,1294.18,debit,2026-08-17 14:50:03,D00760
NB00032832,AC05889811,P00103,UTIB0000789,1040.07,debit,2026-09-05 14:47:37,D00760
NB00032837,AC05889811,P00316,HDFC0001234,4499.27,debit,2026-08-27 15:24:56,D00760
NB00032843,AC05889811,P00164,ICIC0005678,10494.59,debit,2026-08-26 07:00:07,D00760
NB00032868,AC05889811,E00426,ICIC0005678,35953.0,credit,2026-07-02 09:07:00,D00760
NB00032869,AC05889811,E00426,HDFC0001234,36627.0,credit,2026-07-31 09:47:00,D00760
NB00032870,AC05889811,E00426,HDFC0001234,36131.0,credit,2026-08-30 09:45:00,D00760
NB00032880,AC05898082,P00224,SBIN0004321,1014.81,debit,2026-08-11 16:44:24,D00761
NB00032889,AC05898082,P00376,ICIC0005678,332.75,debit,2026-08-16 21:29:41,D00761
NB00032919,AC05898082,E00426,HDFC0001234,25469.0,credit,2026-07-02 09:32:00,D00761
NB00032920,AC05898082,E00426,UTIB0000789,25839.0,credit,2026-08-02 09:18:00,D00761
NB00032921,AC05898082,E00426,SBIN0004321,26526.0,credit,2026-08-31 09:21:00,D00761
NB00032928,AC05909475,P00297,SBIN0004321,3077.05,debit,2026-07-18 09:02:01,D00762
NB00032932,AC05909475,P00076,HDFC0001234,1007.71,debit,2026-07-12 20:46:35,D00762
NB00032937,AC05909475,P00280,SBIN0004321,1095.98,debit,2026-07-07 10:25:51,D00762
NB00032939,AC05909475,P00375,ICIC0005678,475.86,debit,2026-07-06 19:04:48,D00762
NB00032973,AC05909475,P00262,ICIC0005678,859.58,debit,2026-07-17 16:13:44,D00762
NB00032978,AC05909475,P00083,HDFC0001234,2432.59,debit,2026-07-20 17:40:41,D00762
NB00032991,AC05909475,E00415,HDFC0001234,29726.0,credit,2026-07-01 09:56:00,D00762
NB00032992,AC05909475,E00415,UTIB0000789,29374.0,credit,2026-08-02 09:17:00,D00762
NB00032993,AC05909475,E00415,SBIN0004321,29032.0,credit,2026-08-30 09:33:00,D00762
NB00033008,AC05916928,P00026,SBIN0004321,2318.06,debit,2026-07-30 23:36:53,D00763
NB00033021,AC05916928,P00164,HDFC0001234,4008.21,debit,2026-09-02 12:38:56,D00763
NB00033024,AC05916928,P00164,UTIB0000789,4259.41,debit,2026-08-29 10:48:48,D00763
NB00033037,AC05916928,P00154,HDFC0001234,1657.47,debit,2026-08-14 17:43:34,D00763
NB00033042,AC05916928,E00421,UTIB0000789,65291.0,credit,2026-07-02 09:25:00,D00763
NB00033043,AC05916928,E00421,ICIC0005678,66572.0,credit,2026-07-31 09:31:00,D00763
NB00033044,AC05916928,E00421,ICIC0005678,65024.0,credit,2026-08-30 09:37:00,D00763
NB00033047,AC05929811,P00230,UTIB0000789,874.62,debit,2026-08-21 15:26:06,D00764
NB00033055,AC05929811,P00369,ICIC0005678,2470.15,debit,2026-07-25 19:18:12,D00764
NB00033075,AC05929811,P00188,ICIC0005678,1207.78,debit,2026-08-22 06:41:44,D00764
NB00033080,AC05929811,E00409,SBIN0004321,53302.0,credit,2026-07-03 09:58:00,D00764
NB00033081,AC05929811,E00409,UTIB0000789,54449.0,credit,2026-07-31 09:33:00,D00764
NB00033082,AC05929811,E00409,UTIB0000789,53420.0,credit,2026-08-31 09:15:00,D00764
NB00033113,AC05936412,P00135,HDFC0001234,1587.6,debit,2026-07-19 13:30:12,D00765
NB00033121,AC05936412,P00175,HDFC0001234,2593.59,debit,2026-08-23 12:21:11,D00765
NB00033125,AC05936412,P00398,UTIB0000789,942.17,debit,2026-08-16 07:13:44,D00765
NB00033127,AC05936412,E00417,SBIN0004321,49486.0,credit,2026-07-01 09:42:00,D00765
NB00033128,AC05936412,E00417,HDFC0001234,51943.0,credit,2026-08-01 09:09:00,D00765
NB00033129,AC05936412,E00417,UTIB0000789,51630.0,credit,2026-08-30 09:53:00,D00765
NB00033130,AC05945875,P00386,SBIN0004321,1276.04,debit,2026-09-08 17:08:36,D00766
NB00033143,AC05945875,P00310,HDFC0001234,477.91,debit,2026-07-28 15:23:06,D00766
NB00033155,AC05945875,P00078,HDFC0001234,593.45,debit,2026-07-17 09:52:37,D00766
NB00033172,AC05945875,P00386,SBIN0004321,898.02,debit,2026-08-15 10:20:20,D00766
NB00033198,AC05945875,E00404,UTIB0000789,33651.0,credit,2026-07-01 09:18:00,D00766
NB00033199,AC05945875,E00404,ICIC0005678,34039.0,credit,2026-08-01 09:21:00,D00766
NB00033200,AC05945875,E00404,SBIN0004321,33266.0,credit,2026-09-01 09:17:00,D00766
NB00033202,AC05958336,P00136,ICIC0005678,647.27,debit,2026-09-08 00:00:49,D00767
NB00033227,AC05958336,P00170,UTIB0000789,2080.95,debit,2026-08-29 12:23:57,D00767
NB00033230,AC05958336,E00427,ICIC0005678,51150.0,credit,2026-07-02 09:03:00,D00767
NB00033231,AC05958336,E00427,HDFC0001234,50279.0,credit,2026-07-31 09:30:00,D00767
NB00033232,AC05958336,E00427,UTIB0000789,49571.0,credit,2026-08-30 09:35:00,D00767
NB00033233,AC05968818,P00340,SBIN0004321,2256.0,debit,2026-08-29 01:38:36,D00768
NB00033238,AC05968818,P00154,SBIN0004321,2077.56,debit,2026-08-03 20:55:35,D00768
NB00033241,AC05968818,P00384,ICIC0005678,3563.79,debit,2026-07-12 12:23:59,D00768
NB00033245,AC05968818,P00106,ICIC0005678,1495.68,debit,2026-08-15 09:48:57,D00768
NB00033255,AC05968818,P00106,UTIB0000789,1612.12,debit,2026-09-08 20:43:14,D00768
NB00033257,AC05968818,P00299,SBIN0004321,1526.03,debit,2026-08-11 12:41:00,D00768
NB00033272,AC05968818,P00384,SBIN0004321,6862.67,debit,2026-08-08 19:10:33,D00768
NB00033279,AC05968818,P00003,UTIB0000789,1132.28,debit,2026-08-09 22:39:48,D00768
NB00033281,AC05968818,E00440,SBIN0004321,28569.0,credit,2026-07-02 09:52:00,D00768
NB00033282,AC05968818,E00440,HDFC0001234,26920.0,credit,2026-08-01 09:20:00,D00768
NB00033283,AC05968818,E00440,SBIN0004321,27623.0,credit,2026-08-30 09:24:00,D00768
NB00033316,AC05971614,P00368,UTIB0000789,680.89,debit,2026-07-29 11:32:46,D00769
NB00033319,AC05971614,P00050,SBIN0004321,2369.51,debit,2026-08-11 13:03:07,D00769
NB00033320,AC05971614,P00060,SBIN0004321,1986.29,debit,2026-08-02 17:40:51,D00769
NB00033322,AC05971614,P00094,ICIC0005678,1850.26,debit,2026-08-16 08:13:44,D00769
NB00033334,AC05971614,P00023,SBIN0004321,6850.1,debit,2026-07-25 09:30:11,D00769
NB00033345,AC05971614,E00428,UTIB0000789,33543.0,credit,2026-07-03 09:22:00,D00769
NB00033346,AC05971614,E00428,ICIC0005678,33659.0,credit,2026-08-02 09:50:00,D00769
NB00033347,AC05971614,E00428,SBIN0004321,33355.0,credit,2026-08-30 09:45:00,D00769
NB00033348,AC05989194,P00349,ICIC0005678,1152.39,debit,2026-07-20 10:22:05,D00770
NB00033368,AC05989194,P00213,ICIC0005678,5408.34,debit,2026-09-07 18:14:25,D00770
NB00033372,AC05989194,E00424,UTIB0000789,61627.0,credit,2026-07-03 09:00:00,D00770
NB00033373,AC05989194,E00424,UTIB0000789,61828.0,credit,2026-07-31 09:56:00,D00770
NB00033374,AC05989194,E00424,ICIC0005678,62144.0,credit,2026-09-01 09:06:00,D00770
NB00033387,AC05997217,P00255,ICIC0005678,5060.94,debit,2026-07-13 17:27:59,D00771
NB00033388,AC05997217,P00040,UTIB0000789,2885.02,debit,2026-07-27 13:25:23,D00771
NB00033399,AC05997217,P00214,SBIN0004321,1293.63,debit,2026-09-01 11:27:09,D00771
NB00033402,AC05997217,P00367,SBIN0004321,1596.45,debit,2026-08-09 13:54:20,D00771
NB00033403,AC05997217,E00429,ICIC0005678,58798.0,credit,2026-07-01 09:02:00,D00771
NB00033404,AC05997217,E00429,HDFC0001234,58740.0,credit,2026-08-02 09:24:00,D00771
NB00033405,AC05997217,E00429,HDFC0001234,57635.0,credit,2026-08-30 09:28:00,D00771
NB00033444,AC06009077,E00431,ICIC0005678,24004.0,credit,2026-07-03 09:19:00,D00772
NB00033445,AC06009077,E00431,ICIC0005678,23487.0,credit,2026-07-31 09:12:00,D00772
NB00033446,AC06009077,E00431,HDFC0001234,23373.0,credit,2026-09-01 09:07:00,D00772
NB00033473,AC06017439,E00441,ICIC0005678,24568.0,credit,2026-07-03 09:35:00,D00773
NB00033474,AC06017439,E00441,SBIN0004321,24427.0,credit,2026-07-31 09:30:00,D00773
NB00033475,AC06017439,E00441,UTIB0000789,25120.0,credit,2026-09-01 09:21:00,D00773
NB00033482,AC06029341,P00195,UTIB0000789,663.72,debit,2026-08-27 13:34:03,D00774
NB00033488,AC06029341,P00291,UTIB0000789,141.45,debit,2026-07-08 15:17:23,D00774
NB00033498,AC06029341,P00083,ICIC0005678,3951.02,debit,2026-08-07 14:08:38,D00774
NB00033499,AC06029341,P00074,ICIC0005678,2228.3,debit,2026-08-26 18:36:08,D00774
NB00033502,AC06029341,E00406,ICIC0005678,40004.0,credit,2026-07-02 09:27:00,D00774
NB00033503,AC06029341,E00406,SBIN0004321,40474.0,credit,2026-07-31 09:51:00,D00774
NB00033504,AC06029341,E00406,ICIC0005678,39287.0,credit,2026-08-30 09:48:00,D00774
NB00033512,AC06033476,P00274,ICIC0005678,3130.52,debit,2026-09-03 08:53:17,D00775
NB00033520,AC06033476,P00328,HDFC0001234,7854.55,debit,2026-07-28 20:27:44,D00775
NB00033524,AC06033476,P00134,ICIC0005678,2365.81,debit,2026-09-08 17:18:55,D00775
NB00033532,AC06033476,P00049,UTIB0000789,3372.07,debit,2026-07-29 11:17:56,D00775
NB00033539,AC06033476,P00134,ICIC0005678,3635.41,debit,2026-07-04 14:29:21,D00775
NB00033542,AC06033476,E00438,UTIB0000789,92191.0,credit,2026-07-02 09:30:00,D00775
NB00033543,AC06033476,E00438,SBIN0004321,91318.0,credit,2026-07-31 09:21:00,D00775
NB00033544,AC06033476,E00438,UTIB0000789,89990.0,credit,2026-08-31 09:08:00,D00775
NB00033546,AC06042688,P00329,UTIB0000789,910.31,debit,2026-07-22 20:31:54,D00776
NB00033558,AC06042688,P00174,HDFC0001234,486.66,debit,2026-08-06 21:37:47,D00776
NB00033589,AC06042688,E00431,UTIB0000789,14702.0,credit,2026-07-01 09:09:00,D00776
NB00033590,AC06042688,E00431,HDFC0001234,14762.0,credit,2026-08-02 09:34:00,D00776
NB00033591,AC06042688,E00431,ICIC0005678,14307.0,credit,2026-09-01 09:00:00,D00776
NB00033604,AC06052760,P00211,HDFC0001234,2095.55,debit,2026-09-09 18:48:45,D00777
NB00033611,AC06052760,P00160,SBIN0004321,5744.95,debit,2026-09-07 18:13:49,D00777
NB00033614,AC06052760,P00226,HDFC0001234,4338.82,debit,2026-07-22 06:26:57,D00777
NB00033620,AC06052760,P00311,ICIC0005678,634.15,debit,2026-07-22 06:50:42,D00777
NB00033625,AC06052760,P00217,UTIB0000789,288.36,debit,2026-08-02 07:50:39,D00777
NB00033636,AC06052760,P00032,ICIC0005678,877.18,debit,2026-08-03 11:06:46,D00777
NB00033645,AC06052760,P00226,SBIN0004321,1441.21,debit,2026-08-16 12:30:07,D00777
NB00033646,AC06052760,P00311,UTIB0000789,2938.24,debit,2026-08-25 19:20:52,D00777
NB00033654,AC06052760,E00432,UTIB0000789,44800.0,credit,2026-07-02 09:20:00,D00777
NB00033655,AC06052760,E00432,HDFC0001234,44017.0,credit,2026-08-02 09:24:00,D00777
NB00033656,AC06052760,E00432,ICIC0005678,43238.0,credit,2026-08-30 09:56:00,D00777
NB00033657,AC06063269,P00369,ICIC0005678,852.87,debit,2026-08-19 08:25:15,D00778
NB00033658,AC06063269,P00157,ICIC0005678,5999.39,debit,2026-09-04 07:34:45,D00778
NB00033669,AC06063269,P00019,UTIB0000789,191.58,debit,2026-07-17 15:54:22,D00778
NB00033682,AC06063269,P00019,SBIN0004321,203.45,debit,2026-07-30 21:40:38,D00778
NB00033691,AC06063269,P00369,ICIC0005678,639.28,debit,2026-08-20 19:35:52,D00778
NB00033696,AC06063269,P00194,ICIC0005678,494.61,debit,2026-08-13 21:21:14,D00778
NB00033703,AC06063269,P00052,UTIB0000789,3071.38,debit,2026-07-08 20:16:41,D00778
NB00033706,AC06063269,P00052,HDFC0001234,1307.75,debit,2026-08-13 14:24:18,D00778
NB00033717,AC06063269,E00407,HDFC0001234,18786.0,credit,2026-07-01 09:47:00,D00778
NB00033718,AC06063269,E00407,HDFC0001234,19383.0,credit,2026-07-31 09:16:00,D00778
NB00033719,AC06063269,E00407,UTIB0000789,19160.0,credit,2026-08-31 09:10:00,D00778
NB00033728,AC06072924,P00024,ICIC0005678,564.86,debit,2026-07-24 09:44:03,D00779
NB00033734,AC06072924,P00337,SBIN0004321,38015.28,debit,2026-07-25 13:22:35,D00779
NB00033740,AC06072924,P00024,SBIN0004321,572.68,debit,2026-08-20 18:26:06,D00779
NB00033744,AC06072924,P00228,ICIC0005678,2289.97,debit,2026-09-05 05:29:54,D00779
NB00033750,AC06072924,P00154,HDFC0001234,2105.23,debit,2026-08-09 16:14:08,D00779
NB00033753,AC06072924,E00411,UTIB0000789,27901.0,credit,2026-07-01 09:00:00,D00779
NB00033754,AC06072924,E00411,UTIB0000789,27711.0,credit,2026-08-01 09:48:00,D00779
NB00033755,AC06072924,E00411,HDFC0001234,27283.0,credit,2026-08-31 09:32:00,D00779
NB00033758,AC06084974,P00393,HDFC0001234,1022.35,debit,2026-07-11 01:02:56,D00780
NB00033774,AC06084974,P00038,UTIB0000789,1757.08,debit,2026-09-06 17:18:42,D00780
NB00033780,AC06084974,P00322,ICIC0005678,1285.17,debit,2026-07-10 23:56:11,D00780
NB00033791,AC06084974,P00275,ICIC0005678,2917.27,debit,2026-09-12 17:19:32,D00780
NB00033802,AC06084974,P00307,SBIN0004321,4515.22,debit,2026-08-12 11:46:08,D00780
NB00033804,AC06084974,P00124,UTIB0000789,153.15,debit,2026-07-25 09:39:37,D00780
NB00033814,AC06084974,E00427,UTIB0000789,31942.0,credit,2026-07-01 09:11:00,D00780
NB00033815,AC06084974,E00427,UTIB0000789,31606.0,credit,2026-07-31 09:27:00,D00780
NB00033816,AC06084974,E00427,UTIB0000789,31690.0,credit,2026-09-01 09:06:00,D00780
NB00033831,AC06092783,P00400,HDFC0001234,490.83,debit,2026-09-10 21:07:56,D00781
NB00033838,AC06092783,P00370,UTIB0000789,270.75,debit,2026-07-28 08:56:48,D00781
NB00033839,AC06092783,P00270,HDFC0001234,971.13,debit,2026-09-06 11:42:27,D00782
NB00033856,AC06092783,P00186,ICIC0005678,1471.88,debit,2026-07-07 14:11:24,D00781
NB00033873,AC06092783,E00404,UTIB0000789,31898.0,credit,2026-07-03 09:22:00,D00781
NB00033874,AC06092783,E00404,ICIC0005678,31202.0,credit,2026-08-01 09:48:00,D00781
NB00033875,AC06092783,E00404,UTIB0000789,31228.0,credit,2026-08-30 09:08:00,D00781
NB00033881,AC06102423,P00383,SBIN0004321,245.3,debit,2026-09-04 15:39:02,D00783
NB00033890,AC06102423,P00133,ICIC0005678,2207.82,debit,2026-07-15 14:01:29,D00783
NB00033891,AC06102423,P00055,HDFC0001234,3073.16,debit,2026-08-01 21:27:33,D00783
NB00033893,AC06102423,P00383,UTIB0000789,417.1,debit,2026-08-27 09:48:38,D00783
NB00033895,AC06102423,P00272,SBIN0004321,742.6,debit,2026-08-30 19:23:55,D00783
NB00033898,AC06102423,P00055,SBIN0004321,2751.45,debit,2026-08-07 08:51:07,D00783
NB00033905,AC06102423,P00025,UTIB0000789,1923.52,debit,2026-09-03 23:55:43,D00783
NB00033907,AC06102423,P00246,UTIB0000789,1553.9,debit,2026-08-02 19:08:56,D00783
NB00033913,AC06102423,P00383,ICIC0005678,393.99,debit,2026-08-02 09:37:56,D00783
NB00033915,AC06102423,P00397,HDFC0001234,2999.25,debit,2026-07-14 19:32:22,D00783
NB00033916,AC06102423,E00415,SBIN0004321,30288.0,credit,2026-07-03 09:42:00,D00783
NB00033917,AC06102423,E00415,HDFC0001234,29268.0,credit,2026-08-02 09:00:00,D00783
NB00033918,AC06102423,E00415,HDFC0001234,29152.0,credit,2026-08-31 09:56:00,D00783
NB00033923,AC06115713,P00326,UTIB0000789,732.57,debit,2026-07-15 17:47:16,D00784
NB00033932,AC06115713,P00117,ICIC0005678,2022.56,debit,2026-08-23 11:38:15,D00784
NB00033933,AC06115713,P00033,ICIC0005678,9245.2,debit,2026-07-17 17:45:58,D00784
NB00033943,AC06115713,P00252,HDFC0001234,1527.89,debit,2026-09-06 21:52:12,D00784
NB00033960,AC06115713,E00410,HDFC0001234,37712.0,credit,2026-07-01 09:06:00,D00784
NB00033961,AC06115713,E00410,ICIC0005678,37841.0,credit,2026-08-02 09:32:00,D00784
NB00033962,AC06115713,E00410,HDFC0001234,36930.0,credit,2026-09-01 09:11:00,D00784
NB00033963,AC06128139,P00144,ICIC0005678,527.06,debit,2026-07-23 21:58:49,D00785
NB00033974,AC06128139,P00367,UTIB0000789,450.83,debit,2026-07-19 14:27:48,D00785
NB00033980,AC06128139,P00244,ICIC0005678,1003.59,debit,2026-07-01 13:15:29,D00785
NB00033985,AC06128139,E00438,UTIB0000789,29445.0,credit,2026-07-02 09:28:00,D00785
NB00033986,AC06128139,E00438,HDFC0001234,28547.0,credit,2026-08-01 09:30:00,D00785
NB00033987,AC06128139,E00438,UTIB0000789,29494.0,credit,2026-08-31 09:15:00,D00785
NB00033988,AC06132220,P00020,HDFC0001234,216.32,debit,2026-08-04 13:07:15,D00786
NB00033997,AC06132220,P00206,HDFC0001234,1119.68,debit,2026-09-12 17:55:10,D00786
NB00034022,AC06132220,P00286,ICIC0005678,146.56,debit,2026-08-11 16:08:34,D00786
NB00034025,AC06132220,P00323,SBIN0004321,6343.83,debit,2026-08-26 19:17:16,D00786
NB00034026,AC06132220,E00434,SBIN0004321,18288.0,credit,2026-07-02 09:08:00,D00786
NB00034027,AC06132220,E00434,UTIB0000789,18335.0,credit,2026-08-01 09:40:00,D00786
NB00034028,AC06132220,E00434,HDFC0001234,18288.0,credit,2026-08-31 09:26:00,D00786
NB00034032,AC06145601,P00169,ICIC0005678,2846.0,debit,2026-08-01 10:08:46,D00787
NB00034040,AC06145601,P00013,SBIN0004321,4018.48,debit,2026-08-18 06:50:01,D00787
NB00034045,AC06145601,P00130,HDFC0001234,1325.74,debit,2026-08-11 15:48:14,D00787
NB00034076,AC06145601,P00218,SBIN0004321,1584.21,debit,2026-08-28 12:18:22,D00787
NB00034084,AC06145601,P00169,ICIC0005678,1416.43,debit,2026-09-04 07:45:22,D00787
NB00034088,AC06145601,P00205,SBIN0004321,3711.45,debit,2026-09-02 19:05:56,D00787
NB00034091,AC06145601,E00405,ICIC0005678,57266.0,credit,2026-07-03 09:00:00,D00787
NB00034092,AC06145601,E00405,ICIC0005678,57118.0,credit,2026-07-31 09:37:00,D00787
NB00034093,AC06145601,E00405,ICIC0005678,56076.0,credit,2026-08-30 09:46:00,D00787
NB00034101,AC06156932,P00398,ICIC0005678,2083.81,debit,2026-07-26 19:55:27,D00788
NB00034102,AC06156932,P00057,ICIC0005678,1180.85,debit,2026-07-29 04:10:48,D00788
NB00034106,AC06156932,P00380,HDFC0001234,2829.51,debit,2026-07-13 16:23:28,D00788
NB00034107,AC06156932,P00156,UTIB0000789,4145.5,debit,2026-09-04 20:23:29,D00788
NB00034124,AC06156932,P00390,UTIB0000789,8905.42,debit,2026-08-04 14:15:20,D00788
NB00034136,AC06156932,P00398,ICIC0005678,2302.43,debit,2026-08-15 21:08:15,D00788
NB00034142,AC06156932,E00427,SBIN0004321,54653.0,credit,2026-07-03 09:19:00,D00788
NB00034143,AC06156932,E00427,UTIB0000789,56168.0,credit,2026-08-01 09:34:00,D00788
NB00034144,AC06156932,E00427,SBIN0004321,54590.0,credit,2026-08-31 09:14:00,D00788
NB00034173,AC06167349,P00388,SBIN0004321,4484.33,debit,2026-07-07 15:47:03,D00789
NB00034179,AC06167349,P00337,SBIN0004321,8628.1,debit,2026-09-05 07:37:28,D00790
NB00034180,AC06167349,P00188,UTIB0000789,247.73,debit,2026-08-14 16:00:04,D00790
NB00034190,AC06167349,E00427,SBIN0004321,58333.0,credit,2026-07-03 09:34:00,D00790
NB00034191,AC06167349,E00427,HDFC0001234,51652.0,credit,2026-07-31 09:11:00,D00790
NB00034192,AC06167349,E00427,SBIN0004321,43286.0,credit,2026-08-30 09:24:00,D00790
NB00034194,AC06171945,P00364,HDFC0001234,1279.64,debit,2026-07-12 12:13:31,D00791
NB00034206,AC06171945,P00306,SBIN0004321,355.52,debit,2026-08-05 12:25:29,D00791
NB00034212,AC06171945,P00104,HDFC0001234,1518.45,debit,2026-09-06 16:32:54,D00791
NB00034216,AC06171945,P00380,HDFC0001234,1166.42,debit,2026-08-11 18:11:17,D00791
NB00034226,AC06171945,P00032,UTIB0000789,154.18,debit,2026-08-03 07:41:02,D00791
NB00034227,AC06171945,P00364,SBIN0004321,2361.5,debit,2026-08-15 13:50:01,D00791
NB00034238,AC06171945,E00439,ICIC0005678,17707.0,credit,2026-07-03 09:50:00,D00791
NB00034239,AC06171945,E00439,SBIN0004321,17490.0,credit,2026-08-01 09:41:00,D00791
NB00034240,AC06171945,E00439,UTIB0000789,17791.0,credit,2026-09-01 09:04:00,D00791
NB00034253,AC06187603,P00092,SBIN0004321,2385.26,debit,2026-09-08 12:11:28,D00792
NB00034257,AC06187603,P00141,SBIN0004321,2461.61,debit,2026-08-28 18:14:34,D00792
NB00034262,AC06187603,P00338,ICIC0005678,6788.05,debit,2026-08-11 19:05:23,D00792
NB00034267,AC06187603,P00141,HDFC0001234,11373.73,debit,2026-07-30 21:58:56,D00792
NB00034269,AC06187603,P00295,ICIC0005678,4260.71,debit,2026-09-11 13:05:13,D00792
NB00034276,AC06187603,P00092,UTIB0000789,3094.64,debit,2026-07-30 16:39:35,D00792
NB00034277,AC06187603,P00078,HDFC0001234,1058.22,debit,2026-07-28 22:39:13,D00792
NB00034315,AC06187603,E00415,ICIC0005678,44824.0,credit,2026-07-02 09:14:00,D00792
NB00034316,AC06187603,E00415,UTIB0000789,43926.0,credit,2026-08-01 09:50:00,D00792
NB00034317,AC06187603,E00415,ICIC0005678,43420.0,credit,2026-08-31 09:27:00,D00792
NB00034347,AC06191241,P00145,ICIC0005678,3203.78,debit,2026-07-23 21:02:31,D00794
NB00034367,AC06191241,P00219,ICIC0005678,1227.49,debit,2026-07-13 06:30:43,D00793
NB00034370,AC06191241,P00166,HDFC0001234,1992.69,debit,2026-08-12 21:24:34,D00793
NB00034378,AC06191241,E00431,ICIC0005678,52135.0,credit,2026-07-03 09:41:00,D00793
NB00034379,AC06191241,E00431,ICIC0005678,54040.0,credit,2026-07-31 09:36:00,D00794
NB00034380,AC06191241,E00431,SBIN0004321,52391.0,credit,2026-09-01 09:45:00,D00794
NB00034385,AC06203132,P00329,ICIC0005678,1639.02,debit,2026-08-25 17:47:27,D00795
NB00034389,AC06203132,P00241,UTIB0000789,910.66,debit,2026-07-30 18:09:35,D00795
NB00034393,AC06203132,P00187,ICIC0005678,1191.67,debit,2026-07-06 23:25:46,D00796
NB00034394,AC06203132,P00187,HDFC0001234,1590.51,debit,2026-08-18 12:02:43,D00796
NB00034417,AC06203132,P00253,SBIN0004321,148.97,debit,2026-09-02 08:43:23,D00795
NB00034418,AC06203132,E00427,ICIC0005678,22827.0,credit,2026-07-01 09:22:00,D00796
NB00034419,AC06203132,E00427,ICIC0005678,22965.0,credit,2026-08-01 09:19:00,D00796
NB00034420,AC06203132,E00427,HDFC0001234,22529.0,credit,2026-09-01 09:57:00,D00795
NB00034423,AC06213873,P00043,SBIN0004321,8909.84,debit,2026-07-15 17:25:25,D00797
NB00034427,AC06213873,P00299,SBIN0004321,5516.07,debit,2026-07-07 16:30:52,D00797
NB00034436,AC06213873,P00184,ICIC0005678,545.92,debit,2026-09-07 02:17:46,D00797
NB00034438,AC06213873,P00184,HDFC0001234,764.88,debit,2026-08-14 13:28:43,D00797
NB00034457,AC06213873,E00415,SBIN0004321,38105.0,credit,2026-07-02 09:12:00,D00797
NB00034458,AC06213873,E00415,SBIN0004321,38772.0,credit,2026-08-02 09:30:00,D00797
NB00034459,AC06213873,E00415,HDFC0001234,37737.0,credit,2026-08-31 09:55:00,D00797
NB00034465,AC06228676,P00338,SBIN0004321,8012.82,debit,2026-08-19 15:10:54,D00798
NB00034487,AC06228676,P00236,UTIB0000789,900.05,debit,2026-09-07 15:42:14,D00798
NB00034489,AC06228676,P00331,SBIN0004321,979.08,debit,2026-07-03 23:17:51,D00798
NB00034492,AC06228676,E00415,HDFC0001234,35410.0,credit,2026-07-01 09:24:00,D00798
NB00034493,AC06228676,E00415,ICIC0005678,35774.0,credit,2026-07-31 09:30:00,D00798
NB00034494,AC06228676,E00415,SBIN0004321,36588.0,credit,2026-08-30 09:21:00,D00798
NB00034518,AC06232726,P00263,SBIN0004321,7149.3,debit,2026-07-05 20:36:43,D00799
NB00034526,AC06232726,E00406,UTIB0000789,97807.0,credit,2026-07-02 09:57:00,D00799
NB00034527,AC06232726,E00406,HDFC0001234,95358.0,credit,2026-07-31 09:44:00,D00799
NB00034528,AC06232726,E00406,UTIB0000789,94480.0,credit,2026-08-30 09:20:00,D00799
NB00034541,AC06248041,P00233,HDFC0001234,2959.19,debit,2026-07-22 23:50:25,D00801
NB00034550,AC06248041,P00125,UTIB0000789,588.6,debit,2026-08-11 11:12:15,D00800
NB00034555,AC06248041,P00346,HDFC0001234,12966.5,debit,2026-09-02 10:23:32,D00800
NB00034558,AC06248041,P00231,SBIN0004321,3111.63,debit,2026-07-14 16:17:14,D00800
NB00034564,AC06248041,P00189,ICIC0005678,1199.77,debit,2026-09-12 20:22:06,D00800
NB00034569,AC06248041,P00123,UTIB0000789,1729.4,debit,2026-07-07 08:58:27,D00800
NB00034574,AC06248041,P00346,UTIB0000789,8650.21,debit,2026-07-08 18:03:50,D00800
NB00034581,AC06248041,P00189,ICIC0005678,575.83,debit,2026-08-24 13:59:20,D00800
NB00034588,AC06248041,P00231,SBIN0004321,2873.21,debit,2026-07-26 23:02:50,D00800
NB00034598,AC06248041,P00125,HDFC0001234,1339.31,debit,2026-08-21 23:39:06,D00800
NB00034612,AC06248041,P00346,UTIB0000789,6159.29,debit,2026-07-06 16:32:08,D00800
NB00034622,AC06248041,E00424,SBIN0004321,101088.0,credit,2026-07-02 09:28:00,D00800
NB00034623,AC06248041,E00424,HDFC0001234,97009.0,credit,2026-08-02 09:24:00,D00800
NB00034624,AC06248041,E00424,UTIB0000789,99870.0,credit,2026-09-01 09:26:00,D00800
NB00034631,AC06259896,P00195,SBIN0004321,597.0,debit,2026-08-27 13:25:59,D00802
NB00034643,AC06259896,P00155,UTIB0000789,843.31,debit,2026-08-13 12:37:14,D00802
NB00034647,AC06259896,P00344,ICIC0005678,295.04,debit,2026-07-08 10:36:49,D00802
NB00034657,AC06259896,P00307,HDFC0001234,1626.39,debit,2026-08-09 20:43:38,D00802
NB00034659,AC06259896,E00410,ICIC0005678,16489.0,credit,2026-07-03 09:18:00,D00802
NB00034660,AC06259896,E00410,UTIB0000789,16820.0,credit,2026-08-02 09:04:00,D00802
NB00034661,AC06259896,E00410,ICIC0005678,16845.0,credit,2026-08-30 09:02:00,D00802
NB00034687,AC06269638,P00184,HDFC0001234,3221.32,debit,2026-09-09 14:12:52,D00803
NB00034688,AC06269638,P00058,HDFC0001234,1802.48,debit,2026-08-09 13:36:38,D00803
NB00034693,AC06269638,P00305,ICIC0005678,4993.23,debit,2026-09-01 14:12:25,D00803
NB00034695,AC06269638,P00058,ICIC0005678,1846.01,debit,2026-08-12 21:17:33,D00803
NB00034713,AC06269638,E00426,ICIC0005678,130331.0,credit,2026-07-01 09:57:00,D00803
NB00034714,AC06269638,E00426,UTIB0000789,132533.0,credit,2026-08-02 09:47:00,D00803
NB00034715,AC06269638,E00426,UTIB0000789,131068.0,credit,2026-09-01 09:46:00,D00803
NB00034734,AC06273726,P00274,SBIN0004321,985.14,debit,2026-08-07 10:59:50,D00804
NB00034743,AC06273726,P00136,ICIC0005678,810.49,debit,2026-09-11 09:37:37,D00804
NB00034752,AC06273726,E00423,SBIN0004321,23894.0,credit,2026-07-01 09:30:00,D00804
NB00034753,AC06273726,E00423,UTIB0000789,24222.0,credit,2026-08-02 09:32:00,D00804
NB00034754,AC06273726,E00423,HDFC0001234,23879.0,credit,2026-08-31 09:53:00,D00804
NB00034760,AC06281861,P00344,HDFC0001234,4564.9,debit,2026-07-06 07:42:47,D00805
NB00034782,AC06281861,P00035,ICIC0005678,3627.38,debit,2026-08-27 11:41:14,D00805
NB00034813,AC06281861,P00351,SBIN0004321,1473.45,debit,2026-09-08 18:10:46,D00805
NB00034825,AC06281861,P00351,UTIB0000789,4254.4,debit,2026-08-20 10:36:05,D00806
NB00034828,AC06281861,P00309,SBIN0004321,2608.3,debit,2026-09-01 23:43:06,D00805
NB00034831,AC06281861,P00365,HDFC0001234,3236.7,debit,2026-09-06 09:43:17,D00806
NB00034843,AC06281861,E00439,SBIN0004321,62180.0,credit,2026-07-01 09:43:00,D00805
NB00034844,AC06281861,E00439,UTIB0000789,62890.0,credit,2026-08-02 09:32:00,D00805
NB00034845,AC06281861,E00439,HDFC0001234,63409.0,credit,2026-08-31 09:47:00,D00805
NB00034848,AC06292998,P00295,SBIN0004321,2898.23,debit,2026-08-15 10:29:23,D00807
NB00034864,AC06292998,P00193,HDFC0001234,3871.41,debit,2026-08-21 22:40:03,D00807
NB00034865,AC06292998,P00055,ICIC0005678,3602.21,debit,2026-08-20 21:31:39,D00807
NB00034887,AC06292998,P00065,ICIC0005678,3065.37,debit,2026-07-23 14:44:50,D00807
NB00034889,AC06292998,P00300,HDFC0001234,3312.03,debit,2026-07-24 20:07:33,D00807
NB00034891,AC06292998,P00269,UTIB0000789,2231.44,debit,2026-09-06 14:37:58,D00807
NB00034922,AC06292998,P00295,SBIN0004321,5900.84,debit,2026-07-12 12:07:30,D00807
NB00034929,AC06292998,P00109,UTIB0000789,6341.17,debit,2026-07-30 08:57:43,D00807
NB00034931,AC06292998,E00419,SBIN0004321,61967.0,credit,2026-07-03 09:31:00,D00807
NB00034932,AC06292998,E00419,UTIB0000789,61809.0,credit,2026-08-01 09:34:00,D00807
NB00034933,AC06292998,E00419,SBIN0004321,60675.0,credit,2026-08-31 09:58:00,D00807
NB00034976,AC06307918,P00245,ICIC0005678,1337.54,debit,2026-08-10 01:25:48,D00808
NB00034983,AC06307918,E00412,SBIN0004321,23649.0,credit,2026-07-03 09:20:00,D00808
NB00034984,AC06307918,E00412,SBIN0004321,23272.0,credit,2026-08-02 09:47:00,D00808
NB00034985,AC06307918,E00412,SBIN0004321,23147.0,credit,2026-08-30 09:03:00,D00808
NB00034987,AC06312770,P00371,UTIB0000789,2261.25,debit,2026-08-07 17:11:34,D00809
NB00034991,AC06312770,P00354,HDFC0001234,3394.43,debit,2026-07-29 14:23:50,D00809
NB00035002,AC06312770,P00202,HDFC0001234,2653.04,debit,2026-07-09 10:29:52,D00809
NB00035006,AC06312770,P00309,ICIC0005678,299.2,debit,2026-09-02 15:07:53,D00809
NB00035018,AC06312770,P00024,HDFC0001234,2046.24,debit,2026-08-28 10:13:12,D00809
NB00035031,AC06312770,E00416,ICIC0005678,48863.0,credit,2026-07-01 09:13:00,D00809
NB00035032,AC06312770,E00416,HDFC0001234,40467.0,credit,2026-08-01 09:20:00,D00809
NB00035033,AC06312770,E00416,UTIB0000789,31830.0,credit,2026-09-01 09:01:00,D00809
NB00035042,AC06326809,P00037,SBIN0004321,1559.12,debit,2026-08-24 19:38:32,D00811
NB00035051,AC06326809,P00030,HDFC0001234,2505.45,debit,2026-08-05 19:27:24,D00811
NB00035058,AC06326809,P00315,SBIN0004321,2484.06,debit,2026-07-06 15:16:12,D00810
NB00035062,AC06326809,P00030,ICIC0005678,1947.89,debit,2026-08-22 20:10:49,D00810
NB00035064,AC06326809,P00291,ICIC0005678,678.34,debit,2026-09-11 16:11:22,D00810
NB00035073,AC06326809,E00441,ICIC0005678,36870.0,credit,2026-07-03 09:30:00,D00810
NB00035074,AC06326809,E00441,HDFC0001234,36131.0,credit,2026-07-31 09:36:00,D00810
NB00035075,AC06326809,E00441,SBIN0004321,36947.0,credit,2026-08-31 09:29:00,D00810
NB00035080,AC06334364,P00362,SBIN0004321,6117.26,debit,2026-08-20 15:04:51,D00812
NB00035082,AC06334364,P00172,SBIN0004321,5604.73,debit,2026-08-19 12:06:26,D00812
NB00035084,AC06334364,P00098,SBIN0004321,1762.85,debit,2026-08-27 16:53:46,D00812
NB00035107,AC06334364,P00003,ICIC0005678,1059.96,debit,2026-08-12 16:42:29,D00812
NB00035117,AC06334364,P00098,SBIN0004321,1454.43,debit,2026-09-13 18:18:41,D00812
NB00035126,AC06334364,E00436,HDFC0001234,50895.0,credit,2026-07-03 09:06:00,D00812
NB00035127,AC06334364,E00436,SBIN0004321,50055.0,credit,2026-08-02 09:00:00,D00812
NB00035128,AC06334364,E00436,UTIB0000789,48847.0,credit,2026-08-31 09:58:00,D00812
NB00035135,AC06347900,P00226,HDFC0001234,3704.31,debit,2026-07-03 15:56:19,D00813
NB00035136,AC06347900,P00054,HDFC0001234,2809.07,debit,2026-08-11 06:59:22,D00813
NB00035144,AC06347900,P00017,UTIB0000789,512.16,debit,2026-09-02 18:20:32,D00813
NB00035145,AC06347900,P00282,ICIC0005678,576.03,debit,2026-07-30 13:48:39,D00813
NB00035160,AC06347900,P00226,UTIB0000789,3376.97,debit,2026-08-08 00:40:20,D00813
NB00035177,AC06347900,E00408,SBIN0004321,42655.0,credit,2026-07-02 09:45:00,D00813
NB00035178,AC06347900,E00408,SBIN0004321,43596.0,credit,2026-07-31 09:03:00,D00813
NB00035179,AC06347900,E00408,ICIC0005678,42105.0,credit,2026-08-31 09:47:00,D00813
NB00035190,AC06356452,P00273,HDFC0001234,2772.25,debit,2026-09-11 09:42:35,D00814
NB00035193,AC06356452,P00113,ICIC0005678,7091.98,debit,2026-07-06 17:47:26,D00814
NB00035195,AC06356452,P00023,UTIB0000789,9281.63,debit,2026-07-02 10:02:39,D00814
NB00035196,AC06356452,P00254,SBIN0004321,7830.1,debit,2026-08-31 13:50:33,D00814
NB00035205,AC06356452,P00023,HDFC0001234,16104.05,debit,2026-07-10 23:12:04,D00814
NB00035233,AC06356452,E00402,HDFC0001234,69185.0,credit,2026-07-03 09:49:00,D00814
NB00035234,AC06356452,E00402,HDFC0001234,69271.0,credit,2026-07-31 09:23:00,D00814
NB00035235,AC06356452,E00402,SBIN0004321,70077.0,credit,2026-08-30 09:41:00,D00814
NB00035243,AC06366268,P00005,ICIC0005678,272.46,debit,2026-09-04 13:00:10,D00815
NB00035244,AC06366268,P00387,ICIC0005678,4014.95,debit,2026-08-26 10:24:47,D00815
NB00035257,AC06366268,P00243,HDFC0001234,2792.96,debit,2026-08-21 20:51:22,D00816
NB00035264,AC06366268,P00180,SBIN0004321,4345.32,debit,2026-09-01 16:19:39,D00815
NB00035267,AC06366268,P00304,UTIB0000789,1252.5,debit,2026-09-06 19:42:01,D00816
NB00035283,AC06366268,P00039,SBIN0004321,3923.58,debit,2026-08-31 20:08:51,D00815
NB00035284,AC06366268,P00078,SBIN0004321,1128.57,debit,2026-08-08 15:24:07,D00815
NB00035286,AC06366268,E00425,UTIB0000789,38985.0,credit,2026-07-01 09:18:00,D00815
NB00035287,AC06366268,E00425,ICIC0005678,39838.0,credit,2026-07-31 09:02:00,D00815
NB00035288,AC06366268,E00425,HDFC0001234,28157.0,credit,2026-08-30 09:22:00,D00816
NB00035292,AC06378036,P00320,UTIB0000789,1611.84,debit,2026-08-30 05:50:18,D00817
NB00035299,AC06378036,P00151,ICIC0005678,3178.52,debit,2026-07-17 13:19:11,D00817
NB00035307,AC06378036,P00034,HDFC0001234,176.53,debit,2026-08-28 13:51:25,D00817
NB00035314,AC06378036,P00144,ICIC0005678,679.13,debit,2026-07-18 13:24:12,D00817
NB00035323,AC06378036,P00034,ICIC0005678,290.82,debit,2026-09-08 18:40:26,D00817
NB00035324,AC06378036,P00303,UTIB0000789,1491.75,debit,2026-08-12 12:23:23,D00817
NB00035325,AC06378036,P00144,SBIN0004321,712.94,debit,2026-07-07 13:05:54,D00817
NB00035327,AC06378036,P00189,SBIN0004321,417.59,debit,2026-07-10 19:02:44,D00817
NB00035336,AC06378036,P00151,UTIB0000789,11979.31,debit,2026-08-26 06:39:41,D00817
NB00035340,AC06378036,E00405,UTIB0000789,33939.0,credit,2026-07-02 09:44:00,D00817
NB00035341,AC06378036,E00405,HDFC0001234,35863.0,credit,2026-08-02 09:34:00,D00817
NB00035342,AC06378036,E00405,UTIB0000789,35385.0,credit,2026-08-31 09:30:00,D00817
NB00035356,AC06389592,P00234,ICIC0005678,9724.98,debit,2026-08-12 06:12:21,D00818
NB00035369,AC06389592,P00232,ICIC0005678,10560.16,debit,2026-08-18 10:37:44,D00818
NB00035373,AC06389592,P00234,UTIB0000789,9737.69,debit,2026-08-20 10:49:08,D00818
NB00035383,AC06389592,P00130,UTIB0000789,917.47,debit,2026-09-13 07:55:35,D00818
NB00035387,AC06389592,P00396,ICIC0005678,3488.19,debit,2026-09-06 17:36:11,D00818
NB00035394,AC06389592,P00397,HDFC0001234,4030.41,debit,2026-08-22 18:41:31,D00818
NB00035395,AC06389592,P00107,UTIB0000789,6378.95,debit,2026-09-07 19:15:49,D00818
NB00035404,AC06389592,P00396,SBIN0004321,3547.98,debit,2026-09-09 09:25:55,D00818
NB00035405,AC06389592,E00403,ICIC0005678,67556.0,credit,2026-07-01 09:01:00,D00818
NB00035406,AC06389592,E00403,ICIC0005678,66561.0,credit,2026-08-02 09:09:00,D00818
NB00035407,AC06389592,E00403,ICIC0005678,66370.0,credit,2026-08-31 09:55:00,D00818
NB00035409,AC06394280,P00130,ICIC0005678,1642.74,debit,2026-09-08 14:37:43,D00819
NB00035427,AC06394280,P00367,UTIB0000789,1211.29,debit,2026-07-23 16:12:44,D00820
NB00035438,AC06394280,P00168,SBIN0004321,4950.38,debit,2026-07-14 08:26:55,D00819
NB00035447,AC06394280,P00098,ICIC0005678,2075.13,debit,2026-08-06 22:41:52,D00819
NB00035463,AC06394280,P00336,SBIN0004321,2229.81,debit,2026-08-25 22:55:17,D00819
NB00035464,AC06394280,E00426,UTIB0000789,50658.0,credit,2026-07-02 09:24:00,D00819
NB00035465,AC06394280,E00426,HDFC0001234,45895.0,credit,2026-07-31 09:01:00,D00819
NB00035466,AC06394280,E00426,ICIC0005678,39956.0,credit,2026-09-01 09:45:00,D00819
NB00035473,AC06405759,P00076,UTIB0000789,2898.59,debit,2026-07-20 09:56:37,D00821
NB00035491,AC06405759,P00390,SBIN0004321,4465.22,debit,2026-07-25 20:22:37,D00821
NB00035494,AC06405759,P00187,SBIN0004321,6160.5,debit,2026-08-05 07:32:29,D00821
NB00035497,AC06405759,P00261,HDFC0001234,3578.6,debit,2026-09-06 15:56:25,D00822
NB00035508,AC06405759,P00187,HDFC0001234,13206.51,debit,2026-09-10 20:02:05,D00821
NB00035513,AC06405759,P00273,ICIC0005678,2315.84,debit,2026-09-08 12:53:36,D00821
NB00035525,AC06405759,P00261,SBIN0004321,3391.9,debit,2026-08-20 22:38:36,D00821
NB00035530,AC06405759,P00094,UTIB0000789,10298.46,debit,2026-08-29 16:22:51,D00821
NB00035536,AC06405759,P00094,ICIC0005678,13442.6,debit,2026-07-11 12:06:24,D00822
NB00035546,AC06405759,P00273,SBIN0004321,2503.85,debit,2026-08-15 11:54:45,D00822
NB00035559,AC06405759,E00423,SBIN0004321,53921.0,credit,2026-07-01 09:07:00,D00822
NB00035560,AC06405759,E00423,UTIB0000789,54527.0,credit,2026-08-01 09:11:00,D00821
NB00035561,AC06405759,E00423,SBIN0004321,55862.0,credit,2026-08-30 09:53:00,D00821
NB00035586,AC06416633,P00117,UTIB0000789,990.64,debit,2026-07-03 14:25:20,D00823
NB00035587,AC06416633,P00227,SBIN0004321,548.8,debit,2026-07-02 17:35:08,D00823
NB00035597,AC06416633,E00412,UTIB0000789,26802.0,credit,2026-07-03 09:54:00,D00823
NB00035598,AC06416633,E00412,HDFC0001234,24540.0,credit,2026-08-02 09:31:00,D00823
NB00035599,AC06416633,E00412,ICIC0005678,21215.0,credit,2026-08-30 09:30:00,D00823
NB00035607,AC06428406,P00227,ICIC0005678,237.06,debit,2026-08-25 18:25:22,D00824
NB00035624,AC06428406,P00310,SBIN0004321,236.1,debit,2026-08-25 21:20:55,D00824
NB00035627,AC06428406,P00275,HDFC0001234,374.93,debit,2026-09-11 07:58:05,D00824
NB00035650,AC06428406,P00225,UTIB0000789,796.37,debit,2026-09-13 22:24:47,D00824
NB00035654,AC06428406,E00416,SBIN0004321,22664.0,credit,2026-07-01 09:07:00,D00824
NB00035655,AC06428406,E00416,HDFC0001234,22834.0,credit,2026-08-01 09:14:00,D00824
NB00035656,AC06428406,E00416,ICIC0005678,22656.0,credit,2026-08-30 09:39:00,D00824
NB00035657,AC06435338,P00400,HDFC0001234,2626.45,debit,2026-08-08 13:45:12,D00825
NB00035659,AC06435338,P00342,ICIC0005678,3456.58,debit,2026-08-14 07:31:03,D00825
NB00035665,AC06435338,P00346,ICIC0005678,1444.81,debit,2026-09-02 05:30:16,D00825
NB00035682,AC06435338,E00437,SBIN0004321,28329.0,credit,2026-07-03 09:52:00,D00825
NB00035683,AC06435338,E00437,HDFC0001234,29150.0,credit,2026-08-01 09:26:00,D00825
NB00035684,AC06435338,E00437,ICIC0005678,28918.0,credit,2026-08-31 09:10:00,D00825
NB00035699,AC06444370,P00041,ICIC0005678,6515.97,debit,2026-07-06 13:45:22,D00826
NB00035723,AC06444370,E00403,HDFC0001234,27911.0,credit,2026-07-02 09:19:00,D00826
NB00035724,AC06444370,E00403,ICIC0005678,27891.0,credit,2026-08-02 09:40:00,D00826
NB00035725,AC06444370,E00403,ICIC0005678,28057.0,credit,2026-09-01 09:07:00,D00826
NB00035731,AC06458617,P00039,HDFC0001234,6731.99,debit,2026-07-13 21:23:39,D00827
NB00035745,AC06458617,P00163,SBIN0004321,2277.3,debit,2026-07-21 16:39:04,D00827
NB00035757,AC06458617,P00001,ICIC0005678,3715.63,debit,2026-07-26 14:52:00,D00827
NB00035759,AC06458617,P00355,UTIB0000789,1138.67,debit,2026-07-04 14:31:36,D00827
NB00035766,AC06458617,P00339,HDFC0001234,1032.98,debit,2026-07-17 16:49:22,D00827
NB00035773,AC06458617,E00418,SBIN0004321,56037.0,credit,2026-07-02 09:18:00,D00827
NB00035774,AC06458617,E00418,UTIB0000789,54922.0,credit,2026-07-31 09:59:00,D00827
NB00035775,AC06458617,E00418,UTIB0000789,56934.0,credit,2026-08-31 09:31:00,D00827
NB00035798,AC06469577,P00080,ICIC0005678,838.52,debit,2026-09-07 10:19:43,D00828
NB00035814,AC06469577,E00404,UTIB0000789,62541.0,credit,2026-07-01 09:27:00,D00828
NB00035815,AC06469577,E00404,UTIB0000789,59763.0,credit,2026-08-01 09:50:00,D00828
NB00035816,AC06469577,E00404,ICIC0005678,62374.0,credit,2026-08-30 09:32:00,D00828
NB00035821,AC06476120,P00336,SBIN0004321,830.32,debit,2026-09-12 18:07:19,D00829
NB00035830,AC06476120,P00180,HDFC0001234,1680.07,debit,2026-08-23 22:40:33,D00829
NB00035842,AC06476120,P00313,UTIB0000789,1039.59,debit,2026-09-06 13:06:08,D00829
NB00035857,AC06476120,P00258,SBIN0004321,678.45,debit,2026-07-25 22:17:07,D00829
NB00035860,AC06476120,P00037,HDFC0001234,1556.84,debit,2026-08-23 16:09:11,D00829
NB00035872,AC06476120,P00319,UTIB0000789,2449.59,debit,2026-08-15 12:21:47,D00829
NB00035873,AC06476120,P00362,SBIN0004321,1232.37,debit,2026-07-13 21:23:09,D00829
NB00035891,AC06476120,E00419,HDFC0001234,36127.0,credit,2026-07-02 09:00:00,D00830
NB00035892,AC06476120,E00419,UTIB0000789,34605.0,credit,2026-08-02 09:38:00,D00829
NB00035893,AC06476120,E00419,UTIB0000789,35161.0,credit,2026-09-01 09:40:00,D00829
NB00035895,AC06481931,P00180,UTIB0000789,2393.08,debit,2026-09-09 15:24:32,D00831
NB00035904,AC06481931,P00148,ICIC0005678,6463.91,debit,2026-09-01 20:02:01,D00831
NB00035911,AC06481931,P00400,HDFC0001234,8090.45,debit,2026-07-05 01:39:54,D00831
NB00035917,AC06481931,P00032,UTIB0000789,965.33,debit,2026-07-30 21:53:30,D00831
NB00035919,AC06481931,P00128,UTIB0000789,3211.35,debit,2026-09-11 09:07:31,D00831
NB00035938,AC06481931,P00032,SBIN0004321,467.79,debit,2026-09-01 11:12:22,D00831
NB00035944,AC06481931,P00180,SBIN0004321,3149.66,debit,2026-08-10 19:10:44,D00831
NB00035959,AC06481931,E00418,ICIC0005678,77488.0,credit,2026-07-02 09:01:00,D00831
NB00035960,AC06481931,E00418,SBIN0004321,79635.0,credit,2026-08-02 09:04:00,D00831
NB00035961,AC06481931,E00418,UTIB0000789,79006.0,credit,2026-08-30 09:40:00,D00831
NB00035964,AC06493608,P00307,HDFC0001234,3424.93,debit,2026-08-02 16:28:41,D00832
NB00035970,AC06493608,P00110,HDFC0001234,2066.59,debit,2026-07-18 06:59:08,D00832
NB00035979,AC06493608,P00120,ICIC0005678,4269.09,debit,2026-08-21 19:41:44,D00832
NB00035980,AC06493608,P00289,SBIN0004321,2050.38,debit,2026-07-08 20:13:50,D00832
NB00035985,AC06493608,P00211,SBIN0004321,4029.22,debit,2026-07-25 08:40:49,D00833
NB00035994,AC06493608,P00211,SBIN0004321,1326.25,debit,2026-08-17 08:12:16,D00832
NB00035995,AC06493608,P00290,UTIB0000789,1118.62,debit,2026-08-18 13:56:17,D00833
NB00036004,AC06493608,P00060,SBIN0004321,2447.78,debit,2026-07-12 09:43:22,D00832
NB00036011,AC06493608,P00388,ICIC0005678,2568.49,debit,2026-07-13 19:07:34,D00832
NB00036034,AC06493608,E00434,SBIN0004321,74308.0,credit,2026-07-03 09:46:00,D00833
NB00036035,AC06493608,E00434,UTIB0000789,75686.0,credit,2026-08-02 09:24:00,D00832
NB00036036,AC06493608,E00434,ICIC0005678,77901.0,credit,2026-09-01 09:24:00,D00833
NB00036046,AC06505166,P00292,HDFC0001234,3105.16,debit,2026-08-12 09:27:10,D00834
NB00036052,AC06505166,P00224,SBIN0004321,568.69,debit,2026-07-21 20:26:02,D00834
NB00036070,AC06505166,P00355,HDFC0001234,1391.11,debit,2026-09-04 16:01:41,D00834
NB00036072,AC06505166,P00355,SBIN0004321,569.33,debit,2026-07-13 05:57:36,D00834
NB00036073,AC06505166,P00292,ICIC0005678,752.12,debit,2026-08-12 20:45:43,D00834
NB00036084,AC06505166,P00143,SBIN0004321,1653.82,debit,2026-07-18 20:37:38,D00834
NB00036092,AC06505166,P00212,UTIB0000789,690.75,debit,2026-09-12 16:39:21,D00834
NB00036094,AC06505166,E00430,ICIC0005678,42498.0,credit,2026-07-03 09:42:00,D00834
NB00036095,AC06505166,E00430,SBIN0004321,42893.0,credit,2026-08-02 09:56:00,D00834
NB00036096,AC06505166,E00430,UTIB0000789,43230.0,credit,2026-08-30 09:53:00,D00835
NB00036101,AC06517331,P00187,HDFC0001234,4061.22,debit,2026-07-23 10:01:26,D00836
NB00036103,AC06517331,P00363,UTIB0000789,3502.9,debit,2026-07-18 14:44:47,D00836
NB00036112,AC06517331,P00135,ICIC0005678,1084.56,debit,2026-07-14 15:10:11,D00836
NB00036113,AC06517331,P00261,UTIB0000789,1211.95,debit,2026-09-04 19:01:43,D00836
NB00036115,AC06517331,P00059,ICIC0005678,1864.33,debit,2026-09-07 23:24:23,D00836
NB00036118,AC06517331,P00041,UTIB0000789,2321.13,debit,2026-08-14 22:45:04,D00836
NB00036122,AC06517331,P00336,HDFC0001234,557.4,debit,2026-07-06 09:21:11,D00836
NB00036131,AC06517331,P00363,UTIB0000789,1049.15,debit,2026-07-06 11:47:16,D00836
NB00036137,AC06517331,E00425,ICIC0005678,24969.0,credit,2026-07-01 09:12:00,D00836
NB00036138,AC06517331,E00425,UTIB0000789,25866.0,credit,2026-08-02 09:32:00,D00836
NB00036139,AC06517331,E00425,HDFC0001234,25021.0,credit,2026-08-31 09:07:00,D00836
NB00036155,AC06527027,P00242,HDFC0001234,4145.01,debit,2026-08-25 20:56:28,D00837
NB00036158,AC06527027,P00337,SBIN0004321,6355.73,debit,2026-08-28 18:07:04,D00837
NB00036168,AC06527027,E00427,ICIC0005678,81760.0,credit,2026-07-01 09:01:00,D00837
NB00036169,AC06527027,E00427,HDFC0001234,82842.0,credit,2026-08-01 09:03:00,D00837
NB00036170,AC06527027,E00427,HDFC0001234,84318.0,credit,2026-09-01 09:37:00,D00837
NB00036172,AC06538379,P00253,HDFC0001234,854.67,debit,2026-07-26 10:11:02,D00838
NB00036179,AC06538379,P00363,SBIN0004321,1356.44,debit,2026-07-26 21:28:37,D00838
NB00036183,AC06538379,P00084,ICIC0005678,339.5,debit,2026-09-11 12:21:59,D00838
NB00036184,AC06538379,P00310,SBIN0004321,887.94,debit,2026-07-23 18:29:09,D00838
NB00036207,AC06538379,P00363,ICIC0005678,1223.17,debit,2026-07-17 10:00:17,D00838
NB00036220,AC06538379,P00310,ICIC0005678,1178.02,debit,2026-07-09 12:21:38,D00838
NB00036230,AC06538379,E00415,SBIN0004321,36458.0,credit,2026-07-01 09:09:00,D00838
NB00036231,AC06538379,E00415,UTIB0000789,37067.0,credit,2026-07-31 09:24:00,D00838
NB00036232,AC06538379,E00415,SBIN0004321,37211.0,credit,2026-08-30 09:33:00,D00838
NB00036243,AC06541269,P00155,ICIC0005678,736.93,debit,2026-08-27 10:54:52,D00839
NB00036249,AC06541269,P00373,HDFC0001234,3609.27,debit,2026-07-04 16:10:53,D00839
NB00036255,AC06541269,P00324,UTIB0000789,6983.13,debit,2026-07-11 21:47:40,D00839
NB00036257,AC06541269,P00228,SBIN0004321,2097.79,debit,2026-07-20 08:22:52,D00839
NB00036276,AC06541269,P00265,HDFC0001234,1286.06,debit,2026-07-22 12:21:05,D00839
NB00036283,AC06541269,P00298,HDFC0001234,1153.83,debit,2026-08-18 08:39:45,D00839
NB00036286,AC06541269,E00436,SBIN0004321,39766.0,credit,2026-07-02 09:03:00,D00839
NB00036287,AC06541269,E00436,SBIN0004321,40158.0,credit,2026-07-31 09:39:00,D00839
NB00036288,AC06541269,E00436,ICIC0005678,40712.0,credit,2026-08-31 09:41:00,D00839
NB00036296,AC06555188,P00222,SBIN0004321,486.88,debit,2026-07-24 10:30:39,D00840
NB00036299,AC06555188,P00292,ICIC0005678,2189.91,debit,2026-07-31 09:44:31,D00840
NB00036318,AC06555188,P00023,HDFC0001234,2140.54,debit,2026-07-14 14:43:17,D00840
NB00036340,AC06555188,P00346,SBIN0004321,4005.74,debit,2026-07-14 16:53:27,D00840
NB00036341,AC06555188,E00404,UTIB0000789,32438.0,credit,2026-07-02 09:48:00,D00840
NB00036342,AC06555188,E00404,HDFC0001234,31841.0,credit,2026-08-02 09:47:00,D00840
NB00036343,AC06555188,E00404,UTIB0000789,32173.0,credit,2026-09-01 09:19:00,D00840
NB00036358,AC06567308,P00382,UTIB0000789,203.89,debit,2026-09-01 15:23:13,D00842
NB00036362,AC06567308,P00263,UTIB0000789,2563.44,debit,2026-08-29 21:12:30,D00842
NB00036389,AC06567308,E00436,SBIN0004321,24296.0,credit,2026-07-02 09:47:00,D00842
NB00036390,AC06567308,E00436,UTIB0000789,24666.0,credit,2026-08-01 09:07:00,D00842
NB00036391,AC06567308,E00436,ICIC0005678,24590.0,credit,2026-09-01 09:39:00,D00842
NB00036393,AC06579883,P00085,UTIB0000789,818.02,debit,2026-09-06 12:40:24,D00843
NB00036420,AC06579883,P00335,UTIB0000789,1845.93,debit,2026-08-02 09:23:22,D00843
NB00036435,AC06579883,P00131,UTIB0000789,1705.07,debit,2026-07-21 03:52:57,D00843
NB00036447,AC06579883,E00435,ICIC0005678,18098.0,credit,2026-07-02 09:41:00,D00843
NB00036448,AC06579883,E00435,ICIC0005678,18331.0,credit,2026-08-02 09:13:00,D00843
NB00036449,AC06579883,E00435,UTIB0000789,18087.0,credit,2026-08-30 09:35:00,D00843
NB00036473,AC06582281,P00371,UTIB0000789,2216.52,debit,2026-07-10 09:30:48,D00844
NB00036475,AC06582281,P00371,SBIN0004321,4840.11,debit,2026-08-30 08:21:29,D00844
NB00036480,AC06582281,P00179,HDFC0001234,734.03,debit,2026-08-06 06:15:41,D00844
NB00036488,AC06582281,P00179,UTIB0000789,3506.38,debit,2026-07-25 13:44:33,D00844
NB00036490,AC06582281,P00184,SBIN0004321,2239.78,debit,2026-07-14 17:09:46,D00844
NB00036507,AC06582281,E00430,HDFC0001234,52457.0,credit,2026-07-02 09:33:00,D00844
NB00036508,AC06582281,E00430,UTIB0000789,52468.0,credit,2026-07-31 09:46:00,D00844
NB00036509,AC06582281,E00430,UTIB0000789,53953.0,credit,2026-09-01 09:52:00,D00844
NB00036532,AC06598910,P00303,ICIC0005678,1744.53,debit,2026-07-05 12:01:56,D00845
NB00036545,AC06598910,P00312,HDFC0001234,697.24,debit,2026-09-02 20:30:34,D00846
NB00036546,AC06598910,P00394,HDFC0001234,679.51,debit,2026-08-08 16:36:33,D00845
NB00036548,AC06598910,E00423,ICIC0005678,25570.0,credit,2026-07-03 09:44:00,D00845
NB00036549,AC06598910,E00423,HDFC0001234,25646.0,credit,2026-08-01 09:46:00,D00845
NB00036550,AC06598910,E00423,HDFC0001234,25450.0,credit,2026-08-30 09:22:00,D00845
NB00036558,AC06601069,P00315,SBIN0004321,5974.28,debit,2026-08-17 11:24:43,D00847
NB00036559,AC06601069,P00228,ICIC0005678,13728.77,debit,2026-08-21 06:38:27,D00847
NB00036571,AC06601069,P00084,ICIC0005678,8584.04,debit,2026-09-01 19:18:08,D00847
NB00036574,AC06601069,P00263,SBIN0004321,6251.23,debit,2026-09-07 20:48:08,D00847
NB00036592,AC06601069,P00084,HDFC0001234,10835.48,debit,2026-09-04 12:21:01,D00847
NB00036597,AC06601069,P00317,UTIB0000789,14594.79,debit,2026-08-22 12:14:58,D00847
NB00036602,AC06601069,P00221,UTIB0000789,7394.48,debit,2026-07-21 10:39:55,D00847
NB00036603,AC06601069,P00315,SBIN0004321,29276.09,debit,2026-08-02 12:55:17,D00847
NB00036610,AC06601069,P00383,UTIB0000789,6350.7,debit,2026-07-20 10:31:32,D00847
NB00036635,AC06601069,E00411,ICIC0005678,174199.0,credit,2026-07-02 09:08:00,D00847
NB00036636,AC06601069,E00411,ICIC0005678,177150.0,credit,2026-08-01 09:43:00,D00847
NB00036637,AC06601069,E00411,SBIN0004321,141957.0,credit,2026-09-01 09:36:00,D00847
NB00036639,AC06612772,P00108,SBIN0004321,1476.53,debit,2026-08-20 18:26:02,D00848
NB00036642,AC06612772,P00184,SBIN0004321,180.44,debit,2026-08-12 10:32:30,D00848
NB00036653,AC06612772,P00184,UTIB0000789,451.67,debit,2026-08-16 10:20:28,D00848
NB00036655,AC06612772,P00169,UTIB0000789,959.75,debit,2026-08-22 20:23:38,D00848
NB00036658,AC06612772,P00169,SBIN0004321,812.53,debit,2026-08-06 13:25:20,D00848
NB00036662,AC06612772,P00045,ICIC0005678,309.62,debit,2026-08-31 10:56:09,D00848
NB00036665,AC06612772,P00108,UTIB0000789,1443.89,debit,2026-08-19 12:05:42,D00848
NB00036667,AC06612772,P00010,SBIN0004321,276.51,debit,2026-08-09 15:51:35,D00848
NB00036672,AC06612772,P00377,UTIB0000789,1049.79,debit,2026-07-19 06:30:51,D00848
NB00036678,AC06612772,P00277,UTIB0000789,1623.49,debit,2026-07-28 13:56:59,D00848
NB00036682,AC06612772,P00387,SBIN0004321,1609.16,debit,2026-08-07 16:52:18,D00848
NB00036690,AC06612772,E00441,HDFC0001234,22198.0,credit,2026-07-02 09:30:00,D00848
NB00036691,AC06612772,E00441,UTIB0000789,22002.0,credit,2026-07-31 09:20:00,D00848
NB00036692,AC06612772,E00441,SBIN0004321,21936.0,credit,2026-08-31 09:05:00,D00848
NB00036693,AC06628622,P00168,SBIN0004321,333.29,debit,2026-07-28 10:01:53,D00850
NB00036702,AC06628622,P00026,SBIN0004321,1587.78,debit,2026-08-16 18:25:40,D00850
NB00036727,AC06628622,P00366,HDFC0001234,630.83,debit,2026-08-12 19:56:36,D00849
NB00036729,AC06628622,E00421,ICIC0005678,20021.0,credit,2026-07-01 09:38:00,D00849
NB00036730,AC06628622,E00421,UTIB0000789,20130.0,credit,2026-08-01 09:35:00,D00850
NB00036731,AC06628622,E00421,ICIC0005678,19906.0,credit,2026-09-01 09:54:00,D00849
NB00036744,AC06638080,P00314,HDFC0001234,1367.02,debit,2026-07-01 11:45:46,D00851
NB00036746,AC06638080,P00031,UTIB0000789,4082.33,debit,2026-09-04 18:49:53,D00851
NB00036758,AC06638080,P00073,UTIB0000789,1493.45,debit,2026-08-19 08:55:14,D00851
NB00036759,AC06638080,P00322,UTIB0000789,1796.67,debit,2026-08-11 11:52:22,D00851
NB00036775,AC06638080,E00429,ICIC0005678,49998.0,credit,2026-07-01 09:32:00,D00851
NB00036776,AC06638080,E00429,HDFC0001234,50350.0,credit,2026-08-02 09:23:00,D00851
NB00036777,AC06638080,E00429,SBIN0004321,47577.0,credit,2026-08-31 09:20:00,D00851
NB00036779,AC06649753,P00019,ICIC0005678,4691.45,debit,2026-09-06 16:31:29,D00852
NB00036784,AC06649753,P00089,SBIN0004321,10666.83,debit,2026-07-21 09:13:13,D00852
NB00036787,AC06649753,P00089,UTIB0000789,39776.1,debit,2026-07-03 14:57:39,D00852
NB00036792,AC06649753,P00222,ICIC0005678,1879.56,debit,2026-08-19 20:12:27,D00852
NB00036810,AC06649753,E00415,ICIC0005678,81954.0,credit,2026-07-01 09:38:00,D00852
NB00036811,AC06649753,E00415,UTIB0000789,81934.0,credit,2026-08-02 09:55:00,D00852
NB00036812,AC06649753,E00415,ICIC0005678,81856.0,credit,2026-08-31 09:22:00,D00853
NB00036819,AC06656407,P00079,UTIB0000789,1501.61,debit,2026-08-23 08:35:20,D00854
NB00036822,AC06656407,P00062,HDFC0001234,767.3,debit,2026-07-23 11:06:45,D00854
NB00036824,AC06656407,E00407,ICIC0005678,38851.0,credit,2026-07-03 09:14:00,D00854
NB00036825,AC06656407,E00407,SBIN0004321,39801.0,credit,2026-08-01 09:00:00,D00854
NB00036826,AC06656407,E00407,HDFC0001234,39441.0,credit,2026-08-31 09:23:00,D00854
NB00036828,AC06666543,P00188,SBIN0004321,942.99,debit,2026-07-18 11:38:03,D00855
NB00036832,AC06666543,P00400,UTIB0000789,4565.14,debit,2026-08-26 05:19:27,D00855
NB00036862,AC06666543,E00428,UTIB0000789,51385.0,credit,2026-07-03 09:42:00,D00855
NB00036863,AC06666543,E00428,SBIN0004321,50040.0,credit,2026-08-01 09:03:00,D00855
NB00036864,AC06666543,E00428,ICIC0005678,49550.0,credit,2026-08-31 09:07:00,D00855
NB00036866,AC06675812,P00342,ICIC0005678,4554.83,debit,2026-08-02 10:56:18,D00857
NB00036875,AC06675812,P00017,SBIN0004321,1058.91,debit,2026-09-09 23:25:50,D00857
NB00036882,AC06675812,P00022,UTIB0000789,858.81,debit,2026-07-13 14:57:31,D00857
NB00036886,AC06675812,P00151,ICIC0005678,638.65,debit,2026-09-07 20:25:26,D00857
NB00036889,AC06675812,P00044,SBIN0004321,567.35,debit,2026-09-10 16:25:09,D00857
NB00036925,AC06675812,P00342,ICIC0005678,1595.36,debit,2026-08-17 14:16:00,D00857
NB00036931,AC06675812,E00439,UTIB0000789,15199.0,credit,2026-07-02 09:15:00,D00857
NB00036932,AC06675812,E00439,HDFC0001234,14882.0,credit,2026-08-02 09:15:00,D00857
NB00036933,AC06675812,E00439,HDFC0001234,15339.0,credit,2026-08-31 09:25:00,D00857
NB00036943,AC06685604,P00071,ICIC0005678,597.64,debit,2026-08-22 08:44:54,D00858
NB00036949,AC06685604,P00222,ICIC0005678,536.14,debit,2026-09-06 12:18:06,D00858
NB00036957,AC06685604,P00182,UTIB0000789,2455.14,debit,2026-08-22 13:39:41,D00858
NB00036958,AC06685604,P00222,SBIN0004321,743.37,debit,2026-07-31 20:54:42,D00858
NB00036964,AC06685604,E00425,HDFC0001234,26236.0,credit,2026-07-03 09:04:00,D00858
NB00036965,AC06685604,E00425,HDFC0001234,26910.0,credit,2026-08-02 09:35:00,D00858
NB00036966,AC06685604,E00425,HDFC0001234,26850.0,credit,2026-08-30 09:27:00,D00858
NB00036976,AC06695624,P00040,HDFC0001234,999.86,debit,2026-08-16 22:58:54,D00859
NB00036987,AC06695624,P00196,UTIB0000789,137.04,debit,2026-08-05 19:21:46,D00859
NB00037024,AC06695624,E00413,HDFC0001234,22287.0,credit,2026-07-02 09:15:00,D00859
NB00037025,AC06695624,E00413,SBIN0004321,19505.0,credit,2026-08-01 09:08:00,D00859
NB00037026,AC06695624,E00413,ICIC0005678,16739.0,credit,2026-08-30 09:18:00,D00859
NB00037044,AC06703632,P00249,UTIB0000789,159.17,debit,2026-07-07 06:25:48,D00860
NB00037048,AC06703632,P00096,SBIN0004321,235.37,debit,2026-07-11 16:34:39,D00860
NB00037049,AC06703632,P00298,HDFC0001234,623.94,debit,2026-07-12 12:09:19,D00860
NB00037052,AC06703632,P00272,HDFC0001234,282.92,debit,2026-08-20 01:43:10,D00860
NB00037062,AC06703632,E00432,UTIB0000789,14866.0,credit,2026-07-01 09:40:00,D00860
NB00037063,AC06703632,E00432,UTIB0000789,14662.0,credit,2026-08-02 09:31:00,D00860
NB00037064,AC06703632,E00432,SBIN0004321,15165.0,credit,2026-08-30 09:54:00,D00860
NB00037080,AC06718679,P00271,UTIB0000789,995.07,debit,2026-08-06 10:12:02,D00861
NB00037088,AC06718679,P00200,ICIC0005678,881.33,debit,2026-09-10 09:15:40,D00861
NB00037089,AC06718679,P00226,UTIB0000789,1903.52,debit,2026-07-10 16:06:21,D00861
NB00037096,AC06718679,P00172,SBIN0004321,1623.3,debit,2026-07-25 23:16:55,D00861
NB00037108,AC06718679,P00271,UTIB0000789,2632.02,debit,2026-07-06 11:10:59,D00861
NB00037116,AC06718679,E00416,HDFC0001234,41138.0,credit,2026-07-01 09:07:00,D00861
NB00037117,AC06718679,E00416,ICIC0005678,40111.0,credit,2026-08-02 09:33:00,D00861
NB00037118,AC06718679,E00416,SBIN0004321,40217.0,credit,2026-09-01 09:10:00,D00861
NB00037129,AC06724209,P00360,UTIB0000789,354.47,debit,2026-07-05 16:21:59,D00862
NB00037134,AC06724209,P00103,HDFC0001234,1819.69,debit,2026-09-07 16:45:34,D00862
NB00037135,AC06724209,P00098,SBIN0004321,1107.82,debit,2026-09-09 14:49:11,D00862
NB00037157,AC06724209,P00347,UTIB0000789,669.44,debit,2026-08-19 07:50:10,D00862
NB00037171,AC06724209,E00426,ICIC0005678,12338.0,credit,2026-07-01 09:26:00,D00862
NB00037172,AC06724209,E00426,HDFC0001234,12468.0,credit,2026-08-01 09:36:00,D00862
NB00037173,AC06724209,E00426,SBIN0004321,12219.0,credit,2026-09-01 09:12:00,D00862
NB00037183,AC06736497,P00025,ICIC0005678,1503.95,debit,2026-07-05 10:55:19,D00864
NB00037190,AC06736497,P00188,SBIN0004321,90.22,debit,2026-07-22 08:18:17,D00864
NB00037204,AC06736497,E00436,HDFC0001234,19368.0,credit,2026-07-01 09:07:00,D00863
NB00037205,AC06736497,E00436,SBIN0004321,18963.0,credit,2026-08-01 09:35:00,D00864
NB00037206,AC06736497,E00436,UTIB0000789,19483.0,credit,2026-09-01 09:58:00,D00863
NB00037214,AC06747022,P00398,HDFC0001234,2378.28,debit,2026-07-07 12:33:52,D00865
NB00037215,AC06747022,P00079,UTIB0000789,1253.6,debit,2026-07-25 14:10:50,D00866
NB00037231,AC06747022,P00028,UTIB0000789,2970.61,debit,2026-07-11 08:12:30,D00865
NB00037236,AC06747022,P00068,UTIB0000789,1918.96,debit,2026-08-23 16:53:00,D00866
NB00037268,AC06747022,P00077,SBIN0004321,2036.68,debit,2026-08-06 08:04:00,D00865
NB00037277,AC06747022,P00068,HDFC0001234,1076.19,debit,2026-08-09 20:27:45,D00865
NB00037285,AC06747022,P00079,UTIB0000789,1371.61,debit,2026-08-16 14:43:58,D00865
NB00037286,AC06747022,E00408,ICIC0005678,28934.0,credit,2026-07-03 09:33:00,D00866
NB00037287,AC06747022,E00408,UTIB0000789,25845.0,credit,2026-08-01 09:03:00,D00865
NB00037288,AC06747022,E00408,UTIB0000789,22860.0,credit,2026-09-01 09:47:00,D00866
NB00037305,AC06755838,P00390,UTIB0000789,861.78,debit,2026-07-06 13:08:54,D00867
NB00037314,AC06755838,P00041,HDFC0001234,3425.07,debit,2026-08-11 08:49:00,D00867
NB00037316,AC06755838,P00058,SBIN0004321,202.05,debit,2026-07-19 08:29:35,D00867
NB00037318,AC06755838,P00394,UTIB0000789,262.31,debit,2026-09-10 10:40:44,D00867
NB00037336,AC06755838,P00390,ICIC0005678,682.17,debit,2026-07-30 09:22:40,D00867
NB00037346,AC06755838,E00413,ICIC0005678,24723.0,credit,2026-07-03 09:38:00,D00867
NB00037347,AC06755838,E00413,SBIN0004321,25110.0,credit,2026-07-31 09:55:00,D00867
NB00037348,AC06755838,E00413,HDFC0001234,25435.0,credit,2026-08-30 09:26:00,D00867
NB00037355,AC06766502,P00379,HDFC0001234,390.69,debit,2026-08-18 17:02:05,D00868
NB00037368,AC06766502,P00321,UTIB0000789,365.02,debit,2026-09-07 07:30:05,D00868
NB00037373,AC06766502,P00321,HDFC0001234,924.35,debit,2026-07-01 17:35:54,D00868
NB00037376,AC06766502,P00385,HDFC0001234,2127.52,debit,2026-09-06 19:36:52,D00868
NB00037389,AC06766502,P00200,SBIN0004321,1287.4,debit,2026-09-04 10:34:20,D00868
NB00037396,AC06766502,E00408,SBIN0004321,46513.0,credit,2026-07-01 09:32:00,D00868
NB00037397,AC06766502,E00408,HDFC0001234,46979.0,credit,2026-07-31 09:03:00,D00868
NB00037398,AC06766502,E00408,ICIC0005678,47178.0,credit,2026-09-01 09:32:00,D00868
NB00037418,AC06771439,P00205,UTIB0000789,5328.45,debit,2026-07-31 21:26:59,D00869
NB00037419,AC06771439,P00288,SBIN0004321,217.23,debit,2026-08-18 13:57:03,D00869
NB00037426,AC06771439,P00304,UTIB0000789,2971.72,debit,2026-08-19 11:26:31,D00869
NB00037432,AC06771439,P00378,ICIC0005678,2109.29,debit,2026-08-18 19:52:42,D00869
NB00037434,AC06771439,P00205,ICIC0005678,3728.0,debit,2026-07-14 13:03:34,D00869
NB00037439,AC06771439,P00378,SBIN0004321,1676.48,debit,2026-07-02 19:29:06,D00869
NB00037446,AC06771439,E00408,ICIC0005678,44740.0,credit,2026-07-01 09:55:00,D00869
NB00037447,AC06771439,E00408,ICIC0005678,43826.0,credit,2026-07-31 09:20:00,D00869
NB00037448,AC06771439,E00408,UTIB0000789,44071.0,credit,2026-09-01 09:53:00,D00869
NB00037459,AC06783843,P00319,HDFC0001234,4945.72,debit,2026-09-03 13:21:31,D00871
NB00037466,AC06783843,P00089,ICIC0005678,4653.8,debit,2026-07-06 17:53:33,D00870
NB00037467,AC06783843,P00094,SBIN0004321,1687.83,debit,2026-08-01 16:37:36,D00870
NB00037472,AC06783843,P00269,UTIB0000789,7193.55,debit,2026-07-16 13:47:20,D00870
NB00037474,AC06783843,P00232,HDFC0001234,17316.31,debit,2026-09-10 18:09:01,D00870
NB00037478,AC06783843,P00270,UTIB0000789,15784.26,debit,2026-07-26 08:08:09,D00870
NB00037502,AC06783843,E00433,ICIC0005678,61121.0,credit,2026-07-03 09:07:00,D00870
NB00037503,AC06783843,E00433,HDFC0001234,59680.0,credit,2026-08-02 09:43:00,D00871
NB00037504,AC06783843,E00433,UTIB0000789,59561.0,credit,2026-08-31 09:41:00,D00870
NB00037515,AC06795034,P00289,SBIN0004321,2471.52,debit,2026-08-19 23:04:01,D00872
NB00037520,AC06795034,P00186,UTIB0000789,1820.22,debit,2026-07-14 13:41:29,D00872
NB00037523,AC06795034,P00186,ICIC0005678,4591.29,debit,2026-07-29 17:08:39,D00872
NB00037538,AC06795034,P00186,SBIN0004321,10007.71,debit,2026-07-27 14:14:44,D00872
NB00037543,AC06795034,P00126,ICIC0005678,4691.17,debit,2026-09-11 09:24:41,D00872
NB00037547,AC06795034,P00160,ICIC0005678,8885.05,debit,2026-09-11 18:03:04,D00872
NB00037548,AC06795034,E00415,ICIC0005678,54685.0,credit,2026-07-01 09:09:00,D00872
NB00037549,AC06795034,E00415,SBIN0004321,55324.0,credit,2026-07-31 09:21:00,D00872
NB00037550,AC06795034,E00415,HDFC0001234,55995.0,credit,2026-09-01 09:27:00,D00872
NB00037554,AC06804547,P00041,ICIC0005678,11208.19,debit,2026-08-21 21:36:41,D00873
NB00037569,AC06804547,P00124,ICIC0005678,450.78,debit,2026-07-24 13:01:35,D00873
NB00037591,AC06804547,P00342,ICIC0005678,11127.88,debit,2026-07-08 18:53:11,D00873
NB00037592,AC06804547,P00109,UTIB0000789,6718.15,debit,2026-07-14 10:32:25,D00873
NB00037607,AC06804547,P00327,HDFC0001234,2559.64,debit,2026-08-17 08:27:16,D00873
NB00037615,AC06804547,E00402,HDFC0001234,67215.0,credit,2026-07-02 09:47:00,D00873
NB00037616,AC06804547,E00402,HDFC0001234,66676.0,credit,2026-08-02 09:39:00,D00873
NB00037617,AC06804547,E00402,ICIC0005678,66910.0,credit,2026-09-01 09:06:00,D00873
NB00037626,AC06819171,P00081,UTIB0000789,2097.51,debit,2026-08-12 15:21:15,D00874
NB00037628,AC06819171,P00030,UTIB0000789,2984.55,debit,2026-09-13 15:16:04,D00874
NB00037637,AC06819171,P00023,UTIB0000789,3797.57,debit,2026-08-13 18:14:55,D00874
NB00037642,AC06819171,P00221,ICIC0005678,1136.15,debit,2026-08-16 23:05:00,D00875
NB00037646,AC06819171,P00219,SBIN0004321,208.24,debit,2026-08-09 10:58:46,D00874
NB00037651,AC06819171,P00356,ICIC0005678,636.99,debit,2026-07-12 23:33:22,D00874
NB00037689,AC06819171,E00405,ICIC0005678,38679.0,credit,2026-07-02 09:59:00,D00875
NB00037690,AC06819171,E00405,SBIN0004321,38381.0,credit,2026-08-01 09:14:00,D00874
NB00037691,AC06819171,E00405,UTIB0000789,38304.0,credit,2026-08-31 09:57:00,D00874
NB00037692,AC06829073,P00021,HDFC0001234,2459.98,debit,2026-07-07 14:25:47,D00876
NB00037714,AC06829073,P00285,UTIB0000789,3398.85,debit,2026-09-07 21:20:56,D00876
NB00037715,AC06829073,P00391,HDFC0001234,1229.65,debit,2026-07-25 16:49:12,D00876
NB00037725,AC06829073,P00105,UTIB0000789,1222.45,debit,2026-07-01 16:38:01,D00876
NB00037727,AC06829073,P00021,ICIC0005678,4205.27,debit,2026-07-22 13:10:36,D00876
NB00037741,AC06829073,P00084,SBIN0004321,730.78,debit,2026-09-09 15:40:02,D00876
NB00037745,AC06829073,E00414,UTIB0000789,44492.0,credit,2026-07-01 09:22:00,D00876
NB00037746,AC06829073,E00414,ICIC0005678,43416.0,credit,2026-07-31 09:05:00,D00876
NB00037747,AC06829073,E00414,ICIC0005678,44381.0,credit,2026-09-01 09:02:00,D00876
NB00037750,AC06837404,P00189,ICIC0005678,1937.59,debit,2026-09-02 18:51:28,D00877
NB00037756,AC06837404,P00309,SBIN0004321,1477.96,debit,2026-08-24 17:59:06,D00877
NB00037762,AC06837404,P00265,ICIC0005678,582.66,debit,2026-07-22 12:33:25,D00877
NB00037781,AC06837404,P00352,ICIC0005678,688.73,debit,2026-07-21 10:34:25,D00877
NB00037792,AC06837404,P00265,HDFC0001234,1071.12,debit,2026-08-16 01:59:11,D00878
NB00037800,AC06837404,E00413,SBIN0004321,49887.0,credit,2026-07-03 09:18:00,D00877
NB00037801,AC06837404,E00413,SBIN0004321,48908.0,credit,2026-08-02 09:10:00,D00877
NB00037802,AC06837404,E00413,SBIN0004321,49820.0,credit,2026-08-30 09:48:00,D00877
NB00037809,AC06844170,P00340,HDFC0001234,2996.61,debit,2026-07-22 21:43:36,D00880
NB00037814,AC06844170,P00132,ICIC0005678,5296.67,debit,2026-07-03 20:15:55,D00879
NB00037834,AC06844170,P00395,ICIC0005678,3874.44,debit,2026-08-17 08:03:46,D00879
NB00037850,AC06844170,E00413,ICIC0005678,41134.0,credit,2026-07-03 09:51:00,D00880
NB00037851,AC06844170,E00413,ICIC0005678,41307.0,credit,2026-08-02 09:13:00,D00879
NB00037852,AC06844170,E00413,UTIB0000789,40831.0,credit,2026-09-01 09:46:00,D00879
NB00037867,AC06851458,P00230,UTIB0000789,2203.51,debit,2026-07-05 17:45:09,D00881
NB00037869,AC06851458,P00270,UTIB0000789,10142.78,debit,2026-07-27 18:17:03,D00881
NB00037870,AC06851458,P00258,HDFC0001234,482.6,debit,2026-08-31 21:23:02,D00881
NB00037881,AC06851458,P00230,SBIN0004321,758.21,debit,2026-07-09 07:08:05,D00881
NB00037883,AC06851458,P00258,UTIB0000789,815.34,debit,2026-07-01 14:27:18,D00881
NB00037888,AC06851458,P00002,ICIC0005678,1936.33,debit,2026-09-03 19:59:05,D00881
NB00037889,AC06851458,P00230,UTIB0000789,764.14,debit,2026-07-24 16:26:05,D00881
NB00037891,AC06851458,P00230,UTIB0000789,415.35,debit,2026-09-01 19:23:38,D00881
NB00037893,AC06851458,P00089,HDFC0001234,3256.86,debit,2026-07-27 16:14:07,D00881
NB00037897,AC06851458,P00086,ICIC0005678,2987.88,debit,2026-07-24 12:35:49,D00881
NB00037909,AC06851458,P00089,ICIC0005678,15374.85,debit,2026-09-13 08:27:25,D00881
NB00037911,AC06851458,P00140,ICIC0005678,1094.4,debit,2026-07-07 15:24:58,D00881
NB00037914,AC06851458,E00435,UTIB0000789,30515.0,credit,2026-07-01 09:39:00,D00881
NB00037915,AC06851458,E00435,HDFC0001234,27845.0,credit,2026-08-01 09:53:00,D00881
NB00037916,AC06851458,E00435,UTIB0000789,24723.0,credit,2026-09-01 09:11:00,D00881
NB00037937,AC06867795,E00432,SBIN0004321,32343.0,credit,2026-07-03 09:41:00,D00882
NB00037938,AC06867795,E00432,HDFC0001234,32729.0,credit,2026-07-31 09:55:00,D00882
NB00037939,AC06867795,E00432,SBIN0004321,32124.0,credit,2026-08-30 09:05:00,D00882
NB00037948,AC06878955,P00027,SBIN0004321,2087.57,debit,2026-07-22 19:37:58,D00885
NB00037951,AC06878955,P00130,HDFC0001234,1010.28,debit,2026-07-16 19:32:10,D00884
NB00037955,AC06878955,P00146,ICIC0005678,617.88,debit,2026-09-07 18:14:57,D00884
NB00037975,AC06878955,P00287,SBIN0004321,1297.39,debit,2026-08-19 12:46:37,D00884
NB00037976,AC06878955,P00058,ICIC0005678,375.41,debit,2026-08-15 16:03:08,D00884
NB00037988,AC06878955,P00376,SBIN0004321,168.65,debit,2026-08-07 15:00:24,D00884
NB00037992,AC06878955,P00058,HDFC0001234,247.73,debit,2026-08-02 13:28:56,D00884
NB00038001,AC06878955,P00376,UTIB0000789,353.41,debit,2026-09-09 22:00:52,D00884
NB00038013,AC06878955,P00021,UTIB0000789,1993.68,debit,2026-09-03 16:08:45,D00884
NB00038035,AC06878955,E00433,UTIB0000789,24580.0,credit,2026-07-01 09:34:00,D00884
NB00038036,AC06878955,E00433,UTIB0000789,25097.0,credit,2026-07-31 09:43:00,D00885
NB00038037,AC06878955,E00433,SBIN0004321,21473.0,credit,2026-08-31 09:30:00,D00884
NB00038051,AC06885406,P00296,SBIN0004321,1512.5,debit,2026-08-01 21:24:25,D00886
NB00038052,AC06885406,P00089,ICIC0005678,5055.79,debit,2026-07-20 18:13:17,D00886
NB00038056,AC06885406,P00089,HDFC0001234,4295.14,debit,2026-07-27 19:14:57,D00886
NB00038074,AC06885406,P00261,ICIC0005678,1596.6,debit,2026-08-10 17:31:26,D00886
NB00038077,AC06885406,P00235,UTIB0000789,4246.67,debit,2026-07-09 16:30:51,D00886
NB00038082,AC06885406,E00403,UTIB0000789,47435.0,credit,2026-07-03 09:29:00,D00886
NB00038083,AC06885406,E00403,SBIN0004321,45916.0,credit,2026-08-01 09:11:00,D00886
NB00038084,AC06885406,E00403,UTIB0000789,47727.0,credit,2026-08-31 09:01:00,D00886
NB00038112,AC06898439,P00261,HDFC0001234,1436.15,debit,2026-07-22 13:15:40,D00887
NB00038119,AC06898439,P00389,ICIC0005678,774.57,debit,2026-09-09 19:25:07,D00887
NB00038120,AC06898439,P00165,HDFC0001234,204.06,debit,2026-08-09 14:01:58,D00887
NB00038122,AC06898439,P00319,SBIN0004321,436.63,debit,2026-07-27 17:37:46,D00887
NB00038124,AC06898439,P00241,UTIB0000789,921.11,debit,2026-08-03 20:57:14,D00887
NB00038140,AC06898439,P00349,ICIC0005678,301.33,debit,2026-08-13 12:32:54,D00887
NB00038141,AC06898439,P00371,HDFC0001234,353.97,debit,2026-07-17 18:50:15,D00887
NB00038150,AC06898439,P00368,ICIC0005678,457.62,debit,2026-08-21 11:35:03,D00887
NB00038161,AC06898439,E00436,ICIC0005678,35769.0,credit,2026-07-01 09:09:00,D00887
NB00038162,AC06898439,E00436,ICIC0005678,36234.0,credit,2026-07-31 09:44:00,D00887
NB00038163,AC06898439,E00436,HDFC0001234,35990.0,credit,2026-08-31 09:58:00,D00887
NB00038200,AC06909375,P00163,SBIN0004321,418.36,debit,2026-07-07 20:08:28,D00888
NB00038210,AC06909375,E00428,HDFC0001234,27471.0,credit,2026-07-02 09:15:00,D00888
NB00038211,AC06909375,E00428,HDFC0001234,27339.0,credit,2026-07-31 09:57:00,D00888
NB00038212,AC06909375,E00428,HDFC0001234,27578.0,credit,2026-08-30 09:26:00,D00888
NB00038220,AC06915919,P00233,SBIN0004321,1381.67,debit,2026-08-03 19:15:29,D00889
NB00038227,AC06915919,P00295,HDFC0001234,2909.38,debit,2026-09-04 18:15:44,D00890
NB00038243,AC06915919,P00374,UTIB0000789,5295.58,debit,2026-08-04 19:19:11,D00889
NB00038258,AC06915919,P00262,HDFC0001234,365.42,debit,2026-07-08 09:28:21,D00889
NB00038263,AC06915919,P00245,UTIB0000789,2447.89,debit,2026-07-05 20:32:25,D00889
NB00038266,AC06915919,P00197,HDFC0001234,3635.05,debit,2026-09-09 19:30:48,D00890
NB00038269,AC06915919,P00138,UTIB0000789,1018.47,debit,2026-08-23 13:20:19,D00889
NB00038287,AC06915919,P00083,UTIB0000789,2103.95,debit,2026-08-09 17:19:59,D00890
NB00038289,AC06915919,E00404,HDFC0001234,28055.0,credit,2026-07-02 09:46:00,D00890
NB00038290,AC06915919,E00404,ICIC0005678,27463.0,credit,2026-08-01 09:58:00,D00890
NB00038291,AC06915919,E00404,ICIC0005678,27064.0,credit,2026-08-31 09:01:00,D00889
NB00038302,AC06922885,P00234,UTIB0000789,2546.64,debit,2026-08-08 19:51:40,D00892
NB00038306,AC06922885,P00018,SBIN0004321,240.75,debit,2026-08-25 09:42:26,D00891
NB00038315,AC06922885,P00018,ICIC0005678,990.18,debit,2026-08-21 16:11:33,D00891
NB00038346,AC06922885,P00072,SBIN0004321,188.69,debit,2026-08-25 17:08:58,D00891
NB00038348,AC06922885,E00423,HDFC0001234,20843.0,credit,2026-07-03 09:24:00,D00892
NB00038349,AC06922885,E00423,HDFC0001234,21304.0,credit,2026-08-02 09:21:00,D00891
NB00038350,AC06922885,E00423,ICIC0005678,20904.0,credit,2026-09-01 09:47:00,D00891
NB00038380,AC06931201,E00405,SBIN0004321,62879.0,credit,2026-07-03 09:09:00,D00893
NB00038381,AC06931201,E00405,UTIB0000789,60518.0,credit,2026-08-01 09:14:00,D00893
NB00038382,AC06931201,E00405,HDFC0001234,62360.0,credit,2026-09-01 09:57:00,D00893
NB00038409,AC06947811,P00094,ICIC0005678,1151.76,debit,2026-09-12 21:14:31,D00894
NB00038412,AC06947811,P00353,SBIN0004321,4818.33,debit,2026-08-13 18:40:36,D00894
NB00038428,AC06947811,E00416,ICIC0005678,39341.0,credit,2026-07-03 09:13:00,D00894
NB00038429,AC06947811,E00416,SBIN0004321,39097.0,credit,2026-08-01 09:30:00,D00894
NB00038430,AC06947811,E00416,HDFC0001234,39487.0,credit,2026-08-31 09:57:00,D00894
NB00038431,AC06956061,P00189,UTIB0000789,1388.57,debit,2026-08-24 08:31:41,D00895
NB00038446,AC06956061,P00145,ICIC0005678,1286.41,debit,2026-08-23 14:49:00,D00895
NB00038450,AC06956061,P00396,ICIC0005678,971.79,debit,2026-07-07 14:28:42,D00895
NB00038451,AC06956061,P00120,ICIC0005678,787.15,debit,2026-09-01 17:31:11,D00895
NB00038466,AC06956061,E00441,UTIB0000789,24740.0,credit,2026-07-02 09:31:00,D00895
NB00038467,AC06956061,E00441,HDFC0001234,24469.0,credit,2026-07-31 09:10:00,D00895
NB00038468,AC06956061,E00441,HDFC0001234,24770.0,credit,2026-08-30 09:02:00,D00895
NB00038482,AC06962383,P00343,HDFC0001234,7075.72,debit,2026-09-11 16:31:05,D00896
NB00038503,AC06962383,P00343,SBIN0004321,4498.95,debit,2026-07-02 10:57:20,D00896
NB00038511,AC06962383,E00426,HDFC0001234,57500.0,credit,2026-07-02 09:43:00,D00896
NB00038512,AC06962383,E00426,HDFC0001234,46306.0,credit,2026-08-02 09:33:00,D00896
NB00038513,AC06962383,E00426,ICIC0005678,35596.0,credit,2026-08-31 09:57:00,D00896
NB00038529,AC06971491,P00249,HDFC0001234,443.75,debit,2026-08-01 15:09:47,D00897
NB00038539,AC06971491,P00175,UTIB0000789,1382.04,debit,2026-08-28 20:31:44,D00897
NB00038558,AC06971491,P00266,ICIC0005678,3770.46,debit,2026-09-06 15:48:14,D00897
NB00038560,AC06971491,P00291,ICIC0005678,758.7,debit,2026-08-08 09:31:44,D00898
NB00038564,AC06971491,E00439,SBIN0004321,29122.0,credit,2026-07-01 09:52:00,D00898
NB00038565,AC06971491,E00439,SBIN0004321,28939.0,credit,2026-07-31 09:41:00,D00897
NB00038566,AC06971491,E00439,HDFC0001234,28697.0,credit,2026-08-31 09:20:00,D00898
NB00038571,AC06989724,P00290,UTIB0000789,334.37,debit,2026-07-22 12:26:35,D00899
NB00038572,AC06989724,P00383,ICIC0005678,325.66,debit,2026-07-02 07:18:10,D00899
NB00038593,AC06989724,P00031,HDFC0001234,2398.84,debit,2026-07-13 23:51:54,D00899
NB00038614,AC06989724,P00031,HDFC0001234,1134.25,debit,2026-09-12 08:24:00,D00899
NB00038620,AC06989724,P00031,HDFC0001234,2828.03,debit,2026-08-06 10:43:56,D00899
NB00038624,AC06989724,E00410,SBIN0004321,18211.0,credit,2026-07-03 09:54:00,D00899
NB00038625,AC06989724,E00410,UTIB0000789,18945.0,credit,2026-07-31 09:53:00,D00899
NB00038626,AC06989724,E00410,SBIN0004321,18543.0,credit,2026-09-01 09:58:00,D00899
NB00038639,AC06993883,P00172,SBIN0004321,4846.45,debit,2026-07-10 18:56:19,D00901
NB00038647,AC06993883,P00315,ICIC0005678,1821.53,debit,2026-07-10 19:43:10,D00901
NB00038652,AC06993883,P00145,HDFC0001234,3223.93,debit,2026-07-27 11:42:06,D00901
NB00038662,AC06993883,P00268,UTIB0000789,3255.91,debit,2026-07-29 01:00:54,D00901
NB00038672,AC06993883,P00397,ICIC0005678,3535.83,debit,2026-07-30 09:17:22,D00901
NB00038684,AC06993883,P00360,SBIN0004321,874.36,debit,2026-07-10 10:24:35,D00901
NB00038688,AC06993883,P00294,HDFC0001234,8113.56,debit,2026-09-03 10:03:26,D00901
NB00038693,AC06993883,P00250,UTIB0000789,720.05,debit,2026-08-19 10:22:18,D00901
NB00038694,AC06993883,E00412,ICIC0005678,63218.0,credit,2026-07-03 09:50:00,D00901
NB00038695,AC06993883,E00412,ICIC0005678,63652.0,credit,2026-08-02 09:38:00,D00901
NB00038696,AC06993883,E00412,ICIC0005678,64566.0,credit,2026-08-30 09:52:00,D00901
NB00038700,AC07003943,P00241,ICIC0005678,1452.62,debit,2026-07-27 09:29:15,D00902
NB00038701,AC07003943,P00061,ICIC0005678,1043.12,debit,2026-08-22 22:38:44,D00902
NB00038713,AC07003943,P00206,ICIC0005678,3261.07,debit,2026-07-09 17:20:30,D00902
NB00038717,AC07003943,P00241,HDFC0001234,4364.41,debit,2026-08-28 06:22:05,D00902
NB00038732,AC07003943,P00144,SBIN0004321,455.61,debit,2026-07-06 06:41:31,D00902
NB00038735,AC07003943,P00357,HDFC0001234,978.73,debit,2026-07-06 11:47:18,D00903
NB00038741,AC07003943,P00021,SBIN0004321,2008.61,debit,2026-07-31 09:50:59,D00902
NB00038750,AC07003943,E00416,HDFC0001234,29904.0,credit,2026-07-01 09:21:00,D00902
NB00038751,AC07003943,E00416,UTIB0000789,28698.0,credit,2026-08-02 09:03:00,D00902
NB00038752,AC07003943,E00416,SBIN0004321,28526.0,credit,2026-09-01 09:23:00,D00903
NB00038755,AC07016659,P00202,UTIB0000789,1725.11,debit,2026-08-13 15:22:21,D00904
NB00038769,AC07016659,P00175,UTIB0000789,4110.16,debit,2026-08-09 15:43:29,D00905
NB00038778,AC07016659,P00201,ICIC0005678,2002.99,debit,2026-08-22 02:51:58,D00904
NB00038790,AC07016659,P00344,SBIN0004321,941.64,debit,2026-07-07 13:27:48,D00904
NB00038791,AC07016659,P00109,ICIC0005678,711.2,debit,2026-08-11 15:37:22,D00905
NB00038795,AC07016659,E00408,ICIC0005678,31151.0,credit,2026-07-02 09:56:00,D00905
NB00038796,AC07016659,E00408,UTIB0000789,31113.0,credit,2026-08-01 09:53:00,D00904
NB00038797,AC07016659,E00408,HDFC0001234,30441.0,credit,2026-08-30 09:08:00,D00904
NB00038799,AC07024279,P00115,ICIC0005678,1087.53,debit,2026-08-18 19:03:28,D00906
NB00038819,AC07024279,P00248,UTIB0000789,3156.15,debit,2026-09-07 19:31:19,D00906
NB00038820,AC07024279,P00043,UTIB0000789,1943.45,debit,2026-09-09 17:45:38,D00906
NB00038839,AC07024279,P00012,SBIN0004321,1403.84,debit,2026-07-21 10:17:06,D00906
NB00038842,AC07024279,E00423,SBIN0004321,39148.0,credit,2026-07-02 09:02:00,D00906
NB00038843,AC07024279,E00423,HDFC0001234,31893.0,credit,2026-07-31 09:30:00,D00906
NB00038844,AC07024279,E00423,SBIN0004321,25794.0,credit,2026-08-31 09:14:00,D00906
NB00038848,AC07039215,P00258,HDFC0001234,245.54,debit,2026-08-17 16:19:36,D00907
NB00038869,AC07039215,P00377,SBIN0004321,3326.96,debit,2026-08-08 07:56:19,D00907
NB00038871,AC07039215,P00305,UTIB0000789,525.02,debit,2026-07-28 16:17:10,D00907
NB00038875,AC07039215,E00425,SBIN0004321,66650.0,credit,2026-07-02 09:23:00,D00907
NB00038876,AC07039215,E00425,ICIC0005678,67086.0,credit,2026-07-31 09:11:00,D00907
NB00038877,AC07039215,E00425,HDFC0001234,68001.0,credit,2026-09-01 09:04:00,D00907
NB00038893,AC07047127,P00336,UTIB0000789,645.54,debit,2026-07-25 07:02:59,D00908
NB00038912,AC07047127,P00336,UTIB0000789,448.98,debit,2026-07-28 12:44:02,D00908
NB00038927,AC07047127,P00205,UTIB0000789,2523.75,debit,2026-08-18 10:01:01,D00908
NB00038928,AC07047127,E00432,ICIC0005678,38432.0,credit,2026-07-02 09:06:00,D00908
NB00038929,AC07047127,E00432,UTIB0000789,39694.0,credit,2026-08-01 09:03:00,D00908
NB00038930,AC07047127,E00432,SBIN0004321,29206.0,credit,2026-08-30 09:13:00,D00908
NB00038936,AC07054219,P00082,HDFC0001234,1590.02,debit,2026-08-06 05:15:56,D00909
NB00038940,AC07054219,P00064,SBIN0004321,1005.36,debit,2026-08-17 20:03:25,D00909
NB00038941,AC07054219,P00326,SBIN0004321,320.31,debit,2026-07-07 19:32:28,D00910
NB00038944,AC07054219,P00353,UTIB0000789,1892.98,debit,2026-08-09 12:28:37,D00910
NB00038960,AC07054219,P00121,ICIC0005678,332.13,debit,2026-08-22 21:52:17,D00909
NB00038962,AC07054219,P00345,SBIN0004321,1108.52,debit,2026-07-19 18:59:16,D00909
NB00038964,AC07054219,P00131,SBIN0004321,931.54,debit,2026-08-30 14:44:25,D00909
NB00038966,AC07054219,P00064,UTIB0000789,334.61,debit,2026-07-09 08:36:26,D00910
NB00038976,AC07054219,P00082,SBIN0004321,627.87,debit,2026-07-23 06:59:50,D00910
NB00038981,AC07054219,E00426,UTIB0000789,20695.0,credit,2026-07-01 09:47:00,D00909
NB00038982,AC07054219,E00426,SBIN0004321,21113.0,credit,2026-08-02 09:51:00,D00909
NB00038983,AC07054219,E00426,UTIB0000789,21210.0,credit,2026-09-01 09:35:00,D00909
NB00038989,AC07063399,P00229,UTIB0000789,2031.52,debit,2026-07-24 10:04:14,D00911
NB00038999,AC07063399,P00287,SBIN0004321,4725.75,debit,2026-09-02 08:34:08,D00911
NB00039000,AC07063399,P00226,ICIC0005678,3902.06,debit,2026-08-14 16:22:39,D00911
NB00039004,AC07063399,P00287,SBIN0004321,3548.15,debit,2026-07-20 21:33:58,D00911
NB00039005,AC07063399,P00352,HDFC0001234,603.98,debit,2026-09-01 11:03:26,D00911
NB00039035,AC07063399,E00407,ICIC0005678,51254.0,credit,2026-07-02 09:19:00,D00911
NB00039036,AC07063399,E00407,ICIC0005678,50138.0,credit,2026-08-02 09:21:00,D00911
NB00039037,AC07063399,E00407,HDFC0001234,35222.0,credit,2026-08-30 09:19:00,D00911
NB00039062,AC07078739,P00161,UTIB0000789,681.13,debit,2026-08-31 13:35:11,D00912
NB00039090,AC07078739,P00313,HDFC0001234,1580.56,debit,2026-09-03 18:10:57,D00912
NB00039104,AC07078739,P00136,ICIC0005678,1858.24,debit,2026-08-08 18:16:54,D00912
NB00039114,AC07078739,P00161,HDFC0001234,248.97,debit,2026-08-09 13:44:09,D00912
NB00039119,AC07078739,P00207,HDFC0001234,5402.79,debit,2026-07-17 21:11:02,D00912
NB00039130,AC07078739,P00337,ICIC0005678,19939.51,debit,2026-07-05 11:24:44,D00913
NB00039132,AC07078739,P00136,UTIB0000789,348.39,debit,2026-08-09 20:01:12,D00912
NB00039140,AC07078739,P00056,SBIN0004321,536.66,debit,2026-07-09 18:13:59,D00913
NB00039146,AC07078739,E00410,ICIC0005678,29843.0,credit,2026-07-02 09:38:00,D00912
NB00039147,AC07078739,E00410,UTIB0000789,29545.0,credit,2026-08-01 09:50:00,D00913
NB00039148,AC07078739,E00410,UTIB0000789,30419.0,credit,2026-09-01 09:38:00,D00912
NB00039164,AC07086325,P00090,ICIC0005678,840.4,debit,2026-08-23 12:49:09,D00914
NB00039168,AC07086325,P00278,SBIN0004321,5022.13,debit,2026-08-15 23:17:10,D00914
NB00039180,AC07086325,P00090,ICIC0005678,2016.6,debit,2026-08-23 12:22:18,D00914
NB00039190,AC07086325,P00321,UTIB0000789,6306.1,debit,2026-07-03 21:15:22,D00914
NB00039195,AC07086325,E00438,SBIN0004321,95370.0,credit,2026-07-01 09:17:00,D00914
NB00039196,AC07086325,E00438,UTIB0000789,85197.0,credit,2026-08-02 09:09:00,D00914
NB00039197,AC07086325,E00438,UTIB0000789,70288.0,credit,2026-09-01 09:30:00,D00914
NB00039231,AC07099264,P00361,UTIB0000789,766.68,debit,2026-07-28 23:30:27,D00916
NB00039233,AC07099264,P00274,UTIB0000789,1912.39,debit,2026-09-09 20:22:42,D00916
NB00039239,AC07099264,E00408,SBIN0004321,37815.0,credit,2026-07-03 09:40:00,D00916
NB00039240,AC07099264,E00408,UTIB0000789,37955.0,credit,2026-08-01 09:36:00,D00915
NB00039241,AC07099264,E00408,ICIC0005678,38794.0,credit,2026-08-30 09:21:00,D00915
NB00039244,AC07104105,P00260,UTIB0000789,811.88,debit,2026-07-26 07:46:56,D00917
NB00039258,AC07104105,P00065,SBIN0004321,513.83,debit,2026-07-16 21:03:26,D00917
NB00039259,AC07104105,P00148,SBIN0004321,469.02,debit,2026-09-13 20:19:25,D00917
NB00039262,AC07104105,E00441,SBIN0004321,12033.0,credit,2026-07-02 09:58:00,D00917
NB00039263,AC07104105,E00441,HDFC0001234,12483.0,credit,2026-08-02 09:43:00,D00917
NB00039264,AC07104105,E00441,SBIN0004321,12603.0,credit,2026-08-31 09:28:00,D00917
NB00039266,AC07111189,P00352,HDFC0001234,672.63,debit,2026-08-03 10:09:10,D00918
NB00039282,AC07111189,P00267,SBIN0004321,1803.72,debit,2026-08-07 17:37:54,D00918
NB00039289,AC07111189,P00176,SBIN0004321,843.43,debit,2026-07-22 14:34:38,D00918
NB00039296,AC07111189,E00402,HDFC0001234,45340.0,credit,2026-07-02 09:10:00,D00918
NB00039297,AC07111189,E00402,UTIB0000789,45841.0,credit,2026-08-02 09:59:00,D00918
NB00039298,AC07111189,E00402,ICIC0005678,45470.0,credit,2026-08-31 09:16:00,D00918
NB00039304,AC07129091,P00110,UTIB0000789,1106.35,debit,2026-07-12 09:17:05,D00920
NB00039316,AC07129091,P00302,HDFC0001234,3609.31,debit,2026-08-18 15:37:21,D00919
NB00039331,AC07129091,E00402,SBIN0004321,99318.0,credit,2026-07-02 09:16:00,D00920
NB00039332,AC07129091,E00402,HDFC0001234,99280.0,credit,2026-08-02 09:01:00,D00919
NB00039333,AC07129091,E00402,UTIB0000789,101573.0,credit,2026-08-30 09:12:00,D00919
NB00039357,AC07133154,P00260,ICIC0005678,5485.84,debit,2026-08-13 21:16:48,D00921
NB00039359,AC07133154,P00124,ICIC0005678,2546.47,debit,2026-09-11 10:52:00,D00921
NB00039367,AC07133154,P00383,ICIC0005678,1218.88,debit,2026-07-24 21:16:12,D00921
NB00039370,AC07133154,P00170,UTIB0000789,2945.81,debit,2026-07-21 14:16:05,D00921
NB00039371,AC07133154,P00382,SBIN0004321,621.73,debit,2026-08-13 17:08:26,D00921
NB00039372,AC07133154,P00383,SBIN0004321,1453.06,debit,2026-09-10 14:56:06,D00921
NB00039386,AC07133154,E00419,ICIC0005678,82803.0,credit,2026-07-02 09:05:00,D00921
NB00039387,AC07133154,E00419,ICIC0005678,81688.0,credit,2026-08-02 09:57:00,D00921
NB00039388,AC07133154,E00419,ICIC0005678,83753.0,credit,2026-09-01 09:41:00,D00921
NB00039396,AC07148608,P00129,SBIN0004321,4409.66,debit,2026-07-27 09:23:47,D00922
NB00039408,AC07148608,P00304,SBIN0004321,963.79,debit,2026-08-16 20:18:34,D00922
NB00039412,AC07148608,P00304,SBIN0004321,4575.85,debit,2026-07-06 21:36:31,D00922
NB00039414,AC07148608,P00223,SBIN0004321,3141.67,debit,2026-08-21 11:57:58,D00922
NB00039420,AC07148608,P00093,SBIN0004321,2077.15,debit,2026-07-25 20:37:27,D00922
NB00039422,AC07148608,E00408,ICIC0005678,94170.0,credit,2026-07-01 09:32:00,D00922
NB00039423,AC07148608,E00408,SBIN0004321,93193.0,credit,2026-07-31 09:32:00,D00922
NB00039424,AC07148608,E00408,ICIC0005678,95002.0,credit,2026-08-30 09:12:00,D00922
NB00039439,AC07157388,P00359,SBIN0004321,559.68,debit,2026-08-14 20:35:20,D00923
NB00039454,AC07157388,P00205,UTIB0000789,1254.0,debit,2026-08-14 15:49:10,D00923
NB00039462,AC07157388,P00306,HDFC0001234,173.8,debit,2026-07-27 15:43:21,D00923
NB00039476,AC07157388,E00424,SBIN0004321,23062.0,credit,2026-07-01 09:20:00,D00923
NB00039477,AC07157388,E00424,HDFC0001234,22807.0,credit,2026-07-31 09:33:00,D00923
NB00039478,AC07157388,E00424,UTIB0000789,22435.0,credit,2026-09-01 09:05:00,D00923
NB00039485,AC07163085,P00157,UTIB0000789,18358.36,debit,2026-07-23 06:51:20,D00924
NB00039499,AC07163085,P00111,SBIN0004321,16326.82,debit,2026-08-26 13:57:39,D00924
NB00039508,AC07163085,P00142,SBIN0004321,9735.23,debit,2026-08-10 20:45:40,D00924
NB00039511,AC07163085,P00157,UTIB0000789,27189.23,debit,2026-09-07 18:39:37,D00924
NB00039527,AC07163085,P00209,HDFC0001234,914.82,debit,2026-08-31 03:55:36,D00925
NB00039534,AC07163085,P00142,UTIB0000789,10610.02,debit,2026-07-17 22:09:57,D00924
NB00039535,AC07163085,P00209,ICIC0005678,2380.91,debit,2026-07-27 09:27:43,D00925
NB00039536,AC07163085,P00111,HDFC0001234,10676.67,debit,2026-07-30 19:21:08,D00925
NB00039537,AC07163085,E00424,HDFC0001234,60434.0,credit,2026-07-02 09:25:00,D00924
NB00039538,AC07163085,E00424,SBIN0004321,60932.0,credit,2026-07-31 09:41:00,D00924
NB00039539,AC07163085,E00424,ICIC0005678,61992.0,credit,2026-09-01 09:28:00,D00925
NB00039541,AC07177810,P00260,UTIB0000789,2019.09,debit,2026-07-29 23:07:59,D00927
NB00039543,AC07177810,P00111,ICIC0005678,2871.04,debit,2026-09-07 11:49:11,D00926
NB00039567,AC07177810,P00118,ICIC0005678,3905.45,debit,2026-08-20 05:52:52,D00926
NB00039570,AC07177810,P00277,UTIB0000789,1020.49,debit,2026-07-28 16:21:56,D00927
NB00039574,AC07177810,P00154,UTIB0000789,1403.29,debit,2026-07-24 15:16:55,D00926
NB00039580,AC07177810,P00154,SBIN0004321,1071.19,debit,2026-09-06 20:05:51,D00926
NB00039601,AC07177810,P00103,UTIB0000789,1542.93,debit,2026-07-10 17:29:13,D00926
NB00039606,AC07177810,P00193,ICIC0005678,2050.09,debit,2026-07-04 08:54:31,D00926
NB00039608,AC07177810,E00441,UTIB0000789,27073.0,credit,2026-07-02 09:06:00,D00927
NB00039609,AC07177810,E00441,HDFC0001234,26100.0,credit,2026-08-02 09:16:00,D00926
NB00039610,AC07177810,E00441,SBIN0004321,26841.0,credit,2026-09-01 09:49:00,D00926
NB00039618,AC07181734,P00303,UTIB0000789,3044.78,debit,2026-07-24 01:28:31,D00928
NB00039648,AC07181734,P00199,HDFC0001234,835.92,debit,2026-08-05 08:36:55,D00928
NB00039655,AC07181734,P00268,ICIC0005678,826.69,debit,2026-09-04 09:37:03,D00928
NB00039660,AC07181734,P00356,ICIC0005678,882.26,debit,2026-08-30 12:25:43,D00928
NB00039663,AC07181734,P00183,HDFC0001234,705.21,debit,2026-07-06 20:49:54,D00928
NB00039664,AC07181734,P00199,ICIC0005678,1559.07,debit,2026-09-05 07:44:26,D00928
NB00039666,AC07181734,P00251,HDFC0001234,1339.36,debit,2026-07-11 16:03:02,D00928
NB00039669,AC07181734,P00268,ICIC0005678,1733.39,debit,2026-08-09 11:54:49,D00928
NB00039673,AC07181734,P00183,ICIC0005678,1310.96,debit,2026-07-09 20:45:53,D00928
NB00039675,AC07181734,P00048,ICIC0005678,1317.02,debit,2026-07-14 09:12:01,D00928
NB00039676,AC07181734,E00417,UTIB0000789,42664.0,credit,2026-07-03 09:03:00,D00928
NB00039677,AC07181734,E00417,ICIC0005678,41766.0,credit,2026-08-02 09:25:00,D00928
NB00039678,AC07181734,E00417,SBIN0004321,42681.0,credit,2026-09-01 09:04:00,D00928
NB00039680,AC07194531,P00399,SBIN0004321,175.32,debit,2026-08-02 23:57:41,D00929
NB00039694,AC07194531,P00399,UTIB0000789,170.41,debit,2026-07-06 16:40:08,D00929
NB00039705,AC07194531,P00238,UTIB0000789,295.78,debit,2026-08-19 00:46:42,D00929
NB00039713,AC07194531,P00195,HDFC0001234,3117.02,debit,2026-07-27 07:06:53,D00929
NB00039716,AC07194531,E00417,HDFC0001234,20461.0,credit,2026-07-02 09:39:00,D00929
NB00039717,AC07194531,E00417,SBIN0004321,16833.0,credit,2026-08-01 09:52:00,D00929
NB00039718,AC07194531,E00417,HDFC0001234,14089.0,credit,2026-08-30 09:28:00,D00929
NB00039719,AC07204208,P00051,ICIC0005678,2593.28,debit,2026-07-30 09:40:51,D00930
NB00039722,AC07204208,P00241,HDFC0001234,837.33,debit,2026-09-02 00:49:21,D00930
NB00039731,AC07204208,P00030,SBIN0004321,2756.52,debit,2026-08-01 20:43:06,D00930
NB00039745,AC07204208,P00162,SBIN0004321,884.91,debit,2026-08-13 19:43:34,D00930
NB00039747,AC07204208,P00272,ICIC0005678,565.52,debit,2026-07-31 21:55:05,D00930
NB00039751,AC07204208,P00272,UTIB0000789,931.01,debit,2026-07-27 19:59:22,D00930
NB00039755,AC07204208,P00018,SBIN0004321,824.42,debit,2026-08-10 12:46:02,D00930
NB00039761,AC07204208,P00030,HDFC0001234,2125.22,debit,2026-07-28 21:46:46,D00930
NB00039768,AC07204208,P00018,ICIC0005678,358.24,debit,2026-08-06 18:01:52,D00930
NB00039770,AC07204208,P00051,UTIB0000789,2468.61,debit,2026-07-03 13:02:56,D00930
NB00039774,AC07204208,P00272,HDFC0001234,781.57,debit,2026-08-07 19:21:44,D00930
NB00039775,AC07204208,E00419,ICIC0005678,26786.0,credit,2026-07-02 09:42:00,D00930
NB00039776,AC07204208,E00419,SBIN0004321,26801.0,credit,2026-08-02 09:14:00,D00930
NB00039777,AC07204208,E00419,ICIC0005678,21695.0,credit,2026-09-01 09:07:00,D00930
NB00039787,AC07216910,P00233,SBIN0004321,1112.9,debit,2026-08-13 18:21:13,D00931
NB00039788,AC07216910,P00030,ICIC0005678,914.75,debit,2026-09-13 22:44:42,D00931
NB00039804,AC07216910,P00319,SBIN0004321,3265.67,debit,2026-07-15 18:28:17,D00931
NB00039811,AC07216910,P00387,UTIB0000789,6525.89,debit,2026-07-06 13:23:38,D00931
NB00039818,AC07216910,E00441,ICIC0005678,27168.0,credit,2026-07-03 09:23:00,D00931
NB00039819,AC07216910,E00441,UTIB0000789,26353.0,credit,2026-08-02 09:23:00,D00931
NB00039820,AC07216910,E00441,UTIB0000789,27258.0,credit,2026-08-30 09:16:00,D00931
NB00039846,AC07225810,P00174,ICIC0005678,503.61,debit,2026-07-29 10:16:28,D00932
NB00039864,AC07225810,P00011,SBIN0004321,1951.97,debit,2026-08-03 13:12:09,D00932
NB00039874,AC07225810,E00426,ICIC0005678,60572.0,credit,2026-07-03 09:03:00,D00932
NB00039875,AC07225810,E00426,UTIB0000789,59405.0,credit,2026-08-01 09:01:00,D00932
NB00039876,AC07225810,E00426,UTIB0000789,59653.0,credit,2026-08-31 09:59:00,D00932
NB00039878,AC07236508,P00044,SBIN0004321,1199.31,debit,2026-08-22 11:32:31,D00933
NB00039881,AC07236508,P00170,UTIB0000789,789.17,debit,2026-07-02 10:45:28,D00933
NB00039886,AC07236508,P00362,UTIB0000789,1741.7,debit,2026-08-12 07:54:07,D00933
NB00039896,AC07236508,P00373,ICIC0005678,1781.46,debit,2026-07-14 10:11:58,D00933
NB00039903,AC07236508,P00318,UTIB0000789,15337.21,debit,2026-07-19 19:24:32,D00933
NB00039921,AC07236508,E00407,SBIN0004321,57186.0,credit,2026-07-02 09:00:00,D00933
NB00039922,AC07236508,E00407,UTIB0000789,57073.0,credit,2026-08-02 09:05:00,D00933
NB00039923,AC07236508,E00407,UTIB0000789,55281.0,credit,2026-08-31 09:28:00,D00933
NB00039933,AC07245285,P00045,UTIB0000789,3221.78,debit,2026-07-29 06:30:01,D00934
NB00039942,AC07245285,P00045,HDFC0001234,4364.5,debit,2026-08-18 00:14:25,D00934
NB00039950,AC07245285,P00306,HDFC0001234,630.04,debit,2026-07-31 20:01:55,D00934
NB00039954,AC07245285,P00210,UTIB0000789,1070.66,debit,2026-08-12 19:12:30,D00934
NB00039960,AC07245285,P00273,ICIC0005678,690.54,debit,2026-08-26 10:45:44,D00934
NB00039963,AC07245285,P00171,ICIC0005678,3168.24,debit,2026-08-10 17:34:39,D00934
NB00039980,AC07245285,E00441,HDFC0001234,43008.0,credit,2026-07-02 09:06:00,D00934
NB00039981,AC07245285,E00441,ICIC0005678,43341.0,credit,2026-07-31 09:55:00,D00934
NB00039982,AC07245285,E00441,SBIN0004321,43037.0,credit,2026-08-31 09:20:00,D00934
NB00039994,AC07257657,P00072,ICIC0005678,575.22,debit,2026-09-12 18:51:26,D00935
NB00039998,AC07257657,P00235,HDFC0001234,1257.23,debit,2026-08-13 15:22:59,D00935
NB00040016,AC07257657,P00113,ICIC0005678,1230.94,debit,2026-08-15 18:47:09,D00935
NB00040021,AC07257657,E00402,UTIB0000789,19484.0,credit,2026-07-02 09:47:00,D00935
NB00040022,AC07257657,E00402,ICIC0005678,16409.0,credit,2026-08-01 09:02:00,D00935
NB00040023,AC07257657,E00402,ICIC0005678,14028.0,credit,2026-08-31 09:57:00,D00935
NB00040030,AC07262440,P00039,ICIC0005678,1641.49,debit,2026-07-05 15:32:47,D00936
NB00040041,AC07262440,P00259,ICIC0005678,6333.79,debit,2026-09-09 13:13:03,D00936
NB00040055,AC07262440,P00039,ICIC0005678,1434.31,debit,2026-07-30 08:13:56,D00936
NB00040063,AC07262440,E00440,HDFC0001234,33051.0,credit,2026-07-01 09:49:00,D00936
NB00040064,AC07262440,E00440,HDFC0001234,32185.0,credit,2026-08-02 09:33:00,D00936
NB00040065,AC07262440,E00440,ICIC0005678,32915.0,credit,2026-08-30 09:37:00,D00936
NB00040079,AC07277467,P00078,ICIC0005678,487.4,debit,2026-07-08 14:11:34,D00937
NB00040081,AC07277467,P00382,ICIC0005678,215.91,debit,2026-07-21 17:22:35,D00937
NB00040082,AC07277467,P00352,ICIC0005678,481.17,debit,2026-08-18 14:54:07,D00937
NB00040088,AC07277467,P00396,UTIB0000789,217.12,debit,2026-08-04 10:39:36,D00937
NB00040117,AC07277467,E00416,ICIC0005678,26678.0,credit,2026-07-02 09:18:00,D00937
NB00040118,AC07277467,E00416,HDFC0001234,26271.0,credit,2026-07-31 09:24:00,D00937
NB00040119,AC07277467,E00416,SBIN0004321,21865.0,credit,2026-09-01 09:17:00,D00937
NB00040128,AC07281450,P00335,ICIC0005678,24585.47,debit,2026-08-01 18:33:27,D00938
NB00040155,AC07281450,P00380,ICIC0005678,2631.26,debit,2026-09-06 13:00:44,D00938
NB00040157,AC07281450,P00229,HDFC0001234,5042.6,debit,2026-07-19 13:22:14,D00938
NB00040160,AC07281450,P00085,UTIB0000789,2973.38,debit,2026-08-18 16:58:41,D00938
NB00040169,AC07281450,P00275,HDFC0001234,3073.88,debit,2026-07-27 22:49:10,D00938
NB00040174,AC07281450,P00293,SBIN0004321,1803.99,debit,2026-09-09 16:14:23,D00938
NB00040177,AC07281450,P00368,UTIB0000789,616.82,debit,2026-08-04 17:35:33,D00938
NB00040181,AC07281450,E00433,HDFC0001234,58240.0,credit,2026-07-02 09:10:00,D00938
NB00040182,AC07281450,E00433,HDFC0001234,60889.0,credit,2026-07-31 09:26:00,D00938
NB00040183,AC07281450,E00433,HDFC0001234,58912.0,credit,2026-09-01 09:27:00,D00938
NB00040211,AC07291772,P00018,SBIN0004321,536.33,debit,2026-09-06 20:11:28,D00940
NB00040217,AC07291772,P00072,UTIB0000789,382.89,debit,2026-07-03 15:38:00,D00939
NB00040218,AC07291772,P00021,ICIC0005678,13590.01,debit,2026-08-30 18:02:53,D00939
NB00040230,AC07291772,P00031,ICIC0005678,3447.29,debit,2026-08-06 14:31:07,D00940
NB00040233,AC07291772,P00326,ICIC0005678,4020.31,debit,2026-07-20 13:42:14,D00939
NB00040235,AC07291772,P00031,SBIN0004321,1861.65,debit,2026-07-06 13:50:01,D00939
NB00040239,AC07291772,E00424,HDFC0001234,69678.0,credit,2026-07-02 09:12:00,D00939
NB00040240,AC07291772,E00424,UTIB0000789,68128.0,credit,2026-08-01 09:17:00,D00940
NB00040241,AC07291772,E00424,SBIN0004321,69013.0,credit,2026-09-01 09:28:00,D00939
NB00040253,AC07307512,P00343,UTIB0000789,6599.78,debit,2026-09-13 11:56:48,D00941
NB00040264,AC07307512,P00288,HDFC0001234,3318.96,debit,2026-07-29 18:23:23,D00941
NB00040266,AC07307512,P00252,SBIN0004321,2875.48,debit,2026-07-17 08:36:33,D00941
NB00040267,AC07307512,P00224,UTIB0000789,992.72,debit,2026-07-16 15:45:37,D00941
NB00040271,AC07307512,P00107,SBIN0004321,6613.18,debit,2026-09-12 17:05:54,D00941
NB00040272,AC07307512,P00174,HDFC0001234,714.33,debit,2026-07-22 21:58:53,D00941
NB00040285,AC07307512,P00269,ICIC0005678,7324.27,debit,2026-08-05 20:21:15,D00941
NB00040286,AC07307512,P00043,UTIB0000789,8680.94,debit,2026-07-10 21:08:04,D00941
NB00040295,AC07307512,P00373,UTIB0000789,4338.55,debit,2026-07-31 13:32:27,D00941
NB00040302,AC07307512,P00224,ICIC0005678,1192.61,debit,2026-09-12 11:23:02,D00941
NB00040318,AC07307512,P00373,ICIC0005678,2329.24,debit,2026-07-27 15:47:34,D00941
NB00040325,AC07307512,P00066,UTIB0000789,6740.99,debit,2026-08-25 12:08:05,D00941
NB00040326,AC07307512,E00436,ICIC0005678,64925.0,credit,2026-07-03 09:54:00,D00941
NB00040327,AC07307512,E00436,ICIC0005678,63503.0,credit,2026-08-02 09:13:00,D00941
NB00040328,AC07307512,E00436,HDFC0001234,63474.0,credit,2026-09-01 09:44:00,D00941
NB00040329,AC07312424,P00126,HDFC0001234,2248.47,debit,2026-09-13 14:20:40,D00942
NB00040342,AC07312424,P00246,UTIB0000789,4284.25,debit,2026-08-14 08:32:27,D00942
NB00040350,AC07312424,P00246,UTIB0000789,556.97,debit,2026-08-17 21:00:52,D00942
NB00040354,AC07312424,P00144,ICIC0005678,1385.98,debit,2026-08-25 09:20:26,D00942
NB00040359,AC07312424,P00112,ICIC0005678,1511.36,debit,2026-09-02 13:00:22,D00942
NB00040361,AC07312424,P00035,HDFC0001234,238.78,debit,2026-07-15 15:28:02,D00942
NB00040362,AC07312424,E00408,SBIN0004321,25920.0,credit,2026-07-01 09:23:00,D00942
NB00040363,AC07312424,E00408,HDFC0001234,26431.0,credit,2026-07-31 09:48:00,D00942
NB00040364,AC07312424,E00408,SBIN0004321,25286.0,credit,2026-09-01 09:22:00,D00942
NB00040371,AC07327930,P00249,UTIB0000789,291.47,debit,2026-08-25 23:40:34,D00943
NB00040384,AC07327930,P00187,SBIN0004321,714.9,debit,2026-08-18 17:51:05,D00943
NB00040405,AC07327930,E00440,HDFC0001234,12236.0,credit,2026-07-02 09:08:00,D00943
NB00040406,AC07327930,E00440,HDFC0001234,9841.0,credit,2026-07-31 09:17:00,D00943
NB00040407,AC07327930,E00440,UTIB0000789,8204.0,credit,2026-09-01 09:32:00,D00943
NB00040417,AC07332194,P00113,ICIC0005678,6989.23,debit,2026-08-05 08:06:19,D00944
NB00040419,AC07332194,P00375,ICIC0005678,661.66,debit,2026-07-30 20:38:11,D00944
NB00040420,AC07332194,P00099,HDFC0001234,696.52,debit,2026-07-18 19:00:06,D00944
NB00040445,AC07332194,P00276,SBIN0004321,298.43,debit,2026-08-06 10:37:05,D00944
NB00040460,AC07332194,E00426,ICIC0005678,15434.0,credit,2026-07-02 09:25:00,D00944
NB00040461,AC07332194,E00426,HDFC0001234,15484.0,credit,2026-08-01 09:52:00,D00945
NB00040462,AC07332194,E00426,ICIC0005678,15665.0,credit,2026-08-30 09:03:00,D00944
NB00040468,AC07342320,P00106,UTIB0000789,4115.27,debit,2026-08-22 19:08:58,D00946
NB00040502,AC07342320,P00258,UTIB0000789,1211.47,debit,2026-07-02 17:45:42,D00946
NB00040505,AC07342320,P00349,ICIC0005678,1720.96,debit,2026-08-12 19:58:31,D00946
NB00040511,AC07342320,P00113,UTIB0000789,19549.25,debit,2026-08-14 23:09:25,D00946
NB00040512,AC07342320,P00050,ICIC0005678,2384.97,debit,2026-08-25 02:47:03,D00946
NB00040514,AC07342320,P00081,ICIC0005678,2476.03,debit,2026-07-24 20:52:52,D00946
NB00040522,AC07342320,E00415,HDFC0001234,79575.0,credit,2026-07-01 09:01:00,D00946
NB00040523,AC07342320,E00415,UTIB0000789,76657.0,credit,2026-08-02 09:23:00,D00946
NB00040524,AC07342320,E00415,ICIC0005678,75388.0,credit,2026-08-31 09:53:00,D00946
NB00040535,AC07359391,P00029,ICIC0005678,2228.94,debit,2026-09-01 16:53:16,D00947
NB00040546,AC07359391,P00021,ICIC0005678,2623.37,debit,2026-07-04 11:07:55,D00947
NB00040560,AC07359391,P00029,SBIN0004321,1083.68,debit,2026-07-02 14:07:26,D00947
NB00040572,AC07359391,E00416,ICIC0005678,30446.0,credit,2026-07-02 09:24:00,D00947
NB00040573,AC07359391,E00416,ICIC0005678,31535.0,credit,2026-08-01 09:32:00,D00947
NB00040574,AC07359391,E00416,HDFC0001234,30468.0,credit,2026-09-01 09:19:00,D00947
NB00040576,AC07362595,P00308,SBIN0004321,623.16,debit,2026-07-08 19:14:50,D00948
NB00040579,AC07362595,P00387,HDFC0001234,2031.09,debit,2026-08-02 16:57:01,D00948
NB00040601,AC07362595,P00206,SBIN0004321,1695.39,debit,2026-08-20 19:36:05,D00948
NB00040603,AC07362595,P00096,HDFC0001234,2152.4,debit,2026-07-16 13:54:22,D00948
NB00040620,AC07362595,P00131,SBIN0004321,2820.25,debit,2026-07-27 22:44:39,D00948
NB00040623,AC07362595,P00387,ICIC0005678,3568.03,debit,2026-08-29 18:30:58,D00948
NB00040627,AC07362595,P00096,ICIC0005678,771.47,debit,2026-08-04 00:39:21,D00948
NB00040636,AC07362595,P00206,HDFC0001234,1260.41,debit,2026-09-01 11:49:32,D00948
NB00040642,AC07362595,E00425,ICIC0005678,26565.0,credit,2026-07-01 09:36:00,D00948
NB00040643,AC07362595,E00425,HDFC0001234,26127.0,credit,2026-08-01 09:55:00,D00948
NB00040644,AC07362595,E00425,UTIB0000789,26087.0,credit,2026-08-30 09:28:00,D00948
NB00040648,AC07379220,P00157,UTIB0000789,25105.23,debit,2026-07-25 21:49:17,D00949
NB00040668,AC07379220,P00043,HDFC0001234,12940.77,debit,2026-08-15 18:30:35,D00949
NB00040680,AC07379220,P00383,UTIB0000789,1574.33,debit,2026-07-29 13:30:16,D00949
NB00040685,AC07379220,E00423,ICIC0005678,85362.0,credit,2026-07-01 09:58:00,D00949
NB00040686,AC07379220,E00423,SBIN0004321,86579.0,credit,2026-07-31 09:27:00,D00949
NB00040687,AC07379220,E00423,UTIB0000789,70286.0,credit,2026-09-01 09:56:00,D00949
NB00040692,AC07384132,P00297,HDFC0001234,1912.08,debit,2026-07-17 14:38:33,D00950
NB00040693,AC07384132,P00371,SBIN0004321,8900.58,debit,2026-08-27 23:34:35,D00950
NB00040695,AC07384132,P00088,UTIB0000789,730.13,debit,2026-08-29 07:16:42,D00950
NB00040699,AC07384132,P00298,SBIN0004321,1326.43,debit,2026-08-25 20:39:43,D00950
NB00040713,AC07384132,P00358,SBIN0004321,13487.06,debit,2026-09-07 22:05:14,D00950
NB00040714,AC07384132,P00297,UTIB0000789,4038.36,debit,2026-07-15 10:09:40,D00950
NB00040729,AC07384132,E00416,ICIC0005678,72947.0,credit,2026-07-01 09:01:00,D00950
NB00040730,AC07384132,E00416,UTIB0000789,70398.0,credit,2026-08-01 09:49:00,D00950
NB00040731,AC07384132,E00416,UTIB0000789,71971.0,credit,2026-09-01 09:14:00,D00950
NB00040741,AC07398175,P00265,HDFC0001234,900.34,debit,2026-07-17 12:33:07,D00951
NB00040742,AC07398175,P00084,UTIB0000789,1104.72,debit,2026-09-01 16:02:28,D00951
NB00040755,AC07398175,P00084,HDFC0001234,393.83,debit,2026-08-05 09:57:50,D00951
NB00040763,AC07398175,E00414,SBIN0004321,37902.0,credit,2026-07-03 09:56:00,D00951
NB00040764,AC07398175,E00414,HDFC0001234,38192.0,credit,2026-08-01 09:22:00,D00951
NB00040765,AC07398175,E00414,UTIB0000789,38284.0,credit,2026-08-30 09:58:00,D00951
NB00040784,AC07409453,P00251,ICIC0005678,3581.84,debit,2026-08-20 10:18:39,D00952
NB00040798,AC07409453,P00378,HDFC0001234,816.37,debit,2026-07-01 08:44:31,D00952
NB00040814,AC07409453,P00337,HDFC0001234,11661.24,debit,2026-07-19 09:22:13,D00952
NB00040821,AC07409453,P00263,UTIB0000789,6595.94,debit,2026-09-01 07:22:49,D00952
NB00040830,AC07409453,P00392,ICIC0005678,844.72,debit,2026-07-20 18:37:54,D00952
NB00040832,AC07409453,P00113,HDFC0001234,8106.92,debit,2026-08-12 18:50:50,D00952
NB00040841,AC07409453,P00318,ICIC0005678,20477.34,debit,2026-08-07 20:42:18,D00952
NB00040842,AC07409453,P00318,HDFC0001234,13323.98,debit,2026-08-25 19:23:40,D00952
NB00040845,AC07409453,P00263,UTIB0000789,2369.47,debit,2026-08-26 09:19:00,D00952
NB00040852,AC07409453,P00113,HDFC0001234,7750.27,debit,2026-08-09 22:49:30,D00952
NB00040870,AC07409453,E00414,UTIB0000789,34267.0,credit,2026-07-02 09:43:00,D00952
NB00040871,AC07409453,E00414,HDFC0001234,32793.0,credit,2026-07-31 09:50:00,D00952
NB00040872,AC07409453,E00414,UTIB0000789,32396.0,credit,2026-08-31 09:03:00,D00952
NB00040879,AC07412050,P00206,ICIC0005678,5621.34,debit,2026-07-02 19:56:22,D00953
NB00040884,AC07412050,P00274,SBIN0004321,2505.53,debit,2026-07-11 11:06:15,D00953
NB00040891,AC07412050,P00078,HDFC0001234,1101.46,debit,2026-08-30 11:40:47,D00953
NB00040898,AC07412050,P00102,SBIN0004321,9866.8,debit,2026-09-02 13:25:06,D00953
NB00040899,AC07412050,P00400,ICIC0005678,6004.0,debit,2026-08-24 20:57:39,D00953
NB00040901,AC07412050,P00092,UTIB0000789,581.34,debit,2026-08-21 12:11:43,D00953
NB00040902,AC07412050,P00292,ICIC0005678,3723.45,debit,2026-07-08 19:25:03,D00953
NB00040926,AC07412050,E00434,HDFC0001234,35363.0,credit,2026-07-02 09:14:00,D00953
NB00040927,AC07412050,E00434,ICIC0005678,34797.0,credit,2026-08-01 09:56:00,D00953
NB00040928,AC07412050,E00434,SBIN0004321,35513.0,credit,2026-09-01 09:31:00,D00953
NB00040944,AC07423973,P00094,UTIB0000789,1534.55,debit,2026-07-17 12:01:33,D00954
NB00040951,AC07423973,P00179,SBIN0004321,649.28,debit,2026-08-05 16:27:00,D00954
NB00040954,AC07423973,P00132,SBIN0004321,4171.96,debit,2026-07-06 13:10:35,D00954
NB00040969,AC07423973,P00094,HDFC0001234,2747.87,debit,2026-07-27 10:18:22,D00954
NB00040982,AC07423973,P00239,UTIB0000789,955.22,debit,2026-07-29 20:43:10,D00954
NB00040988,AC07423973,E00437,HDFC0001234,43783.0,credit,2026-07-03 09:47:00,D00954
NB00040989,AC07423973,E00437,UTIB0000789,42815.0,credit,2026-08-01 09:56:00,D00954
NB00040990,AC07423973,E00437,HDFC0001234,43177.0,credit,2026-08-31 09:54:00,D00954
NB00040996,AC07436167,P00077,UTIB0000789,2966.03,debit,2026-07-06 12:00:56,D00955
NB00041002,AC07436167,P00277,UTIB0000789,13026.42,debit,2026-08-09 21:10:11,D00955
NB00041013,AC07436167,P00077,HDFC0001234,3937.06,debit,2026-07-13 06:21:19,D00955
NB00041029,AC07436167,E00415,SBIN0004321,83445.0,credit,2026-07-02 09:11:00,D00955
NB00041030,AC07436167,E00415,HDFC0001234,84342.0,credit,2026-07-31 09:49:00,D00955
NB00041031,AC07436167,E00415,ICIC0005678,84859.0,credit,2026-08-31 09:36:00,D00955
NB00041042,AC07448788,P00113,HDFC0001234,9299.24,debit,2026-08-27 11:57:25,D00956
NB00041043,AC07448788,P00053,ICIC0005678,1515.03,debit,2026-07-26 10:23:46,D00957
NB00041067,AC07448788,P00016,SBIN0004321,1159.18,debit,2026-07-23 16:30:11,D00957
NB00041070,AC07448788,P00128,ICIC0005678,2680.02,debit,2026-08-04 16:03:08,D00956
NB00041086,AC07448788,P00391,SBIN0004321,946.8,debit,2026-08-25 20:11:14,D00956
NB00041105,AC07448788,E00438,UTIB0000789,46390.0,credit,2026-07-01 09:46:00,D00956
NB00041106,AC07448788,E00438,SBIN0004321,47181.0,credit,2026-08-01 09:36:00,D00956
NB00041107,AC07448788,E00438,SBIN0004321,47333.0,credit,2026-09-01 09:32:00,D00957
NB00041111,AC07452684,P00016,HDFC0001234,2916.82,debit,2026-07-19 02:27:22,D00958
NB00041112,AC07452684,P00372,UTIB0000789,957.48,debit,2026-07-25 18:58:28,D00958
NB00041141,AC07452684,E00440,UTIB0000789,55045.0,credit,2026-07-03 09:56:00,D00958
NB00041142,AC07452684,E00440,HDFC0001234,54476.0,credit,2026-07-31 09:37:00,D00958
NB00041143,AC07452684,E00440,ICIC0005678,55493.0,credit,2026-08-31 09:17:00,D00958
NB00041152,AC07462680,P00156,SBIN0004321,12547.37,debit,2026-08-22 15:37:24,D00959
NB00041158,AC07462680,P00003,ICIC0005678,2392.97,debit,2026-08-18 14:29:59,D00959
NB00041160,AC07462680,P00156,SBIN0004321,1191.43,debit,2026-07-16 11:03:21,D00960
NB00041161,AC07462680,P00281,HDFC0001234,7421.77,debit,2026-09-08 15:22:39,D00960
NB00041166,AC07462680,P00216,SBIN0004321,1046.56,debit,2026-09-10 15:09:51,D00960
NB00041179,AC07462680,P00033,SBIN0004321,5806.28,debit,2026-07-30 10:43:28,D00960
NB00041186,AC07462680,E00416,HDFC0001234,67936.0,credit,2026-07-03 09:17:00,D00960
NB00041187,AC07462680,E00416,ICIC0005678,67843.0,credit,2026-07-31 09:49:00,D00959
NB00041188,AC07462680,E00416,SBIN0004321,69675.0,credit,2026-08-30 09:53:00,D00960
NB00041196,AC07474315,P00216,ICIC0005678,744.64,debit,2026-07-28 19:28:31,D00961
NB00041201,AC07474315,P00232,ICIC0005678,2873.19,debit,2026-07-27 12:06:58,D00961
NB00041222,AC07474315,P00266,UTIB0000789,1012.24,debit,2026-09-05 20:01:07,D00961
NB00041237,AC07474315,P00266,SBIN0004321,843.07,debit,2026-08-11 07:13:49,D00961
NB00041242,AC07474315,P00359,HDFC0001234,537.45,debit,2026-08-17 20:48:03,D00961
NB00041252,AC07474315,E00418,ICIC0005678,20848.0,credit,2026-07-03 09:35:00,D00962
NB00041253,AC07474315,E00418,UTIB0000789,20658.0,credit,2026-08-02 09:53:00,D00962
NB00041254,AC07474315,E00418,HDFC0001234,20924.0,credit,2026-08-31 09:27:00,D00961
NB00041262,AC07482840,P00380,UTIB0000789,1993.53,debit,2026-08-19 17:46:35,D00963
NB00041273,AC07482840,P00118,ICIC0005678,9634.64,debit,2026-09-01 13:32:06,D00963
NB00041287,AC07482840,P00366,HDFC0001234,1166.36,debit,2026-08-31 06:54:19,D00963
NB00041290,AC07482840,E00407,ICIC0005678,55722.0,credit,2026-07-01 09:32:00,D00963
NB00041291,AC07482840,E00407,SBIN0004321,56467.0,credit,2026-08-01 09:45:00,D00963
NB00041292,AC07482840,E00407,HDFC0001234,54851.0,credit,2026-08-30 09:44:00,D00963
NB00041297,AC07493403,P00326,SBIN0004321,476.04,debit,2026-08-17 17:17:17,D00964
NB00041298,AC07493403,P00135,SBIN0004321,2395.4,debit,2026-08-06 21:06:43,D00964
NB00041304,AC07493403,P00326,UTIB0000789,685.28,debit,2026-07-19 18:36:26,D00964
NB00041307,AC07493403,P00080,HDFC0001234,350.06,debit,2026-07-02 21:56:41,D00964
NB00041320,AC07493403,P00301,ICIC0005678,344.48,debit,2026-07-16 22:15:32,D00964
NB00041323,AC07493403,P00178,ICIC0005678,3175.26,debit,2026-08-11 08:09:46,D00964
NB00041326,AC07493403,P00241,ICIC0005678,854.11,debit,2026-08-13 17:16:25,D00964
NB00041330,AC07493403,P00271,HDFC0001234,1725.95,debit,2026-07-16 20:08:35,D00964
NB00041338,AC07493403,P00326,HDFC0001234,868.16,debit,2026-07-03 19:45:02,D00964
NB00041356,AC07493403,E00408,ICIC0005678,33693.0,credit,2026-07-01 09:07:00,D00964
NB00041357,AC07493403,E00408,HDFC0001234,32813.0,credit,2026-08-02 09:08:00,D00964
NB00041358,AC07493403,E00408,HDFC0001234,32743.0,credit,2026-08-30 09:16:00,D00964
NB00041378,AC07502168,P00378,SBIN0004321,194.06,debit,2026-07-18 11:28:15,D00965
NB00041382,AC07502168,P00341,SBIN0004321,182.88,debit,2026-07-15 07:16:54,D00965
NB00041390,AC07502168,E00429,HDFC0001234,11847.0,credit,2026-07-03 09:06:00,D00965
NB00041391,AC07502168,E00429,ICIC0005678,12351.0,credit,2026-08-02 09:44:00,D00965
NB00041392,AC07502168,E00429,SBIN0004321,11973.0,credit,2026-08-31 09:39:00,D00965
NB00041395,AC07518459,P00235,HDFC0001234,3113.7,debit,2026-09-09 02:38:06,D00967
NB00041402,AC07518459,P00148,HDFC0001234,1295.62,debit,2026-08-22 15:40:26,D00967
NB00041422,AC07518459,P00192,UTIB0000789,1021.38,debit,2026-07-04 20:39:51,D00967
NB00041433,AC07518459,P00235,UTIB0000789,2000.62,debit,2026-08-02 19:22:02,D00966
NB00041438,AC07518459,P00192,HDFC0001234,881.58,debit,2026-08-23 18:48:32,D00966
NB00041440,AC07518459,P00148,ICIC0005678,1889.57,debit,2026-09-08 12:59:14,D00966
NB00041444,AC07518459,P00330,UTIB0000789,309.6,debit,2026-09-03 17:40:41,D00966
NB00041447,AC07518459,P00238,UTIB0000789,331.19,debit,2026-08-25 21:51:27,D00966
NB00041448,AC07518459,P00330,UTIB0000789,324.43,debit,2026-09-09 07:03:55,D00966
NB00041459,AC07518459,E00419,UTIB0000789,12838.0,credit,2026-07-01 09:33:00,D00966
NB00041460,AC07518459,E00419,UTIB0000789,13583.0,credit,2026-08-01 09:55:00,D00966
NB00041461,AC07518459,E00419,ICIC0005678,13177.0,credit,2026-09-01 09:32:00,D00967
NB00041462,AC07528169,P00189,UTIB0000789,574.77,debit,2026-07-01 16:44:41,D00968
NB00041463,AC07528169,P00104,HDFC0001234,458.55,debit,2026-07-12 07:23:01,D00968
NB00041475,AC07528169,P00209,UTIB0000789,483.74,debit,2026-08-03 08:42:56,D00968
NB00041492,AC07528169,P00172,ICIC0005678,2067.02,debit,2026-07-23 16:26:01,D00969
NB00041508,AC07528169,E00410,ICIC0005678,23073.0,credit,2026-07-02 09:57:00,D00968
NB00041509,AC07528169,E00410,SBIN0004321,23375.0,credit,2026-08-02 09:11:00,D00969
NB00041510,AC07528169,E00410,ICIC0005678,23010.0,credit,2026-09-01 09:11:00,D00968
NB00041514,AC07532299,P00269,HDFC0001234,2783.78,debit,2026-07-26 17:51:42,D00970
NB00041516,AC07532299,P00372,UTIB0000789,594.76,debit,2026-08-29 21:33:57,D00970
NB00041522,AC07532299,P00113,ICIC0005678,3831.1,debit,2026-08-23 19:43:33,D00970
NB00041523,AC07532299,P00040,HDFC0001234,2483.2,debit,2026-07-02 18:45:13,D00970
NB00041524,AC07532299,P00014,UTIB0000789,3058.53,debit,2026-08-24 16:06:58,D00970
NB00041530,AC07532299,E00407,ICIC0005678,50325.0,credit,2026-07-03 09:08:00,D00970
NB00041531,AC07532299,E00407,ICIC0005678,49640.0,credit,2026-07-31 09:08:00,D00970
NB00041532,AC07532299,E00407,ICIC0005678,50146.0,credit,2026-09-01 09:40:00,D00970
NB00041533,AC07545830,P00178,HDFC0001234,3684.19,debit,2026-08-21 13:25:16,D00971
NB00041534,AC07545830,P00022,ICIC0005678,1401.89,debit,2026-07-27 16:50:35,D00971
NB00041538,AC07545830,P00193,SBIN0004321,1224.26,debit,2026-07-28 20:24:21,D00971
NB00041541,AC07545830,P00100,UTIB0000789,4610.65,debit,2026-07-17 16:47:32,D00971
NB00041559,AC07545830,P00022,HDFC0001234,1640.44,debit,2026-07-31 15:23:19,D00971
NB00041560,AC07545830,P00110,ICIC0005678,1032.25,debit,2026-09-12 11:53:17,D00971
NB00041563,AC07545830,P00004,UTIB0000789,1669.09,debit,2026-08-18 11:27:16,D00971
NB00041574,AC07545830,P00070,UTIB0000789,590.5,debit,2026-07-09 16:26:48,D00971
NB00041579,AC07545830,E00407,UTIB0000789,40188.0,credit,2026-07-03 09:11:00,D00971
NB00041580,AC07545830,E00407,SBIN0004321,33206.0,credit,2026-08-02 09:22:00,D00971
NB00041581,AC07545830,E00407,ICIC0005678,25938.0,credit,2026-09-01 09:39:00,D00971
NB00041590,AC07556814,P00291,UTIB0000789,513.85,debit,2026-08-18 17:27:57,D00973
NB00041619,AC07556814,P00234,UTIB0000789,1768.34,debit,2026-08-01 09:00:52,D00972
NB00041628,AC07556814,P00225,ICIC0005678,1173.46,debit,2026-08-20 21:18:17,D00972
NB00041629,AC07556814,P00221,HDFC0001234,989.97,debit,2026-08-21 07:44:57,D00973
NB00041631,AC07556814,E00419,ICIC0005678,42015.0,credit,2026-07-01 09:57:00,D00972
NB00041632,AC07556814,E00419,HDFC0001234,42014.0,credit,2026-07-31 09:00:00,D00972
NB00041633,AC07556814,E00419,HDFC0001234,42212.0,credit,2026-08-30 09:12:00,D00973
NB00041648,AC07566647,P00203,ICIC0005678,6286.19,debit,2026-09-10 16:27:01,D00974
NB00041658,AC07566647,P00083,SBIN0004321,12172.84,debit,2026-08-13 19:58:45,D00974
NB00041663,AC07566647,P00109,ICIC0005678,3720.38,debit,2026-07-22 14:13:02,D00974
NB00041678,AC07566647,P00203,HDFC0001234,2979.14,debit,2026-09-08 21:21:25,D00974
NB00041689,AC07566647,E00411,HDFC0001234,101767.0,credit,2026-07-03 09:57:00,D00974
NB00041690,AC07566647,E00411,SBIN0004321,103824.0,credit,2026-08-01 09:08:00,D00974
NB00041691,AC07566647,E00411,UTIB0000789,102392.0,credit,2026-08-30 09:52:00,D00974
NB00041703,AC07579854,P00029,HDFC0001234,1678.03,debit,2026-07-21 12:10:59,D00975
NB00041705,AC07579854,P00324,HDFC0001234,713.8,debit,2026-07-23 15:22:12,D00975
NB00041721,AC07579854,E00427,ICIC0005678,20038.0,credit,2026-07-03 09:40:00,D00975
NB00041722,AC07579854,E00427,ICIC0005678,20237.0,credit,2026-07-31 09:11:00,D00975
NB00041723,AC07579854,E00427,UTIB0000789,20526.0,credit,2026-08-31 09:09:00,D00975
NB00041783,AC07586770,P00135,SBIN0004321,2765.69,debit,2026-08-11 21:10:29,D00976
NB00041784,AC07586770,P00135,ICIC0005678,1714.57,debit,2026-08-25 07:21:30,D00976
NB00041785,AC07586770,P00238,SBIN0004321,709.73,debit,2026-07-28 23:22:48,D00976
NB00041792,AC07586770,P00039,UTIB0000789,5375.01,debit,2026-07-02 09:13:02,D00976
NB00041794,AC07586770,E00402,HDFC0001234,36966.0,credit,2026-07-02 09:26:00,D00976
NB00041795,AC07586770,E00402,ICIC0005678,38633.0,credit,2026-08-01 09:01:00,D00976
NB00041796,AC07586770,E00402,HDFC0001234,37064.0,credit,2026-08-30 09:04:00,D00976
NB00041811,AC07597182,P00277,UTIB0000789,811.45,debit,2026-07-08 13:50:31,D00977
NB00041814,AC07597182,P00219,UTIB0000789,606.89,debit,2026-08-28 18:21:23,D00977
NB00041835,AC07597182,E00423,UTIB0000789,44204.0,credit,2026-07-03 09:13:00,D00977
NB00041836,AC07597182,E00423,UTIB0000789,38347.0,credit,2026-08-02 09:10:00,D00977
NB00041837,AC07597182,E00423,SBIN0004321,31917.0,credit,2026-09-01 09:14:00,D00977
NB00041843,AC07601295,P00156,SBIN0004321,703.95,debit,2026-08-21 18:21:51,D00978
NB00041854,AC07601295,P00320,SBIN0004321,1658.25,debit,2026-08-11 20:22:01,D00978
NB00041861,AC07601295,P00356,UTIB0000789,1038.05,debit,2026-07-28 19:30:02,D00978
NB00041865,AC07601295,P00192,SBIN0004321,2492.18,debit,2026-07-26 12:00:47,D00978
NB00041870,AC07601295,P00209,HDFC0001234,1069.44,debit,2026-07-16 09:32:13,D00978
NB00041874,AC07601295,P00114,HDFC0001234,279.41,debit,2026-07-23 16:36:40,D00978
NB00041886,AC07601295,E00428,HDFC0001234,26658.0,credit,2026-07-01 09:51:00,D00978
NB00041887,AC07601295,E00428,SBIN0004321,25792.0,credit,2026-08-01 09:48:00,D00978
NB00041888,AC07601295,E00428,HDFC0001234,25731.0,credit,2026-08-31 09:17:00,D00978
NB00041890,AC07611713,P00395,ICIC0005678,9081.12,debit,2026-09-02 16:36:28,D00979
NB00041903,AC07611713,P00253,UTIB0000789,1280.11,debit,2026-09-06 23:16:35,D00979
NB00041909,AC07611713,P00331,ICIC0005678,692.72,debit,2026-08-30 19:53:44,D00979
NB00041913,AC07611713,P00180,SBIN0004321,1474.74,debit,2026-08-06 19:54:01,D00979
NB00041934,AC07611713,E00427,SBIN0004321,39170.0,credit,2026-07-02 09:57:00,D00979
NB00041935,AC07611713,E00427,UTIB0000789,39533.0,credit,2026-07-31 09:13:00,D00979
NB00041936,AC07611713,E00427,UTIB0000789,38115.0,credit,2026-08-31 09:43:00,D00979
NB00041938,AC07626569,P00290,UTIB0000789,374.45,debit,2026-07-15 18:59:46,D00980
NB00041957,AC07626569,P00385,SBIN0004321,1582.71,debit,2026-07-07 13:36:11,D00981
NB00041970,AC07626569,P00030,ICIC0005678,1745.88,debit,2026-08-06 08:07:44,D00981
NB00041977,AC07626569,P00146,HDFC0001234,644.18,debit,2026-07-07 20:07:24,D00980
NB00041979,AC07626569,P00188,ICIC0005678,117.59,debit,2026-08-27 17:08:11,D00980
NB00041980,AC07626569,E00422,UTIB0000789,17357.0,credit,2026-07-03 09:05:00,D00980
NB00041981,AC07626569,E00422,SBIN0004321,17304.0,credit,2026-08-02 09:27:00,D00981
NB00041982,AC07626569,E00422,HDFC0001234,17077.0,credit,2026-08-31 09:25:00,D00981
NB00041994,AC07639169,P00320,ICIC0005678,3455.86,debit,2026-08-20 07:32:41,D00982
NB00041997,AC07639169,P00397,ICIC0005678,19584.13,debit,2026-09-04 13:11:42,D00982
NB00042000,AC07639169,P00385,ICIC0005678,2197.26,debit,2026-07-29 19:30:55,D00982
NB00042001,AC07639169,P00227,UTIB0000789,450.78,debit,2026-08-01 13:57:17,D00983
NB00042008,AC07639169,P00329,UTIB0000789,3089.66,debit,2026-08-21 17:01:46,D00982
NB00042020,AC07639169,P00106,UTIB0000789,6253.74,debit,2026-07-16 20:33:15,D00982
NB00042026,AC07639169,P00220,HDFC0001234,2072.34,debit,2026-07-25 18:50:44,D00982
NB00042027,AC07639169,E00437,SBIN0004321,78441.0,credit,2026-07-03 09:49:00,D00983
NB00042028,AC07639169,E00437,SBIN0004321,76711.0,credit,2026-08-01 09:10:00,D00983
NB00042029,AC07639169,E00437,SBIN0004321,77497.0,credit,2026-08-30 09:23:00,D00983
NB00042063,AC07644590,P00252,ICIC0005678,925.53,debit,2026-08-20 18:03:17,D00984
NB00042079,AC07644590,P00066,UTIB0000789,5219.22,debit,2026-08-29 18:32:38,D00984
NB00042090,AC07644590,E00440,SBIN0004321,26492.0,credit,2026-07-02 09:05:00,D00984
NB00042091,AC07644590,E00440,ICIC0005678,26510.0,credit,2026-07-31 09:24:00,D00984
NB00042092,AC07644590,E00440,SBIN0004321,27473.0,credit,2026-08-31 09:06:00,D00984
NB00042102,AC07656787,P00135,SBIN0004321,5964.7,debit,2026-08-25 18:16:34,D00985
NB00042108,AC07656787,P00135,UTIB0000789,8370.05,debit,2026-08-13 18:21:24,D00985
NB00042129,AC07656787,P00135,UTIB0000789,2029.45,debit,2026-07-07 21:51:06,D00985
NB00042133,AC07656787,E00403,SBIN0004321,105767.0,credit,2026-07-01 09:54:00,D00985
NB00042134,AC07656787,E00403,HDFC0001234,104676.0,credit,2026-07-31 09:54:00,D00985
NB00042135,AC07656787,E00403,SBIN0004321,107902.0,credit,2026-08-31 09:27:00,D00985
NB00042138,AC07662890,P00170,HDFC0001234,1390.26,debit,2026-07-20 12:20:52,D00986
NB00042141,AC07662890,P00320,SBIN0004321,1297.57,debit,2026-07-18 12:10:08,D00986
NB00042142,AC07662890,P00047,ICIC0005678,2215.09,debit,2026-08-01 09:35:00,D00986
NB00042168,AC07662890,E00406,ICIC0005678,38464.0,credit,2026-07-02 09:10:00,D00986
NB00042169,AC07662890,E00406,SBIN0004321,37646.0,credit,2026-08-02 09:24:00,D00986
NB00042170,AC07662890,E00406,ICIC0005678,36583.0,credit,2026-08-30 09:48:00,D00986
NB00042202,AC07675106,P00040,HDFC0001234,1092.24,debit,2026-07-02 18:46:40,D00987
NB00042225,AC07675106,E00425,SBIN0004321,63394.0,credit,2026-07-01 09:03:00,D00987
NB00042226,AC07675106,E00425,SBIN0004321,62707.0,credit,2026-07-31 09:14:00,D00987
NB00042227,AC07675106,E00425,SBIN0004321,63585.0,credit,2026-09-01 09:14:00,D00987
NB00042229,AC07687760,P00214,ICIC0005678,1960.48,debit,2026-09-11 19:39:51,D00988
NB00042245,AC07687760,P00114,ICIC0005678,487.13,debit,2026-08-30 01:39:24,D00988
NB00042250,AC07687760,P00382,SBIN0004321,836.59,debit,2026-09-08 19:51:59,D00988
NB00042262,AC07687760,E00438,SBIN0004321,36480.0,credit,2026-07-02 09:10:00,D00988
NB00042263,AC07687760,E00438,HDFC0001234,36336.0,credit,2026-07-31 09:07:00,D00988
NB00042264,AC07687760,E00438,UTIB0000789,35744.0,credit,2026-08-30 09:29:00,D00988
NB00042269,AC07696936,P00249,ICIC0005678,1172.34,debit,2026-08-08 13:35:57,D00989
NB00042279,AC07696936,P00183,ICIC0005678,2006.35,debit,2026-07-26 19:07:09,D00989
NB00042282,AC07696936,P00400,ICIC0005678,2573.26,debit,2026-07-24 10:23:48,D00989
NB00042284,AC07696936,P00183,SBIN0004321,666.19,debit,2026-08-12 14:40:56,D00989
NB00042288,AC07696936,P00183,HDFC0001234,1684.95,debit,2026-08-11 21:31:10,D00989
NB00042295,AC07696936,P00399,SBIN0004321,1467.79,debit,2026-08-21 11:08:37,D00989
NB00042302,AC07696936,P00347,ICIC0005678,850.89,debit,2026-07-24 07:03:06,D00989
NB00042305,AC07696936,P00364,HDFC0001234,1066.27,debit,2026-07-21 17:24:36,D00989
NB00042316,AC07696936,P00349,SBIN0004321,575.08,debit,2026-08-25 12:15:52,D00989
NB00042329,AC07696936,P00300,HDFC0001234,911.85,debit,2026-07-27 16:04:45,D00989
NB00042331,AC07696936,E00412,UTIB0000789,36110.0,credit,2026-07-03 09:52:00,D00989
NB00042332,AC07696936,E00412,HDFC0001234,31562.0,credit,2026-08-01 09:38:00,D00989
NB00042333,AC07696936,E00412,HDFC0001234,26300.0,credit,2026-09-01 09:07:00,D00989
NB00042342,AC07702027,P00121,UTIB0000789,1209.09,debit,2026-08-18 08:34:20,D00990
NB00042350,AC07702027,P00121,HDFC0001234,1731.14,debit,2026-07-05 14:58:33,D00990
NB00042355,AC07702027,P00381,HDFC0001234,4952.84,debit,2026-07-26 06:28:23,D00990
NB00042375,AC07702027,E00436,HDFC0001234,28092.0,credit,2026-07-03 09:35:00,D00990
NB00042376,AC07702027,E00436,HDFC0001234,27938.0,credit,2026-07-31 09:47:00,D00990
NB00042377,AC07702027,E00436,SBIN0004321,28371.0,credit,2026-08-31 09:56:00,D00990
NB00042380,AC07718910,P00246,HDFC0001234,1442.34,debit,2026-07-06 12:07:04,D00991
NB00042387,AC07718910,P00063,SBIN0004321,398.95,debit,2026-08-09 19:28:19,D00991
NB00042392,AC07718910,P00260,UTIB0000789,1681.48,debit,2026-08-06 14:40:43,D00991
NB00042395,AC07718910,P00225,UTIB0000789,446.28,debit,2026-08-28 00:33:36,D00991
NB00042407,AC07718910,E00402,ICIC0005678,39799.0,credit,2026-07-03 09:19:00,D00991
NB00042408,AC07718910,E00402,HDFC0001234,40412.0,credit,2026-08-02 09:34:00,D00991
NB00042409,AC07718910,E00402,ICIC0005678,39676.0,credit,2026-08-30 09:46:00,D00991
NB00042415,AC07729343,P00358,SBIN0004321,15141.69,debit,2026-09-06 15:33:15,D00992
NB00042419,AC07729343,P00125,SBIN0004321,1496.4,debit,2026-08-23 22:45:53,D00993
NB00042424,AC07729343,P00230,SBIN0004321,531.18,debit,2026-08-26 16:07:45,D00992
NB00042440,AC07729343,P00132,SBIN0004321,1484.42,debit,2026-07-07 19:18:59,D00992
NB00042441,AC07729343,P00125,ICIC0005678,3485.59,debit,2026-08-07 19:29:15,D00993
NB00042446,AC07729343,E00425,ICIC0005678,44430.0,credit,2026-07-02 09:29:00,D00993
NB00042447,AC07729343,E00425,SBIN0004321,44269.0,credit,2026-07-31 09:55:00,D00992
NB00042448,AC07729343,E00425,SBIN0004321,44492.0,credit,2026-09-01 09:05:00,D00992
NB00042453,AC07735293,P00367,ICIC0005678,2021.59,debit,2026-08-21 20:09:44,D00994
NB00042459,AC07735293,P00188,ICIC0005678,169.05,debit,2026-09-06 17:32:09,D00994
NB00042460,AC07735293,P00212,UTIB0000789,1737.91,debit,2026-07-15 11:50:39,D00994
NB00042463,AC07735293,P00266,ICIC0005678,4474.19,debit,2026-07-13 18:56:00,D00994
NB00042487,AC07735293,P00367,UTIB0000789,1900.61,debit,2026-07-28 17:01:57,D00994
NB00042489,AC07735293,E00429,SBIN0004321,26330.0,credit,2026-07-03 09:31:00,D00994
NB00042490,AC07735293,E00429,SBIN0004321,25777.0,credit,2026-08-01 09:47:00,D00994
NB00042491,AC07735293,E00429,SBIN0004321,25894.0,credit,2026-08-30 09:11:00,D00994
NB00042495,AC07744066,P00222,SBIN0004321,375.33,debit,2026-09-08 20:13:19,D00995
NB00042524,AC07744066,P00192,HDFC0001234,3585.62,debit,2026-08-21 12:58:43,D00995
NB00042530,AC07744066,P00341,ICIC0005678,1109.26,debit,2026-09-04 22:54:03,D00995
NB00042532,AC07744066,P00163,SBIN0004321,1111.85,debit,2026-08-22 09:12:04,D00995
NB00042540,AC07744066,P00383,HDFC0001234,536.58,debit,2026-09-04 10:14:08,D00995
NB00042541,AC07744066,P00284,ICIC0005678,1839.3,debit,2026-07-04 20:44:39,D00995
NB00042547,AC07744066,P00163,ICIC0005678,1451.12,debit,2026-07-31 10:45:58,D00995
NB00042553,AC07744066,P00048,SBIN0004321,673.31,debit,2026-07-09 22:05:32,D00995
NB00042561,AC07744066,E00402,HDFC0001234,35365.0,credit,2026-07-02 09:35:00,D00995
NB00042562,AC07744066,E00402,HDFC0001234,35820.0,credit,2026-08-01 09:14:00,D00996
NB00042563,AC07744066,E00402,SBIN0004321,35553.0,credit,2026-09-01 09:25:00,D00995
NB00042569,AC07755781,P00011,UTIB0000789,1074.35,debit,2026-07-18 18:38:36,D00997
NB00042572,AC07755781,P00357,ICIC0005678,2400.57,debit,2026-07-31 07:46:24,D00998
NB00042575,AC07755781,P00185,SBIN0004321,3531.95,debit,2026-08-20 11:20:54,D00997
NB00042576,AC07755781,P00185,UTIB0000789,4176.23,debit,2026-09-05 14:27:57,D00997
NB00042585,AC07755781,P00367,ICIC0005678,1272.48,debit,2026-07-10 18:10:21,D00997
NB00042601,AC07755781,P00057,UTIB0000789,498.92,debit,2026-08-01 13:55:47,D00997
NB00042615,AC07755781,E00438,ICIC0005678,28012.0,credit,2026-07-02 09:04:00,D00997
NB00042616,AC07755781,E00438,HDFC0001234,28273.0,credit,2026-08-02 09:50:00,D00998
NB00042617,AC07755781,E00438,HDFC0001234,27790.0,credit,2026-08-30 09:27:00,D00997
NB00042622,AC07768211,P00180,ICIC0005678,9728.53,debit,2026-09-08 19:40:09,D00999
NB00042635,AC07768211,P00042,ICIC0005678,15473.1,debit,2026-07-26 11:31:34,D00999
NB00042636,AC07768211,P00383,SBIN0004321,3202.57,debit,2026-07-20 19:27:51,D00999
NB00042642,AC07768211,P00252,UTIB0000789,5078.73,debit,2026-08-19 21:19:02,D00999
NB00042650,AC07768211,P00252,SBIN0004321,7935.2,debit,2026-08-26 15:58:00,D00999
NB00042661,AC07768211,E00439,ICIC0005678,119284.0,credit,2026-07-02 09:55:00,D00999
NB00042662,AC07768211,E00439,HDFC0001234,119124.0,credit,2026-08-02 09:11:00,D00999
NB00042663,AC07768211,E00439,UTIB0000789,119090.0,credit,2026-09-01 09:39:00,D00999
NB00042705,AC07775071,E00432,ICIC0005678,36394.0,credit,2026-07-03 09:28:00,D01000
NB00042706,AC07775071,E00432,UTIB0000789,36102.0,credit,2026-07-31 09:07:00,D01000
NB00042707,AC07775071,E00432,HDFC0001234,37116.0,credit,2026-09-01 09:16:00,D01001
NB00042728,AC07781271,P00374,HDFC0001234,37519.9,debit,2026-08-15 17:09:56,D01002
NB00042729,AC07781271,P00285,UTIB0000789,4600.59,debit,2026-07-26 23:13:03,D01002
NB00042730,AC07781271,P00313,SBIN0004321,3459.66,debit,2026-07-30 17:13:12,D01002
NB00042738,AC07781271,P00395,HDFC0001234,3648.02,debit,2026-07-07 15:05:23,D01002
NB00042745,AC07781271,P00299,ICIC0005678,5862.0,debit,2026-08-17 14:14:59,D01002
NB00042750,AC07781271,P00142,SBIN0004321,4121.53,debit,2026-08-29 19:54:11,D01002
NB00042766,AC07781271,P00387,SBIN0004321,5391.94,debit,2026-07-29 18:04:37,D01002
NB00042769,AC07781271,P00374,UTIB0000789,11633.77,debit,2026-09-03 13:19:25,D01002
NB00042772,AC07781271,P00285,UTIB0000789,1702.75,debit,2026-08-27 08:11:53,D01002
NB00042781,AC07781271,P00354,ICIC0005678,1789.54,debit,2026-09-10 19:50:40,D01002
NB00042795,AC07781271,P00285,UTIB0000789,5859.86,debit,2026-09-09 20:15:06,D01002
NB00042797,AC07781271,E00435,UTIB0000789,85607.0,credit,2026-07-01 09:49:00,D01002
NB00042798,AC07781271,E00435,ICIC0005678,81599.0,credit,2026-07-31 09:30:00,D01002
NB00042799,AC07781271,E00435,ICIC0005678,82663.0,credit,2026-08-30 09:27:00,D01002
NB00042807,AC07791653,P00328,HDFC0001234,3770.17,debit,2026-07-23 09:25:58,D01003
NB00042817,AC07791653,P00144,ICIC0005678,590.26,debit,2026-07-30 12:43:54,D01003
NB00042821,AC07791653,P00035,UTIB0000789,516.92,debit,2026-08-19 01:17:25,D01003
NB00042825,AC07791653,P00265,HDFC0001234,780.21,debit,2026-07-16 22:20:25,D01003
NB00042833,AC07791653,P00144,ICIC0005678,726.38,debit,2026-07-23 16:21:15,D01003
NB00042844,AC07791653,P00328,HDFC0001234,1979.02,debit,2026-07-17 09:54:23,D01003
NB00042848,AC07791653,P00117,ICIC0005678,794.53,debit,2026-07-18 18:51:55,D01003
NB00042853,AC07791653,P00134,ICIC0005678,1305.68,debit,2026-08-10 16:44:48,D01003
NB00042860,AC07791653,E00424,ICIC0005678,35037.0,credit,2026-07-03 09:22:00,D01003
NB00042861,AC07791653,E00424,UTIB0000789,34362.0,credit,2026-08-02 09:08:00,D01003
NB00042862,AC07791653,E00424,SBIN0004321,33985.0,credit,2026-09-01 09:32:00,D01003
NB00042867,AC07808303,P00173,HDFC0001234,722.79,debit,2026-07-13 13:31:33,D01004
NB00042868,AC07808303,P00044,SBIN0004321,771.97,debit,2026-07-12 22:30:04,D01004
NB00042904,AC07808303,E00412,ICIC0005678,43746.0,credit,2026-07-01 09:51:00,D01004
NB00042905,AC07808303,E00412,ICIC0005678,43507.0,credit,2026-08-02 09:37:00,D01004
NB00042906,AC07808303,E00412,UTIB0000789,36828.0,credit,2026-08-31 09:56:00,D01004
NB00042910,AC07818082,P00388,UTIB0000789,849.9,debit,2026-08-28 19:48:07,D01005
NB00042925,AC07818082,P00384,SBIN0004321,3202.61,debit,2026-09-03 23:10:24,D01006
NB00042954,AC07818082,E00408,SBIN0004321,19586.0,credit,2026-07-01 09:32:00,D01006
NB00042955,AC07818082,E00408,ICIC0005678,16060.0,credit,2026-08-01 09:14:00,D01005
NB00042956,AC07818082,E00408,HDFC0001234,12902.0,credit,2026-08-30 09:29:00,D01005
NB00042964,AC07827947,P00242,ICIC0005678,1480.28,debit,2026-07-30 08:06:14,D01007
NB00042976,AC07827947,P00215,UTIB0000789,1580.81,debit,2026-07-27 20:55:51,D01007
NB00043016,AC07827947,E00440,ICIC0005678,30949.0,credit,2026-07-03 09:17:00,D01007
NB00043017,AC07827947,E00440,ICIC0005678,30711.0,credit,2026-08-01 09:40:00,D01007
NB00043018,AC07827947,E00440,UTIB0000789,30315.0,credit,2026-08-30 09:56:00,D01007
NB00043024,AC07832137,P00078,SBIN0004321,366.65,debit,2026-07-02 21:08:41,D01008
NB00043030,AC07832137,P00025,UTIB0000789,4689.9,debit,2026-07-02 06:35:35,D01008
NB00043032,AC07832137,P00078,SBIN0004321,1183.85,debit,2026-09-07 20:07:53,D01008
NB00043042,AC07832137,P00368,HDFC0001234,555.9,debit,2026-09-11 15:23:52,D01008
NB00043048,AC07832137,E00413,SBIN0004321,43318.0,credit,2026-07-01 09:04:00,D01008
NB00043049,AC07832137,E00413,HDFC0001234,42100.0,credit,2026-08-01 09:23:00,D01008
NB00043050,AC07832137,E00413,UTIB0000789,42825.0,credit,2026-09-01 09:36:00,D01008
NB00043052,AC07842535,P00201,SBIN0004321,9870.47,debit,2026-08-24 10:13:49,D01009
NB00043069,AC07842535,P00158,ICIC0005678,3816.06,debit,2026-08-20 18:42:29,D01009
NB00043079,AC07842535,P00138,HDFC0001234,8560.5,debit,2026-07-30 08:18:02,D01009
NB00043107,AC07842535,E00421,HDFC0001234,84277.0,credit,2026-07-03 09:06:00,D01009
NB00043108,AC07842535,E00421,ICIC0005678,86436.0,credit,2026-08-01 09:23:00,D01009
NB00043109,AC07842535,E00421,ICIC0005678,84949.0,credit,2026-08-31 09:17:00,D01009
NB00043119,AC07854550,P00189,UTIB0000789,1891.01,debit,2026-09-09 13:54:57,D01010
NB00043123,AC07854550,P00112,HDFC0001234,2404.2,debit,2026-09-06 15:21:35,D01010
NB00043131,AC07854550,P00248,HDFC0001234,1145.55,debit,2026-07-14 18:52:19,D01010
NB00043133,AC07854550,P00086,ICIC0005678,7833.75,debit,2026-09-04 17:39:44,D01010
NB00043141,AC07854550,E00423,ICIC0005678,42529.0,credit,2026-07-02 09:57:00,D01010
NB00043142,AC07854550,E00423,UTIB0000789,42386.0,credit,2026-08-02 09:06:00,D01010
NB00043143,AC07854550,E00423,SBIN0004321,42490.0,credit,2026-08-30 09:25:00,D01010
NB00043148,AC07863077,P00389,SBIN0004321,1816.38,debit,2026-09-13 15:26:04,D01011
NB00043150,AC07863077,P00201,ICIC0005678,22708.19,debit,2026-07-11 12:29:53,D01011
NB00043163,AC07863077,P00027,UTIB0000789,2379.13,debit,2026-08-29 14:40:31,D01011
NB00043171,AC07863077,P00115,SBIN0004321,1917.98,debit,2026-09-01 22:36:57,D01011
NB00043176,AC07863077,P00201,HDFC0001234,7659.2,debit,2026-08-01 08:59:02,D01011
NB00043197,AC07863077,E00404,UTIB0000789,75074.0,credit,2026-07-02 09:06:00,D01012
NB00043198,AC07863077,E00404,ICIC0005678,74344.0,credit,2026-08-02 09:13:00,D01011
NB00043199,AC07863077,E00404,HDFC0001234,76251.0,credit,2026-08-31 09:02:00,D01012
NB00043207,AC07874481,P00118,UTIB0000789,7349.21,debit,2026-09-07 13:03:48,D01013
NB00043218,AC07874481,P00060,HDFC0001234,2878.07,debit,2026-08-08 18:50:27,D01013
NB00043221,AC07874481,P00250,HDFC0001234,915.1,debit,2026-07-09 07:15:27,D01013
NB00043238,AC07874481,E00412,ICIC0005678,51881.0,credit,2026-07-01 09:19:00,D01013
NB00043239,AC07874481,E00412,HDFC0001234,51879.0,credit,2026-08-01 09:41:00,D01013
NB00043240,AC07874481,E00412,HDFC0001234,52230.0,credit,2026-08-30 09:01:00,D01013
NB00043243,AC07886025,P00185,ICIC0005678,7980.23,debit,2026-09-03 12:16:33,D01014
NB00043270,AC07886025,E00436,HDFC0001234,85767.0,credit,2026-07-02 09:49:00,D01014
NB00043271,AC07886025,E00436,HDFC0001234,85709.0,credit,2026-08-01 09:24:00,D01014
NB00043272,AC07886025,E00436,HDFC0001234,87935.0,credit,2026-08-31 09:41:00,D01014
NB00043282,AC07893520,P00155,HDFC0001234,1790.03,debit,2026-08-21 17:05:32,D01016
NB00043286,AC07893520,P00130,UTIB0000789,1226.13,debit,2026-09-02 19:05:02,D01016
NB00043298,AC07893520,P00147,HDFC0001234,2584.93,debit,2026-09-02 12:25:11,D01016
NB00043308,AC07893520,P00147,SBIN0004321,1703.32,debit,2026-07-04 14:33:12,D01016
NB00043313,AC07893520,P00391,HDFC0001234,1619.35,debit,2026-07-18 18:01:32,D01016
NB00043314,AC07893520,P00040,HDFC0001234,580.65,debit,2026-09-03 16:38:15,D01016
NB00043320,AC07893520,P00155,ICIC0005678,884.04,debit,2026-09-01 12:08:14,D01016
NB00043331,AC07893520,E00427,ICIC0005678,37267.0,credit,2026-07-02 09:33:00,D01016
NB00043332,AC07893520,E00427,UTIB0000789,38067.0,credit,2026-08-01 09:04:00,D01016
NB00043333,AC07893520,E00427,HDFC0001234,36657.0,credit,2026-08-31 09:11:00,D01016
NB00043340,AC07902111,P00011,HDFC0001234,6720.56,debit,2026-07-24 21:02:51,D01017
NB00043345,AC07902111,P00239,SBIN0004321,2318.87,debit,2026-08-15 16:01:26,D01017
NB00043346,AC07902111,P00149,ICIC0005678,13592.19,debit,2026-08-23 15:28:58,D01017
NB00043347,AC07902111,P00147,HDFC0001234,9515.02,debit,2026-09-04 18:54:38,D01017
NB00043349,AC07902111,P00314,SBIN0004321,2283.0,debit,2026-08-30 23:44:52,D01017
NB00043359,AC07902111,P00239,HDFC0001234,2203.74,debit,2026-08-07 12:40:50,D01017
NB00043362,AC07902111,P00340,UTIB0000789,6584.19,debit,2026-07-28 19:53:36,D01017
NB00043378,AC07902111,P00081,UTIB0000789,1541.41,debit,2026-07-24 12:26:10,D01017
NB00043381,AC07902111,P00009,UTIB0000789,7480.22,debit,2026-08-25 10:20:37,D01017
NB00043390,AC07902111,P00147,UTIB0000789,4358.72,debit,2026-09-09 11:21:05,D01017
NB00043392,AC07902111,E00416,ICIC0005678,126975.0,credit,2026-07-03 09:41:00,D01017
NB00043393,AC07902111,E00416,SBIN0004321,124778.0,credit,2026-07-31 09:19:00,D01017
NB00043394,AC07902111,E00416,ICIC0005678,124444.0,credit,2026-09-01 09:50:00,D01017
NB00043431,AC07914622,P00052,HDFC0001234,5707.11,debit,2026-08-02 10:52:57,D01018
NB00043443,AC07914622,P00125,UTIB0000789,1114.98,debit,2026-07-28 20:48:41,D01018
NB00043450,AC07914622,P00018,HDFC0001234,876.44,debit,2026-08-30 11:56:12,D01018
NB00043453,AC07914622,P00125,ICIC0005678,1496.95,debit,2026-08-08 04:52:23,D01018
NB00043455,AC07914622,E00423,SBIN0004321,30759.0,credit,2026-07-03 09:44:00,D01018
NB00043456,AC07914622,E00423,ICIC0005678,29457.0,credit,2026-08-01 09:50:00,D01018
NB00043457,AC07914622,E00423,ICIC0005678,28802.0,credit,2026-08-30 09:48:00,D01018
NB00043458,AC07927502,P00224,HDFC0001234,451.97,debit,2026-08-25 22:29:05,D01020
NB00043460,AC07927502,P00281,ICIC0005678,6762.44,debit,2026-07-03 18:23:50,D01019
NB00043489,AC07927502,P00321,HDFC0001234,738.88,debit,2026-08-21 06:07:40,D01019
NB00043492,AC07927502,P00224,SBIN0004321,304.87,debit,2026-07-20 09:47:50,D01019
NB00043497,AC07927502,P00008,ICIC0005678,5488.01,debit,2026-07-12 18:12:26,D01020
NB00043501,AC07927502,P00281,ICIC0005678,2839.09,debit,2026-08-27 10:55:26,D01019
NB00043504,AC07927502,P00008,ICIC0005678,3856.41,debit,2026-08-30 11:33:50,D01019
NB00043505,AC07927502,P00053,HDFC0001234,363.19,debit,2026-08-17 19:12:37,D01019
NB00043516,AC07927502,P00053,ICIC0005678,1095.36,debit,2026-08-22 15:15:43,D01019
NB00043519,AC07927502,P00281,SBIN0004321,23702.81,debit,2026-07-18 08:35:56,D01019
NB00043531,AC07927502,P00321,HDFC0001234,252.62,debit,2026-07-05 17:29:31,D01019
NB00043532,AC07927502,E00418,ICIC0005678,25625.0,credit,2026-07-01 09:38:00,D01019
NB00043533,AC07927502,E00418,SBIN0004321,25120.0,credit,2026-08-01 09:51:00,D01019
NB00043534,AC07927502,E00418,ICIC0005678,25530.0,credit,2026-08-30 09:55:00,D01020
NB00043544,AC07936561,P00044,ICIC0005678,731.44,debit,2026-08-26 13:50:19,D01021
NB00043556,AC07936561,P00044,HDFC0001234,2907.73,debit,2026-08-22 13:31:10,D01021
NB00043557,AC07936561,P00044,SBIN0004321,3059.59,debit,2026-08-16 11:53:34,D01021
NB00043560,AC07936561,P00245,UTIB0000789,4140.72,debit,2026-08-20 09:50:29,D01021
NB00043561,AC07936561,P00169,ICIC0005678,858.89,debit,2026-08-02 13:25:23,D01021
NB00043612,AC07936561,P00245,UTIB0000789,2440.65,debit,2026-09-12 16:46:14,D01021
NB00043620,AC07936561,P00169,HDFC0001234,1707.66,debit,2026-08-16 16:54:12,D01021
NB00043621,AC07936561,P00092,UTIB0000789,560.4,debit,2026-08-17 21:12:39,D01021
NB00043622,AC07936561,E00429,HDFC0001234,20532.0,credit,2026-07-01 09:22:00,D01021
NB00043623,AC07936561,E00429,SBIN0004321,20811.0,credit,2026-08-01 09:55:00,D01021
NB00043624,AC07936561,E00429,ICIC0005678,20161.0,credit,2026-08-30 09:16:00,D01021
NB00043634,AC07943892,P00084,SBIN0004321,2516.63,debit,2026-08-11 08:47:06,D01022
NB00043635,AC07943892,P00207,HDFC0001234,5167.35,debit,2026-09-06 09:30:47,D01022
NB00043648,AC07943892,P00084,ICIC0005678,8587.85,debit,2026-07-19 01:14:16,D01022
NB00043651,AC07943892,P00207,HDFC0001234,6978.47,debit,2026-08-26 19:18:15,D01022
NB00043670,AC07943892,E00411,UTIB0000789,124087.0,credit,2026-07-01 09:00:00,D01022
NB00043671,AC07943892,E00411,ICIC0005678,118470.0,credit,2026-08-02 09:24:00,D01022
NB00043672,AC07943892,E00411,UTIB0000789,121666.0,credit,2026-08-31 09:20:00,D01022
NB00043675,AC07953802,P00200,ICIC0005678,2007.64,debit,2026-09-12 07:26:07,D01023
NB00043687,AC07953802,P00024,UTIB0000789,2283.09,debit,2026-07-26 02:47:44,D01023
NB00043705,AC07953802,P00198,UTIB0000789,4156.49,debit,2026-09-06 09:09:29,D01023
NB00043706,AC07953802,P00286,UTIB0000789,226.39,debit,2026-07-17 19:27:05,D01023
NB00043707,AC07953802,P00198,HDFC0001234,1748.1,debit,2026-08-04 09:32:15,D01023
NB00043720,AC07953802,P00083,SBIN0004321,4186.5,debit,2026-08-10 16:16:07,D01023
NB00043724,AC07953802,P00207,SBIN0004321,1411.02,debit,2026-07-21 19:33:13,D01023
NB00043725,AC07953802,E00440,UTIB0000789,57908.0,credit,2026-07-01 09:33:00,D01023
NB00043726,AC07953802,E00440,SBIN0004321,57502.0,credit,2026-07-31 09:14:00,D01023
NB00043727,AC07953802,E00440,UTIB0000789,47107.0,credit,2026-08-30 09:52:00,D01023
NB00043731,AC07966252,P00385,UTIB0000789,2094.32,debit,2026-09-02 18:13:26,D01024
NB00043737,AC07966252,P00018,ICIC0005678,299.32,debit,2026-07-19 14:54:31,D01024
NB00043738,AC07966252,P00047,ICIC0005678,1584.47,debit,2026-08-26 18:10:39,D01024
NB00043752,AC07966252,P00321,ICIC0005678,361.6,debit,2026-08-08 22:54:18,D01024
NB00043757,AC07966252,E00433,ICIC0005678,32025.0,credit,2026-07-03 09:38:00,D01024
NB00043758,AC07966252,E00433,UTIB0000789,31976.0,credit,2026-08-01 09:58:00,D01024
NB00043759,AC07966252,E00433,ICIC0005678,32399.0,credit,2026-08-30 09:31:00,D01024
NB00043762,AC07972552,P00180,SBIN0004321,13907.65,debit,2026-08-11 11:01:10,D01026
NB00043765,AC07972552,P00298,HDFC0001234,558.92,debit,2026-07-27 16:22:42,D01025
NB00043792,AC07972552,P00180,SBIN0004321,6023.85,debit,2026-07-05 17:43:11,D01025
NB00043801,AC07972552,P00063,UTIB0000789,808.91,debit,2026-09-07 00:35:03,D01025
NB00043802,AC07972552,P00279,SBIN0004321,1205.67,debit,2026-09-11 18:58:26,D01025
NB00043804,AC07972552,P00317,ICIC0005678,2837.6,debit,2026-08-15 13:05:44,D01025
NB00043811,AC07972552,E00409,SBIN0004321,72096.0,credit,2026-07-03 09:19:00,D01025
NB00043812,AC07972552,E00409,UTIB0000789,71879.0,credit,2026-08-02 09:42:00,D01025
NB00043813,AC07972552,E00409,SBIN0004321,71343.0,credit,2026-08-31 09:07:00,D01025
NB00043825,AC07988501,P00313,HDFC0001234,3562.68,debit,2026-08-04 19:57:36,D01027
NB00043829,AC07988501,P00262,UTIB0000789,2785.92,debit,2026-07-12 06:36:52,D01027
NB00043835,AC07988501,P00325,SBIN0004321,6765.56,debit,2026-07-30 14:41:00,D01027
NB00043849,AC07988501,P00041,SBIN0004321,16383.09,debit,2026-08-04 12:54:14,D01027
NB00043858,AC07988501,E00424,ICIC0005678,53787.0,credit,2026-07-01 09:58:00,D01027
NB00043859,AC07988501,E00424,SBIN0004321,53571.0,credit,2026-08-01 09:12:00,D01027
NB00043860,AC07988501,E00424,ICIC0005678,53930.0,credit,2026-08-31 09:29:00,D01027
NB00043863,AC07998823,P00216,SBIN0004321,4540.39,debit,2026-08-05 20:02:16,D01028
NB00043867,AC07998823,P00237,SBIN0004321,1480.02,debit,2026-07-07 09:39:50,D01028
NB00043873,AC07998823,P00062,ICIC0005678,4367.56,debit,2026-08-16 13:43:19,D01028
NB00043881,AC07998823,P00206,SBIN0004321,4519.65,debit,2026-08-07 05:01:32,D01028
NB00043887,AC07998823,P00182,SBIN0004321,9208.21,debit,2026-09-13 14:29:59,D01029
NB00043889,AC07998823,P00062,HDFC0001234,4719.73,debit,2026-07-31 08:42:54,D01028
NB00043899,AC07998823,P00206,UTIB0000789,4720.63,debit,2026-08-04 13:16:32,D01028
NB00043907,AC07998823,P00348,SBIN0004321,2920.83,debit,2026-07-17 20:33:50,D01028
NB00043910,AC07998823,P00206,HDFC0001234,6364.65,debit,2026-07-02 12:27:15,D01028
NB00043922,AC07998823,P00348,HDFC0001234,5407.72,debit,2026-08-07 19:56:40,D01028
NB00043925,AC07998823,P00029,SBIN0004321,6290.27,debit,2026-08-09 19:50:00,D01028
NB00043932,AC07998823,P00371,UTIB0000789,9522.76,debit,2026-09-09 18:48:49,D01029
NB00043939,AC07998823,P00193,ICIC0005678,8925.2,debit,2026-08-29 16:04:32,D01029
NB00043943,AC07998823,E00407,SBIN0004321,104701.0,credit,2026-07-01 09:59:00,D01028
NB00043944,AC07998823,E00407,SBIN0004321,101230.0,credit,2026-07-31 09:02:00,D01029
NB00043945,AC07998823,E00407,ICIC0005678,101045.0,credit,2026-09-01 09:47:00,D01028
NB00043955,AC08001228,P00365,ICIC0005678,3399.81,debit,2026-07-31 08:02:55,D01030
NB00043958,AC08001228,P00365,UTIB0000789,2594.43,debit,2026-07-23 20:14:40,D01030
NB00043959,AC08001228,P00171,HDFC0001234,1498.91,debit,2026-08-28 11:07:29,D01030
NB00043966,AC08001228,P00267,UTIB0000789,468.3,debit,2026-08-06 21:17:58,D01030
NB00043976,AC08001228,E00428,ICIC0005678,17384.0,credit,2026-07-01 09:28:00,D01030
NB00043977,AC08001228,E00428,HDFC0001234,17602.0,credit,2026-07-31 09:51:00,D01030
NB00043978,AC08001228,E00428,ICIC0005678,16943.0,credit,2026-09-01 09:45:00,D01030
NB00043983,AC08019736,P00132,HDFC0001234,4615.75,debit,2026-09-10 16:19:02,D01031
NB00043988,AC08019736,P00194,SBIN0004321,529.13,debit,2026-07-03 12:59:34,D01031
NB00043996,AC08019736,P00277,UTIB0000789,1807.0,debit,2026-09-11 14:06:06,D01031
NB00043999,AC08019736,P00007,SBIN0004321,690.36,debit,2026-07-02 15:07:22,D01031
NB00044001,AC08019736,P00384,ICIC0005678,11607.21,debit,2026-07-07 13:55:26,D01031
NB00044008,AC08019736,P00241,SBIN0004321,855.99,debit,2026-09-06 07:59:40,D01031
NB00044012,AC08019736,P00384,HDFC0001234,4746.55,debit,2026-09-09 19:18:57,D01031
NB00044013,AC08019736,E00431,HDFC0001234,33233.0,credit,2026-07-01 09:10:00,D01031
NB00044014,AC08019736,E00431,SBIN0004321,33740.0,credit,2026-08-01 09:05:00,D01031
NB00044015,AC08019736,E00431,HDFC0001234,33037.0,credit,2026-08-30 09:34:00,D01031
NB00044020,AC08021210,P00080,ICIC0005678,842.62,debit,2026-08-03 19:25:54,D01032
NB00044030,AC08021210,P00279,HDFC0001234,370.64,debit,2026-08-17 08:10:01,D01032
NB00044032,AC08021210,P00388,UTIB0000789,725.19,debit,2026-07-13 21:21:42,D01032
NB00044042,AC08021210,P00222,UTIB0000789,403.85,debit,2026-07-08 13:36:09,D01032
NB00044044,AC08021210,P00370,UTIB0000789,792.13,debit,2026-07-17 09:52:02,D01032
NB00044047,AC08021210,E00421,ICIC0005678,30285.0,credit,2026-07-03 09:29:00,D01032
NB00044048,AC08021210,E00421,SBIN0004321,31156.0,credit,2026-07-31 09:29:00,D01032
NB00044049,AC08021210,E00421,SBIN0004321,30350.0,credit,2026-08-30 09:17:00,D01032
NB00044051,AC08035126,P00058,UTIB0000789,221.67,debit,2026-08-05 06:13:36,D01033
NB00044053,AC08035126,P00356,SBIN0004321,208.81,debit,2026-08-30 08:38:26,D01033
NB00044058,AC08035126,P00164,ICIC0005678,3074.98,debit,2026-09-04 20:30:56,D01033
NB00044069,AC08035126,P00164,ICIC0005678,613.99,debit,2026-08-23 09:14:15,D01033
NB00044084,AC08035126,P00164,ICIC0005678,12308.94,debit,2026-07-01 13:25:01,D01033
NB00044103,AC08035126,E00432,ICIC0005678,13723.0,credit,2026-07-01 09:08:00,D01033
NB00044104,AC08035126,E00432,HDFC0001234,13900.0,credit,2026-08-01 09:56:00,D01033
NB00044105,AC08035126,E00432,HDFC0001234,14147.0,credit,2026-08-31 09:58:00,D01033
NB00044110,AC08047005,P00272,UTIB0000789,2091.16,debit,2026-07-21 13:44:53,D01034
NB00044137,AC08047005,P00236,ICIC0005678,6808.93,debit,2026-07-12 19:07:37,D01034
NB00044146,AC08047005,E00422,UTIB0000789,63821.0,credit,2026-07-02 09:38:00,D01034
NB00044147,AC08047005,E00422,UTIB0000789,64700.0,credit,2026-08-01 09:21:00,D01034
NB00044148,AC08047005,E00422,ICIC0005678,64315.0,credit,2026-08-30 09:30:00,D01034
NB00044162,AC08053942,P00207,HDFC0001234,1262.79,debit,2026-07-13 16:25:51,D01035
NB00044167,AC08053942,P00064,SBIN0004321,921.73,debit,2026-07-21 20:25:46,D01035
NB00044181,AC08053942,P00250,ICIC0005678,478.07,debit,2026-07-15 20:55:01,D01035
NB00044185,AC08053942,P00265,SBIN0004321,2501.0,debit,2026-09-10 15:43:06,D01035
NB00044186,AC08053942,P00207,SBIN0004321,560.62,debit,2026-07-08 13:04:34,D01035
NB00044189,AC08053942,P00016,HDFC0001234,172.11,debit,2026-08-26 16:03:54,D01035
NB00044196,AC08053942,E00418,ICIC0005678,33781.0,credit,2026-07-03 09:05:00,D01035
NB00044197,AC08053942,E00418,UTIB0000789,32657.0,credit,2026-08-01 09:37:00,D01035
NB00044198,AC08053942,E00418,UTIB0000789,33097.0,credit,2026-08-31 09:31:00,D01035
NB00044207,AC08062832,P00224,HDFC0001234,897.72,debit,2026-09-07 20:16:05,D01036
NB00044221,AC08062832,P00233,UTIB0000789,5503.13,debit,2026-09-12 11:43:47,D01036
NB00044223,AC08062832,P00224,ICIC0005678,1185.45,debit,2026-07-09 06:38:47,D01036
NB00044225,AC08062832,P00060,HDFC0001234,1688.66,debit,2026-07-17 15:53:54,D01036
NB00044227,AC08062832,P00233,SBIN0004321,2204.03,debit,2026-08-25 17:38:18,D01036
NB00044247,AC08062832,E00419,HDFC0001234,55281.0,credit,2026-07-03 09:10:00,D01036
NB00044248,AC08062832,E00419,SBIN0004321,47342.0,credit,2026-07-31 09:24:00,D01036
NB00044249,AC08062832,E00419,HDFC0001234,38048.0,credit,2026-08-31 09:38:00,D01036
NB00044252,AC08071427,P00118,SBIN0004321,10681.17,debit,2026-07-11 21:40:18,D01037
NB00044268,AC08071427,P00349,ICIC0005678,1998.92,debit,2026-09-06 09:49:41,D01037
NB00044304,AC08071427,E00403,SBIN0004321,123855.0,credit,2026-07-01 09:54:00,D01037
NB00044305,AC08071427,E00403,UTIB0000789,123420.0,credit,2026-07-31 09:13:00,D01037
NB00044306,AC08071427,E00403,SBIN0004321,125303.0,credit,2026-09-01 09:11:00,D01037
NB00044318,AC08087545,P00194,UTIB0000789,1576.78,debit,2026-08-09 13:39:30,D01038
NB00044329,AC08087545,P00194,HDFC0001234,1052.73,debit,2026-07-20 17:53:48,D01038
NB00044334,AC08087545,P00166,UTIB0000789,921.89,debit,2026-09-02 10:21:41,D01038
NB00044346,AC08087545,P00064,SBIN0004321,3480.82,debit,2026-07-06 19:14:04,D01038
NB00044351,AC08087545,P00011,ICIC0005678,883.98,debit,2026-07-26 10:03:49,D01038
NB00044356,AC08087545,P00347,UTIB0000789,1040.29,debit,2026-09-08 01:35:39,D01038
NB00044357,AC08087545,P00265,ICIC0005678,1812.48,debit,2026-08-27 18:57:21,D01038
NB00044361,AC08087545,P00259,HDFC0001234,6106.39,debit,2026-08-22 12:46:34,D01038
NB00044363,AC08087545,P00199,HDFC0001234,687.99,debit,2026-09-11 17:44:47,D01038
NB00044380,AC08087545,P00199,UTIB0000789,230.26,debit,2026-08-22 01:00:56,D01038
NB00044384,AC08087545,P00290,HDFC0001234,754.56,debit,2026-07-26 17:11:43,D01038
NB00044385,AC08087545,E00402,HDFC0001234,32145.0,credit,2026-07-01 09:18:00,D01038
NB00044386,AC08087545,E00402,HDFC0001234,31915.0,credit,2026-08-02 09:41:00,D01038
NB00044387,AC08087545,E00402,SBIN0004321,31949.0,credit,2026-09-01 09:57:00,D01038
NB00044394,AC08091331,P00066,SBIN0004321,1992.4,debit,2026-07-04 17:36:34,D01039
NB00044397,AC08091331,P00302,ICIC0005678,653.54,debit,2026-09-10 19:27:26,D01039
NB00044411,AC08091331,P00110,HDFC0001234,1677.64,debit,2026-07-17 15:09:05,D01039
NB00044414,AC08091331,P00275,SBIN0004321,2698.99,debit,2026-08-20 03:49:43,D01039
NB00044442,AC08091331,P00124,ICIC0005678,1372.78,debit,2026-07-26 13:04:26,D01039
NB00044448,AC08091331,P00110,UTIB0000789,648.14,debit,2026-07-09 07:32:34,D01039
NB00044451,AC08091331,P00176,UTIB0000789,3928.66,debit,2026-09-07 15:07:44,D01039
NB00044453,AC08091331,P00168,ICIC0005678,2591.31,debit,2026-08-25 17:15:18,D01039
NB00044457,AC08091331,P00066,UTIB0000789,5266.27,debit,2026-08-03 16:42:13,D01039
NB00044460,AC08091331,E00439,HDFC0001234,31425.0,credit,2026-07-03 09:23:00,D01039
NB00044461,AC08091331,E00439,UTIB0000789,31331.0,credit,2026-08-01 09:13:00,D01039
NB00044462,AC08091331,E00439,UTIB0000789,30927.0,credit,2026-08-30 09:17:00,D01039
NB00044480,AC08105357,P00391,UTIB0000789,3074.17,debit,2026-08-07 13:38:45,D01040
NB00044483,AC08105357,P00021,HDFC0001234,6403.33,debit,2026-07-26 16:09:47,D01040
NB00044502,AC08105357,P00264,ICIC0005678,694.99,debit,2026-09-12 18:13:02,D01040
NB00044508,AC08105357,E00406,UTIB0000789,41597.0,credit,2026-07-01 09:52:00,D01040
NB00044509,AC08105357,E00406,ICIC0005678,39920.0,credit,2026-08-01 09:20:00,D01040
NB00044510,AC08105357,E00406,SBIN0004321,39583.0,credit,2026-08-31 09:54:00,D01040
NB00044530,AC08114535,P00305,UTIB0000789,649.04,debit,2026-09-06 15:40:59,D01041
NB00044531,AC08114535,P00222,UTIB0000789,921.77,debit,2026-08-07 10:59:10,D01041
NB00044551,AC08114535,P00022,HDFC0001234,5581.93,debit,2026-08-20 13:40:46,D01041
NB00044553,AC08114535,E00433,HDFC0001234,62290.0,credit,2026-07-02 09:59:00,D01041
NB00044554,AC08114535,E00433,ICIC0005678,61951.0,credit,2026-08-01 09:03:00,D01041
NB00044555,AC08114535,E00433,UTIB0000789,59996.0,credit,2026-08-31 09:10:00,D01041
NB00044558,AC08129708,P00094,SBIN0004321,1629.43,debit,2026-07-24 21:56:11,D01042
NB00044564,AC08129708,P00126,HDFC0001234,1880.68,debit,2026-07-27 10:47:25,D01042
NB00044566,AC08129708,P00387,HDFC0001234,2540.83,debit,2026-07-14 14:26:07,D01042
NB00044568,AC08129708,P00348,SBIN0004321,1583.43,debit,2026-08-01 10:54:59,D01042
NB00044574,AC08129708,P00285,ICIC0005678,2018.75,debit,2026-08-12 14:24:34,D01042
NB00044595,AC08129708,P00387,HDFC0001234,4562.97,debit,2026-07-03 19:00:39,D01042
NB00044601,AC08129708,P00256,ICIC0005678,3562.35,debit,2026-09-06 20:55:26,D01042
NB00044608,AC08129708,P00191,ICIC0005678,18117.6,debit,2026-07-27 19:56:03,D01042
NB00044609,AC08129708,E00439,ICIC0005678,28320.0,credit,2026-07-01 09:00:00,D01042
NB00044610,AC08129708,E00439,SBIN0004321,28747.0,credit,2026-08-01 09:14:00,D01042
NB00044611,AC08129708,E00439,SBIN0004321,28575.0,credit,2026-08-30 09:04:00,D01042
NB00044630,AC08139371,P00215,SBIN0004321,3099.45,debit,2026-08-30 17:18:11,D01043
NB00044642,AC08139371,E00432,SBIN0004321,27377.0,credit,2026-07-01 09:30:00,D01043
NB00044643,AC08139371,E00432,HDFC0001234,27718.0,credit,2026-08-02 09:09:00,D01043
NB00044644,AC08139371,E00432,UTIB0000789,27751.0,credit,2026-08-30 09:56:00,D01043
NB00044648,AC08148356,P00272,ICIC0005678,1373.0,debit,2026-07-25 17:49:22,D01044
NB00044660,AC08148356,P00272,ICIC0005678,1003.24,debit,2026-09-07 22:11:30,D01045
NB00044676,AC08148356,P00356,UTIB0000789,2412.21,debit,2026-07-27 21:42:08,D01044
NB00044685,AC08148356,P00395,UTIB0000789,2811.03,debit,2026-08-19 18:22:00,D01045
NB00044690,AC08148356,E00423,UTIB0000789,65192.0,credit,2026-07-03 09:14:00,D01044
NB00044691,AC08148356,E00423,HDFC0001234,63879.0,credit,2026-08-02 09:29:00,D01044
NB00044692,AC08148356,E00423,HDFC0001234,65345.0,credit,2026-08-30 09:39:00,D01044
NB00044696,AC08157575,P00290,UTIB0000789,1513.02,debit,2026-08-10 16:35:19,D01046
NB00044699,AC08157575,P00371,SBIN0004321,641.33,debit,2026-08-10 13:15:50,D01046
NB00044706,AC08157575,P00173,HDFC0001234,1091.19,debit,2026-09-04 18:49:13,D01046
NB00044707,AC08157575,P00355,UTIB0000789,906.7,debit,2026-09-09 13:39:16,D01046
NB00044716,AC08157575,P00290,ICIC0005678,1022.65,debit,2026-08-20 16:06:06,D01046
NB00044721,AC08157575,P00312,ICIC0005678,1532.09,debit,2026-07-31 16:29:52,D01046
NB00044723,AC08157575,P00290,ICIC0005678,1302.71,debit,2026-07-10 10:50:44,D01046
NB00044724,AC08157575,P00173,SBIN0004321,702.98,debit,2026-07-20 19:14:03,D01046
NB00044740,AC08157575,P00173,SBIN0004321,1405.91,debit,2026-08-22 18:44:59,D01046
NB00044742,AC08157575,P00055,SBIN0004321,4844.53,debit,2026-07-30 13:41:45,D01046
NB00044759,AC08157575,P00400,ICIC0005678,6226.29,debit,2026-07-06 00:34:24,D01046
NB00044771,AC08157575,P00173,SBIN0004321,1651.23,debit,2026-07-07 12:48:16,D01046
NB00044778,AC08157575,P00393,UTIB0000789,1753.3,debit,2026-07-15 08:53:05,D01046
NB00044787,AC08157575,P00151,ICIC0005678,5894.63,debit,2026-08-23 02:47:32,D01046
NB00044791,AC08157575,P00151,UTIB0000789,5588.33,debit,2026-08-03 15:33:44,D01046
NB00044797,AC08157575,P00312,SBIN0004321,1452.97,debit,2026-08-27 00:49:14,D01046
NB00044799,AC08157575,P00290,ICIC0005678,1290.34,debit,2026-08-31 18:01:24,D01046
NB00044802,AC08157575,P00371,SBIN0004321,1788.33,debit,2026-08-10 17:15:00,D01046
NB00044806,AC08157575,E00409,UTIB0000789,45149.0,credit,2026-07-01 09:30:00,D01046
NB00044807,AC08157575,E00409,SBIN0004321,45553.0,credit,2026-07-31 09:09:00,D01046
NB00044808,AC08157575,E00409,SBIN0004321,47070.0,credit,2026-09-01 09:36:00,D01046
NB00044819,AC08165885,P00190,UTIB0000789,160.46,debit,2026-09-07 13:19:57,D01047
NB00044830,AC08165885,P00259,HDFC0001234,5690.41,debit,2026-07-18 22:14:46,D01047
NB00044838,AC08165885,P00184,HDFC0001234,280.49,debit,2026-07-21 17:23:41,D01047
NB00044840,AC08165885,P00219,ICIC0005678,293.51,debit,2026-08-18 20:17:05,D01047
NB00044841,AC08165885,E00436,HDFC0001234,13565.0,credit,2026-07-02 09:16:00,D01047
NB00044842,AC08165885,E00436,ICIC0005678,11685.0,credit,2026-08-02 09:00:00,D01047
NB00044843,AC08165885,E00436,HDFC0001234,9992.0,credit,2026-08-30 09:43:00,D01047
NB00044848,AC08174143,P00026,UTIB0000789,1525.38,debit,2026-08-29 21:50:15,D01048
NB00044858,AC08174143,P00027,UTIB0000789,1525.69,debit,2026-09-02 15:36:35,D01048
NB00044868,AC08174143,P00115,UTIB0000789,1045.89,debit,2026-08-02 22:42:51,D01048
NB00044871,AC08174143,P00065,ICIC0005678,2696.91,debit,2026-08-16 20:06:49,D01049
NB00044880,AC08174143,P00045,HDFC0001234,5622.4,debit,2026-08-29 13:29:51,D01048
NB00044888,AC08174143,P00349,ICIC0005678,370.08,debit,2026-08-10 10:50:17,D01048
NB00044889,AC08174143,P00065,HDFC0001234,813.15,debit,2026-07-29 12:08:10,D01048
NB00044892,AC08174143,E00420,HDFC0001234,20643.0,credit,2026-07-03 09:30:00,D01048
NB00044893,AC08174143,E00420,ICIC0005678,20818.0,credit,2026-08-02 09:13:00,D01049
NB00044894,AC08174143,E00420,UTIB0000789,20594.0,credit,2026-09-01 09:29:00,D01049
NB00044898,AC08182499,P00245,SBIN0004321,5957.22,debit,2026-09-04 16:05:55,D01050
NB00044900,AC08182499,P00014,ICIC0005678,4189.15,debit,2026-07-10 13:42:46,D01050
NB00044903,AC08182499,P00135,HDFC0001234,3624.01,debit,2026-08-05 03:29:14,D01050
NB00044910,AC08182499,P00321,SBIN0004321,3886.62,debit,2026-08-21 20:48:02,D01050
NB00044918,AC08182499,E00436,UTIB0000789,80108.0,credit,2026-07-02 09:17:00,D01050
NB00044919,AC08182499,E00436,ICIC0005678,78999.0,credit,2026-07-31 09:56:00,D01050
NB00044920,AC08182499,E00436,HDFC0001234,79622.0,credit,2026-08-30 09:51:00,D01050
NB00044927,AC08199711,P00131,UTIB0000789,2745.53,debit,2026-08-25 09:59:14,D01051
NB00044930,AC08199711,P00018,SBIN0004321,2754.53,debit,2026-09-04 11:40:40,D01051
NB00044933,AC08199711,P00187,HDFC0001234,1534.69,debit,2026-09-02 11:57:45,D01051
NB00044960,AC08199711,P00153,UTIB0000789,763.9,debit,2026-08-22 17:17:30,D01051
NB00044961,AC08199711,P00247,SBIN0004321,1499.99,debit,2026-07-16 15:42:45,D01051
NB00044962,AC08199711,P00131,SBIN0004321,951.38,debit,2026-07-31 08:44:52,D01051
NB00044970,AC08199711,E00441,SBIN0004321,47014.0,credit,2026-07-03 09:34:00,D01051
NB00044971,AC08199711,E00441,HDFC0001234,47062.0,credit,2026-07-31 09:52:00,D01051
NB00044972,AC08199711,E00441,HDFC0001234,35407.0,credit,2026-09-01 09:19:00,D01051
NB00044990,AC08204463,P00189,HDFC0001234,943.08,debit,2026-08-04 17:45:05,D01053
NB00044999,AC08204463,P00307,SBIN0004321,2043.23,debit,2026-08-11 09:28:27,D01053
NB00045008,AC08204463,P00318,ICIC0005678,7228.07,debit,2026-09-02 17:12:48,D01053
NB00045016,AC08204463,P00056,ICIC0005678,295.79,debit,2026-09-04 13:56:17,D01053
NB00045021,AC08204463,P00189,SBIN0004321,269.36,debit,2026-08-14 06:14:30,D01053
NB00045029,AC08204463,P00234,ICIC0005678,1170.11,debit,2026-07-28 14:27:55,D01053
NB00045031,AC08204463,P00023,HDFC0001234,4220.76,debit,2026-08-29 10:40:09,D01053
NB00045036,AC08204463,P00063,HDFC0001234,266.67,debit,2026-08-09 10:28:25,D01053
NB00045039,AC08204463,E00431,UTIB0000789,26342.0,credit,2026-07-03 09:02:00,D01053
NB00045040,AC08204463,E00431,ICIC0005678,26039.0,credit,2026-08-02 09:38:00,D01053
NB00045041,AC08204463,E00431,HDFC0001234,19189.0,credit,2026-08-31 09:38:00,D01053
NB00045070,AC08214858,P00215,UTIB0000789,3582.95,debit,2026-07-09 14:39:19,D01054
NB00045080,AC08214858,P00074,HDFC0001234,9360.44,debit,2026-08-13 19:40:01,D01054
NB00045095,AC08214858,E00407,UTIB0000789,34364.0,credit,2026-07-02 09:10:00,D01054
NB00045096,AC08214858,E00407,UTIB0000789,34717.0,credit,2026-08-02 09:24:00,D01054
NB00045097,AC08214858,E00407,ICIC0005678,34655.0,credit,2026-08-31 09:13:00,D01054
NB00045099,AC08222270,P00021,HDFC0001234,2357.15,debit,2026-07-19 13:36:12,D01055
NB00045103,AC08222270,P00328,UTIB0000789,1834.98,debit,2026-09-12 16:34:04,D01055
NB00045112,AC08222270,P00091,UTIB0000789,1635.88,debit,2026-09-04 23:54:11,D01055
NB00045113,AC08222270,P00091,UTIB0000789,2176.83,debit,2026-07-02 21:29:58,D01055
NB00045124,AC08222270,P00021,ICIC0005678,3117.07,debit,2026-07-05 15:01:51,D01055
NB00045131,AC08222270,E00441,ICIC0005678,38672.0,credit,2026-07-01 09:22:00,D01055
NB00045132,AC08222270,E00441,UTIB0000789,37476.0,credit,2026-07-31 09:14:00,D01055
NB00045133,AC08222270,E00441,ICIC0005678,39132.0,credit,2026-09-01 09:17:00,D01055
NB00045165,AC08233490,P00318,HDFC0001234,6857.04,debit,2026-07-09 20:36:17,D01056
NB00045168,AC08233490,P00274,ICIC0005678,2870.37,debit,2026-09-07 20:38:53,D01056
NB00045179,AC08233490,P00148,HDFC0001234,4319.93,debit,2026-08-12 18:17:21,D01056
NB00045183,AC08233490,P00318,HDFC0001234,9397.36,debit,2026-08-20 11:14:32,D01056
NB00045184,AC08233490,E00410,ICIC0005678,56341.0,credit,2026-07-01 09:19:00,D01056
NB00045185,AC08233490,E00410,UTIB0000789,46437.0,credit,2026-07-31 09:45:00,D01056
NB00045186,AC08233490,E00410,HDFC0001234,37716.0,credit,2026-08-30 09:49:00,D01056
NB00045201,AC08246710,P00050,UTIB0000789,3964.46,debit,2026-08-22 12:57:51,D01057
NB00045210,AC08246710,P00046,HDFC0001234,671.1,debit,2026-07-09 15:21:51,D01057
NB00045214,AC08246710,P00222,UTIB0000789,409.61,debit,2026-08-03 13:56:45,D01057
NB00045230,AC08246710,P00380,SBIN0004321,731.54,debit,2026-09-04 11:15:08,D01057
NB00045235,AC08246710,E00414,UTIB0000789,19598.0,credit,2026-07-03 09:25:00,D01057
NB00045236,AC08246710,E00414,UTIB0000789,16174.0,credit,2026-07-31 09:43:00,D01057
NB00045237,AC08246710,E00414,HDFC0001234,12996.0,credit,2026-09-01 09:24:00,D01057
NB00045242,AC08254836,P00009,HDFC0001234,682.4,debit,2026-08-09 18:18:07,D01059
NB00045245,AC08254836,P00019,UTIB0000789,112.95,debit,2026-09-13 17:09:50,D01058
NB00045270,AC08254836,P00230,HDFC0001234,270.59,debit,2026-09-08 01:12:40,D01058
NB00045290,AC08254836,P00019,UTIB0000789,702.01,debit,2026-07-06 12:56:54,D01058
NB00045306,AC08254836,E00418,ICIC0005678,24315.0,credit,2026-07-02 09:07:00,D01058
NB00045307,AC08254836,E00418,SBIN0004321,25098.0,credit,2026-08-01 09:55:00,D01058
NB00045308,AC08254836,E00418,ICIC0005678,25578.0,credit,2026-08-30 09:29:00,D01058
NB00045310,AC08266272,P00297,ICIC0005678,7510.63,debit,2026-07-22 17:11:54,D01060
NB00045335,AC08266272,P00366,SBIN0004321,1043.3,debit,2026-08-25 17:18:16,D01060
NB00045336,AC08266272,P00013,UTIB0000789,2644.92,debit,2026-07-13 08:52:22,D01060
NB00045344,AC08266272,P00282,UTIB0000789,2345.96,debit,2026-09-06 20:32:54,D01060
NB00045345,AC08266272,E00423,SBIN0004321,42749.0,credit,2026-07-02 09:35:00,D01060
NB00045346,AC08266272,E00423,HDFC0001234,43422.0,credit,2026-08-01 09:38:00,D01060
NB00045347,AC08266272,E00423,HDFC0001234,43372.0,credit,2026-09-01 09:08:00,D01060
NB00045354,AC08272903,P00294,SBIN0004321,2705.38,debit,2026-09-08 18:40:48,D01061
NB00045357,AC08272903,P00379,HDFC0001234,376.23,debit,2026-09-09 16:16:34,D01061
NB00045362,AC08272903,P00019,UTIB0000789,432.36,debit,2026-08-04 23:40:35,D01061
NB00045367,AC08272903,P00268,SBIN0004321,906.16,debit,2026-07-27 17:43:13,D01061
NB00045371,AC08272903,P00234,HDFC0001234,3653.59,debit,2026-07-23 06:31:54,D01061
NB00045376,AC08272903,P00137,ICIC0005678,603.76,debit,2026-08-03 07:11:56,D01061
NB00045377,AC08272903,P00137,SBIN0004321,1203.67,debit,2026-07-19 12:07:44,D01061
NB00045393,AC08272903,P00172,HDFC0001234,1970.87,debit,2026-08-19 19:28:31,D01061
NB00045400,AC08272903,E00418,UTIB0000789,37140.0,credit,2026-07-03 09:47:00,D01061
NB00045401,AC08272903,E00418,SBIN0004321,37323.0,credit,2026-08-02 09:41:00,D01061
NB00045402,AC08272903,E00418,SBIN0004321,36330.0,credit,2026-08-31 09:22:00,D01061
NB00045403,AC08281738,P00310,SBIN0004321,2624.23,debit,2026-08-14 16:48:47,D01063
NB00045405,AC08281738,P00112,HDFC0001234,1621.51,debit,2026-08-10 15:33:29,D01062
NB00045407,AC08281738,P00007,ICIC0005678,445.75,debit,2026-07-06 14:36:37,D01062
NB00045411,AC08281738,P00029,SBIN0004321,540.81,debit,2026-07-27 07:15:38,D01062
NB00045414,AC08281738,P00112,SBIN0004321,3552.52,debit,2026-07-06 19:21:07,D01062
NB00045431,AC08281738,P00380,HDFC0001234,1393.45,debit,2026-07-21 13:46:44,D01062
NB00045435,AC08281738,P00380,UTIB0000789,672.3,debit,2026-08-10 09:25:12,D01062
NB00045438,AC08281738,P00042,HDFC0001234,5366.59,debit,2026-07-20 11:47:54,D01062
NB00045442,AC08281738,P00380,ICIC0005678,2031.42,debit,2026-07-01 12:22:54,D01063
NB00045443,AC08281738,P00380,HDFC0001234,4586.1,debit,2026-09-02 14:35:18,D01062
NB00045446,AC08281738,E00418,SBIN0004321,51282.0,credit,2026-07-03 09:06:00,D01062
NB00045447,AC08281738,E00418,HDFC0001234,51260.0,credit,2026-07-31 09:18:00,D01062
NB00045448,AC08281738,E00418,HDFC0001234,49628.0,credit,2026-08-31 09:09:00,D01062
NB00045453,AC08298969,P00029,ICIC0005678,1154.32,debit,2026-08-29 13:51:52,D01064
NB00045461,AC08298969,P00057,SBIN0004321,456.69,debit,2026-08-10 07:34:46,D01064
NB00045475,AC08298969,P00029,UTIB0000789,560.08,debit,2026-08-22 09:13:51,D01064
NB00045480,AC08298969,P00057,UTIB0000789,1034.8,debit,2026-09-10 13:35:36,D01064
NB00045482,AC08298969,P00339,UTIB0000789,287.65,debit,2026-07-11 21:06:44,D01064
NB00045484,AC08298969,P00298,UTIB0000789,763.15,debit,2026-07-23 17:40:31,D01064
NB00045508,AC08298969,E00402,SBIN0004321,20715.0,credit,2026-07-01 09:41:00,D01064
NB00045509,AC08298969,E00402,HDFC0001234,20186.0,credit,2026-08-01 09:06:00,D01064
NB00045510,AC08298969,E00402,UTIB0000789,20447.0,credit,2026-08-30 09:48:00,D01064
NB00045511,AC08304887,P00274,ICIC0005678,1721.83,debit,2026-09-10 19:17:29,D01065
NB00045519,AC08304887,P00360,HDFC0001234,810.98,debit,2026-07-30 09:44:52,D01065
NB00045521,AC08304887,P00163,ICIC0005678,2150.82,debit,2026-08-07 13:08:48,D01065
NB00045523,AC08304887,P00156,SBIN0004321,2446.91,debit,2026-07-29 11:18:37,D01065
NB00045528,AC08304887,P00158,SBIN0004321,7495.57,debit,2026-08-31 06:07:56,D01065
NB00045554,AC08304887,E00402,ICIC0005678,46176.0,credit,2026-07-03 09:05:00,D01065
NB00045555,AC08304887,E00402,ICIC0005678,45455.0,credit,2026-08-02 09:25:00,D01065
NB00045556,AC08304887,E00402,SBIN0004321,46151.0,credit,2026-08-31 09:49:00,D01065
NB00045559,AC08314250,P00239,HDFC0001234,1192.36,debit,2026-08-30 17:08:08,D01066
NB00045561,AC08314250,P00056,SBIN0004321,720.12,debit,2026-07-17 17:42:47,D01066
NB00045587,AC08314250,P00150,UTIB0000789,3421.11,debit,2026-07-26 08:08:19,D01066
NB00045590,AC08314250,P00132,ICIC0005678,2469.28,debit,2026-09-04 06:43:24,D01066
NB00045595,AC08314250,P00132,SBIN0004321,1305.98,debit,2026-07-23 20:59:32,D01066
NB00045596,AC08314250,P00132,ICIC0005678,5702.49,debit,2026-08-01 08:45:13,D01066
NB00045603,AC08314250,E00438,UTIB0000789,66878.0,credit,2026-07-01 09:11:00,D01066
NB00045604,AC08314250,E00438,ICIC0005678,63871.0,credit,2026-07-31 09:22:00,D01066
NB00045605,AC08314250,E00438,SBIN0004321,63457.0,credit,2026-08-31 09:14:00,D01066
NB00045628,AC08323574,P00341,SBIN0004321,400.79,debit,2026-07-09 18:03:55,D01068
NB00045637,AC08323574,P00053,ICIC0005678,2549.63,debit,2026-08-30 08:54:25,D01067
NB00045647,AC08323574,P00341,UTIB0000789,1048.15,debit,2026-08-14 15:00:53,D01067
NB00045654,AC08323574,E00441,ICIC0005678,49345.0,credit,2026-07-03 09:10:00,D01068
NB00045655,AC08323574,E00441,HDFC0001234,49375.0,credit,2026-08-02 09:02:00,D01067
NB00045656,AC08323574,E00441,UTIB0000789,48687.0,credit,2026-08-30 09:11:00,D01067
NB00045657,AC08336921,P00183,UTIB0000789,934.04,debit,2026-08-03 18:41:58,D01069
NB00045660,AC08336921,P00344,UTIB0000789,3890.72,debit,2026-09-01 21:34:30,D01069
NB00045662,AC08336921,P00183,SBIN0004321,2968.25,debit,2026-07-31 17:52:09,D01069
NB00045667,AC08336921,P00289,SBIN0004321,2311.84,debit,2026-08-22 17:33:13,D01069
NB00045672,AC08336921,P00174,SBIN0004321,1109.71,debit,2026-07-26 12:58:42,D01069
NB00045692,AC08336921,P00365,UTIB0000789,1839.16,debit,2026-08-14 17:55:17,D01069
NB00045693,AC08336921,P00183,SBIN0004321,2333.45,debit,2026-07-06 16:46:40,D01069
NB00045698,AC08336921,E00422,HDFC0001234,40939.0,credit,2026-07-03 09:47:00,D01069
NB00045699,AC08336921,E00422,ICIC0005678,41245.0,credit,2026-07-31 09:44:00,D01069
NB00045700,AC08336921,E00422,SBIN0004321,41234.0,credit,2026-09-01 09:37:00,D01069
NB00045711,AC08346067,P00306,HDFC0001234,807.91,debit,2026-09-12 20:22:40,D01070
NB00045727,AC08346067,P00310,SBIN0004321,737.44,debit,2026-08-20 13:35:31,D01070
NB00045732,AC08346067,P00109,HDFC0001234,2222.39,debit,2026-07-02 16:46:41,D01070
NB00045741,AC08346067,P00209,SBIN0004321,363.48,debit,2026-07-17 16:42:42,D01070
NB00045750,AC08346067,P00186,UTIB0000789,1441.07,debit,2026-08-19 11:44:41,D01070
NB00045753,AC08346067,P00272,ICIC0005678,1282.52,debit,2026-09-04 09:09:27,D01070
NB00045755,AC08346067,P00139,HDFC0001234,2693.28,debit,2026-08-22 22:07:20,D01070
NB00045757,AC08346067,E00415,ICIC0005678,36035.0,credit,2026-07-03 09:49:00,D01070
NB00045758,AC08346067,E00415,ICIC0005678,36719.0,credit,2026-08-02 09:27:00,D01070
NB00045759,AC08346067,E00415,UTIB0000789,36012.0,credit,2026-09-01 09:07:00,D01070
NB00045772,AC08354501,P00034,HDFC0001234,297.51,debit,2026-07-18 16:15:19,D01071
NB00045776,AC08354501,P00377,SBIN0004321,7278.96,debit,2026-08-26 11:01:54,D01071
NB00045790,AC08354501,P00034,UTIB0000789,499.16,debit,2026-08-22 20:10:28,D01071
NB00045791,AC08354501,E00437,SBIN0004321,25091.0,credit,2026-07-03 09:34:00,D01071
NB00045792,AC08354501,E00437,ICIC0005678,25075.0,credit,2026-07-31 09:57:00,D01071
NB00045793,AC08354501,E00437,ICIC0005678,24678.0,credit,2026-08-31 09:49:00,D01071
NB00045806,AC08369377,P00167,HDFC0001234,372.67,debit,2026-08-25 23:05:07,D01073
NB00045807,AC08369377,P00046,SBIN0004321,1494.28,debit,2026-08-14 19:20:51,D01072
NB00045819,AC08369377,P00363,UTIB0000789,2414.26,debit,2026-08-19 17:32:47,D01072
NB00045826,AC08369377,P00010,UTIB0000789,391.12,debit,2026-07-11 07:20:02,D01072
NB00045832,AC08369377,P00042,HDFC0001234,4755.27,debit,2026-08-03 10:55:04,D01072
NB00045837,AC08369377,P00001,HDFC0001234,2639.59,debit,2026-09-13 14:09:34,D01072
NB00045860,AC08369377,E00434,UTIB0000789,36291.0,credit,2026-07-03 09:00:00,D01073
NB00045861,AC08369377,E00434,UTIB0000789,37930.0,credit,2026-07-31 09:28:00,D01072
NB00045862,AC08369377,E00434,ICIC0005678,36209.0,credit,2026-08-31 09:38:00,D01072
NB00045869,AC08379114,P00394,HDFC0001234,746.32,debit,2026-09-13 19:58:41,D01074
NB00045880,AC08379114,P00127,HDFC0001234,2730.1,debit,2026-09-13 17:05:08,D01074
NB00045903,AC08379114,E00407,UTIB0000789,71696.0,credit,2026-07-02 09:09:00,D01074
NB00045904,AC08379114,E00407,HDFC0001234,71920.0,credit,2026-08-02 09:47:00,D01074
NB00045905,AC08379114,E00407,ICIC0005678,71242.0,credit,2026-09-01 09:11:00,D01074
NB00045913,AC08382786,P00308,SBIN0004321,161.84,debit,2026-09-04 12:29:49,D01076
NB00045915,AC08382786,P00351,HDFC0001234,436.89,debit,2026-09-08 15:43:59,D01076
NB00045917,AC08382786,P00281,HDFC0001234,7724.52,debit,2026-08-20 17:33:10,D01076
NB00045942,AC08382786,E00434,ICIC0005678,36161.0,credit,2026-07-03 09:29:00,D01076
NB00045943,AC08382786,E00434,SBIN0004321,35977.0,credit,2026-07-31 09:34:00,D01076
NB00045944,AC08382786,E00434,UTIB0000789,35333.0,credit,2026-08-31 09:50:00,D01076
NB00045952,AC08396780,P00342,HDFC0001234,4101.27,debit,2026-07-31 07:36:46,D01078
NB00045955,AC08396780,P00012,SBIN0004321,3117.53,debit,2026-09-08 07:25:35,D01078
NB00045960,AC08396780,P00137,ICIC0005678,523.97,debit,2026-09-01 17:36:12,D01078
NB00045975,AC08396780,P00206,UTIB0000789,1240.31,debit,2026-07-15 13:22:15,D01078
NB00045988,AC08396780,P00206,UTIB0000789,920.53,debit,2026-08-16 10:17:13,D01078
NB00045992,AC08396780,E00423,UTIB0000789,24596.0,credit,2026-07-02 09:20:00,D01078
NB00045993,AC08396780,E00423,ICIC0005678,24201.0,credit,2026-08-01 09:04:00,D01078
NB00045994,AC08396780,E00423,UTIB0000789,25037.0,credit,2026-08-30 09:33:00,D01078
NB00045997,AC08409714,P00256,SBIN0004321,1133.65,debit,2026-07-31 09:46:47,D01079
NB00046006,AC08409714,P00400,ICIC0005678,1913.12,debit,2026-08-29 11:19:42,D01079
NB00046011,AC08409714,P00137,ICIC0005678,743.53,debit,2026-07-01 18:01:29,D01079
NB00046032,AC08409714,P00118,SBIN0004321,1110.24,debit,2026-08-15 17:54:15,D01079
NB00046036,AC08409714,P00206,SBIN0004321,914.6,debit,2026-08-08 14:55:37,D01079
NB00046038,AC08409714,P00054,SBIN0004321,2528.19,debit,2026-07-28 20:46:59,D01079
NB00046049,AC08409714,E00422,HDFC0001234,29891.0,credit,2026-07-01 09:14:00,D01079
NB00046050,AC08409714,E00422,UTIB0000789,29388.0,credit,2026-08-01 09:16:00,D01079
NB00046051,AC08409714,E00422,SBIN0004321,29852.0,credit,2026-08-30 09:15:00,D01079
NB00046056,AC08415393,P00350,ICIC0005678,1555.97,debit,2026-07-21 06:10:13,D01080
NB00046065,AC08415393,P00218,SBIN0004321,751.71,debit,2026-08-02 22:49:11,D01080
NB00046067,AC08415393,P00028,HDFC0001234,872.08,debit,2026-08-23 06:23:34,D01080
NB00046076,AC08415393,P00261,HDFC0001234,1092.72,debit,2026-08-12 14:25:30,D01080
NB00046081,AC08415393,P00062,HDFC0001234,1305.91,debit,2026-07-27 16:57:25,D01080
NB00046094,AC08415393,P00356,HDFC0001234,1516.45,debit,2026-07-26 10:03:33,D01080
NB00046110,AC08415393,E00436,ICIC0005678,41417.0,credit,2026-07-02 09:53:00,D01080
NB00046111,AC08415393,E00436,ICIC0005678,42162.0,credit,2026-07-31 09:35:00,D01080
NB00046112,AC08415393,E00436,SBIN0004321,41858.0,credit,2026-08-30 09:28:00,D01080
NB00046116,AC08421271,P00080,SBIN0004321,607.26,debit,2026-08-06 21:15:16,D01081
NB00046155,AC08421271,E00432,HDFC0001234,31109.0,credit,2026-07-03 09:22:00,D01081
NB00046156,AC08421271,E00432,ICIC0005678,31103.0,credit,2026-07-31 09:14:00,D01081
NB00046157,AC08421271,E00432,UTIB0000789,32651.0,credit,2026-08-30 09:44:00,D01081
NB00046182,AC08432189,P00172,ICIC0005678,2828.22,debit,2026-08-05 18:43:40,D01082
NB00046192,AC08432189,E00437,HDFC0001234,48466.0,credit,2026-07-01 09:57:00,D01082
NB00046193,AC08432189,E00437,UTIB0000789,48087.0,credit,2026-08-01 09:51:00,D01082
NB00046194,AC08432189,E00437,SBIN0004321,47961.0,credit,2026-08-31 09:47:00,D01082
NB00046205,AC08447008,P00204,ICIC0005678,8493.11,debit,2026-09-02 18:30:34,D01083
NB00046209,AC08447008,P00207,HDFC0001234,1254.63,debit,2026-09-02 07:43:17,D01083
NB00046212,AC08447008,P00050,ICIC0005678,3224.06,debit,2026-07-14 19:20:20,D01083
NB00046226,AC08447008,P00277,ICIC0005678,4534.32,debit,2026-08-15 16:41:04,D01083
NB00046243,AC08447008,E00405,HDFC0001234,49749.0,credit,2026-07-01 09:58:00,D01083
NB00046244,AC08447008,E00405,UTIB0000789,48927.0,credit,2026-08-01 09:47:00,D01083
NB00046245,AC08447008,E00405,UTIB0000789,48589.0,credit,2026-09-01 09:26:00,D01083
NB00046246,AC08459116,P00073,ICIC0005678,3641.41,debit,2026-08-19 12:48:37,D01084
NB00046248,AC08459116,P00054,UTIB0000789,4708.14,debit,2026-08-22 19:58:00,D01084
NB00046267,AC08459116,P00326,ICIC0005678,896.07,debit,2026-07-12 10:24:27,D01084
NB00046269,AC08459116,E00429,SBIN0004321,59271.0,credit,2026-07-02 09:17:00,D01084
NB00046270,AC08459116,E00429,HDFC0001234,59264.0,credit,2026-08-01 09:02:00,D01084
NB00046271,AC08459116,E00429,HDFC0001234,58929.0,credit,2026-08-31 09:02:00,D01084
NB00046277,AC08462155,P00248,SBIN0004321,11255.28,debit,2026-07-18 10:01:48,D01085
NB00046278,AC08462155,P00128,SBIN0004321,2548.45,debit,2026-08-21 17:13:36,D01085
NB00046288,AC08462155,P00128,SBIN0004321,2967.11,debit,2026-09-04 08:13:25,D01085
NB00046294,AC08462155,P00247,SBIN0004321,2766.07,debit,2026-07-01 00:47:15,D01085
NB00046298,AC08462155,P00356,UTIB0000789,1123.88,debit,2026-08-29 07:28:14,D01085
NB00046302,AC08462155,P00356,SBIN0004321,1206.21,debit,2026-07-18 09:54:12,D01085
NB00046306,AC08462155,P00292,UTIB0000789,3553.53,debit,2026-07-05 15:45:28,D01085
NB00046310,AC08462155,P00188,SBIN0004321,819.89,debit,2026-08-10 17:57:24,D01085
NB00046321,AC08462155,P00188,HDFC0001234,2744.12,debit,2026-07-31 08:17:20,D01085
NB00046322,AC08462155,E00406,SBIN0004321,76365.0,credit,2026-07-02 09:17:00,D01085
NB00046323,AC08462155,E00406,UTIB0000789,76946.0,credit,2026-08-02 09:12:00,D01085
NB00046324,AC08462155,E00406,SBIN0004321,76855.0,credit,2026-08-30 09:48:00,D01085
NB00046325,AC08475920,P00191,UTIB0000789,14131.31,debit,2026-08-12 13:06:50,D01086
NB00046330,AC08475920,P00176,UTIB0000789,5369.93,debit,2026-09-03 14:26:12,D01087
NB00046343,AC08475920,P00055,UTIB0000789,12068.23,debit,2026-09-08 09:53:46,D01087
NB00046344,AC08475920,P00292,UTIB0000789,4932.19,debit,2026-08-11 18:56:31,D01086
NB00046345,AC08475920,P00187,SBIN0004321,5953.1,debit,2026-09-09 22:20:27,D01086
NB00046348,AC08475920,P00292,ICIC0005678,3576.8,debit,2026-08-15 11:35:10,D01086
NB00046351,AC08475920,P00187,SBIN0004321,11629.94,debit,2026-08-03 05:42:30,D01087
NB00046354,AC08475920,P00144,HDFC0001234,1782.17,debit,2026-07-18 13:38:00,D01086
NB00046359,AC08475920,P00005,SBIN0004321,1292.74,debit,2026-07-20 17:48:22,D01087
NB00046381,AC08475920,E00439,ICIC0005678,61930.0,credit,2026-07-03 09:30:00,D01087
NB00046382,AC08475920,E00439,ICIC0005678,62759.0,credit,2026-08-01 09:11:00,D01086
NB00046383,AC08475920,E00439,ICIC0005678,64587.0,credit,2026-08-31 09:41:00,D01086
NB00046388,AC08485471,P00360,ICIC0005678,2280.15,debit,2026-08-13 20:59:07,D01089
NB00046408,AC08485471,P00386,SBIN0004321,519.12,debit,2026-07-15 08:17:56,D01089
NB00046413,AC08485471,P00029,HDFC0001234,1169.13,debit,2026-07-22 16:47:42,D01088
NB00046430,AC08485471,E00441,UTIB0000789,24275.0,credit,2026-07-01 09:52:00,D01088
NB00046431,AC08485471,E00441,HDFC0001234,24493.0,credit,2026-08-02 09:01:00,D01088
NB00046432,AC08485471,E00441,ICIC0005678,23597.0,credit,2026-08-31 09:28:00,D01088
NB00046476,AC08493565,P00035,SBIN0004321,678.67,debit,2026-07-05 15:44:25,D01090
NB00046481,AC08493565,P00035,HDFC0001234,685.66,debit,2026-07-26 19:42:30,D01090
NB00046482,AC08493565,E00403,HDFC0001234,24283.0,credit,2026-07-01 09:15:00,D01090
NB00046483,AC08493565,E00403,SBIN0004321,19758.0,credit,2026-08-01 09:06:00,D01090
NB00046484,AC08493565,E00403,SBIN0004321,14841.0,credit,2026-08-30 09:14:00,D01090
NB00046487,AC08506684,P00338,ICIC0005678,7245.29,debit,2026-09-02 11:27:29,D01092
NB00046490,AC08506684,P00126,SBIN0004321,1607.51,debit,2026-08-22 13:02:09,D01092
NB00046492,AC08506684,P00168,HDFC0001234,881.36,debit,2026-07-01 16:06:50,D01092
NB00046497,AC08506684,P00035,ICIC0005678,474.48,debit,2026-08-21 19:58:16,D01092
NB00046500,AC08506684,P00180,HDFC0001234,2312.16,debit,2026-08-13 19:30:25,D01092
NB00046501,AC08506684,P00263,UTIB0000789,1188.53,debit,2026-08-10 19:00:53,D01092
NB00046511,AC08506684,P00346,SBIN0004321,1414.24,debit,2026-07-22 15:39:45,D01092
NB00046516,AC08506684,P00345,HDFC0001234,3507.55,debit,2026-08-31 13:44:26,D01092
NB00046520,AC08506684,P00345,UTIB0000789,4703.1,debit,2026-09-06 17:59:23,D01092
NB00046529,AC08506684,P00035,ICIC0005678,1203.64,debit,2026-08-25 12:30:50,D01092
NB00046532,AC08506684,E00438,HDFC0001234,36412.0,credit,2026-07-03 09:42:00,D01092
NB00046533,AC08506684,E00438,ICIC0005678,36995.0,credit,2026-07-31 09:43:00,D01092
NB00046534,AC08506684,E00438,HDFC0001234,36866.0,credit,2026-08-30 09:54:00,D01092
NB00046539,AC08518900,P00284,SBIN0004321,2996.33,debit,2026-08-03 09:56:13,D01093
NB00046547,AC08518900,P00005,ICIC0005678,1285.53,debit,2026-07-20 19:19:02,D01093
NB00046550,AC08518900,P00391,SBIN0004321,2304.78,debit,2026-08-15 04:52:04,D01093
NB00046553,AC08518900,P00391,SBIN0004321,1003.25,debit,2026-08-20 18:28:57,D01093
NB00046573,AC08518900,E00434,SBIN0004321,29496.0,credit,2026-07-02 09:45:00,D01093
NB00046574,AC08518900,E00434,ICIC0005678,30244.0,credit,2026-08-02 09:10:00,D01093
NB00046575,AC08518900,E00434,ICIC0005678,30697.0,credit,2026-08-31 09:46:00,D01093
NB00046577,AC08523152,P00024,SBIN0004321,485.32,debit,2026-07-10 14:01:58,D01094
NB00046581,AC08523152,P00307,HDFC0001234,325.91,debit,2026-08-14 17:48:32,D01094
NB00046583,AC08523152,P00130,SBIN0004321,1250.16,debit,2026-08-23 17:45:51,D01094
NB00046591,AC08523152,P00150,SBIN0004321,1722.63,debit,2026-08-15 21:12:28,D01094
NB00046595,AC08523152,P00216,HDFC0001234,1831.85,debit,2026-07-28 15:48:29,D01094
NB00046604,AC08523152,P00320,ICIC0005678,1460.66,debit,2026-07-21 19:19:20,D01094
NB00046606,AC08523152,P00199,ICIC0005678,296.54,debit,2026-07-18 14:14:51,D01094
NB00046640,AC08523152,E00438,ICIC0005678,21651.0,credit,2026-07-02 09:31:00,D01094
NB00046641,AC08523152,E00438,UTIB0000789,19030.0,credit,2026-08-01 09:19:00,D01094
NB00046642,AC08523152,E00438,SBIN0004321,17060.0,credit,2026-08-30 09:43:00,D01094
NB00046645,AC08531489,P00353,HDFC0001234,2990.83,debit,2026-07-24 19:12:46,D01095
NB00046661,AC08531489,P00225,ICIC0005678,3478.17,debit,2026-07-04 01:47:00,D01095
NB00046662,AC08531489,P00353,SBIN0004321,7860.15,debit,2026-07-07 14:41:13,D01095
NB00046693,AC08531489,P00092,UTIB0000789,1261.46,debit,2026-08-03 07:35:07,D01095
NB00046697,AC08531489,P00160,HDFC0001234,12445.63,debit,2026-07-25 00:02:32,D01095
NB00046698,AC08531489,P00077,UTIB0000789,158.66,debit,2026-07-23 19:59:43,D01095
NB00046722,AC08531489,P00139,HDFC0001234,2107.14,debit,2026-08-07 17:07:19,D01095
NB00046737,AC08531489,E00419,HDFC0001234,31573.0,credit,2026-07-03 09:01:00,D01095
NB00046738,AC08531489,E00419,SBIN0004321,26056.0,credit,2026-08-01 09:25:00,D01095
NB00046739,AC08531489,E00419,UTIB0000789,21549.0,credit,2026-09-01 09:01:00,D01095
NB00046744,AC08544230,P00216,SBIN0004321,1205.45,debit,2026-08-19 13:56:23,D01097
NB00046754,AC08544230,P00090,ICIC0005678,1228.83,debit,2026-08-07 15:48:33,D01096
NB00046757,AC08544230,P00090,SBIN0004321,704.94,debit,2026-09-06 22:23:10,D01097
NB00046760,AC08544230,P00212,SBIN0004321,1361.84,debit,2026-08-14 19:19:26,D01096
NB00046766,AC08544230,P00252,ICIC0005678,1766.63,debit,2026-07-24 09:23:41,D01096
NB00046768,AC08544230,P00152,ICIC0005678,3428.59,debit,2026-08-14 17:16:55,D01096
NB00046776,AC08544230,P00212,HDFC0001234,1433.15,debit,2026-09-02 12:19:04,D01097
NB00046777,AC08544230,P00152,UTIB0000789,2909.64,debit,2026-08-09 15:41:30,D01096
NB00046789,AC08544230,P00212,SBIN0004321,598.51,debit,2026-08-13 13:14:05,D01096
NB00046793,AC08544230,E00422,SBIN0004321,30412.0,credit,2026-07-02 09:44:00,D01096
NB00046794,AC08544230,E00422,UTIB0000789,30155.0,credit,2026-08-01 09:46:00,D01096
NB00046795,AC08544230,E00422,UTIB0000789,30110.0,credit,2026-08-31 09:18:00,D01096
NB00046804,AC08553826,P00007,HDFC0001234,552.67,debit,2026-07-26 14:34:24,D01099
NB00046817,AC08553826,P00361,UTIB0000789,3076.17,debit,2026-08-17 16:33:34,D01098
NB00046835,AC08553826,E00440,SBIN0004321,28037.0,credit,2026-07-02 09:13:00,D01098
NB00046836,AC08553826,E00440,ICIC0005678,27393.0,credit,2026-08-02 09:35:00,D01098
NB00046837,AC08553826,E00440,HDFC0001234,27690.0,credit,2026-09-01 09:03:00,D01098
NB00046839,AC08567543,P00367,UTIB0000789,1854.24,debit,2026-07-11 17:41:31,D01100
NB00046843,AC08567543,P00042,HDFC0001234,2826.53,debit,2026-08-11 15:48:07,D01100
NB00046868,AC08567543,E00434,SBIN0004321,32533.0,credit,2026-07-03 09:04:00,D01100
NB00046869,AC08567543,E00434,UTIB0000789,32228.0,credit,2026-08-02 09:09:00,D01100
NB00046870,AC08567543,E00434,HDFC0001234,31885.0,credit,2026-08-30 09:01:00,D01100
NB00046871,AC08575830,P00018,UTIB0000789,452.42,debit,2026-09-02 16:23:05,D01101
NB00046885,AC08575830,P00389,UTIB0000789,2734.55,debit,2026-08-07 20:15:55,D01101
NB00046886,AC08575830,P00391,HDFC0001234,4720.78,debit,2026-07-20 13:50:55,D01101
NB00046912,AC08575830,P00239,UTIB0000789,1775.42,debit,2026-07-31 22:33:09,D01101
NB00046914,AC08575830,P00239,SBIN0004321,2405.25,debit,2026-07-24 23:49:09,D01101
NB00046924,AC08575830,E00438,SBIN0004321,68748.0,credit,2026-07-02 09:59:00,D01101
NB00046925,AC08575830,E00438,SBIN0004321,65763.0,credit,2026-07-31 09:36:00,D01101
NB00046926,AC08575830,E00438,HDFC0001234,68780.0,credit,2026-08-31 09:30:00,D01101
NB00046932,AC08581161,P00085,HDFC0001234,973.72,debit,2026-07-25 18:38:20,D01103
NB00046950,AC08581161,P00156,SBIN0004321,6860.51,debit,2026-07-14 11:05:08,D01103
NB00046954,AC08581161,P00015,ICIC0005678,4004.06,debit,2026-07-28 11:01:33,D01103
NB00046962,AC08581161,P00343,SBIN0004321,11268.45,debit,2026-08-01 07:50:38,D01103
NB00046963,AC08581161,P00337,UTIB0000789,5443.92,debit,2026-07-20 18:32:24,D01103
NB00046966,AC08581161,P00189,UTIB0000789,929.91,debit,2026-08-30 15:09:19,D01103
NB00046970,AC08581161,P00305,UTIB0000789,987.46,debit,2026-08-18 20:37:58,D01103
NB00046977,AC08581161,E00425,UTIB0000789,42199.0,credit,2026-07-03 09:17:00,D01103
NB00046978,AC08581161,E00425,ICIC0005678,41863.0,credit,2026-08-01 09:41:00,D01103
NB00046979,AC08581161,E00425,UTIB0000789,41942.0,credit,2026-08-30 09:30:00,D01103
NB00046982,AC08594057,P00098,ICIC0005678,4256.83,debit,2026-09-13 13:21:33,D01104
NB00046990,AC08594057,P00365,SBIN0004321,2390.74,debit,2026-09-03 20:23:54,D01104
NB00047003,AC08594057,P00322,ICIC0005678,7596.56,debit,2026-07-11 15:17:56,D01104
NB00047017,AC08594057,P00003,SBIN0004321,1190.52,debit,2026-08-05 15:39:59,D01104
NB00047021,AC08594057,P00381,UTIB0000789,6611.15,debit,2026-08-28 21:40:06,D01104
NB00047024,AC08594057,P00027,ICIC0005678,9583.79,debit,2026-08-16 12:10:59,D01104
NB00047030,AC08594057,P00379,UTIB0000789,2614.1,debit,2026-08-01 15:48:05,D01104
NB00047032,AC08594057,P00027,SBIN0004321,12220.62,debit,2026-07-04 09:31:32,D01104
NB00047059,AC08594057,E00403,HDFC0001234,128345.0,credit,2026-07-02 09:58:00,D01104
NB00047060,AC08594057,E00403,SBIN0004321,133519.0,credit,2026-08-01 09:43:00,D01104
NB00047061,AC08594057,E00403,UTIB0000789,130138.0,credit,2026-08-30 09:30:00,D01104
NB00047068,AC08607615,P00098,ICIC0005678,3413.03,debit,2026-08-24 04:44:20,D01105
NB00047073,AC08607615,P00374,UTIB0000789,8494.99,debit,2026-08-30 00:03:32,D01105
NB00047097,AC08607615,P00062,SBIN0004321,5574.68,debit,2026-07-16 19:19:01,D01105
NB00047099,AC08607615,P00366,UTIB0000789,177.43,debit,2026-07-27 12:12:28,D01105
NB00047115,AC08607615,E00421,SBIN0004321,40796.0,credit,2026-07-01 09:18:00,D01105
NB00047116,AC08607615,E00421,HDFC0001234,41738.0,credit,2026-08-02 09:42:00,D01105
NB00047117,AC08607615,E00421,HDFC0001234,41469.0,credit,2026-08-31 09:42:00,D01105
NB00047152,AC08615290,P00187,ICIC0005678,2966.42,debit,2026-08-25 17:21:10,D01106
NB00047158,AC08615290,P00333,UTIB0000789,530.38,debit,2026-08-30 07:08:44,D01106
NB00047159,AC08615290,P00376,HDFC0001234,594.43,debit,2026-08-13 09:42:30,D01107
NB00047160,AC08615290,P00071,ICIC0005678,1056.96,debit,2026-08-28 11:29:55,D01106
NB00047164,AC08615290,P00187,ICIC0005678,2743.86,debit,2026-07-14 12:38:47,D01107
NB00047175,AC08615290,E00428,ICIC0005678,32723.0,credit,2026-07-01 09:20:00,D01106
NB00047176,AC08615290,E00428,ICIC0005678,32671.0,credit,2026-07-31 09:53:00,D01106
NB00047177,AC08615290,E00428,ICIC0005678,32897.0,credit,2026-09-01 09:09:00,D01107
NB00047178,AC08626065,P00376,SBIN0004321,531.67,debit,2026-07-24 20:33:13,D01108
NB00047187,AC08626065,P00134,SBIN0004321,3500.17,debit,2026-07-01 23:35:14,D01108
NB00047206,AC08626065,P00331,HDFC0001234,334.94,debit,2026-09-03 15:38:12,D01108
NB00047228,AC08626065,P00315,ICIC0005678,842.56,debit,2026-08-30 10:26:33,D01108
NB00047230,AC08626065,E00404,SBIN0004321,38869.0,credit,2026-07-03 09:47:00,D01108
NB00047231,AC08626065,E00404,HDFC0001234,38368.0,credit,2026-08-02 09:28:00,D01108
NB00047232,AC08626065,E00404,SBIN0004321,38080.0,credit,2026-09-01 09:24:00,D01108
NB00047243,AC08633378,P00263,ICIC0005678,740.76,debit,2026-08-22 20:40:25,D01109
NB00047247,AC08633378,P00263,HDFC0001234,6261.17,debit,2026-08-06 08:22:43,D01109
NB00047252,AC08633378,P00231,HDFC0001234,385.69,debit,2026-07-03 07:24:07,D01109
NB00047256,AC08633378,P00039,SBIN0004321,5079.78,debit,2026-07-25 17:33:59,D01109
NB00047261,AC08633378,P00198,HDFC0001234,488.74,debit,2026-09-01 13:12:55,D01109
NB00047262,AC08633378,P00231,ICIC0005678,261.23,debit,2026-07-09 15:07:58,D01109
NB00047285,AC08633378,P00363,HDFC0001234,3194.06,debit,2026-08-18 10:55:09,D01109
NB00047293,AC08633378,P00093,ICIC0005678,499.1,debit,2026-08-24 18:57:03,D01109
NB00047295,AC08633378,P00385,SBIN0004321,2752.29,debit,2026-08-26 14:39:47,D01109
NB00047306,AC08633378,E00438,ICIC0005678,43752.0,credit,2026-07-03 09:48:00,D01109
NB00047307,AC08633378,E00438,SBIN0004321,43218.0,credit,2026-07-31 09:08:00,D01109
NB00047308,AC08633378,E00438,HDFC0001234,43460.0,credit,2026-08-31 09:37:00,D01109
NB00047309,AC08643874,P00197,UTIB0000789,6730.72,debit,2026-08-01 19:29:14,D01110
NB00047312,AC08643874,P00109,ICIC0005678,2514.7,debit,2026-08-14 18:43:06,D01110
NB00047315,AC08643874,P00383,HDFC0001234,550.16,debit,2026-08-19 18:19:45,D01110
NB00047318,AC08643874,P00197,HDFC0001234,1690.57,debit,2026-08-22 22:36:17,D01110
NB00047322,AC08643874,P00142,HDFC0001234,294.09,debit,2026-07-15 12:52:40,D01111
NB00047326,AC08643874,P00142,SBIN0004321,1137.51,debit,2026-07-17 09:51:42,D01110
NB00047348,AC08643874,P00197,UTIB0000789,1356.79,debit,2026-07-04 18:27:47,D01111
NB00047364,AC08643874,P00197,UTIB0000789,2722.14,debit,2026-07-07 10:22:20,D01110
NB00047366,AC08643874,E00403,UTIB0000789,47307.0,credit,2026-07-03 09:37:00,D01111
NB00047367,AC08643874,E00403,ICIC0005678,47618.0,credit,2026-08-02 09:08:00,D01111
NB00047368,AC08643874,E00403,ICIC0005678,46886.0,credit,2026-09-01 09:35:00,D01110
NB00047387,AC08652170,P00221,SBIN0004321,2862.53,debit,2026-07-18 07:57:05,D01112
NB00047388,AC08652170,P00029,UTIB0000789,2258.72,debit,2026-08-23 20:32:46,D01112
NB00047412,AC08652170,P00393,HDFC0001234,3698.95,debit,2026-09-01 13:04:18,D01112
NB00047418,AC08652170,P00159,UTIB0000789,11628.41,debit,2026-07-03 12:51:40,D01112
NB00047421,AC08652170,P00159,SBIN0004321,2598.84,debit,2026-07-31 16:37:50,D01112
NB00047435,AC08652170,E00424,UTIB0000789,105466.0,credit,2026-07-03 09:45:00,D01112
NB00047436,AC08652170,E00424,ICIC0005678,108760.0,credit,2026-07-31 09:50:00,D01112
NB00047437,AC08652170,E00424,ICIC0005678,109722.0,credit,2026-08-30 09:12:00,D01112
NB00047439,AC08661734,P00094,HDFC0001234,1155.94,debit,2026-08-21 17:01:21,D01113
NB00047448,AC08661734,P00308,ICIC0005678,169.79,debit,2026-08-14 18:23:56,D01113
NB00047451,AC08661734,P00188,UTIB0000789,260.38,debit,2026-07-10 15:24:38,D01113
NB00047462,AC08661734,P00378,SBIN0004321,886.1,debit,2026-07-29 19:10:45,D01113
NB00047463,AC08661734,P00285,UTIB0000789,1872.25,debit,2026-08-31 12:15:28,D01113
NB00047480,AC08661734,P00094,HDFC0001234,2140.35,debit,2026-08-12 14:38:32,D01113
NB00047500,AC08661734,E00435,UTIB0000789,24492.0,credit,2026-07-01 09:05:00,D01113
NB00047501,AC08661734,E00435,HDFC0001234,24967.0,credit,2026-08-01 09:49:00,D01113
NB00047502,AC08661734,E00435,ICIC0005678,24732.0,credit,2026-08-31 09:44:00,D01113
NB00047507,AC08671331,P00258,ICIC0005678,789.04,debit,2026-08-20 13:38:50,D01114
NB00047547,AC08671331,E00410,SBIN0004321,59174.0,credit,2026-07-01 09:07:00,D01114
NB00047548,AC08671331,E00410,HDFC0001234,58616.0,credit,2026-08-02 09:52:00,D01114
NB00047549,AC08671331,E00410,ICIC0005678,61315.0,credit,2026-08-31 09:42:00,D01114
NB00047554,AC08686618,P00138,UTIB0000789,1506.74,debit,2026-07-28 19:56:38,D01115
NB00047556,AC08686618,P00254,ICIC0005678,1585.4,debit,2026-08-21 07:28:45,D01115
NB00047559,AC08686618,P00254,SBIN0004321,2513.03,debit,2026-08-03 10:50:04,D01115
NB00047565,AC08686618,P00231,SBIN0004321,510.69,debit,2026-08-15 22:59:47,D01115
NB00047569,AC08686618,P00123,HDFC0001234,716.84,debit,2026-09-05 08:35:12,D01115
NB00047588,AC08686618,P00040,HDFC0001234,4251.85,debit,2026-07-07 18:11:43,D01115
NB00047591,AC08686618,P00106,ICIC0005678,583.75,debit,2026-09-03 14:37:08,D01115
NB00047594,AC08686618,P00226,HDFC0001234,2951.01,debit,2026-07-28 11:43:38,D01115
NB00047597,AC08686618,P00123,UTIB0000789,499.37,debit,2026-07-20 23:29:08,D01115
NB00047609,AC08686618,P00278,SBIN0004321,2306.48,debit,2026-08-09 08:22:13,D01115
NB00047616,AC08686618,P00106,SBIN0004321,1468.95,debit,2026-07-11 23:51:18,D01115
NB00047623,AC08686618,E00426,ICIC0005678,42009.0,credit,2026-07-01 09:23:00,D01115
NB00047624,AC08686618,E00426,UTIB0000789,43173.0,credit,2026-08-02 09:18:00,D01115
NB00047625,AC08686618,E00426,HDFC0001234,43235.0,credit,2026-08-30 09:02:00,D01115
NB00047627,AC08692418,P00080,HDFC0001234,346.63,debit,2026-07-09 16:34:30,D01116
NB00047629,AC08692418,P00372,HDFC0001234,383.31,debit,2026-09-08 15:09:40,D01116
NB00047634,AC08692418,P00372,SBIN0004321,978.54,debit,2026-07-29 19:13:56,D01116
NB00047651,AC08692418,P00315,HDFC0001234,1054.02,debit,2026-07-30 14:37:53,D01116
NB00047673,AC08692418,P00159,ICIC0005678,1109.75,debit,2026-07-12 11:34:51,D01116
NB00047675,AC08692418,P00100,SBIN0004321,975.04,debit,2026-07-10 13:31:02,D01116
NB00047676,AC08692418,E00407,SBIN0004321,17438.0,credit,2026-07-03 09:24:00,D01116
NB00047677,AC08692418,E00407,ICIC0005678,17310.0,credit,2026-07-31 09:39:00,D01116
NB00047678,AC08692418,E00407,SBIN0004321,17325.0,credit,2026-08-31 09:47:00,D01116
NB00047684,AC08706163,P00268,ICIC0005678,4971.93,debit,2026-08-31 10:05:37,D01117
NB00047686,AC08706163,P00036,ICIC0005678,2378.59,debit,2026-08-31 12:28:57,D01117
NB00047693,AC08706163,P00213,SBIN0004321,3547.7,debit,2026-08-21 19:01:20,D01117
NB00047696,AC08706163,P00342,ICIC0005678,4634.02,debit,2026-07-23 11:59:43,D01117
NB00047705,AC08706163,P00268,SBIN0004321,4169.01,debit,2026-08-29 18:41:14,D01117
NB00047708,AC08706163,P00298,SBIN0004321,1531.32,debit,2026-09-04 19:08:04,D01117
NB00047709,AC08706163,P00107,ICIC0005678,6595.67,debit,2026-07-14 19:44:24,D01117
NB00047714,AC08706163,P00038,ICIC0005678,1447.93,debit,2026-08-06 10:09:12,D01117
NB00047719,AC08706163,P00036,HDFC0001234,8170.91,debit,2026-07-10 12:13:57,D01117
NB00047720,AC08706163,P00342,ICIC0005678,4740.96,debit,2026-08-29 14:03:48,D01117
NB00047724,AC08706163,P00378,SBIN0004321,1959.58,debit,2026-08-16 13:34:27,D01117
NB00047727,AC08706163,P00304,UTIB0000789,9085.0,debit,2026-09-13 18:38:35,D01117
NB00047742,AC08706163,P00298,HDFC0001234,727.22,debit,2026-09-05 23:57:41,D01117
NB00047748,AC08706163,E00423,UTIB0000789,56850.0,credit,2026-07-03 09:56:00,D01117
NB00047749,AC08706163,E00423,HDFC0001234,45510.0,credit,2026-07-31 09:23:00,D01117
NB00047750,AC08706163,E00423,HDFC0001234,36239.0,credit,2026-08-30 09:31:00,D01117
NB00047765,AC08719575,P00154,UTIB0000789,641.11,debit,2026-09-09 12:29:03,D01118
NB00047768,AC08719575,P00399,ICIC0005678,1855.37,debit,2026-07-16 16:53:43,D01118
NB00047769,AC08719575,P00207,ICIC0005678,392.55,debit,2026-07-24 13:56:55,D01118
NB00047775,AC08719575,P00359,UTIB0000789,1589.0,debit,2026-08-20 17:24:46,D01118
NB00047780,AC08719575,P00155,SBIN0004321,1371.61,debit,2026-08-12 21:09:05,D01118
NB00047787,AC08719575,E00437,HDFC0001234,71297.0,credit,2026-07-01 09:04:00,D01118
NB00047788,AC08719575,E00437,ICIC0005678,69746.0,credit,2026-07-31 09:55:00,D01118
NB00047789,AC08719575,E00437,ICIC0005678,72522.0,credit,2026-08-31 09:52:00,D01118
NB00047792,AC08727274,P00321,HDFC0001234,159.44,debit,2026-07-31 18:25:34,D01119
NB00047795,AC08727274,P00218,ICIC0005678,852.7,debit,2026-08-17 14:18:40,D01119
NB00047801,AC08727274,P00021,SBIN0004321,2006.35,debit,2026-07-06 12:53:20,D01119
NB00047823,AC08727274,P00321,UTIB0000789,268.96,debit,2026-07-29 19:03:28,D01119
NB00047830,AC08727274,P00396,HDFC0001234,119.9,debit,2026-08-20 14:42:07,D01119
NB00047833,AC08727274,P00350,SBIN0004321,610.97,debit,2026-08-19 22:49:45,D01119
NB00047835,AC08727274,P00321,HDFC0001234,366.54,debit,2026-07-19 10:49:36,D01119
NB00047839,AC08727274,P00323,SBIN0004321,1389.06,debit,2026-08-02 06:16:58,D01119
NB00047840,AC08727274,E00441,UTIB0000789,25195.0,credit,2026-07-02 09:51:00,D01119
NB00047841,AC08727274,E00441,HDFC0001234,24564.0,credit,2026-08-01 09:43:00,D01119
NB00047842,AC08727274,E00441,SBIN0004321,25183.0,credit,2026-08-31 09:31:00,D01119
NB00047849,AC08736178,P00303,HDFC0001234,571.67,debit,2026-08-31 13:45:29,D01120
NB00047850,AC08736178,P00232,HDFC0001234,4311.38,debit,2026-09-11 16:46:15,D01120
NB00047861,AC08736178,P00008,SBIN0004321,3257.8,debit,2026-07-09 15:12:30,D01120
NB00047867,AC08736178,P00070,HDFC0001234,1996.27,debit,2026-08-10 10:33:27,D01120
NB00047881,AC08736178,P00224,ICIC0005678,185.12,debit,2026-08-28 12:09:00,D01120
NB00047885,AC08736178,E00409,UTIB0000789,36902.0,credit,2026-07-01 09:00:00,D01120
NB00047886,AC08736178,E00409,UTIB0000789,37814.0,credit,2026-08-02 09:42:00,D01120
NB00047887,AC08736178,E00409,ICIC0005678,37728.0,credit,2026-08-31 09:33:00,D01120
NB00047908,AC08742051,P00336,HDFC0001234,333.89,debit,2026-07-04 00:28:09,D01121
NB00047919,AC08742051,P00155,HDFC0001234,730.6,debit,2026-08-28 08:30:27,D01121
NB00047934,AC08742051,P00397,SBIN0004321,1526.7,debit,2026-07-28 18:20:42,D01121
NB00047940,AC08742051,E00405,HDFC0001234,16021.0,credit,2026-07-02 09:26:00,D01121
NB00047941,AC08742051,E00405,UTIB0000789,16020.0,credit,2026-08-01 09:38:00,D01121
NB00047942,AC08742051,E00405,HDFC0001234,15982.0,credit,2026-08-30 09:56:00,D01121
NB00047946,AC08755400,P00329,HDFC0001234,1070.94,debit,2026-08-19 15:18:08,D01122
NB00047951,AC08755400,P00329,ICIC0005678,1261.41,debit,2026-08-12 09:21:02,D01122
NB00047955,AC08755400,P00294,SBIN0004321,520.89,debit,2026-08-20 12:48:55,D01122
NB00047957,AC08755400,P00135,SBIN0004321,1299.05,debit,2026-07-11 19:23:01,D01122
NB00047960,AC08755400,P00040,ICIC0005678,642.31,debit,2026-08-25 17:49:48,D01122
NB00047967,AC08755400,P00040,UTIB0000789,558.04,debit,2026-08-13 09:13:08,D01122
NB00047970,AC08755400,P00294,SBIN0004321,1530.03,debit,2026-08-29 15:52:31,D01122
NB00047990,AC08755400,P00329,UTIB0000789,620.52,debit,2026-08-23 21:06:29,D01122
NB00047995,AC08755400,P00057,HDFC0001234,432.88,debit,2026-07-05 18:49:25,D01122
NB00048004,AC08755400,P00377,ICIC0005678,1600.04,debit,2026-07-09 08:55:15,D01122
NB00048008,AC08755400,P00135,HDFC0001234,1511.81,debit,2026-07-13 12:36:37,D01122
NB00048012,AC08755400,P00329,SBIN0004321,1889.9,debit,2026-08-23 16:21:36,D01122
NB00048016,AC08755400,P00357,SBIN0004321,2059.43,debit,2026-08-25 15:02:01,D01122
NB00048017,AC08755400,P00294,HDFC0001234,1428.35,debit,2026-09-07 12:59:50,D01122
NB00048027,AC08755400,P00377,UTIB0000789,849.86,debit,2026-08-29 13:06:45,D01122
NB00048028,AC08755400,E00406,UTIB0000789,20182.0,credit,2026-07-02 09:25:00,D01122
NB00048029,AC08755400,E00406,HDFC0001234,20267.0,credit,2026-07-31 09:33:00,D01122
NB00048030,AC08755400,E00406,ICIC0005678,20715.0,credit,2026-08-31 09:49:00,D01122
NB00048047,AC08769019,P00279,UTIB0000789,920.97,debit,2026-07-02 20:21:27,D01123
NB00048052,AC08769019,P00165,HDFC0001234,1138.31,debit,2026-08-03 20:59:00,D01123
NB00048053,AC08769019,P00028,HDFC0001234,2336.99,debit,2026-07-31 15:54:19,D01123
NB00048055,AC08769019,P00327,HDFC0001234,3550.31,debit,2026-09-13 12:04:27,D01123
NB00048058,AC08769019,E00413,UTIB0000789,66372.0,credit,2026-07-01 09:40:00,D01123
NB00048059,AC08769019,E00413,UTIB0000789,63588.0,credit,2026-07-31 09:09:00,D01123
NB00048060,AC08769019,E00413,ICIC0005678,51963.0,credit,2026-08-30 09:42:00,D01123
NB00048063,AC08774458,P00023,HDFC0001234,4674.3,debit,2026-09-06 17:03:46,D01124
NB00048073,AC08774458,P00137,ICIC0005678,4189.92,debit,2026-09-08 16:10:49,D01124
NB00048082,AC08774458,P00096,HDFC0001234,586.78,debit,2026-07-03 15:52:14,D01124
NB00048092,AC08774458,P00299,UTIB0000789,1711.48,debit,2026-07-05 18:39:53,D01124
NB00048112,AC08774458,P00348,ICIC0005678,2168.05,debit,2026-08-13 19:38:40,D01124
NB00048114,AC08774458,P00078,UTIB0000789,650.66,debit,2026-09-04 18:58:06,D01124
NB00048117,AC08774458,E00418,SBIN0004321,29968.0,credit,2026-07-02 09:51:00,D01124
NB00048118,AC08774458,E00418,HDFC0001234,30724.0,credit,2026-07-31 09:28:00,D01124
NB00048119,AC08774458,E00418,SBIN0004321,21485.0,credit,2026-08-30 09:55:00,D01124
NB00048122,AC08788434,P00342,SBIN0004321,1934.89,debit,2026-07-24 08:26:50,D01125
NB00048144,AC08788434,P00209,SBIN0004321,3542.8,debit,2026-08-20 18:52:37,D01125
NB00048162,AC08788434,P00073,ICIC0005678,4041.91,debit,2026-09-09 14:27:46,D01125
NB00048168,AC08788434,P00174,ICIC0005678,217.92,debit,2026-09-02 17:33:55,D01125
NB00048171,AC08788434,E00416,HDFC0001234,21733.0,credit,2026-07-03 09:48:00,D01125
NB00048172,AC08788434,E00416,SBIN0004321,22248.0,credit,2026-07-31 09:49:00,D01125
NB00048173,AC08788434,E00416,SBIN0004321,21468.0,credit,2026-09-01 09:44:00,D01125
NB00048190,AC08797375,P00111,HDFC0001234,8596.38,debit,2026-08-05 18:27:39,D01126
NB00048216,AC08797375,P00015,ICIC0005678,4383.74,debit,2026-09-01 06:27:46,D01126
NB00048227,AC08797375,P00354,HDFC0001234,1808.75,debit,2026-07-25 09:17:40,D01126
NB00048241,AC08797375,P00354,HDFC0001234,2076.52,debit,2026-08-21 17:45:39,D01126
NB00048253,AC08797375,E00433,ICIC0005678,42239.0,credit,2026-07-03 09:13:00,D01126
NB00048254,AC08797375,E00433,ICIC0005678,42959.0,credit,2026-08-02 09:58:00,D01126
NB00048255,AC08797375,E00433,ICIC0005678,43112.0,credit,2026-08-31 09:15:00,D01126
NB00048262,AC08803400,P00219,UTIB0000789,3126.09,debit,2026-08-13 16:52:18,D01127
NB00048276,AC08803400,P00035,SBIN0004321,512.26,debit,2026-08-31 10:52:32,D01127
NB00048281,AC08803400,E00422,ICIC0005678,29442.0,credit,2026-07-01 09:55:00,D01127
NB00048282,AC08803400,E00422,UTIB0000789,29244.0,credit,2026-07-31 09:42:00,D01127
NB00048283,AC08803400,E00422,HDFC0001234,29189.0,credit,2026-08-30 09:57:00,D01127
NB00048286,AC08812271,P00084,ICIC0005678,274.06,debit,2026-09-10 18:48:33,D01128
NB00048288,AC08812271,P00089,SBIN0004321,4705.28,debit,2026-07-15 16:14:39,D01128
NB00048298,AC08812271,P00185,UTIB0000789,630.88,debit,2026-07-05 09:54:24,D01129
NB00048303,AC08812271,P00136,UTIB0000789,1622.97,debit,2026-07-17 11:23:19,D01128
NB00048313,AC08812271,P00299,SBIN0004321,1379.0,debit,2026-07-26 17:52:55,D01128
NB00048315,AC08812271,P00071,ICIC0005678,1317.91,debit,2026-09-11 18:30:55,D01128
NB00048321,AC08812271,P00185,HDFC0001234,2935.1,debit,2026-08-26 13:45:51,D01128
NB00048324,AC08812271,P00185,SBIN0004321,559.46,debit,2026-09-07 06:34:36,D01129
NB00048342,AC08812271,E00440,UTIB0000789,30509.0,credit,2026-07-02 09:50:00,D01128
NB00048343,AC08812271,E00440,ICIC0005678,30108.0,credit,2026-07-31 09:12:00,D01129
NB00048344,AC08812271,E00440,ICIC0005678,29607.0,credit,2026-08-30 09:49:00,D01129
NB00048345,AC08821152,P00072,ICIC0005678,459.41,debit,2026-07-04 11:26:48,D01130
NB00048347,AC08821152,P00125,ICIC0005678,1720.5,debit,2026-07-29 12:50:21,D01130
NB00048354,AC08821152,P00304,HDFC0001234,5115.46,debit,2026-08-05 22:27:09,D01130
NB00048362,AC08821152,P00233,HDFC0001234,2042.03,debit,2026-07-13 13:49:57,D01130
NB00048364,AC08821152,P00233,SBIN0004321,7740.1,debit,2026-08-05 12:22:21,D01130
NB00048374,AC08821152,P00058,ICIC0005678,395.22,debit,2026-07-31 13:20:49,D01130
NB00048381,AC08821152,P00253,ICIC0005678,1572.56,debit,2026-08-13 18:18:42,D01130
NB00048398,AC08821152,E00426,HDFC0001234,54233.0,credit,2026-07-01 09:01:00,D01130
NB00048399,AC08821152,E00426,ICIC0005678,56249.0,credit,2026-08-02 09:39:00,D01130
NB00048400,AC08821152,E00426,ICIC0005678,54407.0,credit,2026-08-31 09:29:00,D01130
NB00048401,AC08833484,P00003,HDFC0001234,95.88,debit,2026-07-12 16:58:43,D01131
NB00048407,AC08833484,P00003,ICIC0005678,144.24,debit,2026-08-14 17:31:32,D01131
NB00048425,AC08833484,P00083,HDFC0001234,609.25,debit,2026-09-02 16:25:49,D01131
NB00048426,AC08833484,P00186,ICIC0005678,1198.61,debit,2026-07-20 17:09:41,D01131
NB00048428,AC08833484,P00083,HDFC0001234,716.12,debit,2026-09-01 16:06:24,D01131
NB00048446,AC08833484,P00221,ICIC0005678,495.1,debit,2026-07-26 20:01:21,D01131
NB00048461,AC08833484,P00186,HDFC0001234,2719.0,debit,2026-07-20 12:08:09,D01132
NB00048473,AC08833484,P00138,UTIB0000789,566.67,debit,2026-08-14 14:58:03,D01131
NB00048483,AC08833484,E00416,ICIC0005678,21387.0,credit,2026-07-02 09:24:00,D01131
NB00048484,AC08833484,E00416,SBIN0004321,21732.0,credit,2026-08-02 09:54:00,D01131
NB00048485,AC08833484,E00416,SBIN0004321,21473.0,credit,2026-08-30 09:48:00,D01131
NB00048488,AC08843995,P00262,SBIN0004321,343.95,debit,2026-08-06 13:01:26,D01133
NB00048493,AC08843995,P00081,ICIC0005678,533.32,debit,2026-09-03 23:47:52,D01133
NB00048495,AC08843995,P00156,SBIN0004321,1290.86,debit,2026-08-29 18:34:05,D01133
NB00048505,AC08843995,P00355,ICIC0005678,445.37,debit,2026-08-12 07:09:08,D01133
NB00048507,AC08843995,P00311,ICIC0005678,932.92,debit,2026-08-04 14:40:34,D01133
NB00048536,AC08843995,P00355,HDFC0001234,326.33,debit,2026-08-31 07:28:52,D01133
NB00048539,AC08843995,P00137,UTIB0000789,436.41,debit,2026-08-19 11:35:51,D01133
NB00048542,AC08843995,E00413,SBIN0004321,23925.0,credit,2026-07-01 09:05:00,D01133
NB00048543,AC08843995,E00413,UTIB0000789,23831.0,credit,2026-08-02 09:26:00,D01133
NB00048544,AC08843995,E00413,ICIC0005678,24879.0,credit,2026-08-31 09:55:00,D01133
NB00048552,AC08856902,P00249,SBIN0004321,592.47,debit,2026-09-03 08:37:46,D01134
NB00048557,AC08856902,P00078,SBIN0004321,1135.57,debit,2026-07-31 18:45:13,D01134
NB00048558,AC08856902,P00321,SBIN0004321,1162.86,debit,2026-07-13 20:16:50,D01134
NB00048559,AC08856902,P00107,UTIB0000789,1634.56,debit,2026-07-14 11:43:33,D01134
NB00048605,AC08856902,P00107,UTIB0000789,3240.63,debit,2026-08-04 23:07:49,D01134
NB00048609,AC08856902,E00416,HDFC0001234,40360.0,credit,2026-07-01 09:07:00,D01134
NB00048610,AC08856902,E00416,HDFC0001234,40660.0,credit,2026-08-01 09:15:00,D01134
NB00048611,AC08856902,E00416,HDFC0001234,41229.0,credit,2026-08-30 09:49:00,D01134
NB00048612,AC08866152,P00277,SBIN0004321,3761.79,debit,2026-08-21 23:48:12,D01135
NB00048618,AC08866152,P00043,UTIB0000789,5263.64,debit,2026-09-13 13:35:49,D01135
NB00048620,AC08866152,P00043,ICIC0005678,5256.78,debit,2026-07-10 09:25:58,D01136
NB00048645,AC08866152,P00371,ICIC0005678,4293.68,debit,2026-08-11 13:12:32,D01135
NB00048647,AC08866152,P00218,SBIN0004321,640.02,debit,2026-08-26 21:26:18,D01135
NB00048650,AC08866152,P00275,HDFC0001234,2697.43,debit,2026-09-03 20:07:14,D01135
NB00048655,AC08866152,P00277,UTIB0000789,1926.79,debit,2026-07-07 21:06:59,D01135
NB00048661,AC08866152,E00405,HDFC0001234,61497.0,credit,2026-07-02 09:54:00,D01135
NB00048662,AC08866152,E00405,HDFC0001234,62231.0,credit,2026-08-01 09:14:00,D01135
NB00048663,AC08866152,E00405,SBIN0004321,60342.0,credit,2026-09-01 09:34:00,D01136
NB00048668,AC08875311,P00136,UTIB0000789,8263.68,debit,2026-08-05 20:45:14,D01138
NB00048676,AC08875311,P00224,HDFC0001234,1950.68,debit,2026-08-30 10:48:10,D01138
NB00048684,AC08875311,P00224,UTIB0000789,2110.19,debit,2026-08-27 08:09:47,D01138
NB00048706,AC08875311,P00184,SBIN0004321,4596.77,debit,2026-08-03 22:46:56,D01137
NB00048708,AC08875311,P00017,SBIN0004321,6506.73,debit,2026-07-14 09:00:10,D01137
NB00048718,AC08875311,E00437,ICIC0005678,70377.0,credit,2026-07-03 09:13:00,D01137
NB00048719,AC08875311,E00437,SBIN0004321,71318.0,credit,2026-08-02 09:16:00,D01137
NB00048720,AC08875311,E00437,SBIN0004321,71321.0,credit,2026-09-01 09:17:00,D01137
NB00048721,AC08887505,P00363,UTIB0000789,2571.87,debit,2026-08-10 08:04:58,D01139
NB00048730,AC08887505,P00203,SBIN0004321,2206.37,debit,2026-08-15 11:08:13,D01139
NB00048741,AC08887505,P00292,SBIN0004321,1840.29,debit,2026-09-10 21:39:41,D01139
NB00048757,AC08887505,P00215,UTIB0000789,2541.83,debit,2026-09-07 10:39:15,D01139
NB00048769,AC08887505,P00219,UTIB0000789,1740.83,debit,2026-07-22 19:47:53,D01139
NB00048773,AC08887505,E00415,SBIN0004321,27066.0,credit,2026-07-01 09:12:00,D01139
NB00048774,AC08887505,E00415,ICIC0005678,26882.0,credit,2026-08-02 09:01:00,D01139
NB00048775,AC08887505,E00415,SBIN0004321,27388.0,credit,2026-08-30 09:28:00,D01139
NB00048784,AC08897930,P00004,HDFC0001234,1648.43,debit,2026-08-06 20:01:08,D01140
NB00048799,AC08897930,P00387,SBIN0004321,8459.28,debit,2026-08-10 22:55:50,D01140
NB00048801,AC08897930,E00417,SBIN0004321,59505.0,credit,2026-07-01 09:09:00,D01140
NB00048802,AC08897930,E00417,HDFC0001234,61869.0,credit,2026-08-01 09:52:00,D01140
NB00048803,AC08897930,E00417,UTIB0000789,60843.0,credit,2026-08-31 09:18:00,D01140
NB00048807,AC08907420,P00322,UTIB0000789,2795.8,debit,2026-07-31 11:19:02,D01141
NB00048815,AC08907420,P00097,SBIN0004321,824.2,debit,2026-08-06 11:18:14,D01141
NB00048818,AC08907420,P00238,HDFC0001234,187.26,debit,2026-08-04 11:46:09,D01142
NB00048822,AC08907420,P00274,HDFC0001234,876.26,debit,2026-08-06 21:26:21,D01141
NB00048824,AC08907420,P00274,ICIC0005678,1368.32,debit,2026-08-16 16:00:08,D01142
NB00048831,AC08907420,P00358,HDFC0001234,2749.45,debit,2026-08-11 12:12:34,D01142
NB00048835,AC08907420,P00216,ICIC0005678,1082.05,debit,2026-08-09 11:22:36,D01141
NB00048850,AC08907420,P00358,UTIB0000789,6163.59,debit,2026-09-10 20:25:45,D01141
NB00048856,AC08907420,P00344,UTIB0000789,474.33,debit,2026-08-26 18:20:33,D01142
NB00048865,AC08907420,P00358,ICIC0005678,7457.98,debit,2026-09-08 12:06:10,D01141
NB00048869,AC08907420,P00212,ICIC0005678,1305.48,debit,2026-08-23 16:37:00,D01141
NB00048873,AC08907420,E00404,UTIB0000789,25293.0,credit,2026-07-03 09:24:00,D01141
NB00048874,AC08907420,E00404,UTIB0000789,22792.0,credit,2026-08-02 09:51:00,D01141
NB00048875,AC08907420,E00404,ICIC0005678,19845.0,credit,2026-08-30 09:34:00,D01141
NB00048881,AC08919073,P00112,ICIC0005678,1662.2,debit,2026-08-06 22:06:04,D01144
NB00048883,AC08919073,P00196,SBIN0004321,1556.43,debit,2026-09-03 21:17:14,D01143
NB00048885,AC08919073,P00196,ICIC0005678,2179.09,debit,2026-08-19 14:22:51,D01144
NB00048893,AC08919073,P00112,UTIB0000789,9349.39,debit,2026-07-17 08:08:40,D01143
NB00048896,AC08919073,P00350,HDFC0001234,5359.6,debit,2026-07-19 15:57:03,D01143
NB00048919,AC08919073,P00386,UTIB0000789,2664.97,debit,2026-07-27 18:43:10,D01143
NB00048922,AC08919073,P00271,UTIB0000789,3420.94,debit,2026-07-14 17:21:50,D01144
NB00048925,AC08919073,P00064,SBIN0004321,7910.42,debit,2026-07-25 12:58:44,D01143
NB00048926,AC08919073,P00112,SBIN0004321,3064.66,debit,2026-07-25 12:17:56,D01143
NB00048930,AC08919073,E00436,UTIB0000789,95403.0,credit,2026-07-03 09:00:00,D01144
NB00048931,AC08919073,E00436,ICIC0005678,93560.0,credit,2026-08-01 09:08:00,D01143
NB00048932,AC08919073,E00436,SBIN0004321,95268.0,credit,2026-08-30 09:08:00,D01143
NB00048941,AC08924237,P00144,ICIC0005678,482.28,debit,2026-07-27 10:42:04,D01146
NB00048942,AC08924237,P00317,HDFC0001234,300.11,debit,2026-07-15 19:29:16,D01145
NB00048945,AC08924237,P00270,ICIC0005678,2592.1,debit,2026-07-08 19:05:44,D01146
NB00048964,AC08924237,P00088,ICIC0005678,174.15,debit,2026-07-13 06:16:43,D01145
NB00048971,AC08924237,P00042,ICIC0005678,1105.91,debit,2026-09-09 17:27:09,D01146
NB00048987,AC08924237,P00147,ICIC0005678,130.02,debit,2026-07-01 08:12:12,D01146
NB00048992,AC08924237,P00255,ICIC0005678,2049.57,debit,2026-08-03 17:46:28,D01146
NB00048997,AC08924237,P00230,SBIN0004321,189.86,debit,2026-09-02 21:08:10,D01145
NB00049008,AC08924237,E00419,ICIC0005678,21774.0,credit,2026-07-02 09:33:00,D01146
NB00049009,AC08924237,E00419,SBIN0004321,21913.0,credit,2026-07-31 09:48:00,D01145
NB00049010,AC08924237,E00419,SBIN0004321,21682.0,credit,2026-08-31 09:39:00,D01145
NB00049021,AC08938409,P00069,ICIC0005678,3056.84,debit,2026-08-09 18:17:13,D01147
NB00049026,AC08938409,P00069,ICIC0005678,2981.86,debit,2026-07-31 06:28:50,D01147
NB00049028,AC08938409,P00085,HDFC0001234,5571.35,debit,2026-07-15 22:57:41,D01147
NB00049042,AC08938409,P00276,UTIB0000789,2735.53,debit,2026-07-13 10:18:51,D01147
NB00049045,AC08938409,P00314,HDFC0001234,1405.42,debit,2026-07-29 11:50:35,D01147
NB00049051,AC08938409,E00435,UTIB0000789,75334.0,credit,2026-07-01 09:28:00,D01148
NB00049052,AC08938409,E00435,HDFC0001234,60398.0,credit,2026-07-31 09:38:00,D01148
NB00049053,AC08938409,E00435,HDFC0001234,46752.0,credit,2026-09-01 09:08:00,D01147
NB00049062,AC08944786,P00314,UTIB0000789,876.45,debit,2026-08-07 09:12:01,D01149
NB00049072,AC08944786,P00099,ICIC0005678,877.97,debit,2026-07-15 10:57:38,D01149
NB00049077,AC08944786,E00410,SBIN0004321,27171.0,credit,2026-07-03 09:27:00,D01149
NB00049078,AC08944786,E00410,SBIN0004321,26994.0,credit,2026-08-01 09:51:00,D01149
NB00049079,AC08944786,E00410,HDFC0001234,27927.0,credit,2026-08-31 09:28:00,D01149
NB00049084,AC08952657,P00158,SBIN0004321,11303.22,debit,2026-08-25 12:47:31,D01150
NB00049088,AC08952657,P00240,SBIN0004321,2583.13,debit,2026-07-04 12:08:21,D01150
NB00049097,AC08952657,P00197,UTIB0000789,4607.17,debit,2026-09-05 09:18:53,D01150
NB00049098,AC08952657,P00158,UTIB0000789,11904.9,debit,2026-07-24 12:07:43,D01150
NB00049101,AC08952657,P00158,SBIN0004321,3766.37,debit,2026-08-10 21:17:30,D01150
NB00049115,AC08952657,P00317,ICIC0005678,6008.01,debit,2026-09-08 16:18:38,D01150
NB00049129,AC08952657,P00127,SBIN0004321,5421.69,debit,2026-07-20 14:14:22,D01150
NB00049134,AC08952657,P00197,ICIC0005678,6319.24,debit,2026-08-06 12:43:46,D01150
NB00049138,AC08952657,P00272,ICIC0005678,4901.19,debit,2026-08-29 13:20:31,D01150
NB00049139,AC08952657,E00420,ICIC0005678,104945.0,credit,2026-07-01 09:23:00,D01150
NB00049140,AC08952657,E00420,SBIN0004321,105071.0,credit,2026-08-01 09:31:00,D01150
NB00049141,AC08952657,E00420,HDFC0001234,103078.0,credit,2026-08-30 09:20:00,D01150
NB00049150,AC08962311,P00213,UTIB0000789,9564.03,debit,2026-08-24 05:48:11,D01151
NB00049151,AC08962311,P00154,UTIB0000789,444.81,debit,2026-08-24 22:05:04,D01151
NB00049166,AC08962311,P00030,UTIB0000789,1098.41,debit,2026-07-29 11:50:30,D01151
NB00049170,AC08962311,P00161,UTIB0000789,232.99,debit,2026-07-07 10:39:31,D01151
NB00049186,AC08962311,P00021,HDFC0001234,1737.78,debit,2026-07-11 15:08:45,D01151
NB00049188,AC08962311,E00441,UTIB0000789,52345.0,credit,2026-07-02 09:44:00,D01151
NB00049189,AC08962311,E00441,UTIB0000789,50925.0,credit,2026-08-02 09:57:00,D01151
NB00049190,AC08962311,E00441,UTIB0000789,50485.0,credit,2026-08-31 09:26:00,D01151
NB00049193,AC08971823,P00275,HDFC0001234,4247.29,debit,2026-07-21 12:50:01,D01152
NB00049203,AC08971823,P00251,HDFC0001234,723.54,debit,2026-07-06 18:52:58,D01152
NB00049210,AC08971823,P00091,HDFC0001234,1867.44,debit,2026-07-30 17:28:14,D01152
NB00049211,AC08971823,P00275,UTIB0000789,1303.09,debit,2026-07-11 14:29:18,D01152
NB00049222,AC08971823,P00117,HDFC0001234,2998.4,debit,2026-08-09 14:14:22,D01152
NB00049229,AC08971823,P00257,ICIC0005678,850.28,debit,2026-09-05 09:00:56,D01152
NB00049236,AC08971823,P00275,ICIC0005678,1093.54,debit,2026-07-31 13:44:29,D01152
NB00049238,AC08971823,P00283,HDFC0001234,1516.25,debit,2026-07-05 17:25:46,D01152
NB00049240,AC08971823,P00053,HDFC0001234,2564.71,debit,2026-07-27 18:48:27,D01152
NB00049243,AC08971823,P00055,HDFC0001234,1935.14,debit,2026-07-15 18:09:03,D01152
NB00049249,AC08971823,P00251,SBIN0004321,1533.9,debit,2026-07-22 09:18:24,D01152
NB00049258,AC08971823,P00090,ICIC0005678,248.86,debit,2026-08-17 19:09:29,D01152
NB00049264,AC08971823,E00437,ICIC0005678,22703.0,credit,2026-07-02 09:16:00,D01152
NB00049265,AC08971823,E00437,ICIC0005678,23440.0,credit,2026-08-02 09:14:00,D01152
NB00049266,AC08971823,E00437,UTIB0000789,22518.0,credit,2026-08-30 09:09:00,D01152
NB00049269,AC08989599,P00310,SBIN0004321,445.92,debit,2026-08-08 14:39:08,D01153
NB00049294,AC08989599,P00360,ICIC0005678,693.63,debit,2026-08-30 22:57:15,D01153
NB00049297,AC08989599,P00310,HDFC0001234,1033.42,debit,2026-07-20 23:23:39,D01154
NB00049298,AC08989599,P00246,SBIN0004321,887.97,debit,2026-09-10 21:16:48,D01153
NB00049300,AC08989599,P00360,ICIC0005678,2581.48,debit,2026-07-27 08:59:25,D01153
NB00049313,AC08989599,E00415,HDFC0001234,28970.0,credit,2026-07-03 09:43:00,D01153
NB00049314,AC08989599,E00415,ICIC0005678,30574.0,credit,2026-08-02 09:24:00,D01153
NB00049315,AC08989599,E00415,SBIN0004321,29714.0,credit,2026-08-31 09:57:00,D01153
NB00049326,AC08992524,P00193,UTIB0000789,4350.99,debit,2026-08-18 19:41:23,D01156
NB00049327,AC08992524,P00368,ICIC0005678,1393.82,debit,2026-09-04 20:52:49,D01156
NB00049328,AC08992524,P00193,HDFC0001234,4901.41,debit,2026-07-25 21:33:06,D01156
NB00049332,AC08992524,P00193,HDFC0001234,2442.03,debit,2026-09-08 18:34:26,D01155
NB00049335,AC08992524,P00354,UTIB0000789,1149.8,debit,2026-09-08 15:15:41,D01156
NB00049350,AC08992524,P00246,ICIC0005678,886.57,debit,2026-08-26 20:47:45,D01155
NB00049355,AC08992524,P00246,HDFC0001234,5346.44,debit,2026-09-04 16:40:35,D01155
NB00049356,AC08992524,P00193,HDFC0001234,3787.18,debit,2026-08-02 14:23:49,D01155
NB00049358,AC08992524,P00205,HDFC0001234,4680.74,debit,2026-07-15 14:42:20,D01155
NB00049363,AC08992524,E00417,SBIN0004321,55582.0,credit,2026-07-03 09:23:00,D01156
NB00049364,AC08992524,E00417,HDFC0001234,55288.0,credit,2026-08-01 09:35:00,D01155
NB00049365,AC08992524,E00417,UTIB0000789,54790.0,credit,2026-09-01 09:01:00,D01156
NB00049379,AC09008516,P00255,ICIC0005678,4218.24,debit,2026-08-16 13:18:58,D01157
NB00049387,AC09008516,P00177,UTIB0000789,1102.21,debit,2026-09-13 19:51:16,D01157
NB00049394,AC09008516,P00336,ICIC0005678,1929.65,debit,2026-08-10 10:50:37,D01157
NB00049397,AC09008516,P00094,SBIN0004321,5016.66,debit,2026-07-23 15:27:28,D01157
NB00049412,AC09008516,E00441,UTIB0000789,64394.0,credit,2026-07-01 09:12:00,D01157
NB00049413,AC09008516,E00441,SBIN0004321,65002.0,credit,2026-08-02 09:57:00,D01157
NB00049414,AC09008516,E00441,UTIB0000789,65765.0,credit,2026-08-30 09:36:00,D01157
NB00049417,AC09018050,P00152,SBIN0004321,2455.75,debit,2026-08-08 15:21:24,D01159
NB00049423,AC09018050,P00169,HDFC0001234,691.7,debit,2026-08-19 21:58:43,D01158
NB00049439,AC09018050,P00195,HDFC0001234,2285.79,debit,2026-09-05 16:36:56,D01158
NB00049443,AC09018050,P00195,UTIB0000789,2410.4,debit,2026-08-01 00:34:47,D01159
NB00049445,AC09018050,E00417,SBIN0004321,35657.0,credit,2026-07-02 09:06:00,D01158
NB00049446,AC09018050,E00417,UTIB0000789,35970.0,credit,2026-07-31 09:01:00,D01158
NB00049447,AC09018050,E00417,SBIN0004321,36634.0,credit,2026-09-01 09:44:00,D01158
NB00049458,AC09024952,P00031,HDFC0001234,11871.71,debit,2026-08-18 15:49:50,D01160
NB00049464,AC09024952,P00175,UTIB0000789,2671.93,debit,2026-08-13 17:42:53,D01160
NB00049476,AC09024952,P00396,ICIC0005678,816.6,debit,2026-07-19 09:32:15,D01160
NB00049481,AC09024952,P00321,UTIB0000789,455.14,debit,2026-07-20 16:13:02,D01160
NB00049487,AC09024952,P00218,ICIC0005678,403.82,debit,2026-08-29 19:18:54,D01160
NB00049490,AC09024952,P00118,ICIC0005678,5578.06,debit,2026-09-11 09:34:49,D01160
NB00049503,AC09024952,E00415,ICIC0005678,40527.0,credit,2026-07-02 09:51:00,D01160
NB00049504,AC09024952,E00415,ICIC0005678,39417.0,credit,2026-08-02 09:27:00,D01160
NB00049505,AC09024952,E00415,ICIC0005678,39118.0,credit,2026-09-01 09:49:00,D01160
NB00049511,AC09039223,P00365,ICIC0005678,977.76,debit,2026-08-03 08:55:10,D01161
NB00049527,AC09039223,P00166,ICIC0005678,432.19,debit,2026-07-18 14:27:34,D01161
NB00049529,AC09039223,P00166,UTIB0000789,1342.38,debit,2026-08-25 12:13:02,D01161
NB00049530,AC09039223,P00197,HDFC0001234,1406.65,debit,2026-08-25 11:05:02,D01161
NB00049554,AC09039223,P00270,ICIC0005678,7918.94,debit,2026-08-15 09:38:07,D01161
NB00049564,AC09039223,P00366,UTIB0000789,954.35,debit,2026-07-15 09:18:13,D01161
NB00049572,AC09039223,P00270,SBIN0004321,6112.73,debit,2026-08-08 14:14:51,D01161
NB00049574,AC09039223,E00415,HDFC0001234,54480.0,credit,2026-07-01 09:33:00,D01161
NB00049575,AC09039223,E00415,ICIC0005678,53735.0,credit,2026-07-31 09:51:00,D01161
NB00049576,AC09039223,E00415,HDFC0001234,55532.0,credit,2026-08-30 09:37:00,D01161
NB00049581,AC09049173,P00046,HDFC0001234,2682.04,debit,2026-07-25 07:26:17,D01162
NB00049593,AC09049173,P00315,SBIN0004321,3369.52,debit,2026-07-28 15:28:26,D01162
NB00049596,AC09049173,P00378,UTIB0000789,3455.5,debit,2026-08-02 10:18:53,D01162
NB00049598,AC09049173,P00164,HDFC0001234,10152.69,debit,2026-07-05 10:49:30,D01162
NB00049606,AC09049173,P00154,ICIC0005678,1369.34,debit,2026-08-09 10:50:40,D01162
NB00049607,AC09049173,P00259,SBIN0004321,17372.51,debit,2026-07-20 14:15:24,D01162
NB00049626,AC09049173,E00424,HDFC0001234,40539.0,credit,2026-07-01 09:09:00,D01162
NB00049627,AC09049173,E00424,SBIN0004321,40437.0,credit,2026-07-31 09:35:00,D01162
NB00049628,AC09049173,E00424,ICIC0005678,40368.0,credit,2026-08-31 09:16:00,D01163
NB00049631,AC09059328,P00325,UTIB0000789,3530.1,debit,2026-08-25 08:56:54,D01164
NB00049636,AC09059328,P00135,ICIC0005678,1707.61,debit,2026-08-06 22:05:46,D01164
NB00049639,AC09059328,P00294,SBIN0004321,1125.37,debit,2026-07-09 00:43:27,D01164
NB00049649,AC09059328,P00096,ICIC0005678,639.38,debit,2026-08-15 02:16:11,D01164
NB00049652,AC09059328,P00294,UTIB0000789,4114.22,debit,2026-08-03 16:02:23,D01164
NB00049665,AC09059328,P00294,HDFC0001234,1523.78,debit,2026-09-10 19:00:11,D01164
NB00049668,AC09059328,P00125,HDFC0001234,1044.38,debit,2026-09-09 09:09:53,D01164
NB00049681,AC09059328,E00441,UTIB0000789,19677.0,credit,2026-07-01 09:07:00,D01164
NB00049682,AC09059328,E00441,ICIC0005678,19608.0,credit,2026-08-01 09:02:00,D01164
NB00049683,AC09059328,E00441,HDFC0001234,20315.0,credit,2026-09-01 09:37:00,D01164
NB00049719,AC09065471,P00374,UTIB0000789,4254.54,debit,2026-09-10 12:20:45,D01165
NB00049725,AC09065471,P00090,ICIC0005678,500.89,debit,2026-09-09 19:51:25,D01165
NB00049753,AC09065471,P00369,ICIC0005678,329.05,debit,2026-09-01 21:20:46,D01165
NB00049755,AC09065471,E00435,UTIB0000789,24964.0,credit,2026-07-01 09:54:00,D01165
NB00049756,AC09065471,E00435,SBIN0004321,25195.0,credit,2026-07-31 09:37:00,D01165
NB00049757,AC09065471,E00435,UTIB0000789,25285.0,credit,2026-08-31 09:43:00,D01165
NB00049765,AC09073683,P00370,HDFC0001234,2967.9,debit,2026-08-04 22:18:42,D01166
NB00049768,AC09073683,P00248,ICIC0005678,2067.34,debit,2026-08-13 14:35:23,D01166
NB00049771,AC09073683,P00112,HDFC0001234,5260.3,debit,2026-07-20 12:58:26,D01166
NB00049781,AC09073683,P00337,SBIN0004321,13453.89,debit,2026-07-07 16:35:51,D01166
NB00049791,AC09073683,P00306,UTIB0000789,857.09,debit,2026-07-21 12:00:19,D01166
NB00049796,AC09073683,P00021,ICIC0005678,5828.09,debit,2026-08-06 09:13:17,D01166
NB00049806,AC09073683,P00311,SBIN0004321,1715.57,debit,2026-08-25 20:11:04,D01166
NB00049810,AC09073683,P00321,HDFC0001234,4657.39,debit,2026-08-31 19:30:32,D01166
NB00049819,AC09073683,P00066,HDFC0001234,6761.65,debit,2026-08-08 08:03:09,D01166
NB00049820,AC09073683,P00066,SBIN0004321,5317.21,debit,2026-08-24 12:42:31,D01166
NB00049824,AC09073683,P00306,SBIN0004321,3024.18,debit,2026-07-11 12:35:32,D01166
NB00049829,AC09073683,E00441,SBIN0004321,43152.0,credit,2026-07-01 09:33:00,D01166
NB00049830,AC09073683,E00441,UTIB0000789,42154.0,credit,2026-07-31 09:36:00,D01166
NB00049831,AC09073683,E00441,UTIB0000789,43326.0,credit,2026-08-30 09:30:00,D01166
NB00049835,AC09081394,P00024,HDFC0001234,8390.24,debit,2026-07-19 21:09:18,D01167
NB00049848,AC09081394,P00303,SBIN0004321,4837.46,debit,2026-07-30 19:49:19,D01167
NB00049850,AC09081394,P00367,HDFC0001234,3049.37,debit,2026-08-21 20:48:41,D01167
NB00049853,AC09081394,P00365,UTIB0000789,18719.31,debit,2026-07-27 19:19:37,D01167
NB00049858,AC09081394,P00303,HDFC0001234,3743.7,debit,2026-08-03 07:46:57,D01167
NB00049860,AC09081394,E00436,SBIN0004321,69193.0,credit,2026-07-01 09:10:00,D01168
NB00049861,AC09081394,E00436,HDFC0001234,69630.0,credit,2026-07-31 09:05:00,D01167
NB00049862,AC09081394,E00436,ICIC0005678,71520.0,credit,2026-09-01 09:19:00,D01168
NB00049871,AC09098562,P00093,UTIB0000789,4456.84,debit,2026-07-01 22:41:42,D01169
NB00049880,AC09098562,P00253,SBIN0004321,1353.66,debit,2026-08-28 09:33:35,D01170
NB00049884,AC09098562,P00264,ICIC0005678,4873.24,debit,2026-07-30 11:52:12,D01169
NB00049901,AC09098562,P00093,HDFC0001234,2359.63,debit,2026-07-21 16:28:52,D01169
NB00049904,AC09098562,P00253,SBIN0004321,702.43,debit,2026-07-31 17:00:16,D01170
NB00049907,AC09098562,P00313,UTIB0000789,5660.24,debit,2026-08-13 11:41:23,D01169
NB00049914,AC09098562,P00022,UTIB0000789,1320.65,debit,2026-07-03 16:47:01,D01170
NB00049918,AC09098562,P00112,HDFC0001234,2488.21,debit,2026-08-05 20:29:30,D01169
NB00049924,AC09098562,P00033,ICIC0005678,11250.38,debit,2026-09-05 16:38:26,D01169
NB00049931,AC09098562,E00433,ICIC0005678,83961.0,credit,2026-07-03 09:01:00,D01169
NB00049932,AC09098562,E00433,UTIB0000789,86121.0,credit,2026-08-02 09:53:00,D01169
NB00049933,AC09098562,E00433,ICIC0005678,86484.0,credit,2026-09-01 09:29:00,D01170
NB00049958,AC09108855,P00301,UTIB0000789,1911.76,debit,2026-07-08 20:50:36,D01171
NB00049962,AC09108855,P00169,SBIN0004321,3964.56,debit,2026-07-03 18:54:54,D01171
NB00049965,AC09108855,E00404,SBIN0004321,56361.0,credit,2026-07-01 09:02:00,D01171
NB00049966,AC09108855,E00404,UTIB0000789,56001.0,credit,2026-08-02 09:31:00,D01171
NB00049967,AC09108855,E00404,UTIB0000789,57889.0,credit,2026-08-30 09:16:00,D01171
NB00049972,AC09115825,P00158,ICIC0005678,1319.5,debit,2026-07-24 10:47:13,D01172
NB00049981,AC09115825,P00338,SBIN0004321,6229.02,debit,2026-08-05 14:11:35,D01172
NB00050009,AC09115825,P00259,HDFC0001234,2310.26,debit,2026-08-21 20:42:48,D01173
NB00050010,AC09115825,E00402,SBIN0004321,43891.0,credit,2026-07-02 09:32:00,D01172
NB00050011,AC09115825,E00402,SBIN0004321,44034.0,credit,2026-08-02 09:21:00,D01172
NB00050012,AC09115825,E00402,UTIB0000789,43678.0,credit,2026-08-31 09:11:00,D01172
NB00050016,AC09121638,P00244,SBIN0004321,3235.79,debit,2026-07-13 08:26:20,D01174
NB00050033,AC09121638,P00006,UTIB0000789,1763.14,debit,2026-07-28 14:37:16,D01174
NB00050036,AC09121638,P00284,ICIC0005678,2463.98,debit,2026-09-02 06:37:31,D01174
NB00050052,AC09121638,P00390,UTIB0000789,5749.48,debit,2026-09-04 10:30:50,D01174
NB00050056,AC09121638,E00423,SBIN0004321,55425.0,credit,2026-07-01 09:03:00,D01174
NB00050057,AC09121638,E00423,ICIC0005678,56100.0,credit,2026-08-02 09:11:00,D01174
NB00050058,AC09121638,E00423,HDFC0001234,55072.0,credit,2026-08-31 09:35:00,D01174
NB00050071,AC09138404,P00126,ICIC0005678,4339.1,debit,2026-08-20 16:23:27,D01175
NB00050075,AC09138404,P00213,SBIN0004321,660.48,debit,2026-08-31 19:14:12,D01175
NB00050079,AC09138404,P00370,UTIB0000789,719.6,debit,2026-09-11 08:26:39,D01175
NB00050080,AC09138404,P00246,HDFC0001234,1816.4,debit,2026-08-30 11:44:23,D01175
NB00050093,AC09138404,P00038,HDFC0001234,1298.69,debit,2026-07-23 15:57:48,D01175
NB00050109,AC09138404,E00410,ICIC0005678,26340.0,credit,2026-07-02 09:10:00,D01175
NB00050110,AC09138404,E00410,HDFC0001234,27410.0,credit,2026-07-31 09:44:00,D01175
NB00050111,AC09138404,E00410,SBIN0004321,26760.0,credit,2026-09-01 09:25:00,D01175
NB00050119,AC09143684,P00008,HDFC0001234,6779.44,debit,2026-08-13 12:40:39,D01176
NB00050126,AC09143684,P00048,SBIN0004321,290.05,debit,2026-07-21 17:53:42,D01176
NB00050154,AC09143684,E00434,HDFC0001234,35592.0,credit,2026-07-03 09:25:00,D01176
NB00050155,AC09143684,E00434,ICIC0005678,35199.0,credit,2026-07-31 09:40:00,D01176
NB00050156,AC09143684,E00434,HDFC0001234,35698.0,credit,2026-08-30 09:07:00,D01176
NB00050173,AC09155934,P00392,ICIC0005678,513.74,debit,2026-08-17 12:11:47,D01177
NB00050182,AC09155934,P00392,ICIC0005678,1285.17,debit,2026-09-09 10:27:26,D01178
NB00050199,AC09155934,P00072,ICIC0005678,553.83,debit,2026-07-26 06:03:26,D01178
NB00050200,AC09155934,P00072,SBIN0004321,290.64,debit,2026-09-03 05:14:29,D01177
NB00050205,AC09155934,P00340,HDFC0001234,2028.8,debit,2026-09-09 16:03:01,D01178
NB00050208,AC09155934,P00311,UTIB0000789,1387.83,debit,2026-09-11 01:43:25,D01177
NB00050215,AC09155934,E00440,HDFC0001234,24842.0,credit,2026-07-01 09:19:00,D01177
NB00050216,AC09155934,E00440,UTIB0000789,24998.0,credit,2026-07-31 09:04:00,D01177
NB00050217,AC09155934,E00440,UTIB0000789,25071.0,credit,2026-09-01 09:58:00,D01178
NB00050224,AC09166934,P00344,HDFC0001234,846.75,debit,2026-07-19 14:36:41,D01179
NB00050230,AC09166934,P00275,UTIB0000789,1127.23,debit,2026-08-22 21:05:30,D01179
NB00050244,AC09166934,P00015,ICIC0005678,1442.4,debit,2026-07-14 12:41:37,D01179
NB00050254,AC09166934,P00178,HDFC0001234,1317.28,debit,2026-07-29 11:12:33,D01179
NB00050256,AC09166934,P00060,UTIB0000789,700.98,debit,2026-08-09 10:48:55,D01179
NB00050270,AC09166934,P00176,ICIC0005678,741.0,debit,2026-09-11 10:17:01,D01179
NB00050271,AC09166934,E00426,UTIB0000789,19946.0,credit,2026-07-01 09:14:00,D01179
NB00050272,AC09166934,E00426,SBIN0004321,20740.0,credit,2026-07-31 09:35:00,D01179
NB00050273,AC09166934,E00426,UTIB0000789,19903.0,credit,2026-09-01 09:12:00,D01179
NB00050276,AC09172312,P00091,SBIN0004321,2890.94,debit,2026-07-01 16:19:49,D01180
NB00050280,AC09172312,P00311,ICIC0005678,1440.42,debit,2026-07-31 11:09:52,D01180
NB00050294,AC09172312,P00351,SBIN0004321,269.27,debit,2026-08-10 10:28:53,D01180
NB00050300,AC09172312,P00127,HDFC0001234,4447.32,debit,2026-08-29 15:43:35,D01180
NB00050302,AC09172312,E00418,SBIN0004321,45639.0,credit,2026-07-02 09:09:00,D01180
NB00050303,AC09172312,E00418,HDFC0001234,45186.0,credit,2026-07-31 09:31:00,D01180
NB00050304,AC09172312,E00418,HDFC0001234,44766.0,credit,2026-08-30 09:48:00,D01180
NB00050311,AC09181564,P00384,SBIN0004321,5037.28,debit,2026-08-31 10:55:09,D01182
NB00050319,AC09181564,P00064,ICIC0005678,3163.6,debit,2026-08-18 17:04:32,D01182
NB00050325,AC09181564,P00211,UTIB0000789,1380.62,debit,2026-07-17 21:20:21,D01181
NB00050328,AC09181564,P00233,HDFC0001234,1562.71,debit,2026-08-15 19:33:53,D01181
NB00050335,AC09181564,P00123,UTIB0000789,383.42,debit,2026-07-07 21:27:49,D01182
NB00050336,AC09181564,P00064,SBIN0004321,6575.16,debit,2026-07-12 08:41:18,D01181
NB00050344,AC09181564,P00021,SBIN0004321,5192.59,debit,2026-08-10 20:48:05,D01181
NB00050354,AC09181564,P00309,HDFC0001234,3194.18,debit,2026-08-23 08:20:00,D01181
NB00050362,AC09181564,P00064,SBIN0004321,7754.4,debit,2026-08-11 14:37:05,D01181
NB00050367,AC09181564,E00406,SBIN0004321,41916.0,credit,2026-07-01 09:05:00,D01182
NB00050368,AC09181564,E00406,HDFC0001234,41899.0,credit,2026-08-01 09:39:00,D01181
NB00050369,AC09181564,E00406,HDFC0001234,41450.0,credit,2026-09-01 09:30:00,D01181
NB00050380,AC09191712,P00201,HDFC0001234,22026.21,debit,2026-07-06 14:36:52,D01183
NB00050389,AC09191712,P00287,SBIN0004321,2708.17,debit,2026-08-09 14:00:05,D01183
NB00050390,AC09191712,P00143,UTIB0000789,1058.06,debit,2026-09-12 19:35:55,D01183
NB00050391,AC09191712,P00272,UTIB0000789,2840.2,debit,2026-08-22 12:04:44,D01183
NB00050403,AC09191712,P00252,ICIC0005678,1441.62,debit,2026-07-18 08:54:17,D01183
NB00050407,AC09191712,P00252,UTIB0000789,1788.3,debit,2026-09-07 18:13:07,D01183
NB00050412,AC09191712,P00163,UTIB0000789,2194.6,debit,2026-09-05 11:08:51,D01183
NB00050424,AC09191712,P00375,SBIN0004321,557.94,debit,2026-07-30 12:51:25,D01183
NB00050435,AC09191712,P00207,UTIB0000789,1349.77,debit,2026-07-02 20:06:20,D01183
NB00050446,AC09191712,P00272,SBIN0004321,1214.33,debit,2026-09-13 12:37:29,D01183
NB00050450,AC09191712,E00412,SBIN0004321,54188.0,credit,2026-07-01 09:48:00,D01183
NB00050451,AC09191712,E00412,SBIN0004321,47320.0,credit,2026-08-02 09:15:00,D01183
NB00050452,AC09191712,E00412,SBIN0004321,42621.0,credit,2026-08-31 09:11:00,D01183
NB00050454,AC09209630,P00040,UTIB0000789,5054.7,debit,2026-07-03 19:55:32,D01184
NB00050471,AC09209630,P00087,ICIC0005678,789.76,debit,2026-07-09 19:19:24,D01184
NB00050480,AC09209630,P00301,SBIN0004321,215.7,debit,2026-08-28 01:48:32,D01184
NB00050484,AC09209630,E00423,ICIC0005678,47934.0,credit,2026-07-03 09:28:00,D01184
NB00050485,AC09209630,E00423,SBIN0004321,48456.0,credit,2026-08-01 09:20:00,D01184
NB00050486,AC09209630,E00423,HDFC0001234,50323.0,credit,2026-09-01 09:54:00,D01184
NB00050506,AC09219614,P00145,UTIB0000789,2027.83,debit,2026-07-07 18:22:31,D01185
NB00050520,AC09219614,P00393,HDFC0001234,1230.68,debit,2026-07-26 20:04:17,D01185
NB00050521,AC09219614,P00080,SBIN0004321,249.29,debit,2026-08-04 17:31:05,D01185
NB00050530,AC09219614,P00145,SBIN0004321,2972.7,debit,2026-07-18 18:27:32,D01185
NB00050534,AC09219614,P00261,HDFC0001234,2997.09,debit,2026-08-31 15:39:46,D01185
NB00050535,AC09219614,P00220,SBIN0004321,4576.1,debit,2026-07-24 20:03:19,D01185
NB00050541,AC09219614,P00271,UTIB0000789,2865.62,debit,2026-08-23 08:23:52,D01186
NB00050551,AC09219614,P00122,HDFC0001234,3035.3,debit,2026-09-02 23:54:39,D01185
NB00050552,AC09219614,P00070,HDFC0001234,3612.52,debit,2026-07-30 13:17:57,D01186
NB00050560,AC09219614,P00122,SBIN0004321,8249.15,debit,2026-09-07 21:56:45,D01186
NB00050561,AC09219614,P00271,HDFC0001234,2325.55,debit,2026-09-02 17:38:08,D01186
NB00050568,AC09219614,E00421,SBIN0004321,42631.0,credit,2026-07-02 09:54:00,D01186
NB00050569,AC09219614,E00421,SBIN0004321,42351.0,credit,2026-08-01 09:40:00,D01185
NB00050570,AC09219614,E00421,HDFC0001234,42866.0,credit,2026-08-31 09:46:00,D01185
NB00050582,AC09224841,P00102,SBIN0004321,9753.46,debit,2026-09-08 20:58:46,D01187
NB00050584,AC09224841,P00338,UTIB0000789,4655.01,debit,2026-08-21 14:41:50,D01187
NB00050592,AC09224841,P00381,SBIN0004321,4416.3,debit,2026-08-17 16:13:53,D01187
NB00050598,AC09224841,P00340,HDFC0001234,2652.48,debit,2026-07-23 13:44:27,D01187
NB00050605,AC09224841,P00340,UTIB0000789,3120.1,debit,2026-08-20 10:55:56,D01187
NB00050607,AC09224841,P00110,HDFC0001234,910.62,debit,2026-08-09 05:43:41,D01187
NB00050618,AC09224841,E00415,HDFC0001234,49902.0,credit,2026-07-02 09:49:00,D01188
NB00050619,AC09224841,E00415,SBIN0004321,49456.0,credit,2026-08-01 09:36:00,D01187
NB00050620,AC09224841,E00415,HDFC0001234,48966.0,credit,2026-08-30 09:57:00,D01188
NB00050635,AC09234831,P00030,UTIB0000789,2210.63,debit,2026-07-30 11:06:12,D01189
NB00050662,AC09234831,P00007,HDFC0001234,464.54,debit,2026-07-29 13:56:59,D01189
NB00050677,AC09234831,P00141,ICIC0005678,1482.16,debit,2026-08-03 16:39:24,D01189
NB00050680,AC09234831,P00141,UTIB0000789,2115.43,debit,2026-09-08 10:18:07,D01189
NB00050682,AC09234831,E00433,ICIC0005678,36102.0,credit,2026-07-03 09:20:00,D01189
NB00050683,AC09234831,E00433,HDFC0001234,37612.0,credit,2026-07-31 09:31:00,D01189
NB00050684,AC09234831,E00433,SBIN0004321,36964.0,credit,2026-09-01 09:06:00,D01189
NB00050690,AC09244660,P00281,ICIC0005678,5759.88,debit,2026-07-01 14:37:06,D01190
NB00050691,AC09244660,P00321,SBIN0004321,643.76,debit,2026-07-17 13:59:36,D01190
NB00050722,AC09244660,P00301,HDFC0001234,1957.7,debit,2026-08-05 12:36:42,D01190
NB00050728,AC09244660,P00321,SBIN0004321,731.09,debit,2026-07-20 15:07:11,D01190
NB00050735,AC09244660,P00281,HDFC0001234,15478.46,debit,2026-09-11 14:15:58,D01190
NB00050747,AC09244660,E00403,UTIB0000789,47379.0,credit,2026-07-03 09:06:00,D01190
NB00050748,AC09244660,E00403,ICIC0005678,46397.0,credit,2026-08-01 09:04:00,D01190
NB00050749,AC09244660,E00403,SBIN0004321,46949.0,credit,2026-08-30 09:02:00,D01190
NB00050769,AC09254154,P00375,ICIC0005678,126.49,debit,2026-07-24 21:14:42,D01191
NB00050772,AC09254154,P00203,HDFC0001234,2101.49,debit,2026-09-08 05:36:01,D01191
NB00050773,AC09254154,P00382,UTIB0000789,1764.87,debit,2026-09-02 17:30:32,D01191
NB00050784,AC09254154,P00089,UTIB0000789,2638.88,debit,2026-09-12 21:30:55,D01191
NB00050791,AC09254154,P00375,ICIC0005678,203.08,debit,2026-07-04 15:06:00,D01191
NB00050793,AC09254154,E00403,SBIN0004321,26350.0,credit,2026-07-02 09:35:00,D01191
NB00050794,AC09254154,E00403,ICIC0005678,26418.0,credit,2026-08-02 09:36:00,D01191
NB00050795,AC09254154,E00403,UTIB0000789,26437.0,credit,2026-08-31 09:35:00,D01191
NB00050799,AC09265893,P00366,UTIB0000789,370.88,debit,2026-08-03 17:07:09,D01192
NB00050804,AC09265893,P00089,UTIB0000789,14130.3,debit,2026-08-08 20:50:47,D01192
NB00050819,AC09265893,P00369,SBIN0004321,1720.53,debit,2026-08-06 10:08:47,D01192
NB00050826,AC09265893,P00366,HDFC0001234,353.58,debit,2026-08-27 16:35:43,D01192
NB00050845,AC09265893,P00089,HDFC0001234,5848.14,debit,2026-08-26 19:24:08,D01192
NB00050853,AC09265893,P00366,SBIN0004321,762.16,debit,2026-07-29 20:37:14,D01192
NB00050855,AC09265893,P00172,HDFC0001234,4091.09,debit,2026-09-05 15:52:52,D01192
NB00050859,AC09265893,P00061,UTIB0000789,1295.51,debit,2026-08-22 08:07:02,D01192
NB00050860,AC09265893,E00406,SBIN0004321,45394.0,credit,2026-07-02 09:17:00,D01192
NB00050861,AC09265893,E00406,SBIN0004321,44857.0,credit,2026-08-01 09:56:00,D01192
NB00050862,AC09265893,E00406,HDFC0001234,46225.0,credit,2026-08-31 09:43:00,D01192
NB00050881,AC09274206,P00006,SBIN0004321,2845.49,debit,2026-08-08 08:51:12,D01193
NB00050884,AC09274206,P00006,ICIC0005678,4552.03,debit,2026-09-13 18:05:32,D01193
NB00050892,AC09274206,P00364,ICIC0005678,1307.96,debit,2026-09-02 11:24:37,D01193
NB00050907,AC09274206,E00424,HDFC0001234,54369.0,credit,2026-07-02 09:03:00,D01193
NB00050908,AC09274206,E00424,SBIN0004321,54422.0,credit,2026-08-02 09:37:00,D01193
NB00050909,AC09274206,E00424,ICIC0005678,52659.0,credit,2026-08-30 09:15:00,D01193
NB00050917,AC09286544,P00108,ICIC0005678,2361.66,debit,2026-08-01 17:28:03,D01195
NB00050918,AC09286544,P00054,SBIN0004321,689.92,debit,2026-08-23 20:00:57,D01194
NB00050937,AC09286544,P00267,SBIN0004321,193.42,debit,2026-07-04 20:42:35,D01195
NB00050950,AC09286544,P00289,HDFC0001234,280.8,debit,2026-08-07 12:44:02,D01195
NB00050951,AC09286544,E00425,HDFC0001234,26901.0,credit,2026-07-01 09:04:00,D01194
NB00050952,AC09286544,E00425,SBIN0004321,26974.0,credit,2026-07-31 09:15:00,D01195
NB00050953,AC09286544,E00425,UTIB0000789,27128.0,credit,2026-08-30 09:32:00,D01195
NB00050954,AC09294410,P00383,SBIN0004321,461.07,debit,2026-09-10 12:28:52,D01196
NB00050965,AC09294410,P00073,SBIN0004321,966.91,debit,2026-08-27 20:12:01,D01196
NB00050970,AC09294410,P00317,UTIB0000789,867.36,debit,2026-07-31 19:39:36,D01196
NB00050978,AC09294410,P00317,HDFC0001234,825.41,debit,2026-07-25 19:38:26,D01196
NB00050979,AC09294410,P00317,SBIN0004321,577.54,debit,2026-08-15 12:00:02,D01196
NB00050985,AC09294410,P00288,HDFC0001234,1296.39,debit,2026-09-11 10:50:41,D01196
NB00050992,AC09294410,P00288,HDFC0001234,1192.43,debit,2026-07-10 18:21:59,D01196
NB00050995,AC09294410,P00021,HDFC0001234,3984.61,debit,2026-07-20 16:10:51,D01196
NB00051001,AC09294410,P00312,HDFC0001234,1354.97,debit,2026-07-26 14:42:34,D01196
NB00051005,AC09294410,E00427,HDFC0001234,38969.0,credit,2026-07-01 09:43:00,D01196
NB00051006,AC09294410,E00427,SBIN0004321,38416.0,credit,2026-08-02 09:44:00,D01196
NB00051007,AC09294410,E00427,SBIN0004321,38134.0,credit,2026-08-31 09:53:00,D01196
NB00051023,AC09306668,P00349,ICIC0005678,327.44,debit,2026-07-01 19:07:00,D01197
NB00051033,AC09306668,P00118,SBIN0004321,2509.93,debit,2026-07-28 15:45:20,D01197
NB00051034,AC09306668,P00012,SBIN0004321,3246.51,debit,2026-08-18 21:50:38,D01197
NB00051036,AC09306668,P00348,SBIN0004321,5040.03,debit,2026-09-03 20:58:39,D01197
NB00051041,AC09306668,P00177,SBIN0004321,976.48,debit,2026-08-25 14:32:13,D01197
NB00051047,AC09306668,E00403,SBIN0004321,27821.0,credit,2026-07-01 09:15:00,D01197
NB00051048,AC09306668,E00403,UTIB0000789,26328.0,credit,2026-08-02 09:42:00,D01197
NB00051049,AC09306668,E00403,UTIB0000789,27758.0,credit,2026-09-01 09:38:00,D01197
NB00051090,AC09319504,E00423,UTIB0000789,28786.0,credit,2026-07-03 09:03:00,D01198
NB00051091,AC09319504,E00423,UTIB0000789,29542.0,credit,2026-07-31 09:04:00,D01198
NB00051092,AC09319504,E00423,UTIB0000789,29659.0,credit,2026-08-30 09:46:00,D01198
NB00051108,AC09322852,P00255,ICIC0005678,1916.39,debit,2026-08-26 15:44:58,D01199
NB00051129,AC09322852,E00412,UTIB0000789,22049.0,credit,2026-07-02 09:35:00,D01199
NB00051130,AC09322852,E00412,HDFC0001234,21587.0,credit,2026-07-31 09:26:00,D01199
NB00051131,AC09322852,E00412,SBIN0004321,21331.0,credit,2026-08-30 09:22:00,D01199
NB00051138,AC09331564,P00100,UTIB0000789,6974.99,debit,2026-08-13 19:51:47,D01201
NB00051141,AC09331564,P00059,HDFC0001234,3554.37,debit,2026-09-06 07:37:51,D01201
NB00051165,AC09331564,P00388,SBIN0004321,10209.91,debit,2026-07-11 12:21:43,D01201
NB00051166,AC09331564,P00394,SBIN0004321,2878.05,debit,2026-07-12 18:36:41,D01200
NB00051179,AC09331564,E00418,SBIN0004321,70725.0,credit,2026-07-02 09:34:00,D01200
NB00051180,AC09331564,E00418,UTIB0000789,71909.0,credit,2026-07-31 09:29:00,D01200
NB00051181,AC09331564,E00418,UTIB0000789,69832.0,credit,2026-08-31 09:16:00,D01200
NB00051184,AC09345739,P00164,HDFC0001234,4123.73,debit,2026-09-09 17:05:52,D01202
NB00051187,AC09345739,P00399,UTIB0000789,1075.05,debit,2026-07-30 10:57:04,D01202
NB00051188,AC09345739,P00183,ICIC0005678,1780.7,debit,2026-08-18 08:18:45,D01202
NB00051192,AC09345739,P00330,ICIC0005678,746.65,debit,2026-09-10 19:12:54,D01202
NB00051208,AC09345739,P00330,HDFC0001234,883.74,debit,2026-09-09 18:17:18,D01202
NB00051209,AC09345739,P00256,ICIC0005678,4801.3,debit,2026-09-10 10:18:33,D01202
NB00051229,AC09345739,P00212,UTIB0000789,1681.17,debit,2026-08-08 16:17:04,D01202
NB00051230,AC09345739,E00438,HDFC0001234,66052.0,credit,2026-07-01 09:43:00,D01202
NB00051231,AC09345739,E00438,ICIC0005678,64379.0,credit,2026-08-01 09:43:00,D01202
NB00051232,AC09345739,E00438,SBIN0004321,65185.0,credit,2026-08-31 09:37:00,D01202
NB00051233,AC09352071,P00325,SBIN0004321,11998.86,debit,2026-09-09 09:33:21,D01203
NB00051245,AC09352071,P00123,HDFC0001234,370.2,debit,2026-07-21 16:49:15,D01203
NB00051286,AC09352071,P00038,UTIB0000789,2536.53,debit,2026-08-08 12:51:34,D01203
NB00051294,AC09352071,P00136,SBIN0004321,465.27,debit,2026-08-22 07:35:24,D01203
NB00051297,AC09352071,E00416,UTIB0000789,48372.0,credit,2026-07-01 09:20:00,D01203
NB00051298,AC09352071,E00416,UTIB0000789,49010.0,credit,2026-08-01 09:51:00,D01203
NB00051299,AC09352071,E00416,SBIN0004321,48279.0,credit,2026-08-31 09:44:00,D01203
NB00051305,AC09363082,P00042,UTIB0000789,11525.59,debit,2026-07-30 17:47:09,D01204
NB00051307,AC09363082,P00239,ICIC0005678,6153.06,debit,2026-08-20 02:16:26,D01204
NB00051333,AC09363082,P00239,UTIB0000789,3527.25,debit,2026-07-25 21:12:00,D01204
NB00051334,AC09363082,P00059,UTIB0000789,6794.91,debit,2026-07-09 14:34:32,D01204
NB00051341,AC09363082,P00083,UTIB0000789,9624.19,debit,2026-07-15 08:27:32,D01204
NB00051352,AC09363082,E00429,HDFC0001234,103461.0,credit,2026-07-02 09:30:00,D01204
NB00051353,AC09363082,E00429,ICIC0005678,101655.0,credit,2026-08-02 09:40:00,D01204
NB00051354,AC09363082,E00429,SBIN0004321,102773.0,credit,2026-08-31 09:41:00,D01204
NB00051366,AC09378106,P00019,UTIB0000789,564.08,debit,2026-08-18 19:20:58,D01205
NB00051369,AC09378106,P00173,ICIC0005678,1129.3,debit,2026-08-24 20:10:42,D01205
NB00051377,AC09378106,P00009,ICIC0005678,1547.06,debit,2026-08-10 11:11:08,D01205
NB00051395,AC09378106,E00412,SBIN0004321,34633.0,credit,2026-07-01 09:11:00,D01205
NB00051396,AC09378106,E00412,ICIC0005678,34843.0,credit,2026-08-01 09:47:00,D01205
NB00051397,AC09378106,E00412,SBIN0004321,34425.0,credit,2026-09-01 09:09:00,D01205
NB00051411,AC09384760,P00176,UTIB0000789,24228.88,debit,2026-09-07 16:50:52,D01207
NB00051424,AC09384760,E00417,HDFC0001234,172472.0,credit,2026-07-03 09:28:00,D01206
NB00051425,AC09384760,E00417,HDFC0001234,172762.0,credit,2026-08-01 09:03:00,D01207
NB00051426,AC09384760,E00417,HDFC0001234,174053.0,credit,2026-08-31 09:31:00,D01206
NB00051435,AC09395944,P00076,HDFC0001234,2625.14,debit,2026-08-19 21:39:37,D01208
NB00051440,AC09395944,P00166,HDFC0001234,1788.24,debit,2026-08-22 15:37:17,D01208
NB00051475,AC09395944,P00166,UTIB0000789,1147.36,debit,2026-08-30 17:16:05,D01208
NB00051482,AC09395944,P00238,ICIC0005678,481.6,debit,2026-07-27 11:01:31,D01208
NB00051491,AC09395944,P00272,ICIC0005678,386.97,debit,2026-08-13 14:35:15,D01208
NB00051504,AC09395944,E00418,ICIC0005678,34120.0,credit,2026-07-02 09:43:00,D01208
NB00051505,AC09395944,E00418,UTIB0000789,35330.0,credit,2026-08-01 09:42:00,D01208
NB00051506,AC09395944,E00418,HDFC0001234,34755.0,credit,2026-09-01 09:58:00,D01208
NB00051516,AC09407984,P00164,UTIB0000789,10111.66,debit,2026-07-06 18:02:25,D01209
NB00051524,AC09407984,P00162,ICIC0005678,660.71,debit,2026-07-29 15:48:34,D01209
NB00051530,AC09407984,P00380,UTIB0000789,1375.07,debit,2026-07-02 11:00:32,D01209
NB00051533,AC09407984,P00358,ICIC0005678,6295.1,debit,2026-07-27 20:51:48,D01209
NB00051571,AC09407984,P00358,HDFC0001234,1638.18,debit,2026-07-29 19:50:20,D01209
NB00051578,AC09407984,E00434,ICIC0005678,43107.0,credit,2026-07-01 09:36:00,D01209
NB00051579,AC09407984,E00434,SBIN0004321,36040.0,credit,2026-07-31 09:45:00,D01209
NB00051580,AC09407984,E00434,SBIN0004321,29885.0,credit,2026-09-01 09:47:00,D01209
NB00051582,AC09412156,P00258,ICIC0005678,370.2,debit,2026-07-10 19:07:47,D01210
NB00051590,AC09412156,P00042,UTIB0000789,3963.32,debit,2026-08-29 08:01:43,D01210
NB00051604,AC09412156,P00392,HDFC0001234,1974.87,debit,2026-07-10 17:00:16,D01210
NB00051611,AC09412156,E00419,ICIC0005678,31317.0,credit,2026-07-03 09:31:00,D01210
NB00051612,AC09412156,E00419,UTIB0000789,25806.0,credit,2026-08-01 09:56:00,D01210
NB00051613,AC09412156,E00419,ICIC0005678,21879.0,credit,2026-09-01 09:56:00,D01210
NB00051614,AC09425307,P00181,UTIB0000789,10004.62,debit,2026-07-18 21:58:28,D01211
NB00051619,AC09425307,P00397,UTIB0000789,3234.65,debit,2026-07-04 12:18:05,D01211
NB00051645,AC09425307,P00257,SBIN0004321,3181.43,debit,2026-08-17 17:49:55,D01211
NB00051647,AC09425307,E00422,HDFC0001234,47237.0,credit,2026-07-03 09:27:00,D01211
NB00051648,AC09425307,E00422,UTIB0000789,45835.0,credit,2026-07-31 09:25:00,D01211
NB00051649,AC09425307,E00422,ICIC0005678,45114.0,credit,2026-08-31 09:44:00,D01211
NB00051683,AC09431310,P00330,HDFC0001234,498.72,debit,2026-08-14 08:59:12,D01212
NB00051693,AC09431310,P00210,HDFC0001234,9134.33,debit,2026-08-12 19:52:05,D01212
NB00051695,AC09431310,P00030,SBIN0004321,3124.77,debit,2026-07-19 18:26:52,D01212
NB00051700,AC09431310,E00421,SBIN0004321,56789.0,credit,2026-07-02 09:06:00,D01212
NB00051701,AC09431310,E00421,UTIB0000789,49128.0,credit,2026-08-02 09:38:00,D01212
NB00051702,AC09431310,E00421,HDFC0001234,40082.0,credit,2026-08-30 09:52:00,D01212
NB00051713,AC09445491,P00343,SBIN0004321,7203.81,debit,2026-08-25 19:11:44,D01213
NB00051719,AC09445491,P00259,SBIN0004321,1135.63,debit,2026-08-02 17:01:21,D01213
NB00051727,AC09445491,P00342,SBIN0004321,2318.18,debit,2026-08-24 13:16:39,D01213
NB00051730,AC09445491,P00290,HDFC0001234,883.35,debit,2026-08-14 12:40:52,D01213
NB00051739,AC09445491,P00356,UTIB0000789,864.77,debit,2026-09-12 20:08:57,D01213
NB00051749,AC09445491,E00436,HDFC0001234,35475.0,credit,2026-07-02 09:12:00,D01213
NB00051750,AC09445491,E00436,ICIC0005678,35676.0,credit,2026-07-31 09:16:00,D01213
NB00051751,AC09445491,E00436,ICIC0005678,36503.0,credit,2026-08-31 09:21:00,D01213
NB00051765,AC09453017,P00103,SBIN0004321,23048.6,debit,2026-09-10 09:36:20,D01214
NB00051771,AC09453017,P00230,HDFC0001234,1485.07,debit,2026-08-25 08:14:09,D01214
NB00051777,AC09453017,P00277,UTIB0000789,8499.56,debit,2026-07-01 11:21:44,D01214
NB00051787,AC09453017,P00247,UTIB0000789,4256.13,debit,2026-08-05 10:20:11,D01214
NB00051789,AC09453017,P00047,ICIC0005678,2490.05,debit,2026-07-07 02:39:40,D01214
NB00051807,AC09453017,P00230,SBIN0004321,1142.74,debit,2026-09-09 17:01:45,D01214
NB00051809,AC09453017,P00039,UTIB0000789,12116.45,debit,2026-08-27 09:18:30,D01214
NB00051813,AC09453017,P00390,ICIC0005678,4007.53,debit,2026-09-08 10:50:47,D01214
NB00051823,AC09453017,P00277,ICIC0005678,14846.33,debit,2026-09-02 18:34:06,D01214
NB00051825,AC09453017,P00230,UTIB0000789,2204.49,debit,2026-08-04 15:42:11,D01214
NB00051827,AC09453017,P00390,UTIB0000789,6769.84,debit,2026-07-29 18:54:58,D01214
NB00051828,AC09453017,P00288,HDFC0001234,1995.95,debit,2026-07-27 14:08:08,D01214
NB00051836,AC09453017,E00406,ICIC0005678,93285.0,credit,2026-07-01 09:44:00,D01214
NB00051837,AC09453017,E00406,ICIC0005678,92364.0,credit,2026-08-02 09:55:00,D01214
NB00051838,AC09453017,E00406,HDFC0001234,73902.0,credit,2026-08-30 09:32:00,D01214
NB00051848,AC09469200,P00375,UTIB0000789,697.28,debit,2026-09-07 19:46:59,D01215
NB00051853,AC09469200,P00286,SBIN0004321,1032.6,debit,2026-08-07 08:37:44,D01215
NB00051856,AC09469200,P00270,ICIC0005678,9744.21,debit,2026-09-09 17:32:10,D01215
NB00051859,AC09469200,P00143,UTIB0000789,850.49,debit,2026-08-09 16:21:57,D01216
NB00051875,AC09469200,P00035,HDFC0001234,868.85,debit,2026-07-05 20:58:09,D01215
NB00051886,AC09469200,P00286,SBIN0004321,281.24,debit,2026-09-05 11:10:17,D01215
NB00051893,AC09469200,P00143,UTIB0000789,525.08,debit,2026-07-26 11:55:35,D01215
NB00051897,AC09469200,E00425,UTIB0000789,42239.0,credit,2026-07-03 09:03:00,D01215
NB00051898,AC09469200,E00425,UTIB0000789,42330.0,credit,2026-08-02 09:36:00,D01215
NB00051899,AC09469200,E00425,ICIC0005678,43062.0,credit,2026-09-01 09:36:00,D01215
NB00051916,AC09473347,P00383,ICIC0005678,520.86,debit,2026-09-03 11:28:25,D01217
NB00051934,AC09473347,P00365,SBIN0004321,1102.35,debit,2026-07-19 19:23:48,D01217
NB00051939,AC09473347,P00383,ICIC0005678,943.17,debit,2026-08-10 10:01:47,D01217
NB00051947,AC09473347,E00433,SBIN0004321,43318.0,credit,2026-07-03 09:58:00,D01217
NB00051948,AC09473347,E00433,HDFC0001234,43491.0,credit,2026-08-01 09:50:00,D01217
NB00051949,AC09473347,E00433,SBIN0004321,43393.0,credit,2026-08-30 09:14:00,D01217
NB00051957,AC09482801,P00194,SBIN0004321,505.07,debit,2026-07-20 20:42:23,D01218
NB00051978,AC09482801,P00194,UTIB0000789,592.48,debit,2026-08-04 17:56:02,D01218
NB00051980,AC09482801,P00258,HDFC0001234,661.43,debit,2026-07-12 12:51:32,D01218
NB00051985,AC09482801,P00009,HDFC0001234,612.55,debit,2026-08-30 20:41:03,D01218
NB00051986,AC09482801,E00438,HDFC0001234,24553.0,credit,2026-07-02 09:26:00,D01218
NB00051987,AC09482801,E00438,HDFC0001234,24572.0,credit,2026-07-31 09:44:00,D01218
NB00051988,AC09482801,E00438,HDFC0001234,23874.0,credit,2026-08-31 09:53:00,D01218
NB00052001,AC09491127,P00109,ICIC0005678,2132.68,debit,2026-09-11 12:32:20,D01219
NB00052006,AC09491127,P00328,UTIB0000789,1434.28,debit,2026-07-25 16:54:29,D01219
NB00052011,AC09491127,P00231,UTIB0000789,602.38,debit,2026-08-03 13:18:18,D01219
NB00052021,AC09491127,P00364,ICIC0005678,1462.63,debit,2026-07-08 16:19:12,D01219
NB00052026,AC09491127,P00364,UTIB0000789,1504.76,debit,2026-08-06 11:47:54,D01219
NB00052033,AC09491127,P00031,ICIC0005678,3401.35,debit,2026-08-31 08:40:30,D01219
NB00052052,AC09491127,E00436,ICIC0005678,46301.0,credit,2026-07-01 09:41:00,D01219
NB00052053,AC09491127,E00436,UTIB0000789,38211.0,credit,2026-08-01 09:09:00,D01219
NB00052054,AC09491127,E00436,ICIC0005678,31047.0,credit,2026-08-31 09:54:00,D01219
NB00052063,AC09502199,P00023,SBIN0004321,3413.47,debit,2026-07-12 07:32:50,D01221
NB00052068,AC09502199,P00114,SBIN0004321,827.57,debit,2026-08-17 23:58:08,D01221
NB00052085,AC09502199,P00175,UTIB0000789,4517.98,debit,2026-08-05 10:32:26,D01220
NB00052088,AC09502199,E00430,HDFC0001234,35990.0,credit,2026-07-01 09:24:00,D01220
NB00052089,AC09502199,E00430,UTIB0000789,34951.0,credit,2026-08-01 09:31:00,D01220
NB00052090,AC09502199,E00430,UTIB0000789,35098.0,credit,2026-08-30 09:39:00,D01220
NB00052095,AC09512944,P00004,ICIC0005678,1008.18,debit,2026-09-04 02:50:14,D01222
NB00052100,AC09512944,P00004,UTIB0000789,794.64,debit,2026-07-23 19:24:20,D01222
NB00052127,AC09512944,E00434,UTIB0000789,27379.0,credit,2026-07-03 09:22:00,D01222
NB00052128,AC09512944,E00434,SBIN0004321,28056.0,credit,2026-08-02 09:00:00,D01222
NB00052129,AC09512944,E00434,UTIB0000789,27981.0,credit,2026-08-31 09:37:00,D01222
NB00052148,AC09523052,P00114,ICIC0005678,731.38,debit,2026-08-02 18:54:26,D01224
NB00052163,AC09523052,P00215,HDFC0001234,4436.81,debit,2026-09-11 16:54:30,D01224
NB00052164,AC09523052,P00361,ICIC0005678,544.3,debit,2026-07-27 16:55:06,D01224
NB00052168,AC09523052,P00032,UTIB0000789,336.59,debit,2026-09-05 11:59:22,D01224
NB00052170,AC09523052,E00433,SBIN0004321,26105.0,credit,2026-07-02 09:13:00,D01224
NB00052171,AC09523052,E00433,SBIN0004321,25992.0,credit,2026-08-02 09:19:00,D01224
NB00052172,AC09523052,E00433,HDFC0001234,26036.0,credit,2026-09-01 09:28:00,D01224
NB00052183,AC09537644,P00224,ICIC0005678,1636.88,debit,2026-09-07 12:57:31,D01225
NB00052200,AC09537644,P00042,HDFC0001234,6114.41,debit,2026-08-08 18:31:42,D01225
NB00052214,AC09537644,P00298,SBIN0004321,2381.85,debit,2026-08-28 21:23:37,D01225
NB00052215,AC09537644,P00126,SBIN0004321,13372.62,debit,2026-07-18 14:41:02,D01225
NB00052225,AC09537644,E00411,ICIC0005678,141158.0,credit,2026-07-03 09:49:00,D01225
NB00052226,AC09537644,E00411,UTIB0000789,143142.0,credit,2026-07-31 09:01:00,D01225
NB00052227,AC09537644,E00411,UTIB0000789,146557.0,credit,2026-08-30 09:02:00,D01225
NB00052230,AC09548987,P00026,UTIB0000789,1626.0,debit,2026-07-11 18:08:09,D01227
NB00052231,AC09548987,P00260,HDFC0001234,2423.6,debit,2026-07-18 14:39:21,D01227
NB00052237,AC09548987,P00150,HDFC0001234,1633.68,debit,2026-08-11 17:28:35,D01227
NB00052257,AC09548987,P00045,ICIC0005678,4345.72,debit,2026-08-29 18:57:29,D01227
NB00052259,AC09548987,P00281,ICIC0005678,5447.44,debit,2026-07-08 18:20:39,D01227
NB00052263,AC09548987,E00402,UTIB0000789,33031.0,credit,2026-07-01 09:43:00,D01227
NB00052264,AC09548987,E00402,UTIB0000789,32487.0,credit,2026-08-01 09:34:00,D01227
NB00052265,AC09548987,E00402,UTIB0000789,33704.0,credit,2026-08-31 09:51:00,D01227
NB00052266,AC09558698,P00048,ICIC0005678,232.34,debit,2026-07-20 10:29:38,D01229
NB00052269,AC09558698,P00384,UTIB0000789,4321.45,debit,2026-09-09 15:43:47,D01228
NB00052289,AC09558698,P00348,HDFC0001234,500.41,debit,2026-07-04 13:09:42,D01228
NB00052290,AC09558698,P00067,ICIC0005678,1592.03,debit,2026-08-12 12:35:44,D01228
NB00052295,AC09558698,P00108,SBIN0004321,3400.83,debit,2026-09-11 16:13:16,D01228
NB00052296,AC09558698,P00198,HDFC0001234,713.06,debit,2026-07-02 12:40:22,D01228
NB00052299,AC09558698,P00249,HDFC0001234,536.64,debit,2026-08-28 09:44:04,D01229
NB00052305,AC09558698,P00067,ICIC0005678,1392.17,debit,2026-07-17 15:22:39,D01229
NB00052308,AC09558698,E00434,HDFC0001234,18142.0,credit,2026-07-02 09:10:00,D01229
NB00052309,AC09558698,E00434,UTIB0000789,18592.0,credit,2026-07-31 09:08:00,D01228
NB00052310,AC09558698,E00434,ICIC0005678,18295.0,credit,2026-09-01 09:02:00,D01229
NB00052327,AC09569606,P00288,ICIC0005678,727.24,debit,2026-07-23 15:42:32,D01230
NB00052329,AC09569606,P00281,ICIC0005678,9053.97,debit,2026-07-27 12:21:31,D01230
NB00052336,AC09569606,P00091,SBIN0004321,2769.42,debit,2026-08-28 12:24:30,D01230
NB00052340,AC09569606,P00217,ICIC0005678,334.28,debit,2026-08-22 21:22:08,D01230
NB00052345,AC09569606,P00011,SBIN0004321,1249.81,debit,2026-08-31 07:41:38,D01230
NB00052346,AC09569606,P00284,ICIC0005678,5150.95,debit,2026-07-27 21:42:27,D01230
NB00052360,AC09569606,P00096,ICIC0005678,779.05,debit,2026-09-03 16:59:40,D01230
NB00052369,AC09569606,E00414,SBIN0004321,26689.0,credit,2026-07-01 09:53:00,D01230
NB00052370,AC09569606,E00414,SBIN0004321,27348.0,credit,2026-08-02 09:35:00,D01230
NB00052371,AC09569606,E00414,HDFC0001234,26276.0,credit,2026-08-30 09:56:00,D01230
NB00052383,AC09579083,P00064,SBIN0004321,10991.12,debit,2026-07-31 12:18:56,D01231
NB00052402,AC09579083,P00397,ICIC0005678,2813.46,debit,2026-07-08 13:45:26,D01231
NB00052413,AC09579083,P00007,SBIN0004321,546.0,debit,2026-09-01 11:28:10,D01231
NB00052421,AC09579083,P00315,HDFC0001234,386.44,debit,2026-08-13 10:20:02,D01231
NB00052427,AC09579083,E00422,UTIB0000789,37796.0,credit,2026-07-01 09:29:00,D01231
NB00052428,AC09579083,E00422,UTIB0000789,36645.0,credit,2026-08-01 09:21:00,D01231
NB00052429,AC09579083,E00422,HDFC0001234,37090.0,credit,2026-08-30 09:07:00,D01231
NB00052439,AC09585099,P00288,SBIN0004321,443.28,debit,2026-09-13 16:09:40,D01232
NB00052446,AC09585099,P00396,ICIC0005678,2381.92,debit,2026-07-18 08:10:06,D01232
NB00052475,AC09585099,P00396,UTIB0000789,2759.1,debit,2026-08-27 15:00:45,D01232
NB00052484,AC09585099,P00245,SBIN0004321,2493.04,debit,2026-09-10 11:47:39,D01232
NB00052490,AC09585099,P00322,SBIN0004321,978.83,debit,2026-07-14 19:19:39,D01232
NB00052495,AC09585099,E00426,SBIN0004321,50029.0,credit,2026-07-03 09:44:00,D01232
NB00052496,AC09585099,E00426,UTIB0000789,49580.0,credit,2026-08-01 09:15:00,D01232
NB00052497,AC09585099,E00426,ICIC0005678,49330.0,credit,2026-09-01 09:49:00,D01232
NB00052530,AC09594508,P00035,ICIC0005678,960.53,debit,2026-07-25 08:25:43,D01233
NB00052535,AC09594508,P00378,UTIB0000789,3271.25,debit,2026-08-23 12:32:50,D01233
NB00052537,AC09594508,P00005,SBIN0004321,532.96,debit,2026-08-25 09:20:50,D01233
NB00052543,AC09594508,P00005,SBIN0004321,1521.94,debit,2026-07-18 14:03:29,D01233
NB00052547,AC09594508,E00441,SBIN0004321,49822.0,credit,2026-07-02 09:07:00,D01233
NB00052548,AC09594508,E00441,SBIN0004321,49338.0,credit,2026-07-31 09:24:00,D01233
NB00052549,AC09594508,E00441,ICIC0005678,51574.0,credit,2026-09-01 09:12:00,D01233
NB00052558,AC09606842,P00158,SBIN0004321,3305.06,debit,2026-07-22 14:38:44,D01234
NB00052566,AC09606842,P00266,SBIN0004321,4797.42,debit,2026-09-13 16:20:47,D01234
NB00052572,AC09606842,P00038,ICIC0005678,629.42,debit,2026-08-30 08:48:32,D01234
NB00052615,AC09606842,E00404,SBIN0004321,52915.0,credit,2026-07-02 09:21:00,D01234
NB00052616,AC09606842,E00404,SBIN0004321,54227.0,credit,2026-07-31 09:40:00,D01234
NB00052617,AC09606842,E00404,UTIB0000789,54121.0,credit,2026-08-31 09:46:00,D01234
NB00052621,AC09613874,P00186,HDFC0001234,1567.42,debit,2026-07-24 18:49:33,D01235
NB00052644,AC09613874,P00063,HDFC0001234,142.31,debit,2026-07-27 14:03:39,D01235
NB00052650,AC09613874,P00145,SBIN0004321,969.9,debit,2026-07-01 13:06:30,D01235
NB00052665,AC09613874,P00125,ICIC0005678,418.62,debit,2026-07-09 15:03:27,D01235
NB00052672,AC09613874,P00103,ICIC0005678,2298.32,debit,2026-08-18 07:30:25,D01235
NB00052675,AC09613874,P00368,UTIB0000789,680.47,debit,2026-08-27 17:36:07,D01235
NB00052688,AC09613874,P00059,ICIC0005678,3044.08,debit,2026-08-08 14:26:07,D01235
NB00052699,AC09613874,P00293,ICIC0005678,1041.52,debit,2026-07-17 15:10:38,D01235
NB00052707,AC09613874,P00173,UTIB0000789,405.53,debit,2026-07-05 23:56:36,D01236
NB00052718,AC09613874,P00059,ICIC0005678,714.13,debit,2026-08-14 14:45:47,D01235
NB00052723,AC09613874,P00160,SBIN0004321,4812.5,debit,2026-07-31 19:13:14,D01235
NB00052730,AC09613874,P00186,HDFC0001234,924.88,debit,2026-08-13 21:13:49,D01235
NB00052733,AC09613874,P00105,HDFC0001234,1129.82,debit,2026-07-27 12:55:07,D01235
NB00052734,AC09613874,E00433,ICIC0005678,27650.0,credit,2026-07-02 09:26:00,D01236
NB00052735,AC09613874,E00433,SBIN0004321,27444.0,credit,2026-08-01 09:07:00,D01236
NB00052736,AC09613874,E00433,ICIC0005678,27580.0,credit,2026-09-01 09:14:00,D01235
NB00052742,AC09626432,P00273,HDFC0001234,326.01,debit,2026-08-09 17:35:42,D01237
NB00052745,AC09626432,P00285,UTIB0000789,3007.69,debit,2026-09-01 14:00:36,D01237
NB00052747,AC09626432,P00273,SBIN0004321,1433.67,debit,2026-07-11 12:04:14,D01237
NB00052755,AC09626432,P00164,UTIB0000789,4253.92,debit,2026-07-02 10:00:22,D01237
NB00052767,AC09626432,P00280,ICIC0005678,7330.87,debit,2026-07-24 18:50:24,D01237
NB00052770,AC09626432,P00115,HDFC0001234,3814.71,debit,2026-09-04 22:41:49,D01237
NB00052771,AC09626432,E00440,ICIC0005678,45487.0,credit,2026-07-01 09:18:00,D01237
NB00052772,AC09626432,E00440,SBIN0004321,45168.0,credit,2026-07-31 09:07:00,D01237
NB00052773,AC09626432,E00440,UTIB0000789,44040.0,credit,2026-09-01 09:38:00,D01237
NB00052790,AC09639997,P00274,UTIB0000789,408.83,debit,2026-07-06 14:49:02,D01238
NB00052798,AC09639997,P00392,UTIB0000789,453.84,debit,2026-08-30 10:27:39,D01238
NB00052802,AC09639997,P00007,SBIN0004321,691.2,debit,2026-07-05 18:00:55,D01238
NB00052805,AC09639997,P00205,UTIB0000789,882.23,debit,2026-07-21 10:19:25,D01238
NB00052818,AC09639997,P00274,UTIB0000789,813.73,debit,2026-07-05 13:13:26,D01238
NB00052822,AC09639997,P00159,ICIC0005678,1145.82,debit,2026-07-24 21:46:17,D01238
NB00052829,AC09639997,E00434,HDFC0001234,23832.0,credit,2026-07-01 09:11:00,D01238
NB00052830,AC09639997,E00434,SBIN0004321,25055.0,credit,2026-08-01 09:25:00,D01238
NB00052831,AC09639997,E00434,SBIN0004321,23532.0,credit,2026-08-31 09:55:00,D01238
NB00052839,AC09642782,P00315,UTIB0000789,3762.92,debit,2026-08-30 21:34:12,D01239
NB00052844,AC09642782,P00018,UTIB0000789,188.28,debit,2026-08-04 12:26:32,D01239
NB00052849,AC09642782,P00128,HDFC0001234,1278.46,debit,2026-08-12 10:26:06,D01239
NB00052859,AC09642782,P00018,ICIC0005678,580.38,debit,2026-08-14 10:00:47,D01239
NB00052862,AC09642782,P00045,SBIN0004321,3072.67,debit,2026-08-17 16:55:50,D01239
NB00052867,AC09642782,P00018,UTIB0000789,700.01,debit,2026-07-06 12:33:01,D01239
NB00052874,AC09642782,P00271,ICIC0005678,596.91,debit,2026-09-10 06:02:12,D01239
NB00052875,AC09642782,P00018,ICIC0005678,336.73,debit,2026-07-01 16:56:51,D01239
NB00052879,AC09642782,E00430,UTIB0000789,27982.0,credit,2026-07-01 09:10:00,D01239
NB00052880,AC09642782,E00430,ICIC0005678,27802.0,credit,2026-08-02 09:04:00,D01239
NB00052881,AC09642782,E00430,UTIB0000789,27967.0,credit,2026-08-31 09:30:00,D01239
NB00052899,AC09657923,P00332,SBIN0004321,1316.15,debit,2026-08-28 20:37:12,D01240
NB00052925,AC09657923,P00358,SBIN0004321,1155.58,debit,2026-07-30 16:15:00,D01240
NB00052926,AC09657923,E00435,ICIC0005678,23590.0,credit,2026-07-01 09:42:00,D01240
NB00052927,AC09657923,E00435,HDFC0001234,24126.0,credit,2026-08-02 09:14:00,D01240
NB00052928,AC09657923,E00435,SBIN0004321,24074.0,credit,2026-09-01 09:43:00,D01240
NB00052971,AC09669418,P00074,UTIB0000789,3869.36,debit,2026-07-27 10:06:24,D01241
NB00052972,AC09669418,E00432,SBIN0004321,21870.0,credit,2026-07-01 09:50:00,D01241
NB00052973,AC09669418,E00432,ICIC0005678,21041.0,credit,2026-08-01 09:34:00,D01241
NB00052974,AC09669418,E00432,HDFC0001234,21425.0,credit,2026-08-30 09:16:00,D01241
NB00052979,AC09675835,P00111,UTIB0000789,17177.72,debit,2026-08-24 09:21:18,D01242
NB00052980,AC09675835,P00111,SBIN0004321,5712.25,debit,2026-09-04 16:30:56,D01242
NB00052982,AC09675835,P00220,SBIN0004321,1964.75,debit,2026-08-05 08:26:58,D01242
NB00053000,AC09675835,P00262,HDFC0001234,2224.58,debit,2026-07-26 17:14:32,D01242
NB00053004,AC09675835,P00082,HDFC0001234,9405.45,debit,2026-09-03 11:40:17,D01242
NB00053016,AC09675835,E00402,SBIN0004321,63246.0,credit,2026-07-03 09:07:00,D01242
NB00053017,AC09675835,E00402,ICIC0005678,65690.0,credit,2026-08-02 09:59:00,D01242
NB00053018,AC09675835,E00402,HDFC0001234,64920.0,credit,2026-08-30 09:41:00,D01242
NB00053050,AC09684203,P00372,SBIN0004321,1469.86,debit,2026-07-31 17:42:42,D01243
NB00053058,AC09684203,P00332,ICIC0005678,3092.8,debit,2026-08-16 14:30:07,D01243
NB00053062,AC09684203,P00253,ICIC0005678,3085.91,debit,2026-07-29 07:47:32,D01243
NB00053069,AC09684203,P00332,UTIB0000789,6263.19,debit,2026-07-04 10:32:24,D01243
NB00053085,AC09684203,P00267,SBIN0004321,1027.52,debit,2026-08-28 19:04:51,D01243
NB00053087,AC09684203,E00430,HDFC0001234,53817.0,credit,2026-07-01 09:32:00,D01243
NB00053088,AC09684203,E00430,ICIC0005678,53828.0,credit,2026-07-31 09:06:00,D01244
NB00053089,AC09684203,E00430,HDFC0001234,54972.0,credit,2026-08-30 09:40:00,D01244
NB00053099,AC09693292,P00294,SBIN0004321,4202.5,debit,2026-08-28 15:37:28,D01246
NB00053103,AC09693292,P00188,UTIB0000789,1309.89,debit,2026-07-13 06:23:24,D01246
NB00053121,AC09693292,P00203,ICIC0005678,5477.98,debit,2026-08-22 21:37:56,D01245
NB00053186,AC09693292,E00418,ICIC0005678,62137.0,credit,2026-07-03 09:00:00,D01246
NB00053187,AC09693292,E00418,SBIN0004321,61172.0,credit,2026-07-31 09:49:00,D01246
NB00053188,AC09693292,E00418,ICIC0005678,61328.0,credit,2026-08-31 09:14:00,D01245
NB00053190,AC09702511,P00352,ICIC0005678,704.47,debit,2026-07-31 18:09:17,D01247
NB00053199,AC09702511,P00308,ICIC0005678,3635.64,debit,2026-07-04 10:51:25,D01247
NB00053203,AC09702511,P00107,HDFC0001234,3484.57,debit,2026-07-08 13:22:01,D01247
NB00053209,AC09702511,P00190,SBIN0004321,388.64,debit,2026-08-29 16:47:55,D01247
NB00053213,AC09702511,P00270,SBIN0004321,6025.13,debit,2026-07-11 21:31:26,D01247
NB00053231,AC09702511,P00107,HDFC0001234,7451.92,debit,2026-07-29 10:05:45,D01247
NB00053249,AC09702511,P00172,SBIN0004321,1077.2,debit,2026-07-26 09:11:46,D01247
NB00053267,AC09702511,E00421,UTIB0000789,39276.0,credit,2026-07-02 09:29:00,D01247
NB00053268,AC09702511,E00421,UTIB0000789,39060.0,credit,2026-07-31 09:12:00,D01247
NB00053269,AC09702511,E00421,UTIB0000789,37909.0,credit,2026-08-31 09:52:00,D01247
NB00053271,AC09713891,P00052,SBIN0004321,2596.18,debit,2026-08-23 19:23:54,D01249
NB00053282,AC09713891,P00173,SBIN0004321,602.71,debit,2026-08-15 14:41:45,D01248
NB00053297,AC09713891,E00432,UTIB0000789,55091.0,credit,2026-07-02 09:16:00,D01248
NB00053298,AC09713891,E00432,UTIB0000789,46919.0,credit,2026-07-31 09:32:00,D01248
NB00053299,AC09713891,E00432,HDFC0001234,36775.0,credit,2026-09-01 09:39:00,D01248
NB00053308,AC09727718,P00020,UTIB0000789,189.31,debit,2026-08-29 16:56:57,D01251
NB00053325,AC09727718,P00277,SBIN0004321,969.16,debit,2026-09-01 22:53:06,D01250
NB00053341,AC09727718,E00420,SBIN0004321,15733.0,credit,2026-07-02 09:40:00,D01251
NB00053342,AC09727718,E00420,SBIN0004321,15671.0,credit,2026-08-01 09:16:00,D01251
NB00053343,AC09727718,E00420,UTIB0000789,16160.0,credit,2026-09-01 09:38:00,D01250
NB00053362,AC09735637,P00025,UTIB0000789,1831.28,debit,2026-07-17 18:22:00,D01253
NB00053380,AC09735637,P00315,UTIB0000789,10973.56,debit,2026-07-16 14:45:20,D01252
NB00053386,AC09735637,P00025,UTIB0000789,2350.47,debit,2026-07-13 06:51:02,D01253
NB00053390,AC09735637,E00424,HDFC0001234,58853.0,credit,2026-07-03 09:41:00,D01252
NB00053391,AC09735637,E00424,UTIB0000789,59607.0,credit,2026-07-31 09:56:00,D01252
NB00053392,AC09735637,E00424,SBIN0004321,61041.0,credit,2026-08-31 09:41:00,D01252
NB00053414,AC09742992,P00369,ICIC0005678,1414.86,debit,2026-08-27 21:14:58,D01255
NB00053419,AC09742992,P00329,HDFC0001234,1509.06,debit,2026-07-15 11:27:24,D01255
NB00053421,AC09742992,P00009,SBIN0004321,2953.89,debit,2026-08-28 08:13:27,D01254
NB00053428,AC09742992,E00410,SBIN0004321,42435.0,credit,2026-07-03 09:45:00,D01254
NB00053429,AC09742992,E00410,UTIB0000789,41065.0,credit,2026-08-01 09:29:00,D01255
NB00053430,AC09742992,E00410,HDFC0001234,33495.0,credit,2026-08-30 09:25:00,D01254
NB00053452,AC09755878,P00292,HDFC0001234,3588.74,debit,2026-07-03 21:29:28,D01256
NB00053455,AC09755878,P00215,ICIC0005678,8601.69,debit,2026-08-05 16:00:00,D01256
NB00053457,AC09755878,P00152,HDFC0001234,1148.44,debit,2026-07-06 20:13:15,D01256
NB00053466,AC09755878,P00119,ICIC0005678,434.76,debit,2026-08-25 09:10:34,D01256
NB00053476,AC09755878,P00001,SBIN0004321,3166.27,debit,2026-09-13 18:26:21,D01256
NB00053478,AC09755878,P00353,SBIN0004321,2269.53,debit,2026-07-06 12:45:41,D01256
NB00053480,AC09755878,P00215,UTIB0000789,9477.34,debit,2026-08-05 17:41:18,D01256
NB00053485,AC09755878,P00001,UTIB0000789,1008.23,debit,2026-08-10 09:15:53,D01256
NB00053487,AC09755878,E00421,SBIN0004321,51370.0,credit,2026-07-03 09:01:00,D01256
NB00053488,AC09755878,E00421,HDFC0001234,51986.0,credit,2026-07-31 09:33:00,D01256
NB00053489,AC09755878,E00421,HDFC0001234,52419.0,credit,2026-08-31 09:27:00,D01256
NB00053508,AC09768280,P00058,UTIB0000789,784.28,debit,2026-07-29 10:06:55,D01258
NB00053544,AC09768280,P00228,HDFC0001234,1234.71,debit,2026-07-19 15:25:32,D01257
NB00053545,AC09768280,E00409,SBIN0004321,46479.0,credit,2026-07-01 09:15:00,D01257
NB00053546,AC09768280,E00409,ICIC0005678,45122.0,credit,2026-07-31 09:55:00,D01258
NB00053547,AC09768280,E00409,UTIB0000789,45402.0,credit,2026-09-01 09:26:00,D01257
NB00053558,AC09771123,P00394,ICIC0005678,746.96,debit,2026-08-13 13:53:29,D01260
NB00053572,AC09771123,P00246,HDFC0001234,802.68,debit,2026-07-17 10:09:47,D01259
NB00053589,AC09771123,P00246,UTIB0000789,1442.79,debit,2026-08-04 22:54:46,D01259
NB00053593,AC09771123,P00014,SBIN0004321,1441.64,debit,2026-08-22 06:31:48,D01259
NB00053604,AC09771123,P00246,SBIN0004321,597.1,debit,2026-08-02 16:29:41,D01259
NB00053616,AC09771123,P00373,SBIN0004321,838.38,debit,2026-07-29 09:46:08,D01260
NB00053640,AC09771123,P00062,UTIB0000789,3574.38,debit,2026-07-25 20:04:55,D01259
NB00053643,AC09771123,E00413,ICIC0005678,23413.0,credit,2026-07-01 09:34:00,D01259
NB00053644,AC09771123,E00413,HDFC0001234,23072.0,credit,2026-08-02 09:46:00,D01259
NB00053645,AC09771123,E00413,UTIB0000789,22714.0,credit,2026-08-30 09:28:00,D01260
NB00053651,AC09781185,P00147,ICIC0005678,863.58,debit,2026-08-10 12:13:20,D01261
NB00053667,AC09781185,P00216,UTIB0000789,453.52,debit,2026-07-27 13:46:59,D01262
NB00053695,AC09781185,E00434,SBIN0004321,17981.0,credit,2026-07-02 09:54:00,D01261
NB00053696,AC09781185,E00434,UTIB0000789,17968.0,credit,2026-07-31 09:00:00,D01262
NB00053697,AC09781185,E00434,ICIC0005678,18048.0,credit,2026-08-30 09:54:00,D01262
NB00053700,AC09799633,P00114,SBIN0004321,401.43,debit,2026-08-21 20:49:38,D01263
NB00053703,AC09799633,P00274,ICIC0005678,985.93,debit,2026-07-10 16:15:26,D01263
NB00053706,AC09799633,P00359,SBIN0004321,429.04,debit,2026-08-10 20:44:10,D01263
NB00053710,AC09799633,P00006,SBIN0004321,465.84,debit,2026-08-09 19:13:47,D01263
NB00053735,AC09799633,P00114,HDFC0001234,175.45,debit,2026-08-03 21:13:16,D01263
NB00053741,AC09799633,P00301,ICIC0005678,243.09,debit,2026-09-06 18:49:12,D01263
NB00053753,AC09799633,P00015,SBIN0004321,3318.8,debit,2026-09-02 16:12:46,D01263
NB00053765,AC09799633,P00227,HDFC0001234,425.88,debit,2026-08-03 06:48:22,D01263
NB00053769,AC09799633,E00407,ICIC0005678,26811.0,credit,2026-07-02 09:44:00,D01263
NB00053770,AC09799633,E00407,ICIC0005678,26786.0,credit,2026-08-02 09:20:00,D01263
NB00053771,AC09799633,E00407,ICIC0005678,26293.0,credit,2026-08-31 09:00:00,D01263
NB00053797,AC09807733,P00078,SBIN0004321,3239.84,debit,2026-07-10 18:05:11,D01264
NB00053806,AC09807733,P00373,SBIN0004321,1053.34,debit,2026-09-07 20:26:50,D01264
NB00053819,AC09807733,P00041,SBIN0004321,7777.85,debit,2026-08-10 10:17:24,D01264
NB00053825,AC09807733,E00419,UTIB0000789,50089.0,credit,2026-07-01 09:48:00,D01264
NB00053826,AC09807733,E00419,ICIC0005678,51101.0,credit,2026-07-31 09:50:00,D01264
NB00053827,AC09807733,E00419,HDFC0001234,49989.0,credit,2026-08-31 09:59:00,D01264
NB00053829,AC09816179,P00017,ICIC0005678,4325.57,debit,2026-09-03 10:20:26,D01265
NB00053836,AC09816179,P00078,ICIC0005678,978.92,debit,2026-07-25 15:13:43,D01265
NB00053839,AC09816179,P00317,SBIN0004321,969.63,debit,2026-07-03 20:02:05,D01265
NB00053840,AC09816179,P00290,ICIC0005678,2219.51,debit,2026-08-26 15:58:33,D01265
NB00053857,AC09816179,P00031,HDFC0001234,5032.31,debit,2026-08-03 16:04:07,D01265
NB00053873,AC09816179,P00231,ICIC0005678,1440.13,debit,2026-09-06 09:33:48,D01265
NB00053876,AC09816179,P00133,UTIB0000789,2878.87,debit,2026-07-24 23:47:34,D01265
NB00053878,AC09816179,P00344,UTIB0000789,2017.31,debit,2026-07-14 12:43:29,D01265
NB00053882,AC09816179,E00438,HDFC0001234,53382.0,credit,2026-07-01 09:43:00,D01265
NB00053883,AC09816179,E00438,UTIB0000789,52488.0,credit,2026-08-01 09:51:00,D01265
NB00053884,AC09816179,E00438,SBIN0004321,53677.0,credit,2026-09-01 09:27:00,D01265
NB00053912,AC09829153,E00427,SBIN0004321,19299.0,credit,2026-07-03 09:37:00,D01266
NB00053913,AC09829153,E00427,SBIN0004321,18631.0,credit,2026-08-01 09:18:00,D01266
NB00053914,AC09829153,E00427,ICIC0005678,18892.0,credit,2026-08-31 09:00:00,D01266
NB00053918,AC09836301,P00203,UTIB0000789,1425.05,debit,2026-08-28 16:01:35,D01267
NB00053928,AC09836301,P00386,SBIN0004321,1676.65,debit,2026-07-06 19:40:20,D01267
NB00053930,AC09836301,P00275,HDFC0001234,1230.36,debit,2026-08-10 20:19:49,D01267
NB00053933,AC09836301,P00382,ICIC0005678,496.58,debit,2026-09-09 20:35:48,D01267
NB00053942,AC09836301,P00386,UTIB0000789,1155.91,debit,2026-07-08 16:28:39,D01267
NB00053949,AC09836301,P00249,HDFC0001234,180.62,debit,2026-08-05 15:25:22,D01267
NB00053969,AC09836301,P00249,SBIN0004321,445.91,debit,2026-07-20 23:13:04,D01267
NB00053970,AC09836301,P00195,ICIC0005678,1664.51,debit,2026-07-28 13:57:14,D01267
NB00053977,AC09836301,P00275,HDFC0001234,388.8,debit,2026-07-10 10:20:11,D01267
NB00053984,AC09836301,P00249,ICIC0005678,292.47,debit,2026-08-24 06:17:09,D01267
NB00054000,AC09836301,E00412,SBIN0004321,22803.0,credit,2026-07-03 09:13:00,D01267
NB00054001,AC09836301,E00412,ICIC0005678,23576.0,credit,2026-08-01 09:15:00,D01267
NB00054002,AC09836301,E00412,HDFC0001234,22632.0,credit,2026-09-01 09:29:00,D01267
NB00054035,AC09845685,E00406,UTIB0000789,26469.0,credit,2026-07-02 09:44:00,D01268
NB00054036,AC09845685,E00406,SBIN0004321,26785.0,credit,2026-08-02 09:03:00,D01269
NB00054037,AC09845685,E00406,HDFC0001234,26575.0,credit,2026-08-31 09:14:00,D01268
NB00054039,AC09852903,P00247,UTIB0000789,856.68,debit,2026-08-15 13:40:29,D01271
NB00054054,AC09852903,P00293,HDFC0001234,223.59,debit,2026-09-01 09:02:05,D01270
NB00054061,AC09852903,P00197,SBIN0004321,721.07,debit,2026-08-11 21:11:36,D01270
NB00054082,AC09852903,P00361,ICIC0005678,1886.64,debit,2026-08-04 14:50:00,D01270
NB00054087,AC09852903,E00412,SBIN0004321,31590.0,credit,2026-07-03 09:05:00,D01270
NB00054088,AC09852903,E00412,HDFC0001234,31965.0,credit,2026-08-02 09:59:00,D01270
NB00054089,AC09852903,E00412,SBIN0004321,32295.0,credit,2026-09-01 09:31:00,D01271
NB00054130,AC09868295,E00425,ICIC0005678,19169.0,credit,2026-07-02 09:00:00,D01272
NB00054131,AC09868295,E00425,ICIC0005678,18555.0,credit,2026-08-02 09:55:00,D01272
NB00054132,AC09868295,E00425,SBIN0004321,19531.0,credit,2026-08-30 09:28:00,D01272
NB00054133,AC09877884,P00084,ICIC0005678,430.67,debit,2026-07-28 14:15:42,D01273
NB00054140,AC09877884,P00290,UTIB0000789,570.5,debit,2026-08-02 10:58:58,D01274
NB00054144,AC09877884,P00336,UTIB0000789,755.37,debit,2026-09-07 15:32:43,D01273
NB00054149,AC09877884,P00387,SBIN0004321,3030.44,debit,2026-07-11 18:05:16,D01273
NB00054152,AC09877884,P00021,ICIC0005678,1137.28,debit,2026-08-16 18:56:39,D01273
NB00054158,AC09877884,P00008,ICIC0005678,3488.69,debit,2026-08-10 19:46:16,D01273
NB00054169,AC09877884,E00415,HDFC0001234,18691.0,credit,2026-07-01 09:47:00,D01273
NB00054170,AC09877884,E00415,HDFC0001234,16058.0,credit,2026-08-02 09:30:00,D01273
NB00054171,AC09877884,E00415,ICIC0005678,14334.0,credit,2026-09-01 09:19:00,D01273
NB00054189,AC09883660,P00272,UTIB0000789,314.2,debit,2026-07-10 10:55:42,D01275
NB00054190,AC09883660,P00091,SBIN0004321,1083.88,debit,2026-07-24 09:17:37,D01275
NB00054195,AC09883660,E00429,UTIB0000789,24869.0,credit,2026-07-02 09:44:00,D01275
NB00054196,AC09883660,E00429,SBIN0004321,24740.0,credit,2026-08-01 09:00:00,D01275
NB00054197,AC09883660,E00429,ICIC0005678,25148.0,credit,2026-09-01 09:45:00,D01275
NB00054202,AC09897634,P00099,SBIN0004321,309.03,debit,2026-07-20 18:59:16,D01276
NB00054203,AC09897634,P00272,SBIN0004321,1089.65,debit,2026-08-01 13:14:48,D01276
NB00054209,AC09897634,P00056,HDFC0001234,2223.41,debit,2026-08-17 12:27:47,D01276
NB00054210,AC09897634,P00366,ICIC0005678,415.08,debit,2026-07-29 19:37:05,D01277
NB00054214,AC09897634,P00366,ICIC0005678,576.27,debit,2026-07-01 10:36:39,D01276
NB00054227,AC09897634,P00381,HDFC0001234,1607.96,debit,2026-08-26 10:13:41,D01277
NB00054240,AC09897634,E00413,ICIC0005678,39381.0,credit,2026-07-02 09:09:00,D01276
NB00054241,AC09897634,E00413,SBIN0004321,39420.0,credit,2026-08-01 09:39:00,D01276
NB00054242,AC09897634,E00413,HDFC0001234,40140.0,credit,2026-08-31 09:20:00,D01276
NB00054249,AC09907543,P00154,UTIB0000789,828.7,debit,2026-09-09 09:14:11,D01278
NB00054257,AC09907543,P00048,HDFC0001234,229.49,debit,2026-07-21 09:58:20,D01279
NB00054263,AC09907543,P00117,UTIB0000789,450.6,debit,2026-07-16 10:21:03,D01279
NB00054288,AC09907543,P00056,ICIC0005678,426.63,debit,2026-08-21 11:34:34,D01278
NB00054294,AC09907543,P00154,ICIC0005678,481.11,debit,2026-07-01 14:08:07,D01278
NB00054300,AC09907543,E00425,UTIB0000789,20943.0,credit,2026-07-03 09:33:00,D01278
NB00054301,AC09907543,E00425,HDFC0001234,20903.0,credit,2026-08-01 09:31:00,D01278
NB00054302,AC09907543,E00425,SBIN0004321,17332.0,credit,2026-09-01 09:22:00,D01279
NB00054305,AC09911856,P00159,ICIC0005678,5100.75,debit,2026-07-16 07:17:18,D01280
NB00054333,AC09911856,P00068,ICIC0005678,1922.9,debit,2026-07-01 19:41:12,D01280
NB00054337,AC09911856,P00087,ICIC0005678,532.54,debit,2026-08-31 15:49:15,D01280
NB00054344,AC09911856,P00352,HDFC0001234,817.96,debit,2026-09-11 18:27:09,D01280
NB00054349,AC09911856,P00159,SBIN0004321,6386.49,debit,2026-08-20 16:07:42,D01280
NB00054355,AC09911856,P00352,ICIC0005678,714.34,debit,2026-07-10 11:49:53,D01280
NB00054365,AC09911856,E00429,SBIN0004321,35767.0,credit,2026-07-02 09:15:00,D01280
NB00054366,AC09911856,E00429,SBIN0004321,36215.0,credit,2026-08-01 09:55:00,D01280
NB00054367,AC09911856,E00429,UTIB0000789,35339.0,credit,2026-09-01 09:23:00,D01280
NB00054369,AC09922443,P00389,ICIC0005678,933.19,debit,2026-09-08 13:03:17,D01281
NB00054379,AC09922443,P00227,ICIC0005678,2184.07,debit,2026-08-20 19:34:33,D01281
NB00054384,AC09922443,P00075,ICIC0005678,461.95,debit,2026-08-26 16:01:36,D01281
NB00054388,AC09922443,P00389,SBIN0004321,619.25,debit,2026-08-20 22:45:59,D01281
NB00054394,AC09922443,P00062,UTIB0000789,3232.24,debit,2026-08-23 18:24:41,D01281
NB00054415,AC09922443,P00241,ICIC0005678,2357.42,debit,2026-08-28 15:15:58,D01282
NB00054424,AC09922443,E00419,HDFC0001234,65911.0,credit,2026-07-02 09:44:00,D01282
NB00054425,AC09922443,E00419,ICIC0005678,65066.0,credit,2026-08-02 09:38:00,D01281
NB00054426,AC09922443,E00419,HDFC0001234,61851.0,credit,2026-09-01 09:03:00,D01281
NB00054431,AC09936354,P00087,ICIC0005678,344.97,debit,2026-08-22 09:35:05,D01283
NB00054436,AC09936354,P00003,UTIB0000789,220.37,debit,2026-09-11 23:29:50,D01283
NB00054444,AC09936354,E00402,UTIB0000789,19825.0,credit,2026-07-01 09:14:00,D01283
NB00054445,AC09936354,E00402,SBIN0004321,20109.0,credit,2026-08-01 09:41:00,D01284
NB00054446,AC09936354,E00402,ICIC0005678,19915.0,credit,2026-08-31 09:38:00,D01283
NB00054447,AC09946611,P00203,UTIB0000789,1949.21,debit,2026-09-09 19:49:32,D01285
NB00054451,AC09946611,P00001,UTIB0000789,1988.25,debit,2026-08-06 19:49:00,D01285
NB00054462,AC09946611,P00137,HDFC0001234,358.84,debit,2026-07-28 14:52:12,D01285
NB00054468,AC09946611,P00001,HDFC0001234,552.28,debit,2026-07-12 20:10:33,D01285
NB00054469,AC09946611,P00381,ICIC0005678,790.31,debit,2026-08-18 23:36:55,D01285
NB00054478,AC09946611,P00143,HDFC0001234,696.07,debit,2026-08-05 13:09:10,D01285
NB00054492,AC09946611,E00441,UTIB0000789,34269.0,credit,2026-07-01 09:45:00,D01285
NB00054493,AC09946611,E00441,HDFC0001234,29729.0,credit,2026-07-31 09:45:00,D01285
NB00054494,AC09946611,E00441,UTIB0000789,25288.0,credit,2026-09-01 09:30:00,D01285
NB00054500,AC09956923,P00246,ICIC0005678,1274.37,debit,2026-08-19 17:35:47,D01286
NB00054524,AC09956923,P00246,HDFC0001234,2493.86,debit,2026-08-24 08:03:54,D01286
NB00054539,AC09956923,P00260,HDFC0001234,6986.44,debit,2026-07-22 18:19:42,D01286
NB00054542,AC09956923,P00005,UTIB0000789,369.97,debit,2026-08-17 20:21:34,D01286
NB00054545,AC09956923,E00432,ICIC0005678,62054.0,credit,2026-07-02 09:40:00,D01286
NB00054546,AC09956923,E00432,HDFC0001234,62825.0,credit,2026-07-31 09:47:00,D01286
NB00054547,AC09956923,E00432,UTIB0000789,64958.0,credit,2026-09-01 09:39:00,D01286
NB00054555,AC09964358,P00355,UTIB0000789,426.08,debit,2026-07-16 08:34:52,D01287
NB00054559,AC09964358,P00268,ICIC0005678,1014.93,debit,2026-08-30 10:27:03,D01287
NB00054560,AC09964358,P00355,UTIB0000789,556.67,debit,2026-09-05 20:20:59,D01287
NB00054570,AC09964358,P00360,UTIB0000789,932.99,debit,2026-08-04 19:37:28,D01287
NB00054582,AC09964358,P00285,ICIC0005678,2642.36,debit,2026-07-31 19:23:35,D01287
NB00054614,AC09964358,E00431,ICIC0005678,30815.0,credit,2026-07-01 09:12:00,D01287
NB00054615,AC09964358,E00431,UTIB0000789,31506.0,credit,2026-07-31 09:03:00,D01287
NB00054616,AC09964358,E00431,SBIN0004321,32179.0,credit,2026-09-01 09:55:00,D01287
NB00054619,AC09978519,P00098,UTIB0000789,2614.86,debit,2026-07-01 14:47:39,D01289
NB00054638,AC09978519,P00206,HDFC0001234,2303.61,debit,2026-07-11 18:51:05,D01289
NB00054656,AC09978519,E00424,SBIN0004321,28290.0,credit,2026-07-03 09:00:00,D01288
NB00054657,AC09978519,E00424,ICIC0005678,27988.0,credit,2026-08-01 09:00:00,D01288
NB00054658,AC09978519,E00424,HDFC0001234,28386.0,credit,2026-08-30 09:20:00,D01288
NB00054660,AC09985010,P00016,SBIN0004321,1782.02,debit,2026-08-08 10:13:23,D01290
NB00054663,AC09985010,P00151,HDFC0001234,7961.71,debit,2026-07-16 10:03:41,D01290
NB00054710,AC09985010,P00335,ICIC0005678,3242.52,debit,2026-08-27 08:35:51,D01290
NB00054720,AC09985010,E00424,HDFC0001234,69121.0,credit,2026-07-03 09:57:00,D01290
NB00054721,AC09985010,E00424,UTIB0000789,69264.0,credit,2026-08-01 09:51:00,D01290
NB00054722,AC09985010,E00424,UTIB0000789,70317.0,credit,2026-08-30 09:03:00,D01290
NB00054731,AC09992854,P00231,SBIN0004321,1680.27,debit,2026-07-02 14:28:44,D01291
NB00054740,AC09992854,P00016,UTIB0000789,432.17,debit,2026-07-14 08:32:26,D01291
NB00054758,AC09992854,P00231,ICIC0005678,197.76,debit,2026-08-09 13:44:49,D01291
NB00054759,AC09992854,P00337,UTIB0000789,4486.47,debit,2026-07-11 17:17:33,D01291
NB00054760,AC09992854,E00434,SBIN0004321,32839.0,credit,2026-07-03 09:33:00,D01291
NB00054761,AC09992854,E00434,ICIC0005678,29017.0,credit,2026-08-02 09:57:00,D01291
NB00054762,AC09992854,E00434,HDFC0001234,25080.0,credit,2026-09-01 09:43:00,D01291
NB00054770,AC10002035,P00036,UTIB0000789,4987.4,debit,2026-07-18 10:31:29,D01292
NB00054778,AC10002035,P00036,SBIN0004321,2652.62,debit,2026-07-13 17:01:59,D01292
NB00054782,AC10002035,P00333,HDFC0001234,1248.43,debit,2026-08-13 00:47:36,D01292
NB00054787,AC10002035,P00133,ICIC0005678,2407.62,debit,2026-09-13 08:26:33,D01292
NB00054798,AC10002035,P00136,UTIB0000789,3008.79,debit,2026-08-20 14:23:13,D01292
NB00054811,AC10002035,P00133,ICIC0005678,5310.18,debit,2026-07-25 20:15:14,D01292
NB00054812,AC10002035,E00441,UTIB0000789,65961.0,credit,2026-07-01 09:48:00,D01292
NB00054813,AC10002035,E00441,UTIB0000789,64858.0,credit,2026-07-31 09:08:00,D01292
NB00054814,AC10002035,E00441,HDFC0001234,66637.0,credit,2026-09-01 09:24:00,D01292
NB00054819,AC10018897,P00345,UTIB0000789,7251.54,debit,2026-09-09 20:29:12,D01293
NB00054820,AC10018897,P00099,SBIN0004321,1824.48,debit,2026-07-04 13:23:25,D01293
NB00054851,AC10018897,E00432,UTIB0000789,40000.0,credit,2026-07-03 09:49:00,D01293
NB00054852,AC10018897,E00432,HDFC0001234,34000.0,credit,2026-07-31 09:33:00,D01293
NB00054853,AC10018897,E00432,SBIN0004321,28000.0,credit,2026-09-01 09:12:00,D01293
NB00054856,AC02579660,P00449,UTIB0000789,11162.25,debit,2026-07-10 10:07:05,D00343
NB00054857,AC01313469,P00450,ICIC0005678,15677.51,debit,2026-08-21 18:21:33,D00172
NB00054865,AC03886070,P00458,ICIC0005678,61362.6,debit,2026-08-20 14:06:04,D00505
NB00054867,AC07086325,P00460,SBIN0004321,95487.73,debit,2026-07-11 15:50:03,D00914
NB00054870,AC00316164,P00463,ICIC0005678,13324.07,debit,2026-07-29 15:00:21,D00042
NB00054878,AC05521592,P00471,ICIC0005678,10191.26,debit,2026-07-22 14:17:21,D00716
NB00054879,AC09669418,P00472,UTIB0000789,14491.86,debit,2026-07-15 19:40:05,D01241
NB00054883,AC08924237,P00476,ICIC0005678,9223.1,debit,2026-07-15 10:46:48,D01145
NB00054884,AC02462019,P00477,SBIN0004321,30583.04,debit,2026-07-30 19:43:39,D00330
NB00054887,AC02005734,P00480,SBIN0004321,18595.61,debit,2026-08-03 12:53:45,D00269
NB00054892,AC05618954,P00485,UTIB0000789,16332.2,debit,2026-08-22 15:38:59,D00726
NB00054893,AC03024154,P00486,ICIC0005678,41273.03,debit,2026-07-30 11:37:44,D00399
NB00054899,AC07936561,P00492,UTIB0000789,12001.23,debit,2026-07-06 16:28:00,D01021
NB00054901,AC09829153,P00494,ICIC0005678,8472.13,debit,2026-07-28 17:07:51,D01266
NB00054903,AC00728957,P00496,HDFC0001234,3121.02,debit,2026-07-30 19:03:55,D00097
NB00054904,AC05936412,P00497,ICIC0005678,9139.27,debit,2026-08-29 13:29:15,D00765
NB00054905,AC07099264,P00498,UTIB0000789,13347.06,debit,2026-07-17 12:06:27,D00915
NB00054907,AC06132220,P00500,HDFC0001234,5122.93,debit,2026-08-20 12:37:14,D00786
NB00054908,AC03822423,P00501,HDFC0001234,41794.24,debit,2026-07-06 19:52:46,D00498
NB00054910,AC04423425,P00503,SBIN0004321,13959.53,debit,2026-07-29 11:20:04,D00575
NB00054911,AC04169773,P00504,HDFC0001234,49265.54,debit,2026-08-15 13:59:45,D00541
NB00054913,AC01369852,P00506,ICIC0005678,12199.43,debit,2026-07-14 18:47:15,D00179
NB00054914,AC02511767,P00507,ICIC0005678,14688.78,debit,2026-08-20 11:04:46,D00336
NB00054915,AC02511767,P00508,UTIB0000789,11619.84,debit,2026-07-16 18:31:23,D00336
NB00054916,AC04448228,P00509,SBIN0004321,13887.23,debit,2026-09-01 15:22:11,D00577
NB00054917,AC03175155,P00510,UTIB0000789,7963.13,debit,2026-08-15 11:38:11,D00417
NB00054919,AC02683980,P00512,ICIC0005678,13023.36,debit,2026-07-26 10:44:17,D00358
NB00054920,AC07452684,P00513,SBIN0004321,26850.56,debit,2026-07-15 13:45:44,D00958
NB00054926,AC09453017,P00519,SBIN0004321,40136.44,debit,2026-08-18 12:47:38,D01214
NB00054927,AC01906314,P00520,HDFC0001234,9599.43,debit,2026-08-12 13:49:30,D00256
NB00054929,AC02196396,P00522,UTIB0000789,62196.49,debit,2026-07-29 16:01:21,D00293
NB00054934,AC06394280,P00527,SBIN0004321,30238.59,debit,2026-08-15 16:46:08,D00820
NB00054937,AC06248041,P00530,ICIC0005678,42538.75,debit,2026-08-30 10:29:42,D00800
NB00054939,AC00016880,P00532,UTIB0000789,20206.39,debit,2026-08-03 14:48:06,D00001
NB00054941,AC08485471,P00534,ICIC0005678,14015.47,debit,2026-07-29 13:12:24,D01089
NB00054942,AC02438982,P00535,ICIC0005678,7612.03,debit,2026-08-04 13:51:26,D00326
NB00054943,AC01008667,P00536,ICIC0005678,10941.7,debit,2026-08-15 14:42:15,D00129
NB00054948,AC06956061,P00541,ICIC0005678,6241.47,debit,2026-08-05 18:20:11,D00895
NB00054949,AC03907330,P00542,ICIC0005678,34549.24,debit,2026-08-31 19:26:05,D00507
NB00054953,AC05756457,P00546,UTIB0000789,28107.52,debit,2026-07-31 14:18:46,D00742
NB00054956,AC07998823,P00549,ICIC0005678,47806.14,debit,2026-08-20 14:52:13,D01028
NB00054957,AC03796772,P00550,UTIB0000789,18500.76,debit,2026-08-01 10:20:49,D00495
NB00054959,AC03852325,P00552,ICIC0005678,11975.72,debit,2026-09-11 12:35:26,D00502
NB00054961,AC01855754,P00554,ICIC0005678,20922.59,debit,2026-08-03 17:18:04,D00247
NB00054967,AC00983048,P00560,UTIB0000789,20211.05,debit,2026-08-27 15:31:24,D00127
NB00054970,AC05756457,P00563,HDFC0001234,19987.25,debit,2026-07-11 10:05:51,D00742
NB00054971,AC07111189,P00564,SBIN0004321,9981.37,debit,2026-09-10 18:30:57,D00918
NB00054972,AC03143245,P00565,UTIB0000789,29825.94,debit,2026-07-13 17:25:36,D00413
NB00054973,AC02511767,P00566,SBIN0004321,22206.47,debit,2026-08-06 18:03:25,D00336
NB00054974,AC08246710,P00567,HDFC0001234,9368.58,debit,2026-07-30 16:36:02,D01057
NB00054976,AC02635589,P00569,ICIC0005678,10841.39,debit,2026-09-06 18:42:39,D00351
NB00054981,AC09453017,P00574,SBIN0004321,36880.36,debit,2026-08-04 14:47:14,D01214
NB00054982,AC03175155,P00575,SBIN0004321,9707.12,debit,2026-09-08 12:36:22,D00417
NB00054983,AC08021210,P00576,SBIN0004321,12699.72,debit,2026-08-06 18:42:33,D01032
NB00054985,AC09579083,P00578,SBIN0004321,16407.99,debit,2026-07-04 16:26:14,D01231
NB00054988,AC06017439,P00581,UTIB0000789,17999.81,debit,2026-07-20 18:27:51,D00773
NB00054989,AC07157388,P00582,ICIC0005678,10693.36,debit,2026-08-27 14:34:50,D00923
NB00054992,AC07863077,P00585,UTIB0000789,21717.69,debit,2026-08-17 14:58:20,D01011
NB00054994,AC04353784,P00587,ICIC0005678,33858.32,debit,2026-08-31 18:44:13,D00566
NB00054995,AC05288561,P00588,HDFC0001234,9008.06,debit,2026-09-09 18:35:40,D00685
NB00054997,AC00267306,P00590,SBIN0004321,16279.17,debit,2026-08-06 11:11:09,D00035
NB00055003,AC04423425,P00596,ICIC0005678,7364.35,debit,2026-08-15 14:27:35,D00575
NB00055356,AC03224597,P00599,HDFC0001234,82839.11,debit,2026-07-15 22:49:39,D01356
NB00055358,AC03621705,P00601,HDFC0001234,35554.38,debit,2026-08-10 02:08:24,D01358
NB00055359,AC07626569,P00602,SBIN0004321,17262.29,debit,2026-08-29 22:14:06,D01359
NB00055367,AC03106507,P00610,SBIN0004321,56164.96,debit,2026-08-27 01:47:11,D01367
NB00055369,AC08462155,P00612,UTIB0000789,78895.61,debit,2026-09-02 22:36:06,DX007
NB00055371,AC06878955,P00614,UTIB0000789,10351.98,debit,2026-08-22 01:44:32,D01369
NB00055376,AC07696936,P00619,ICIC0005678,26722.15,debit,2026-07-23 03:32:42,D01373
NB00055378,AC04377090,P00621,SBIN0004321,36362.13,debit,2026-09-11 00:59:03,D01375
NB00055387,AC05945875,P00630,HDFC0001234,26211.45,debit,2026-08-23 23:05:58,D01384
NB00055390,AC08924237,P00633,ICIC0005678,10598.37,debit,2026-08-12 01:57:04,D01387
NB00055393,AC04997460,P00636,SBIN0004321,33453.26,debit,2026-08-02 00:32:23,D01390
NB00055395,AC01257345,P00638,UTIB0000789,34151.95,debit,2026-07-08 22:42:25,D01392
NB00055397,AC02376632,P00640,UTIB0000789,63581.3,debit,2026-08-30 00:22:18,D01394
NB00055398,AC01421710,P00641,HDFC0001234,23323.69,debit,2026-08-14 23:03:24,D01395
NB00055411,AC04341230,P00654,UTIB0000789,41304.19,debit,2026-07-21 02:32:24,DX003
NB00055414,AC01638773,P00657,SBIN0004321,71558.18,debit,2026-07-24 03:34:01,D01406
NB00055418,AC05162255,P00661,UTIB0000789,25568.71,debit,2026-08-23 02:13:22,D01410
NB00055419,AC08382786,P00662,HDFC0001234,20178.72,debit,2026-08-30 03:17:59,D01411
NB00055421,AC03886070,P00664,UTIB0000789,155231.06,debit,2026-07-22 03:50:18,D01413
NB00055423,AC02365503,P00666,HDFC0001234,46354.15,debit,2026-08-17 03:20:42,D01415
NB00055429,AC02332114,P00672,SBIN0004321,21411.67,debit,2026-07-16 01:23:47,D01419
NB00055435,AC01523258,P00678,ICIC0005678,6006.17,debit,2026-08-19 23:04:51,D01424
NB00055440,AC03771402,P00683,HDFC0001234,22332.46,debit,2026-08-13 02:04:10,DX002
NB00055442,AC01547963,P00685,HDFC0001234,23927.61,debit,2026-07-14 23:39:24,D01429
NB00055443,AC04819589,P00686,SBIN0004321,15569.27,debit,2026-07-16 03:58:45,D01430
NB00055451,AC09018050,P00694,UTIB0000789,31944.81,debit,2026-07-21 01:34:04,D01436
NB00055453,AC01846157,P00696,SBIN0004321,59984.82,debit,2026-07-24 03:05:39,DX003
NB00055455,AC05423724,P00698,SBIN0004321,60477.38,debit,2026-08-30 01:06:29,D01439
NB00055460,AC00066459,P00703,SBIN0004321,18614.01,debit,2026-08-18 03:06:01,D01442
NB00055462,AC04169773,P00705,HDFC0001234,49177.97,debit,2026-09-09 23:34:52,D01443
NB00055464,AC05929811,P00707,UTIB0000789,62575.27,debit,2026-07-15 01:21:05,DX003
NB00055466,AC04179978,P00709,ICIC0005678,29228.14,debit,2026-08-06 02:56:27,DX002
NB00055467,AC07133154,P00710,HDFC0001234,71069.6,debit,2026-08-26 03:39:47,DX005
NB00055471,AC05989194,P00714,SBIN0004321,38885.1,debit,2026-07-25 01:55:02,DX000
NB00056008,AC03668530,P01037,UTIB0000789,20413.4,debit,2026-09-04 22:30:26.197496636,D00479
NB00056009,AC00815949,P01038,UTIB0000789,2536.78,debit,2026-07-28 10:00:06.023738279,D00108
NB00056017,AC09742992,P01039,HDFC0001234,7356.52,debit,2026-08-04 20:47:41.424488481,D01254
NB00056018,AC09742992,P01039,ICIC0005678,12071.92,debit,2026-08-05 23:08:30.255973867,D01254
NB00056023,AC06128139,P01040,UTIB0000789,7498.3,debit,2026-08-02 04:44:47.756826894,D00785
NB00056025,AC03057369,P01041,HDFC0001234,8645.42,debit,2026-07-10 07:48:19.442070388,D00402
NB00056027,AC03057369,P01041,UTIB0000789,16907.2,debit,2026-07-12 13:19:31.611550500,D00402
NB00056029,AC09781185,P01042,UTIB0000789,2592.62,debit,2026-08-01 10:17:07.647362707,D01262
NB00056030,AC09781185,P01042,SBIN0004321,3637.05,debit,2026-08-02 04:42:20.807272774,D01261
NB00056031,AC09781185,P01042,HDFC0001234,5009.78,debit,2026-08-02 21:29:59.713037893,D01261
NB00056036,AC07291772,P01043,UTIB0000789,16304.43,debit,2026-08-27 21:26:18.767295309,D00940
NB00056037,AC07291772,P01043,ICIC0005678,24859.24,debit,2026-08-29 17:01:28.462417421,D00939
NB00056040,AC02645365,P01044,UTIB0000789,8527.12,debit,2026-08-31 11:49:08.220045558,D00352
NB00056042,AC02645365,P01044,SBIN0004321,16299.56,debit,2026-09-02 03:01:53.693570217,D00353
NB00056051,AC09807733,P01046,UTIB0000789,11435.21,debit,2026-08-27 01:14:51.951091761,D01264
NB00056053,AC09807733,P01046,ICIC0005678,18405.77,debit,2026-08-28 15:02:54.179327918,D01264
NB00056054,AC09807733,P01046,SBIN0004321,21016.24,debit,2026-08-29 07:02:43.844391354,D01264
NB00056055,AC09807733,P01046,UTIB0000789,28682.71,debit,2026-08-30 22:37:33.008351409,D01264
NB00056058,AC09512944,P01047,HDFC0001234,5063.22,debit,2026-08-08 08:13:09.929162126,D01222
NB00056061,AC00983048,P01048,UTIB0000789,4394.41,debit,2026-07-22 08:28:07.330608964,D00127
NB00056064,AC00983048,P01048,SBIN0004321,12097.05,debit,2026-07-25 16:23:08.350148510,D00127
NB00056065,AC03633114,P01049,SBIN0004321,3367.41,debit,2026-08-09 00:49:53.426568555,D00476
NB00056069,AC03143245,P01050,ICIC0005678,5606.67,debit,2026-08-08 02:38:21.631297442,D00413
NB00056070,AC03143245,P01050,UTIB0000789,10535.04,debit,2026-08-09 21:09:41.857828590,D00413
NB00056071,AC03143245,P01050,HDFC0001234,15356.59,debit,2026-08-11 15:02:32.185133664,D00413
NB00056074,AC00637437,P01051,HDFC0001234,1878.34,debit,2026-07-28 03:54:47.721008135,D00084
NB00056075,AC00637437,P01051,HDFC0001234,3418.55,debit,2026-07-28 21:22:02.919365526,D00084
NB00056076,AC00637437,P01051,UTIB0000789,5955.93,debit,2026-07-29 13:53:45.014958632,D00084
NB00056078,AC00637437,P01051,UTIB0000789,10162.67,debit,2026-08-01 07:31:23.137569391,D00084
NB00056079,AC06405759,P01052,ICIC0005678,5360.47,debit,2026-07-09 03:08:00.234021120,D00821
NB00056081,AC06405759,P01052,HDFC0001234,12619.45,debit,2026-07-12 01:48:10.520510141,D00821
NB00056083,AC06405759,P01052,UTIB0000789,24445.29,debit,2026-07-15 13:15:44.029754342,D00822
NB00056085,AC03449809,P01053,HDFC0001234,9640.51,debit,2026-07-13 15:56:19.883568176,D00452
NB00056087,AC03449809,P01053,ICIC0005678,22803.57,debit,2026-07-16 03:58:02.805697700,D00452
NB00056092,AC06989724,P01054,HDFC0001234,3641.53,debit,2026-08-14 21:39:58.916117724,D00899
NB00056097,AC04676025,P01055,HDFC0001234,7146.86,debit,2026-09-02 00:32:37.142353927,D00607
NB00056109,AC06273726,P01057,UTIB0000789,4817.24,debit,2026-07-29 22:27:22.397261309,D00804
NB00056111,AC06273726,P01057,UTIB0000789,6924.32,debit,2026-07-31 23:13:41.618398619,D00804
NB00056113,AC01067626,P01058,ICIC0005678,5323.1,debit,2026-07-25 23:14:49.638857522,D00138
NB00056116,AC01067626,P01058,HDFC0001234,10332.53,debit,2026-07-30 22:07:18.458381910,D00137
NB00056119,AC05095907,P01059,SBIN0004321,4349.77,debit,2026-07-18 05:43:13.412889868,D00659
NB00056124,AC08001228,P01060,UTIB0000789,3368.85,debit,2026-07-09 16:29:56.970342766,D01030
NB00056125,AC08001228,P01060,UTIB0000789,5673.92,debit,2026-07-10 17:36:11.046090378,D01030
NB00056129,AC00077759,P01061,SBIN0004321,7463.62,debit,2026-07-20 10:14:39.857437340,D00011
NB00056132,AC00077759,P01061,HDFC0001234,18943.11,debit,2026-07-25 09:09:13.049982056,D00011
NB00056134,AC01811484,P01062,HDFC0001234,3475.98,debit,2026-08-10 10:05:38.623973642,D00241
NB00056141,AC02459338,P01063,SBIN0004321,8957.83,debit,2026-07-07 17:40:56.424560457,D00328
NB00056142,AC02459338,P01063,SBIN0004321,11464.01,debit,2026-07-08 08:21:25.280107722,D00328
NB00056151,AC03449809,P01065,SBIN0004321,25602.74,debit,2026-08-12 07:00:18.777591891,D00452
NB00056155,AC01446132,P01066,SBIN0004321,1683.7,debit,2026-07-21 11:09:15.373686903,D00191
NB00056157,AC01446132,P01066,HDFC0001234,5659.34,debit,2026-07-24 05:51:58.312926628,D00191
NB00056159,AC01446132,P01066,HDFC0001234,9310.29,debit,2026-07-27 22:37:44.631974032,D00191
NB00056160,AC03422048,P01067,UTIB0000789,1660.51,debit,2026-07-05 21:49:05.147965850,D00450
NB00056163,AC03422048,P01067,ICIC0005678,6983.17,debit,2026-07-09 02:34:07.762906003,D00450
NB00056165,AC02843760,P01068,ICIC0005678,4107.01,debit,2026-07-24 05:25:38.452035648,D00376
NB00056166,AC02843760,P01068,HDFC0001234,8524.38,debit,2026-07-25 18:10:26.239373650,D00376
NB00056169,AC02843760,P01068,ICIC0005678,18366.67,debit,2026-07-29 18:18:40.491168342,D00376
NB00056170,AC02843760,P01068,ICIC0005678,24586.84,debit,2026-07-31 01:14:54.139792263,D00376
NB00056172,AC09469200,P01069,UTIB0000789,3705.91,debit,2026-08-12 22:24:17.382334441,D01215
NB00056173,AC09469200,P01069,HDFC0001234,5203.65,debit,2026-08-14 12:44:45.037404411,D01216
NB00056177,AC02891111,P01070,ICIC0005678,3027.01,debit,2026-08-24 22:13:31.925623968,D00383
NB00056178,AC02891111,P01070,ICIC0005678,6919.09,debit,2026-08-25 10:19:49.787405522,D00383
NB00056180,AC02891111,P01070,UTIB0000789,13559.77,debit,2026-08-27 20:47:32.000683430,D00383
NB00056181,AC02891111,P01070,UTIB0000789,16728.78,debit,2026-08-28 12:32:34.116575967,D00383
NB00056182,AC02891111,P01070,UTIB0000789,19185.35,debit,2026-08-29 09:56:44.478476209,D00383
NB00056186,AC01906314,P01071,ICIC0005678,7532.17,debit,2026-08-07 06:41:11.123827906,D00256
NB00056187,AC09569606,P01072,SBIN0004321,2017.2,debit,2026-07-29 05:01:05.034995173,D01230
NB00056193,AC07502168,P01073,HDFC0001234,788.08,debit,2026-08-24 17:46:09.008996918,D00965
NB00056194,AC07502168,P01073,ICIC0005678,1390.39,debit,2026-08-26 11:48:38.189108380,D00965
NB00056195,AC07502168,P01073,ICIC0005678,2145.69,debit,2026-08-27 11:59:28.780214994,D00965
NB00056196,AC07502168,P01073,UTIB0000789,2903.87,debit,2026-08-28 02:01:50.514968210,D00965
NB00056197,AC07502168,P01073,ICIC0005678,3198.03,debit,2026-08-28 21:35:14.463361899,D00965
NB00056199,AC04624167,P01074,ICIC0005678,3280.28,debit,2026-08-07 04:51:39.459913268,D00601
NB00056200,AC04624167,P01074,HDFC0001234,4826.63,debit,2026-08-08 01:47:15.085155638,D00601
NB00056202,AC05456928,P01075,SBIN0004321,2072.94,debit,2026-08-13 02:10:53.399900538,D00709
NB00056208,AC02922292,P01076,HDFC0001234,13978.65,debit,2026-07-17 22:52:41.278971241,D00388
NB00056209,AC02922292,P01076,ICIC0005678,21237.35,debit,2026-07-19 18:18:54.650671032,D00388
NB00056212,AC00659012,P01077,ICIC0005678,909.64,debit,2026-08-16 13:14:25.742042168,D00087
NB00056214,AC00659012,P01077,HDFC0001234,2654.86,debit,2026-08-17 16:04:16.199187240,D00087
NB00056216,AC00659012,P01077,SBIN0004321,4778.32,debit,2026-08-20 11:42:51.277331759,D00087
NB00056224,AC03518531,P01079,HDFC0001234,3495.12,debit,2026-08-10 14:04:34.342851892,D00461
NB00056225,AC03518531,P01079,UTIB0000789,6575.21,debit,2026-08-12 10:17:01.681529175,D00461
NB00056230,AC01324486,P01080,ICIC0005678,6728.73,debit,2026-08-24 13:00:13.611675846,D00173
NB00056234,AC03432629,P01081,SBIN0004321,3131.12,debit,2026-07-08 16:09:23.788003712,D00451
NB00056236,AC03432629,P01081,UTIB0000789,8534.93,debit,2026-07-11 05:26:25.548344666,D00451
NB00056237,AC03432629,P01081,UTIB0000789,9779.1,debit,2026-07-12 09:40:33.783995177,D00451
NB00056240,AC08396780,P01082,UTIB0000789,2915.89,debit,2026-08-11 21:04:09.198689495,D01078
NB00056242,AC08396780,P01082,UTIB0000789,5798.56,debit,2026-08-13 21:48:36.236518546,D01078
NB00056244,AC07493403,P01083,SBIN0004321,3461.87,debit,2026-08-26 21:27:00.032848960,D00964
NB00056245,AC07493403,P01083,SBIN0004321,6732.81,debit,2026-08-27 12:37:26.698795788,D00964
NB00056247,AC07493403,P01083,ICIC0005678,9921.3,debit,2026-08-29 21:48:53.943206922,D00964
NB00056248,AC07493403,P01083,ICIC0005678,10499.42,debit,2026-08-31 10:07:11.677789350,D00964
NB00056249,AC02025710,P01084,UTIB0000789,783.01,debit,2026-07-29 20:58:54.474960916,D00272
NB00056253,AC08686618,P01085,SBIN0004321,2714.39,debit,2026-07-31 04:22:24.249216311,D01115
NB00056257,AC06042688,P01086,SBIN0004321,879.08,debit,2026-08-08 04:18:23.478608705,D00776
NB00056264,AC05393345,P01087,UTIB0000789,3250.73,debit,2026-08-07 09:06:36.419838107,D00701
NB00056269,AC00399149,P01088,ICIC0005678,5083.55,debit,2026-08-07 04:44:41.731716682,D00052
NB00056270,AC02714321,P01089,UTIB0000789,1217.0,debit,2026-07-09 13:33:30.893834142,D00362
NB00056275,AC09254154,P01090,UTIB0000789,3154.2,debit,2026-07-06 23:44:30.599571876,D01191
NB00056276,AC09254154,P01090,UTIB0000789,4332.58,debit,2026-07-08 08:14:49.402544890,D01191
NB00056277,AC09254154,P01090,SBIN0004321,5855.76,debit,2026-07-10 03:28:48.162528649,D01191
NB00056278,AC09254154,P01090,ICIC0005678,7678.57,debit,2026-07-11 06:30:16.180730755,D01191
NB00056281,AC02376632,P01091,HDFC0001234,11415.67,debit,2026-08-07 19:51:01.304216437,D00317
NB00056286,AC07194531,P01092,ICIC0005678,3921.45,debit,2026-08-30 06:26:17.684040064,D00929
NB00056293,AC02196396,P01093,SBIN0004321,32648.73,debit,2026-07-21 16:14:26.602585391,D00293
NB00056294,AC01767739,P01094,ICIC0005678,2179.5,debit,2026-08-24 15:30:35.187948826,D00233
NB00056295,AC01767739,P01094,ICIC0005678,3950.9,debit,2026-08-26 05:15:26.719050986,D00233
NB00056301,AC01979707,P01095,SBIN0004321,3626.47,debit,2026-08-23 13:19:03.976489889,D00265
NB00056302,AC01979707,P01095,UTIB0000789,5604.34,debit,2026-08-24 03:35:37.435336355,D00265
NB00056305,AC01519161,P01096,UTIB0000789,1423.99,debit,2026-07-22 05:04:41.652190151,D00199
NB00056306,AC01519161,P01096,UTIB0000789,2786.98,debit,2026-07-23 05:03:32.992404906,D00199
NB00056308,AC01519161,P01096,HDFC0001234,5253.36,debit,2026-07-25 03:49:21.349599412,D00199
NB00056309,AC01519161,P01096,HDFC0001234,6443.93,debit,2026-07-26 07:09:12.529763816,D00200
NB00056731,AC01865841,P01465,ICIC0005678,14838.35,debit,2026-08-04 13:14:43,D00249
NB00056735,AC01994433,P01467,HDFC0001234,15225.7,debit,2026-09-06 14:55:26,D01528
NB00056739,AC05389956,P01469,ICIC0005678,17005.55,debit,2026-09-05 17:53:35,D01529
NB00056743,AC05674368,P01471,ICIC0005678,25941.67,debit,2026-09-10 18:59:45,D01530
NB00056747,AC06458617,P01473,HDFC0001234,27299.64,debit,2026-07-15 12:56:40,D01531
NB00056751,AC07194531,P01475,UTIB0000789,7396.27,debit,2026-08-19 07:54:33,D01532
NB00056755,AC02901627,P01477,ICIC0005678,9612.41,debit,2026-08-18 15:48:34,D00384
NB00056759,AC07482840,P01479,SBIN0004321,37271.71,debit,2026-07-29 13:54:55,D00963
NB00056763,AC00408936,P01481,UTIB0000789,23328.88,debit,2026-08-09 08:13:03,D01533
NB00056767,AC00617427,P01483,HDFC0001234,17368.08,debit,2026-08-26 10:26:02,D00082
NB00056771,AC02922292,P01485,HDFC0001234,42422.53,debit,2026-08-22 18:43:13,D01534
NB00056775,AC02809014,P01487,HDFC0001234,23187.96,debit,2026-08-05 13:30:56,D00372
NB00056779,AC04138815,P01489,UTIB0000789,15523.95,debit,2026-07-12 10:53:21,D00538
NB00056783,AC04392223,P01491,ICIC0005678,8911.6,debit,2026-08-02 08:32:43,D01535
NB00056787,AC07886025,P01493,SBIN0004321,28437.59,debit,2026-07-19 12:40:44,D01014
NB00056791,AC04067871,P01495,HDFC0001234,5738.82,debit,2026-07-19 18:47:24,D01536
NB00056795,AC03921563,P01497,ICIC0005678,12178.9,debit,2026-07-18 20:07:13,D01537
NB00056799,AC05464151,P01499,SBIN0004321,31874.25,debit,2026-09-07 09:18:53,D01538
NB00056803,AC02099816,P01501,UTIB0000789,4881.6,debit,2026-08-25 16:14:58,D00282
NB00056807,AC01985577,P01503,HDFC0001234,24174.35,debit,2026-08-09 09:33:11,D00266
NB00056811,AC09059328,P01505,HDFC0001234,9414.18,debit,2026-08-13 14:45:01,D01539
NB00056815,AC09755878,P01507,SBIN0004321,17628.98,debit,2026-08-24 17:53:23,D01256
NB00056819,AC02476940,P01509,SBIN0004321,10175.52,debit,2026-08-22 08:57:23,D00331
NB00056823,AC01605744,P01511,HDFC0001234,12014.03,debit,2026-08-13 20:52:51,D00211
NB00056827,AC02613931,P01513,UTIB0000789,11291.16,debit,2026-08-03 17:01:04,D01540
NB00056831,AC02226985,P01515,UTIB0000789,34367.71,debit,2026-08-14 18:56:24,D00296
NB00056835,AC06405759,P01517,ICIC0005678,37387.09,debit,2026-08-12 12:27:06,D00821
NB00056839,AC04238660,P01519,HDFC0001234,25795.76,debit,2026-07-23 15:06:45,D00552
NB00056843,AC02761671,P01521,UTIB0000789,14705.24,debit,2026-08-09 13:02:52,D00368
NB00056847,AC04869925,P01523,UTIB0000789,7449.23,debit,2026-08-25 07:20:59,D01541
NB00056851,AC08087545,P01525,HDFC0001234,13679.9,debit,2026-08-05 07:48:31,D01038
NB00056855,AC00381176,P01527,HDFC0001234,10346.84,debit,2026-08-17 11:41:29,D01542
NB00056859,AC07702027,P01529,UTIB0000789,18971.97,debit,2026-07-12 21:48:11,D00990
NB00056863,AC08148356,P01531,SBIN0004321,33927.61,debit,2026-08-22 20:04:24,D01044
NB00056867,AC04637553,P01533,HDFC0001234,13310.06,debit,2026-08-17 05:34:32,D01543
NB00056871,AC03453952,P01535,ICIC0005678,5023.9,debit,2026-07-17 21:59:40,D00453
NB00056875,AC01507867,P01537,SBIN0004321,13765.45,debit,2026-07-27 15:01:49,D00198
NB00056879,AC03402916,P01539,HDFC0001234,22953.07,debit,2026-09-03 16:26:39,D00448
NB00056883,AC07781271,P01541,ICIC0005678,32765.58,debit,2026-09-09 22:18:07,D01002
NB00056887,AC09911856,P01543,ICIC0005678,18798.3,debit,2026-08-16 16:06:31,D01544
NB00056891,AC08233490,P01545,SBIN0004321,16827.76,debit,2026-07-23 16:21:43,D01545
NB00056895,AC07409453,P01547,UTIB0000789,18302.88,debit,2026-08-05 22:25:14,D00952
NB00056899,AC03947993,P01549,ICIC0005678,11591.63,debit,2026-08-01 09:27:52,D01546
NB00056903,AC02114035,P01551,ICIC0005678,16278.51,debit,2026-07-23 13:25:56,D00284
NB00056907,AC07133154,P01553,ICIC0005678,27247.83,debit,2026-09-07 20:57:35,D00921
NB00056911,AC09657923,P01555,HDFC0001234,11147.2,debit,2026-08-25 18:12:39,D01240
NB00056915,AC02481172,P01557,ICIC0005678,10437.26,debit,2026-08-27 14:35:03,D00332
NB00056919,AC00687391,P01559,SBIN0004321,10137.53,debit,2026-07-28 19:55:03,D01547
NB00056923,AC02922292,P01561,HDFC0001234,37408.49,debit,2026-07-21 01:46:32,D00388
NB00056927,AC07662890,P01563,ICIC0005678,14927.05,debit,2026-08-18 19:17:37,D00986
NB00056931,AC03106507,P01565,SBIN0004321,30392.26,debit,2026-07-09 23:47:02,D00408
NB00056935,AC06132220,P01567,ICIC0005678,6048.77,debit,2026-07-14 14:30:23,D00786
NB00056939,AC03061832,P01569,SBIN0004321,10885.2,debit,2026-08-02 14:37:28,D00403
NB00056943,AC03708458,P01571,SBIN0004321,14380.0,debit,2026-08-14 16:30:32,D01548
NB00056947,AC06052760,P01573,ICIC0005678,17211.6,debit,2026-08-26 20:14:20,D01549
NB00056951,AC00297506,P01575,ICIC0005678,8088.8,debit,2026-08-11 12:09:21,D00039
NB00056955,AC00426813,P01577,SBIN0004321,12993.46,debit,2026-07-08 15:33:47,D00057
NB00056959,AC04503239,P01579,SBIN0004321,11654.87,debit,2026-08-11 10:59:42,D01550
NB00056963,AC08304887,P01581,SBIN0004321,23264.6,debit,2026-08-26 20:58:41,D01065
NB00056967,AC02679815,P01583,ICIC0005678,6488.26,debit,2026-08-07 18:03:33,D00356
NB00056971,AC07078739,P01585,UTIB0000789,19679.17,debit,2026-09-12 13:23:23,D00912
NB00056975,AC09816179,P01587,ICIC0005678,24586.79,debit,2026-09-08 19:24:22,D01265
NB00056979,AC03921563,P01589,UTIB0000789,16356.84,debit,2026-08-24 18:51:46,D00510
NB00056983,AC09594508,P01591,UTIB0000789,25575.54,debit,2026-07-27 14:39:28,D01233
NB00056987,AC08575830,P01593,SBIN0004321,34594.67,debit,2026-08-30 17:02:31,D01551
NB00056991,AC01811484,P01595,SBIN0004321,21478.09,debit,2026-09-09 13:53:30,D01552
NB00056995,AC00135577,P01597,SBIN0004321,14625.58,debit,2026-09-03 22:44:15,D00019
NB00056999,AC08944786,P01599,UTIB0000789,14494.62,debit,2026-07-17 22:29:39,D01553
NB00057003,AC09294410,P01601,UTIB0000789,17501.74,debit,2026-08-18 12:06:51,D01196
NB00057007,AC03573371,P01603,UTIB0000789,23406.88,debit,2026-07-16 13:14:10,D00469
NB00057012,AC10018897,P01606,HDFC0001234,18400.0,debit,2026-09-06 14:17:00,D01293
