wallet_txn_id,wallet_id,type,counterparty,amt,dr_cr,time,app_dev
WLT0000006,W0001,transfer,P00300,3656.57,debit,2026-09-06 08:07:05,D00001
WLT0000009,W0001,transfer,P00062,6941.81,debit,2026-07-26 10:04:43,D00001
WLT0000040,W0002,merchant,P00288,495.53,debit,2026-08-29 10:03:23,D00003
WLT0000056,W0002,topup,WALLET_PRV,1922.24,debit,2026-08-14 09:27:57,D00003
WLT0000058,W0002,topup,WALLET_PRV,1777.29,debit,2026-07-28 15:45:48,D00003
WLT0000067,W0002,merchant,P00399,941.61,debit,2026-08-08 09:43:13,D00003
WLT0000094,W0002,merchant,P00349,655.9,debit,2026-07-08 14:02:30,D00003
WLT0000108,W0003,merchant,P00259,30039.94,debit,2026-07-12 17:59:07,D00004
WLT0000110,W0003,topup,WALLET_PRV,2176.36,debit,2026-08-15 13:12:16,D00004
WLT0000122,W0003,merchant,P00282,1345.24,debit,2026-09-09 22:38:31,D00004
WLT0000125,W0003,topup,WALLET_PRV,2415.59,debit,2026-09-06 06:30:06,D00004
WLT0000143,W0004,merchant,P00199,1306.29,debit,2026-07-04 11:04:42,D00005
WLT0000145,W0004,merchant,P00339,1702.58,debit,2026-07-14 21:29:40,D00005
WLT0000172,W0004,merchant,P00289,821.69,debit,2026-08-09 08:34:25,D00005
WLT0000183,W0004,merchant,P00236,4350.62,debit,2026-07-11 20:52:59,D00005
WLT0000219,W0005,merchant,P00241,1831.5,debit,2026-07-18 12:30:14,D00006
WLT0000221,W0005,topup,WALLET_PRV,4857.84,debit,2026-07-02 17:18:49,D00006
WLT0000242,W0005,merchant,P00004,3279.75,debit,2026-09-10 12:06:27,D00006
WLT0000244,W0005,merchant,P00071,4171.7,debit,2026-07-03 11:42:53,D00006
WLT0000257,W0005,topup,WALLET_PRV,2914.61,debit,2026-09-07 15:05:52,D00006
WLT0000265,W0005,topup,WALLET_PRV,5286.42,debit,2026-07-16 18:22:29,D00007
WLT0000275,W0005,merchant,P00399,2072.67,debit,2026-07-23 16:54:24,D00006
WLT0000278,W0005,merchant,P00396,673.51,debit,2026-09-08 21:17:31,D00006
WLT0000302,W0006,merchant,P00368,679.74,debit,2026-07-14 11:09:42,D00008
WLT0000320,W0006,merchant,P00068,860.19,debit,2026-07-11 16:27:20,D00008
WLT0000331,W0007,merchant,P00036,4285.12,debit,2026-07-03 10:31:31,D00010
WLT0000343,W0007,merchant,P00359,2895.87,debit,2026-08-30 18:53:32,D00011
WLT0000362,W0008,topup,WALLET_PRV,3851.85,debit,2026-09-02 11:18:41,D00012
WLT0000364,W0008,topup,WALLET_PRV,5584.12,debit,2026-08-18 18:47:48,D00012
WLT0000372,W0008,topup,WALLET_PRV,2225.33,debit,2026-08-07 13:52:08,D00012
WLT0000396,W0008,merchant,P00253,715.35,debit,2026-08-05 17:59:38,D00012
WLT0000402,W0008,topup,WALLET_PRV,5525.35,debit,2026-07-16 21:46:55,D00012
WLT0000416,W0008,merchant,P00253,1741.14,debit,2026-07-16 09:25:53,D00012
WLT0000436,W0009,merchant,P00203,6022.21,debit,2026-08-31 16:26:02,D00013
WLT0000471,W0009,transfer,P00365,2315.83,debit,2026-07-26 07:50:11,D00013
WLT0000479,W0010,topup,WALLET_PRV,4345.88,debit,2026-07-17 00:35:38,D00015
WLT0000504,W0010,transfer,P00284,3384.44,debit,2026-07-31 21:24:05,D00014
WLT0000508,W0010,merchant,P00153,2603.53,debit,2026-08-26 20:58:28,D00015
WLT0000510,W0010,topup,WALLET_PRV,5171.71,debit,2026-07-25 17:10:16,D00015
WLT0000513,W0010,merchant,P00225,3455.68,debit,2026-08-23 19:06:16,D00014
WLT0000521,W0010,merchant,P00307,19695.82,debit,2026-07-25 12:04:22,D00015
WLT0000530,W0010,merchant,P00091,5525.74,debit,2026-07-15 11:40:16,D00014
WLT0000535,W0010,transfer,P00284,6625.04,debit,2026-08-01 12:16:35,D00015
WLT0000537,W0010,merchant,P00262,1018.09,debit,2026-07-25 06:20:51,D00014
WLT0000544,W0010,merchant,P00299,5888.88,debit,2026-07-28 06:44:19,D00015
WLT0000558,W0011,topup,WALLET_PRV,2662.2,debit,2026-07-05 07:41:07,D00016
WLT0000569,W0011,merchant,P00107,6189.92,debit,2026-07-02 12:12:02,D00016
WLT0000586,W0011,merchant,P00107,2742.44,debit,2026-09-02 19:57:15,D00016
WLT0000601,W0011,merchant,P00154,824.66,debit,2026-07-13 19:52:42,D00016
WLT0000606,W0011,topup,WALLET_PRV,969.37,debit,2026-07-06 18:41:58,D00016
WLT0000612,W0011,merchant,P00323,4344.86,debit,2026-09-02 19:59:17,D00016
WLT0000614,W0011,transfer,P00051,908.32,debit,2026-07-22 15:56:57,D00016
WLT0000624,W0012,topup,WALLET_PRV,3599.03,debit,2026-08-24 18:12:39,D00017
WLT0000628,W0012,merchant,P00058,786.62,debit,2026-08-05 09:30:16,D00018
WLT0000649,W0012,merchant,P00253,968.29,debit,2026-08-27 12:59:43,D00017
WLT0000680,W0013,topup,WALLET_PRV,2503.71,debit,2026-07-28 13:25:59,D00019
WLT0000681,W0013,merchant,P00393,1032.4,debit,2026-07-25 12:54:02,D00019
WLT0000710,W0013,merchant,P00393,851.81,debit,2026-08-04 08:18:15,D00019
WLT0000711,W0013,merchant,P00393,561.49,debit,2026-07-08 17:30:54,D00019
WLT0000724,W0014,topup,WALLET_PRV,1594.2,debit,2026-09-03 13:03:44,D00020
WLT0000725,W0014,merchant,P00068,1857.29,debit,2026-07-13 20:02:38,D00020
WLT0000739,W0014,topup,WALLET_PRV,3615.71,debit,2026-07-17 00:43:31,D00020
WLT0000769,W0014,merchant,P00004,906.4,debit,2026-07-05 11:51:49,D00020
WLT0000772,W0014,transfer,P00142,3901.76,debit,2026-09-12 20:31:08,D00020
WLT0000779,W0014,topup,WALLET_PRV,5394.44,debit,2026-08-03 20:50:58,D00020
WLT0000788,W0014,merchant,P00391,7107.59,debit,2026-07-05 10:02:55,D00020
WLT0000793,W0014,topup,WALLET_PRV,3123.49,debit,2026-08-27 18:27:39,D00020
WLT0000805,W0015,merchant,P00058,918.36,debit,2026-07-31 09:00:13,D00021
WLT0000867,W0016,transfer,P00240,1065.62,debit,2026-09-02 17:35:21,D00022
WLT0000876,W0016,transfer,P00319,501.07,debit,2026-09-01 09:23:56,D00022
WLT0000877,W0016,merchant,P00371,1453.07,debit,2026-09-03 16:55:11,D00022
WLT0000890,W0016,topup,WALLET_PRV,2443.97,debit,2026-08-05 17:45:36,D00022
WLT0000904,W0017,topup,WALLET_PRV,4739.29,debit,2026-08-24 09:32:56,D00023
WLT0000914,W0017,merchant,P00157,16195.18,debit,2026-09-01 11:04:34,D00023
WLT0000919,W0017,transfer,P00026,2286.46,debit,2026-08-20 15:13:11,D00023
WLT0000928,W0017,topup,WALLET_PRV,2441.41,debit,2026-09-07 20:22:36,D00023
WLT0000933,W0017,merchant,P00171,3184.65,debit,2026-08-16 13:25:04,D00023
WLT0000934,W0017,merchant,P00157,8265.81,debit,2026-07-07 17:24:25,D00023
WLT0000938,W0017,topup,WALLET_PRV,2091.51,debit,2026-08-24 09:55:19,D00023
WLT0000965,W0017,topup,WALLET_PRV,6335.58,debit,2026-09-13 06:46:26,D00023
WLT0000967,W0017,topup,WALLET_PRV,3633.64,debit,2026-07-09 23:43:52,D00023
WLT0000979,W0017,topup,WALLET_PRV,4920.5,debit,2026-07-14 20:48:54,D00023
WLT0000980,W0017,merchant,P00055,3599.62,debit,2026-07-07 09:55:17,D00023
WLT0000989,W0018,merchant,P00129,2852.57,debit,2026-07-13 19:35:17,D00024
WLT0000992,W0018,topup,WALLET_PRV,2291.47,debit,2026-09-08 17:55:20,D00024
WLT0001017,W0018,topup,WALLET_PRV,1746.53,debit,2026-08-21 19:39:13,D00024
WLT0001027,W0018,merchant,P00217,736.15,debit,2026-09-06 09:24:11,D00024
WLT0001055,W0019,topup,WALLET_PRV,952.15,debit,2026-08-22 18:20:32,D00025
WLT0001068,W0019,merchant,P00353,2213.98,debit,2026-07-04 03:20:49,D00025
WLT0001095,W0019,merchant,P00353,2204.25,debit,2026-08-25 20:54:46,D00025
WLT0001101,W0019,merchant,P00020,485.4,debit,2026-08-11 12:35:41,D00025
WLT0001134,W0020,merchant,P00034,157.88,debit,2026-07-13 23:48:29,D00026
WLT0001141,W0020,transfer,P00022,2133.53,debit,2026-09-06 18:20:47,D00026
WLT0001168,W0021,merchant,P00193,2982.86,debit,2026-08-25 20:14:46,D00028
WLT0001174,W0021,merchant,P00327,3647.27,debit,2026-08-05 09:18:36,D00028
WLT0001179,W0021,merchant,P00085,2046.18,debit,2026-08-15 08:00:09,D00028
WLT0001181,W0021,merchant,P00085,3325.46,debit,2026-09-02 20:37:27,D00028
WLT0001194,W0021,merchant,P00188,332.15,debit,2026-08-18 11:53:07,D00028
WLT0001203,W0022,merchant,P00168,2929.95,debit,2026-07-02 19:09:35,D00030
WLT0001221,W0022,merchant,P00328,774.37,debit,2026-08-31 11:15:56,D00029
WLT0001229,W0022,merchant,P00187,2047.32,debit,2026-08-10 08:29:47,D00029
WLT0001232,W0022,merchant,P00252,966.06,debit,2026-08-13 21:40:52,D00029
WLT0001238,W0022,merchant,P00255,2302.64,debit,2026-07-20 20:49:41,D00030
WLT0001260,W0023,merchant,P00360,1632.82,debit,2026-08-19 10:22:36,D00031
WLT0001281,W0023,topup,WALLET_PRV,2415.4,debit,2026-08-05 08:46:48,D00032
WLT0001296,W0024,merchant,P00018,761.73,debit,2026-08-04 15:50:36,D00033
WLT0001297,W0024,merchant,P00145,2243.08,debit,2026-09-04 18:17:37,D00033
WLT0001316,W0025,merchant,P00392,1884.23,debit,2026-08-19 21:18:24,D00034
WLT0001326,W0025,topup,WALLET_PRV,9317.73,debit,2026-07-13 09:28:54,D00034
WLT0001338,W0025,merchant,P00017,4986.95,debit,2026-08-18 12:31:13,D00034
WLT0001346,W0025,merchant,P00376,3427.2,debit,2026-07-05 19:11:04,D00034
WLT0001359,W0026,merchant,P00171,1389.65,debit,2026-09-10 19:24:50,D00035
WLT0001366,W0026,transfer,P00094,1836.03,debit,2026-08-10 13:34:14,D00035
WLT0001373,W0026,merchant,P00109,2147.09,debit,2026-08-11 18:23:12,D00035
WLT0001380,W0026,merchant,P00109,1787.46,debit,2026-08-31 10:43:45,D00035
WLT0001381,W0026,topup,WALLET_PRV,3630.39,debit,2026-09-04 20:07:38,D00035
WLT0001387,W0026,transfer,P00011,1390.39,debit,2026-08-17 17:35:07,D00035
WLT0001398,W0027,topup,WALLET_PRV,3204.74,debit,2026-08-18 10:09:13,D00037
WLT0001424,W0027,topup,WALLET_PRV,1489.15,debit,2026-07-18 19:18:33,D00036
WLT0001437,W0027,merchant,P00141,1646.4,debit,2026-08-08 20:53:18,D00036
WLT0001456,W0027,topup,WALLET_PRV,5475.16,debit,2026-07-04 21:59:25,D00036
WLT0001476,W0028,merchant,P00218,747.44,debit,2026-07-01 20:54:47,D00038
WLT0001492,W0028,merchant,P00291,296.91,debit,2026-08-09 19:37:39,D00038
WLT0001512,W0029,merchant,P00356,497.86,debit,2026-07-23 12:13:51,D00039
WLT0001513,W0029,merchant,P00228,1526.54,debit,2026-07-02 10:39:02,D00039
WLT0001526,W0029,topup,WALLET_PRV,1111.09,debit,2026-08-18 17:39:02,D00039
WLT0001535,W0029,topup,WALLET_PRV,1075.34,debit,2026-09-02 12:37:04,D00039
WLT0001539,W0029,merchant,P00337,6202.81,debit,2026-07-30 16:38:01,D00039
WLT0001554,W0029,merchant,P00226,1145.26,debit,2026-07-13 13:59:29,D00039
WLT0001574,W0029,merchant,P00114,305.36,debit,2026-09-06 06:32:01,D00039
WLT0001575,W0029,topup,WALLET_PRV,959.77,debit,2026-07-23 16:01:29,D00039
WLT0001597,W0029,topup,WALLET_PRV,1547.24,debit,2026-08-12 08:52:32,D00039
WLT0001604,W0030,merchant,P00102,15930.89,debit,2026-08-27 15:53:42,D00041
WLT0001664,W0031,topup,WALLET_PRV,1409.96,debit,2026-09-13 19:10:28,D00042
WLT0001670,W0031,topup,WALLET_PRV,1639.77,debit,2026-07-26 09:05:32,D00042
WLT0001676,W0031,topup,WALLET_PRV,1210.93,debit,2026-08-14 09:50:29,D00042
WLT0001693,W0031,transfer,P00037,1494.74,debit,2026-09-05 19:23:02,D00042
WLT0001694,W0031,merchant,P00312,1466.96,debit,2026-08-26 12:22:46,D00042
WLT0001704,W0031,topup,WALLET_PRV,966.73,debit,2026-07-04 10:54:41,D00042
WLT0001716,W0032,transfer,P00385,661.17,debit,2026-08-05 12:16:58,D00044
WLT0001723,W0032,merchant,P00198,1208.24,debit,2026-09-03 16:40:06,D00043
WLT0001734,W0032,topup,WALLET_PRV,3016.7,debit,2026-08-30 19:10:13,D00043
WLT0001737,W0032,merchant,P00239,1085.23,debit,2026-08-06 12:12:13,D00044
WLT0001782,W0033,merchant,P00221,959.7,debit,2026-07-30 17:58:27,D00045
WLT0001786,W0033,merchant,P00070,638.67,debit,2026-07-31 00:43:30,D00045
WLT0001803,W0034,topup,WALLET_PRV,2925.91,debit,2026-08-28 08:55:41,D00046
WLT0001805,W0034,topup,WALLET_PRV,1814.63,debit,2026-07-06 20:51:35,D00046
WLT0001821,W0034,merchant,P00307,1987.68,debit,2026-08-13 11:20:19,D00046
WLT0001847,W0034,merchant,P00013,2030.28,debit,2026-08-09 17:36:17,D00046
WLT0001849,W0034,merchant,P00018,551.14,debit,2026-09-10 09:57:49,D00047
WLT0001850,W0034,topup,WALLET_PRV,2194.66,debit,2026-08-26 18:57:45,D00046
WLT0001860,W0034,topup,WALLET_PRV,4302.88,debit,2026-07-12 19:42:48,D00046
WLT0001865,W0035,merchant,P00232,3711.07,debit,2026-07-26 13:21:59,D00048
WLT0001887,W0036,merchant,P00165,473.45,debit,2026-09-13 17:11:12,D00049
WLT0001893,W0036,merchant,P00227,480.26,debit,2026-08-27 17:51:46,D00049
WLT0001905,W0036,merchant,P00273,929.46,debit,2026-08-21 15:55:49,D00049
WLT0001914,W0036,topup,WALLET_PRV,3193.21,debit,2026-09-05 17:40:45,D00049
WLT0001932,W0036,merchant,P00227,603.89,debit,2026-07-04 14:03:45,D00049
WLT0001939,W0037,merchant,P00283,9343.09,debit,2026-08-25 20:58:24,D00050
WLT0001941,W0037,topup,WALLET_PRV,2776.38,debit,2026-07-09 09:07:50,D00050
WLT0001949,W0037,topup,WALLET_PRV,6450.11,debit,2026-08-30 11:26:25,D00050
WLT0001961,W0037,transfer,P00047,4005.38,debit,2026-07-16 11:46:15,D00050
WLT0001972,W0037,merchant,P00270,21512.46,debit,2026-07-08 17:23:16,D00050
WLT0001974,W0037,topup,WALLET_PRV,4489.0,debit,2026-08-19 13:51:38,D00050
WLT0001985,W0037,merchant,P00043,12633.77,debit,2026-08-05 12:23:42,D00050
WLT0001996,W0037,merchant,P00158,12487.98,debit,2026-08-17 12:09:10,D00050
WLT0001999,W0037,merchant,P00344,3603.71,debit,2026-08-04 15:28:26,D00050
WLT0002002,W0037,merchant,P00270,8481.59,debit,2026-09-03 22:45:06,D00050
WLT0002005,W0037,topup,WALLET_PRV,8668.03,debit,2026-07-06 09:17:27,D00050
WLT0002012,W0037,topup,WALLET_PRV,8170.9,debit,2026-07-29 08:51:01,D00050
WLT0002013,W0037,merchant,P00035,1351.81,debit,2026-08-30 20:03:27,D00050
WLT0002022,W0038,topup,WALLET_PRV,2357.93,debit,2026-07-20 12:43:34,D00051
WLT0002031,W0038,topup,WALLET_PRV,999.34,debit,2026-07-09 12:10:53,D00051
WLT0002037,W0038,merchant,P00399,321.35,debit,2026-08-24 18:22:56,D00051
WLT0002047,W0038,topup,WALLET_PRV,1734.61,debit,2026-08-29 14:25:06,D00051
WLT0002051,W0038,merchant,P00126,2644.59,debit,2026-08-27 17:42:43,D00051
WLT0002065,W0038,merchant,P00229,580.69,debit,2026-09-08 14:12:26,D00051
WLT0002089,W0039,merchant,P00196,479.3,debit,2026-07-18 12:27:26,D00052
WLT0002090,W0039,merchant,P00202,1338.16,debit,2026-09-11 14:08:26,D00053
WLT0002103,W0039,topup,WALLET_PRV,1872.02,debit,2026-08-31 18:10:53,D00053
WLT0002105,W0039,merchant,P00074,3246.25,debit,2026-09-11 17:45:35,D00052
WLT0002122,W0040,topup,WALLET_PRV,7213.85,debit,2026-09-02 14:25:57,D00054
WLT0002124,W0040,merchant,P00068,1624.46,debit,2026-07-18 10:17:15,D00054
WLT0002129,W0040,topup,WALLET_PRV,7929.97,debit,2026-08-07 19:43:11,D00054
WLT0002138,W0040,merchant,P00020,4920.68,debit,2026-09-12 13:22:52,D00054
WLT0002158,W0041,topup,WALLET_PRV,2930.92,debit,2026-08-12 13:35:52,D00055
WLT0002170,W0041,topup,WALLET_PRV,3697.59,debit,2026-08-20 21:59:34,D00056
WLT0002203,W0041,topup,WALLET_PRV,5431.79,debit,2026-08-05 20:41:40,D00055
WLT0002224,W0042,merchant,P00345,1892.45,debit,2026-09-02 08:14:58,D00057
WLT0002235,W0042,merchant,P00390,1554.72,debit,2026-08-31 15:00:52,D00057
WLT0002245,W0042,topup,WALLET_PRV,1312.81,debit,2026-07-19 18:34:03,D00057
WLT0002248,W0042,topup,WALLET_PRV,1852.93,debit,2026-08-18 08:07:55,D00057
WLT0002272,W0043,topup,WALLET_PRV,1375.12,debit,2026-09-09 13:36:10,D00058
WLT0002277,W0043,merchant,P00172,852.79,debit,2026-08-02 17:36:30,D00058
WLT0002283,W0043,merchant,P00368,329.03,debit,2026-08-14 22:55:22,D00058
WLT0002287,W0043,topup,WALLET_PRV,1032.72,debit,2026-08-02 11:48:04,D00058
WLT0002293,W0043,merchant,P00079,1778.2,debit,2026-08-22 08:37:09,D00058
WLT0002296,W0043,transfer,P00348,570.29,debit,2026-07-26 23:04:55,D00058
WLT0002303,W0043,merchant,P00370,132.71,debit,2026-07-03 20:50:14,D00058
WLT0002309,W0043,transfer,P00348,756.83,debit,2026-08-22 15:48:57,D00058
WLT0002321,W0044,merchant,P00320,798.06,debit,2026-08-08 16:10:46,D00059
WLT0002333,W0044,merchant,P00071,602.79,debit,2026-08-12 21:36:33,D00059
WLT0002340,W0044,merchant,P00115,488.63,debit,2026-08-01 12:12:13,D00059
WLT0002359,W0044,merchant,P00372,1187.92,debit,2026-08-12 16:21:40,D00059
WLT0002373,W0045,merchant,P00021,4066.51,debit,2026-08-16 17:23:24,D00060
WLT0002379,W0045,merchant,P00245,6616.39,debit,2026-08-03 09:05:41,D00060
WLT0002386,W0045,merchant,P00067,3919.26,debit,2026-08-23 18:49:42,D00060
WLT0002393,W0045,merchant,P00308,1935.08,debit,2026-08-01 18:59:11,D00060
WLT0002400,W0045,topup,WALLET_PRV,3187.94,debit,2026-08-12 19:55:16,D00060
WLT0002409,W0045,merchant,P00121,1379.71,debit,2026-09-07 12:47:08,D00060
WLT0002411,W0045,topup,WALLET_PRV,3182.88,debit,2026-09-06 00:28:32,D00061
WLT0002412,W0045,merchant,P00272,1348.0,debit,2026-07-23 13:23:25,D00060
WLT0002423,W0046,topup,WALLET_PRV,3583.84,debit,2026-07-22 12:19:25,D00062
WLT0002457,W0046,merchant,P00368,799.71,debit,2026-09-03 21:49:44,D00062
WLT0002468,W0046,merchant,P00165,3419.48,debit,2026-07-22 01:23:04,D00062
WLT0002469,W0046,merchant,P00290,2078.6,debit,2026-07-28 11:17:56,D00062
WLT0002477,W0047,merchant,P00167,878.34,debit,2026-07-18 14:12:05,D00063
WLT0002478,W0047,merchant,P00374,3964.3,debit,2026-08-21 11:57:42,D00063
WLT0002488,W0047,topup,WALLET_PRV,2538.26,debit,2026-08-26 09:36:32,D00063
WLT0002507,W0047,topup,WALLET_PRV,2830.71,debit,2026-08-20 13:42:31,D00063
WLT0002516,W0047,merchant,P00167,598.46,debit,2026-08-26 11:50:51,D00063
WLT0002524,W0047,topup,WALLET_PRV,966.8,debit,2026-07-12 15:44:17,D00063
WLT0002529,W0047,topup,WALLET_PRV,1670.12,debit,2026-07-20 14:05:54,D00063
WLT0002543,W0047,merchant,P00309,644.61,debit,2026-08-28 18:54:46,D00063
WLT0002548,W0047,merchant,P00042,6107.26,debit,2026-07-14 08:11:46,D00063
WLT0002552,W0047,topup,WALLET_PRV,1218.45,debit,2026-07-28 19:49:26,D00063
WLT0002564,W0048,merchant,P00210,2886.74,debit,2026-07-25 09:47:54,D00064
WLT0002566,W0048,topup,WALLET_PRV,3105.09,debit,2026-08-23 12:40:48,D00064
WLT0002574,W0048,merchant,P00152,1681.75,debit,2026-07-23 12:16:56,D00064
WLT0002584,W0048,merchant,P00060,529.6,debit,2026-07-10 12:05:37,D00064
WLT0002599,W0048,merchant,P00017,928.36,debit,2026-09-11 18:32:14,D00064
WLT0002605,W0048,transfer,P00319,5017.79,debit,2026-09-08 19:28:47,D00064
WLT0002613,W0048,merchant,P00152,3228.99,debit,2026-08-27 13:00:39,D00064
WLT0002627,W0048,topup,WALLET_PRV,2279.47,debit,2026-08-11 22:27:24,D00064
WLT0002638,W0049,topup,WALLET_PRV,3193.1,debit,2026-09-11 17:01:50,D00065
WLT0002639,W0049,merchant,P00368,360.57,debit,2026-07-10 14:17:17,D00065
WLT0002643,W0049,merchant,P00269,4458.58,debit,2026-08-20 06:50:18,D00065
WLT0002662,W0049,merchant,P00157,5349.75,debit,2026-07-16 21:03:05,D00065
WLT0002697,W0050,merchant,P00130,235.41,debit,2026-08-22 17:36:51,D00066
WLT0002701,W0050,merchant,P00105,753.63,debit,2026-09-13 06:27:43,D00066
WLT0002705,W0050,transfer,P00319,1084.79,debit,2026-09-08 17:26:34,D00066
WLT0002706,W0050,merchant,P00038,267.78,debit,2026-09-02 17:10:16,D00066
WLT0002717,W0050,merchant,P00038,1099.45,debit,2026-07-28 15:56:04,D00066
WLT0002724,W0050,merchant,P00272,492.24,debit,2026-07-25 20:52:05,D00066
WLT0002741,W0051,merchant,P00281,11240.67,debit,2026-07-06 11:18:45,D00067
WLT0002773,W0052,merchant,P00231,1061.9,debit,2026-08-23 09:32:18,D00069
WLT0002776,W0052,merchant,P00251,976.59,debit,2026-08-28 08:59:38,D00070
WLT0002785,W0052,topup,WALLET_PRV,2199.92,debit,2026-08-20 11:36:18,D00070
WLT0002792,W0052,merchant,P00301,1017.62,debit,2026-08-08 19:29:35,D00070
WLT0002812,W0052,topup,WALLET_PRV,1755.36,debit,2026-08-29 16:14:41,D00070
WLT0002822,W0052,topup,WALLET_PRV,1287.05,debit,2026-09-06 19:30:52,D00069
WLT0002824,W0052,merchant,P00249,202.81,debit,2026-07-07 14:44:37,D00069
WLT0002825,W0052,merchant,P00392,357.45,debit,2026-07-08 13:43:26,D00070
WLT0002847,W0053,merchant,P00236,870.53,debit,2026-08-27 14:28:38,D00071
WLT0002871,W0053,merchant,P00333,1302.63,debit,2026-07-04 08:28:39,D00071
WLT0002874,W0053,merchant,P00082,1335.83,debit,2026-07-30 15:51:25,D00071
WLT0002881,W0053,topup,WALLET_PRV,2163.65,debit,2026-08-05 17:00:19,D00071
WLT0002887,W0053,topup,WALLET_PRV,3557.85,debit,2026-08-30 16:22:19,D00071
WLT0002888,W0053,merchant,P00007,1430.16,debit,2026-07-08 16:33:15,D00071
WLT0002904,W0053,merchant,P00132,6997.19,debit,2026-07-15 14:16:36,D00071
WLT0002914,W0054,topup,WALLET_PRV,3803.25,debit,2026-07-21 18:52:07,D00072
WLT0002917,W0054,merchant,P00085,3903.16,debit,2026-07-22 14:27:19,D00072
WLT0002931,W0054,merchant,P00033,19907.06,debit,2026-07-26 17:58:53,D00072
WLT0002937,W0054,merchant,P00238,660.27,debit,2026-07-17 10:35:15,D00072
WLT0002939,W0054,topup,WALLET_PRV,5272.29,debit,2026-08-25 07:30:01,D00072
WLT0002950,W0054,topup,WALLET_PRV,5676.13,debit,2026-07-31 11:54:51,D00072
WLT0002953,W0054,merchant,P00068,2192.99,debit,2026-07-09 16:26:13,D00072
WLT0002965,W0055,merchant,P00354,1857.01,debit,2026-09-07 19:11:59,D00073
WLT0002972,W0055,merchant,P00155,430.4,debit,2026-07-07 15:03:53,D00073
WLT0002979,W0055,merchant,P00378,932.07,debit,2026-07-25 21:09:30,D00073
WLT0002989,W0055,merchant,P00297,2691.08,debit,2026-09-12 17:29:16,D00073
WLT0002999,W0056,merchant,P00175,3739.21,debit,2026-07-30 16:15:03,D00074
WLT0003024,W0056,transfer,P00062,3982.21,debit,2026-07-27 10:38:25,D00074
WLT0003037,W0056,merchant,P00175,4302.0,debit,2026-07-04 07:08:20,D00074
WLT0003041,W0056,topup,WALLET_PRV,5388.16,debit,2026-07-22 16:38:50,D00074
WLT0003044,W0056,transfer,P00300,3732.64,debit,2026-08-31 13:02:01,D00074
WLT0003081,W0057,topup,WALLET_PRV,1169.8,debit,2026-08-15 22:24:35,D00075
WLT0003083,W0057,merchant,P00194,271.87,debit,2026-08-13 19:55:14,D00075
WLT0003107,W0057,transfer,P00098,337.61,debit,2026-08-08 21:36:19,D00075
WLT0003120,W0057,merchant,P00314,92.03,debit,2026-07-14 18:53:26,D00076
WLT0003124,W0057,topup,WALLET_PRV,1015.42,debit,2026-07-17 17:55:18,D00075
WLT0003148,W0058,merchant,P00238,377.7,debit,2026-08-19 15:39:46,D00077
WLT0003166,W0058,merchant,P00036,901.1,debit,2026-07-11 02:07:17,D00077
WLT0003216,W0059,merchant,P00294,1648.59,debit,2026-09-10 16:21:37,D00080
WLT0003225,W0059,topup,WALLET_PRV,5076.22,debit,2026-08-11 16:28:50,D00080
WLT0003228,W0059,transfer,P00208,1192.79,debit,2026-07-10 17:44:35,D00079
WLT0003235,W0059,topup,WALLET_PRV,2817.91,debit,2026-08-06 17:31:14,D00079
WLT0003250,W0060,merchant,P00362,858.0,debit,2026-07-07 20:17:43,D00081
WLT0003268,W0060,merchant,P00378,4443.14,debit,2026-09-05 20:39:33,D00081
WLT0003270,W0060,transfer,P00142,1080.05,debit,2026-08-22 21:17:39,D00081
WLT0003345,W0062,merchant,P00007,3852.0,debit,2026-08-16 20:57:29,D00083
WLT0003349,W0062,merchant,P00168,2070.82,debit,2026-08-30 18:13:47,D00083
WLT0003366,W0063,merchant,P00102,4346.96,debit,2026-07-11 16:41:12,D00085
WLT0003388,W0063,topup,WALLET_PRV,1594.87,debit,2026-07-10 13:51:25,D00084
WLT0003390,W0063,topup,WALLET_PRV,2769.7,debit,2026-09-12 21:25:46,D00085
WLT0003398,W0063,merchant,P00083,3018.86,debit,2026-07-28 20:01:03,D00084
WLT0003400,W0063,topup,WALLET_PRV,1500.88,debit,2026-07-18 17:54:15,D00085
WLT0003411,W0063,merchant,P00083,4288.09,debit,2026-07-24 18:08:20,D00084
WLT0003426,W0063,merchant,P00238,297.99,debit,2026-07-07 13:55:11,D00084
WLT0003447,W0064,merchant,P00124,301.13,debit,2026-09-10 20:18:08,D00086
WLT0003456,W0064,merchant,P00344,740.43,debit,2026-08-05 11:00:46,D00086
WLT0003460,W0064,merchant,P00250,1143.06,debit,2026-07-10 14:48:23,D00086
WLT0003465,W0064,topup,WALLET_PRV,3375.93,debit,2026-08-09 13:33:43,D00086
WLT0003519,W0065,merchant,P00282,395.72,debit,2026-08-26 20:41:46,D00087
WLT0003529,W0065,merchant,P00217,383.58,debit,2026-08-05 17:21:36,D00087
WLT0003533,W0065,merchant,P00217,216.85,debit,2026-09-01 08:47:39,D00087
WLT0003557,W0066,merchant,P00212,2421.02,debit,2026-08-20 20:42:39,D00088
WLT0003577,W0066,merchant,P00293,184.57,debit,2026-08-01 17:40:29,D00088
WLT0003640,W0067,merchant,P00388,802.64,debit,2026-08-06 19:03:40,D00089
WLT0003649,W0067,merchant,P00369,1471.21,debit,2026-07-10 12:06:27,D00089
WLT0003665,W0067,merchant,P00019,1631.83,debit,2026-07-16 06:10:18,D00089
WLT0003668,W0067,merchant,P00125,1290.22,debit,2026-08-04 22:11:04,D00089
WLT0003675,W0068,merchant,P00384,1839.81,debit,2026-07-28 23:06:17,D00090
WLT0003679,W0068,merchant,P00148,1868.44,debit,2026-07-14 17:10:55,D00090
WLT0003683,W0068,merchant,P00148,998.45,debit,2026-08-04 18:35:01,D00090
WLT0003687,W0068,merchant,P00194,676.06,debit,2026-09-09 19:51:59,D00090
WLT0003691,W0068,merchant,P00396,1698.16,debit,2026-08-03 19:59:32,D00091
WLT0003705,W0068,merchant,P00235,3842.79,debit,2026-07-24 13:29:45,D00090
WLT0003741,W0069,topup,WALLET_PRV,1758.47,debit,2026-08-03 12:39:26,D00092
WLT0003755,W0069,merchant,P00230,798.26,debit,2026-08-25 08:19:58,D00092
WLT0003756,W0069,merchant,P00148,3110.38,debit,2026-09-06 13:36:43,D00092
WLT0003757,W0069,merchant,P00092,1190.85,debit,2026-08-16 17:43:42,D00092
WLT0003803,W0070,merchant,P00241,1070.5,debit,2026-07-26 09:19:50,D00093
WLT0003812,W0070,transfer,P00009,2565.46,debit,2026-09-10 13:01:57,D00093
WLT0003822,W0070,transfer,P00009,1736.72,debit,2026-08-26 17:46:27,D00093
WLT0003824,W0070,merchant,P00065,4427.63,debit,2026-09-01 14:08:26,D00093
WLT0003837,W0070,merchant,P00162,1881.26,debit,2026-07-05 09:01:02,D00093
WLT0003857,W0071,merchant,P00226,605.06,debit,2026-07-21 07:48:29,D00095
WLT0003867,W0071,merchant,P00298,1438.96,debit,2026-08-23 14:59:01,D00095
WLT0003874,W0071,merchant,P00265,464.8,debit,2026-07-05 17:32:14,D00095
WLT0003901,W0072,merchant,P00321,125.82,debit,2026-08-01 16:12:02,D00096
WLT0003936,W0072,merchant,P00292,210.01,debit,2026-08-16 22:33:41,D00096
WLT0003941,W0072,merchant,P00244,1193.3,debit,2026-08-30 13:05:38,D00097
WLT0003943,W0072,merchant,P00015,1934.04,debit,2026-08-27 21:00:29,D00096
WLT0003965,W0073,merchant,P00340,1328.08,debit,2026-08-29 23:56:32,D00098
WLT0003974,W0073,merchant,P00328,4555.97,debit,2026-09-03 20:01:54,D00098
WLT0003979,W0073,merchant,P00126,5256.29,debit,2026-07-26 12:48:55,D00098
WLT0003981,W0073,merchant,P00328,778.04,debit,2026-08-09 01:29:37,D00098
WLT0003989,W0073,topup,WALLET_PRV,2980.71,debit,2026-09-12 08:25:04,D00098
WLT0003990,W0073,merchant,P00328,1352.12,debit,2026-07-17 20:14:45,D00098
WLT0004005,W0073,topup,WALLET_PRV,972.91,debit,2026-08-30 08:47:48,D00098
WLT0004013,W0073,topup,WALLET_PRV,2012.75,debit,2026-09-10 22:56:28,D00098
WLT0004026,W0074,merchant,P00383,916.94,debit,2026-07-16 12:07:49,D00099
WLT0004028,W0074,merchant,P00263,8800.12,debit,2026-08-26 19:30:32,D00100
WLT0004038,W0074,topup,WALLET_PRV,5685.82,debit,2026-08-01 06:45:01,D00100
WLT0004068,W0075,merchant,P00154,1268.84,debit,2026-08-24 17:52:23,D00101
WLT0004074,W0075,topup,WALLET_PRV,2440.35,debit,2026-08-28 16:08:38,D00101
WLT0004082,W0075,topup,WALLET_PRV,879.36,debit,2026-09-09 18:34:16,D00101
WLT0004088,W0075,merchant,P00155,736.94,debit,2026-07-27 18:13:47,D00101
WLT0004096,W0075,merchant,P00058,563.48,debit,2026-07-22 00:05:25,D00101
WLT0004106,W0075,merchant,P00155,1187.54,debit,2026-09-01 13:09:55,D00101
WLT0004110,W0075,merchant,P00138,577.46,debit,2026-07-05 01:48:13,D00101
WLT0004118,W0075,merchant,P00042,3400.26,debit,2026-07-08 13:20:11,D00101
WLT0004124,W0075,merchant,P00227,371.56,debit,2026-08-23 19:58:50,D00101
WLT0004130,W0076,merchant,P00138,371.85,debit,2026-09-11 15:52:42,D00102
WLT0004135,W0076,topup,WALLET_PRV,1391.95,debit,2026-09-09 21:24:36,D00102
WLT0004137,W0076,merchant,P00138,906.82,debit,2026-07-02 16:23:21,D00102
WLT0004140,W0076,topup,WALLET_PRV,445.42,debit,2026-07-25 21:30:53,D00102
WLT0004141,W0076,topup,WALLET_PRV,1375.72,debit,2026-09-04 20:13:11,D00102
WLT0004150,W0076,merchant,P00355,181.36,debit,2026-08-24 14:28:05,D00102
WLT0004157,W0076,merchant,P00018,385.54,debit,2026-08-17 17:57:06,D00102
WLT0004168,W0077,topup,WALLET_PRV,9780.27,debit,2026-07-07 19:57:49,D00103
WLT0004175,W0077,merchant,P00040,1095.66,debit,2026-07-21 14:35:14,D00103
WLT0004181,W0077,transfer,P00357,3051.0,debit,2026-07-23 11:09:51,D00103
WLT0004191,W0077,topup,WALLET_PRV,7829.39,debit,2026-08-15 19:29:03,D00103
WLT0004192,W0077,transfer,P00386,3173.26,debit,2026-07-28 22:19:10,D00103
WLT0004193,W0077,merchant,P00329,5596.76,debit,2026-07-16 18:46:45,D00103
WLT0004196,W0077,merchant,P00165,1094.67,debit,2026-07-27 18:33:55,D00103
WLT0004228,W0077,topup,WALLET_PRV,8637.35,debit,2026-08-01 18:52:05,D00103
WLT0004233,W0077,merchant,P00147,9885.66,debit,2026-09-09 10:03:50,D00103
WLT0004242,W0077,merchant,P00165,1538.6,debit,2026-07-27 10:07:25,D00103
WLT0004250,W0078,merchant,P00130,1050.69,debit,2026-07-08 20:31:01,D00104
WLT0004263,W0078,topup,WALLET_PRV,4874.55,debit,2026-08-07 12:05:10,D00104
WLT0004303,W0078,topup,WALLET_PRV,3834.84,debit,2026-08-17 10:54:03,D00104
WLT0004309,W0079,merchant,P00314,546.45,debit,2026-08-22 19:32:26,D00105
WLT0004316,W0079,topup,WALLET_PRV,4872.26,debit,2026-07-20 08:52:37,D00105
WLT0004317,W0079,merchant,P00118,15340.88,debit,2026-08-16 21:31:35,D00105
WLT0004333,W0079,merchant,P00253,945.91,debit,2026-09-13 16:12:23,D00105
WLT0004335,W0079,merchant,P00171,6781.19,debit,2026-08-24 16:29:07,D00105
WLT0004338,W0079,topup,WALLET_PRV,5123.3,debit,2026-07-30 10:19:08,D00105
WLT0004350,W0079,merchant,P00069,679.74,debit,2026-08-25 18:40:07,D00105
WLT0004367,W0080,merchant,P00364,1891.95,debit,2026-07-12 14:47:05,D00106
WLT0004373,W0080,topup,WALLET_PRV,3872.0,debit,2026-07-01 18:06:34,D00106
WLT0004380,W0080,merchant,P00153,2151.8,debit,2026-08-07 21:57:19,D00106
WLT0004390,W0080,topup,WALLET_PRV,3693.52,debit,2026-09-12 11:34:08,D00107
WLT0004410,W0081,topup,WALLET_PRV,2020.7,debit,2026-07-07 18:51:35,D00108
WLT0004412,W0081,merchant,P00079,882.94,debit,2026-07-10 23:47:08,D00108
WLT0004418,W0081,topup,WALLET_PRV,4522.73,debit,2026-08-06 15:13:04,D00108
WLT0004429,W0081,merchant,P00269,4351.53,debit,2026-09-10 19:35:02,D00108
WLT0004436,W0081,merchant,P00290,2271.92,debit,2026-07-16 18:03:42,D00108
WLT0004448,W0081,merchant,P00333,574.88,debit,2026-07-09 10:30:18,D00108
WLT0004454,W0082,merchant,P00352,1599.88,debit,2026-07-22 12:47:15,D00109
WLT0004463,W0082,topup,WALLET_PRV,6025.84,debit,2026-08-15 18:06:17,D00109
WLT0004464,W0082,merchant,P00049,3219.13,debit,2026-09-11 18:11:15,D00109
WLT0004495,W0082,merchant,P00136,679.03,debit,2026-08-11 20:56:19,D00109
WLT0004500,W0082,merchant,P00352,1105.69,debit,2026-07-04 16:16:27,D00109
WLT0004532,W0083,transfer,P00284,1346.71,debit,2026-08-28 22:31:39,D00110
WLT0004533,W0083,topup,WALLET_PRV,4219.39,debit,2026-08-10 22:02:22,D00110
WLT0004540,W0083,topup,WALLET_PRV,5124.28,debit,2026-07-20 18:51:14,D00110
WLT0004547,W0083,merchant,P00163,2240.69,debit,2026-07-04 10:46:00,D00110
WLT0004549,W0083,merchant,P00087,790.08,debit,2026-09-12 15:37:24,D00110
WLT0004572,W0083,merchant,P00087,945.19,debit,2026-08-03 18:35:44,D00110
WLT0004581,W0083,merchant,P00076,1387.79,debit,2026-08-25 14:35:22,D00110
WLT0004592,W0084,transfer,P00135,16905.12,debit,2026-09-01 14:52:33,D00111
WLT0004604,W0084,merchant,P00231,4642.42,debit,2026-09-06 15:27:43,D00111
WLT0004617,W0084,merchant,P00032,1607.95,debit,2026-08-01 11:09:57,D00111
WLT0004623,W0085,merchant,P00312,945.85,debit,2026-08-19 11:20:50,D00112
WLT0004625,W0085,merchant,P00283,4183.81,debit,2026-07-19 20:49:02,D00112
WLT0004626,W0085,topup,WALLET_PRV,6183.62,debit,2026-08-13 10:04:58,D00112
WLT0004627,W0085,merchant,P00334,513.79,debit,2026-08-02 17:49:53,D00112
WLT0004642,W0085,transfer,P00208,2877.4,debit,2026-08-28 06:01:07,D00112
WLT0004645,W0085,merchant,P00346,4066.43,debit,2026-07-26 10:31:14,D00112
WLT0004655,W0085,topup,WALLET_PRV,6402.36,debit,2026-07-10 13:05:01,D00112
WLT0004659,W0085,merchant,P00235,5699.05,debit,2026-07-13 06:51:03,D00112
WLT0004679,W0086,merchant,P00056,191.81,debit,2026-09-10 11:46:40,D00113
WLT0004705,W0086,topup,WALLET_PRV,1428.25,debit,2026-07-17 10:34:58,D00113
WLT0004727,W0086,transfer,P00142,412.16,debit,2026-07-28 07:12:25,D00113
WLT0004762,W0087,merchant,P00210,1801.4,debit,2026-07-29 13:20:56,D00114
WLT0004766,W0087,merchant,P00258,916.92,debit,2026-09-01 10:22:40,D00114
WLT0004785,W0087,merchant,P00136,1162.33,debit,2026-07-15 21:02:45,D00114
WLT0004788,W0087,topup,WALLET_PRV,1529.13,debit,2026-07-03 11:46:16,D00114
WLT0004789,W0087,topup,WALLET_PRV,2114.34,debit,2026-07-07 14:48:36,D00114
WLT0004790,W0087,merchant,P00317,1380.27,debit,2026-08-05 18:54:28,D00114
WLT0004796,W0087,merchant,P00258,1606.13,debit,2026-07-12 17:57:41,D00114
WLT0004810,W0088,merchant,P00167,1892.48,debit,2026-08-31 23:59:52,D00115
WLT0004811,W0088,topup,WALLET_PRV,3600.28,debit,2026-09-09 17:42:00,D00115
WLT0004812,W0088,topup,WALLET_PRV,6254.15,debit,2026-08-02 19:49:39,D00115
WLT0004826,W0088,merchant,P00112,1101.07,debit,2026-07-20 19:32:31,D00115
WLT0004869,W0089,merchant,P00246,2488.81,debit,2026-07-16 20:27:57,D00116
WLT0004879,W0089,topup,WALLET_PRV,4158.41,debit,2026-08-06 19:33:54,D00116
WLT0004896,W0089,merchant,P00131,3824.21,debit,2026-07-10 18:38:10,D00116
WLT0004906,W0089,topup,WALLET_PRV,5928.9,debit,2026-07-24 13:24:16,D00116
WLT0004907,W0089,merchant,P00131,2354.46,debit,2026-08-27 19:43:30,D00116
WLT0004910,W0089,merchant,P00246,1883.17,debit,2026-07-05 10:19:45,D00116
WLT0004913,W0089,merchant,P00044,1376.08,debit,2026-07-15 08:23:01,D00116
WLT0004924,W0090,merchant,P00260,1509.69,debit,2026-08-21 16:14:44,D00117
WLT0004925,W0090,transfer,P00031,10185.98,debit,2026-07-22 16:31:20,D00117
WLT0004939,W0090,topup,WALLET_PRV,1693.13,debit,2026-08-31 14:16:06,D00117
WLT0004943,W0090,topup,WALLET_PRV,1695.97,debit,2026-07-29 19:12:53,D00117
WLT0004946,W0090,topup,WALLET_PRV,2867.52,debit,2026-08-24 13:22:15,D00117
WLT0004958,W0090,transfer,P00031,729.5,debit,2026-07-15 08:28:02,D00117
WLT0004959,W0090,topup,WALLET_PRV,3142.72,debit,2026-08-03 11:25:46,D00117
WLT0004973,W0091,merchant,P00121,1243.7,debit,2026-09-11 05:43:27,D00118
WLT0004976,W0091,merchant,P00035,5076.92,debit,2026-07-15 10:32:49,D00118
WLT0005047,W0093,topup,WALLET_PRV,4808.3,debit,2026-08-24 18:11:16,D00121
WLT0005078,W0093,transfer,P00365,7233.53,debit,2026-08-21 19:10:52,D00120
WLT0005082,W0093,merchant,P00269,8494.23,debit,2026-07-24 14:57:17,D00121
WLT0005100,W0094,transfer,P00135,1805.29,debit,2026-08-03 12:07:17,D00122
WLT0005104,W0094,merchant,P00268,801.41,debit,2026-08-24 14:00:54,D00122
WLT0005118,W0094,merchant,P00096,202.84,debit,2026-07-18 05:43:02,D00122
WLT0005128,W0094,topup,WALLET_PRV,933.68,debit,2026-09-05 12:56:13,D00123
WLT0005137,W0095,merchant,P00221,447.18,debit,2026-07-17 16:35:29,D00124
WLT0005141,W0095,merchant,P00065,545.1,debit,2026-07-04 16:42:38,D00124
WLT0005148,W0095,merchant,P00221,209.91,debit,2026-07-12 17:15:14,D00124
WLT0005162,W0095,merchant,P00004,634.88,debit,2026-09-10 14:54:25,D00124
WLT0005169,W0095,merchant,P00043,1386.84,debit,2026-07-25 09:21:53,D00124
WLT0005171,W0095,merchant,P00366,218.75,debit,2026-08-28 11:17:35,D00124
WLT0005180,W0095,merchant,P00397,3613.39,debit,2026-07-14 17:07:50,D00124
WLT0005182,W0095,merchant,P00397,866.45,debit,2026-07-25 13:05:12,D00124
WLT0005185,W0095,topup,WALLET_PRV,2219.57,debit,2026-09-05 15:58:21,D00124
WLT0005203,W0096,topup,WALLET_PRV,3542.33,debit,2026-07-16 21:28:23,D00125
WLT0005206,W0096,merchant,P00097,3574.34,debit,2026-07-30 23:16:49,D00125
WLT0005239,W0097,topup,WALLET_PRV,2882.62,debit,2026-08-30 23:50:31,D00126
WLT0005264,W0098,merchant,P00291,760.51,debit,2026-08-02 08:16:33,D00127
WLT0005281,W0098,merchant,P00228,2280.31,debit,2026-09-11 08:07:15,D00127
WLT0005285,W0098,merchant,P00141,2632.89,debit,2026-09-10 14:46:36,D00127
WLT0005291,W0099,merchant,P00082,1232.12,debit,2026-08-30 14:46:28,D00128
WLT0005301,W0099,merchant,P00342,941.55,debit,2026-07-13 19:44:12,D00128
WLT0005303,W0099,topup,WALLET_PRV,1544.3,debit,2026-07-20 22:08:29,D00128
WLT0005313,W0099,merchant,P00184,257.98,debit,2026-08-08 21:20:28,D00128
WLT0005338,W0099,merchant,P00342,1873.43,debit,2026-08-24 15:05:27,D00128
WLT0005343,W0099,merchant,P00166,553.15,debit,2026-07-20 20:36:51,D00128
WLT0005345,W0099,merchant,P00148,5126.93,debit,2026-07-26 20:19:16,D00128
WLT0005353,W0100,topup,WALLET_PRV,3646.98,debit,2026-08-14 23:17:53,D00129
WLT0005405,W0101,topup,WALLET_PRV,8576.16,debit,2026-08-22 23:41:20,D00130
WLT0005413,W0101,topup,WALLET_PRV,5489.24,debit,2026-07-13 18:34:31,D00130
WLT0005460,W0102,topup,WALLET_PRV,1455.2,debit,2026-07-09 12:54:30,D00132
WLT0005481,W0103,topup,WALLET_PRV,8350.6,debit,2026-09-03 08:49:13,D00133
WLT0005497,W0103,merchant,P00087,1400.99,debit,2026-07-03 12:43:45,D00133
WLT0005499,W0103,topup,WALLET_PRV,3607.88,debit,2026-08-27 08:22:55,D00133
WLT0005503,W0103,transfer,P00257,30757.21,debit,2026-08-07 08:09:25,D00133
WLT0005520,W0104,merchant,P00158,2853.78,debit,2026-08-18 17:55:50,D00135
WLT0005525,W0104,merchant,P00052,1725.8,debit,2026-08-06 22:02:03,D00134
WLT0005541,W0104,topup,WALLET_PRV,3764.43,debit,2026-09-10 10:06:03,D00135
WLT0005567,W0104,merchant,P00285,1668.21,debit,2026-08-09 16:11:28,D00134
WLT0005588,W0105,topup,WALLET_PRV,6716.53,debit,2026-08-01 12:16:18,D00136
WLT0005604,W0105,topup,WALLET_PRV,3386.69,debit,2026-07-16 21:02:22,D00136
WLT0005619,W0105,topup,WALLET_PRV,4540.35,debit,2026-09-11 16:22:06,D00136
WLT0005621,W0105,merchant,P00043,7521.28,debit,2026-08-10 09:17:56,D00136
WLT0005625,W0105,topup,WALLET_PRV,2498.45,debit,2026-08-24 16:27:21,D00136
WLT0005631,W0105,merchant,P00131,1442.24,debit,2026-08-19 17:02:07,D00136
WLT0005656,W0106,topup,WALLET_PRV,3906.54,debit,2026-07-21 21:07:54,D00137
WLT0005658,W0106,topup,WALLET_PRV,1700.95,debit,2026-09-13 10:45:26,D00138
WLT0005674,W0106,merchant,P00151,8123.58,debit,2026-07-05 12:45:27,D00137
WLT0005681,W0106,merchant,P00273,1534.8,debit,2026-07-25 18:12:02,D00137
WLT0005699,W0106,merchant,P00126,13097.9,debit,2026-07-25 13:46:06,D00137
WLT0005704,W0106,transfer,P00127,1893.66,debit,2026-08-04 18:20:59,D00137
WLT0005727,W0106,transfer,P00127,2665.36,debit,2026-07-24 19:21:04,D00137
WLT0005737,W0107,topup,WALLET_PRV,5859.7,debit,2026-09-10 11:18:19,D00139
WLT0005742,W0107,topup,WALLET_PRV,3543.36,debit,2026-09-13 18:22:14,D00139
WLT0005744,W0107,transfer,P00195,2128.52,debit,2026-08-09 10:38:48,D00139
WLT0005753,W0107,merchant,P00074,8045.68,debit,2026-07-03 11:03:33,D00139
WLT0005758,W0107,transfer,P00047,2170.45,debit,2026-07-25 16:40:24,D00139
WLT0005764,W0107,transfer,P00261,1786.08,debit,2026-09-07 12:42:44,D00139
WLT0005778,W0107,merchant,P00225,3533.02,debit,2026-08-19 18:15:30,D00139
WLT0005781,W0107,topup,WALLET_PRV,6121.29,debit,2026-08-23 10:55:03,D00139
WLT0005791,W0108,transfer,P00195,1968.27,debit,2026-07-06 11:11:47,D00140
WLT0005792,W0108,merchant,P00117,1608.8,debit,2026-07-03 10:30:58,D00140
WLT0005794,W0108,topup,WALLET_PRV,5014.74,debit,2026-09-02 11:56:29,D00140
WLT0005837,W0109,topup,WALLET_PRV,3969.32,debit,2026-09-02 05:52:51,D00141
WLT0005840,W0109,merchant,P00075,4519.65,debit,2026-07-16 12:37:44,D00141
WLT0005845,W0109,merchant,P00264,1710.45,debit,2026-08-20 22:57:48,D00141
WLT0005861,W0109,merchant,P00275,5365.91,debit,2026-08-02 15:46:46,D00141
WLT0005876,W0109,merchant,P00248,4167.27,debit,2026-09-03 20:41:26,D00141
WLT0005878,W0109,topup,WALLET_PRV,8410.91,debit,2026-08-08 09:55:34,D00141
WLT0005887,W0110,merchant,P00308,3991.71,debit,2026-08-04 18:48:29,D00143
WLT0005924,W0110,merchant,P00225,2429.68,debit,2026-07-16 16:50:02,D00142
WLT0005930,W0110,merchant,P00225,1799.83,debit,2026-07-25 11:29:11,D00143
WLT0005931,W0110,topup,WALLET_PRV,4071.69,debit,2026-07-02 17:42:55,D00142
WLT0005942,W0110,topup,WALLET_PRV,1930.07,debit,2026-07-26 07:12:52,D00142
WLT0005951,W0111,merchant,P00136,1698.19,debit,2026-08-07 17:42:00,D00145
WLT0005963,W0111,transfer,P00195,3135.68,debit,2026-07-29 10:08:00,D00144
WLT0005971,W0111,merchant,P00056,840.39,debit,2026-08-21 11:46:46,D00144
WLT0005984,W0111,topup,WALLET_PRV,6703.48,debit,2026-08-20 12:19:05,D00145
WLT0006035,W0111,topup,WALLET_PRV,5640.4,debit,2026-09-13 17:24:53,D00145
WLT0006039,W0111,topup,WALLET_PRV,5343.7,debit,2026-07-08 11:22:29,D00144
WLT0006044,W0111,topup,WALLET_PRV,6557.72,debit,2026-08-21 16:27:22,D00144
WLT0006062,W0112,merchant,P00147,3310.89,debit,2026-09-11 00:49:53,D00146
WLT0006064,W0112,topup,WALLET_PRV,3057.08,debit,2026-07-15 12:53:35,D00146
WLT0006071,W0112,merchant,P00147,6058.82,debit,2026-07-21 13:55:30,D00146
WLT0006101,W0113,transfer,P00051,1097.05,debit,2026-07-16 01:19:45,D00147
WLT0006112,W0113,merchant,P00268,1008.89,debit,2026-07-10 15:13:41,D00147
WLT0006113,W0113,merchant,P00381,1446.78,debit,2026-09-12 21:39:25,D00147
WLT0006132,W0113,merchant,P00044,2486.35,debit,2026-08-14 11:01:01,D00147
WLT0006136,W0113,topup,WALLET_PRV,3354.71,debit,2026-07-24 09:29:16,D00147
WLT0006137,W0113,merchant,P00364,852.62,debit,2026-07-27 13:42:34,D00147
WLT0006141,W0113,merchant,P00364,1680.67,debit,2026-07-23 18:20:31,D00147
WLT0006151,W0114,transfer,P00254,1724.89,debit,2026-09-03 11:31:24,D00148
WLT0006153,W0114,merchant,P00296,815.38,debit,2026-07-09 09:38:51,D00149
WLT0006170,W0114,merchant,P00132,6024.33,debit,2026-07-01 23:49:47,D00148
WLT0006171,W0114,topup,WALLET_PRV,2702.45,debit,2026-08-09 19:36:51,D00149
WLT0006177,W0114,merchant,P00396,708.62,debit,2026-08-31 16:46:01,D00148
WLT0006186,W0114,merchant,P00396,475.57,debit,2026-09-08 11:26:42,D00149
WLT0006187,W0114,transfer,P00254,656.72,debit,2026-08-11 23:27:05,D00148
WLT0006191,W0114,merchant,P00296,545.89,debit,2026-08-04 13:44:17,D00149
WLT0006193,W0114,merchant,P00016,2020.77,debit,2026-08-30 09:02:46,D00148
WLT0006200,W0114,merchant,P00292,3617.0,debit,2026-08-03 11:11:28,D00148
WLT0006226,W0115,topup,WALLET_PRV,14266.13,debit,2026-08-27 09:39:17,D00150
WLT0006242,W0115,transfer,P00002,6704.91,debit,2026-08-27 13:02:26,D00150
WLT0006246,W0115,topup,WALLET_PRV,12883.66,debit,2026-08-19 11:04:46,D00150
WLT0006300,W0116,merchant,P00160,2552.51,debit,2026-08-12 21:34:42,D00151
WLT0006307,W0116,merchant,P00107,1135.37,debit,2026-08-04 14:16:13,D00152
WLT0006312,W0116,topup,WALLET_PRV,3916.52,debit,2026-08-03 10:06:07,D00151
WLT0006320,W0117,merchant,P00269,669.93,debit,2026-07-15 17:20:50,D00153
WLT0006332,W0117,merchant,P00267,250.19,debit,2026-07-27 14:06:35,D00153
WLT0006333,W0117,topup,WALLET_PRV,2449.95,debit,2026-08-10 17:50:12,D00153
WLT0006342,W0117,topup,WALLET_PRV,2550.87,debit,2026-09-08 17:27:53,D00153
WLT0006345,W0117,merchant,P00072,1221.94,debit,2026-08-29 12:54:05,D00153
WLT0006351,W0117,topup,WALLET_PRV,2534.58,debit,2026-07-20 19:10:34,D00153
WLT0006382,W0118,merchant,P00189,676.36,debit,2026-07-08 14:58:04,D00154
WLT0006386,W0118,topup,WALLET_PRV,5611.31,debit,2026-08-11 07:27:17,D00154
WLT0006390,W0118,merchant,P00053,3072.08,debit,2026-08-20 14:58:39,D00154
WLT0006429,W0118,merchant,P00099,3327.74,debit,2026-08-21 16:28:54,D00154
WLT0006437,W0119,merchant,P00005,1713.44,debit,2026-07-11 16:25:22,D00155
WLT0006449,W0119,merchant,P00055,6399.86,debit,2026-08-06 11:50:29,D00155
WLT0006484,W0119,merchant,P00188,701.82,debit,2026-07-19 16:32:15,D00155
WLT0006513,W0119,merchant,P00189,1129.35,debit,2026-08-12 13:12:31,D00155
WLT0006533,W0120,merchant,P00308,591.34,debit,2026-08-17 15:14:39,D00156
WLT0006544,W0120,topup,WALLET_PRV,1395.56,debit,2026-07-13 12:48:30,D00156
WLT0006545,W0120,merchant,P00132,4006.32,debit,2026-07-17 12:51:32,D00156
WLT0006547,W0120,merchant,P00330,407.16,debit,2026-09-04 14:17:33,D00156
WLT0006551,W0120,merchant,P00351,1262.21,debit,2026-07-01 09:06:04,D00156
WLT0006554,W0120,merchant,P00324,2667.06,debit,2026-08-11 07:31:51,D00156
WLT0006563,W0121,merchant,P00338,1057.6,debit,2026-09-01 14:13:54,D00157
WLT0006583,W0121,merchant,P00355,141.89,debit,2026-08-07 17:51:34,D00157
WLT0006589,W0121,merchant,P00074,2087.8,debit,2026-07-13 20:23:11,D00157
WLT0006592,W0121,topup,WALLET_PRV,1594.01,debit,2026-07-25 10:57:36,D00157
WLT0006606,W0121,merchant,P00355,543.85,debit,2026-07-10 20:39:38,D00157
WLT0006610,W0121,merchant,P00289,444.79,debit,2026-09-07 18:44:18,D00157
WLT0006615,W0121,topup,WALLET_PRV,590.41,debit,2026-07-14 14:32:14,D00157
WLT0006622,W0121,merchant,P00060,793.7,debit,2026-07-06 22:42:05,D00157
WLT0006635,W0122,merchant,P00340,3565.71,debit,2026-09-10 17:25:24,D00159
WLT0006639,W0122,merchant,P00227,480.2,debit,2026-08-05 04:57:52,D00159
WLT0006649,W0122,merchant,P00036,9300.67,debit,2026-07-10 16:15:24,D00158
WLT0006653,W0122,topup,WALLET_PRV,5536.03,debit,2026-08-31 22:55:21,D00158
WLT0006662,W0122,topup,WALLET_PRV,5720.76,debit,2026-08-08 07:07:08,D00159
WLT0006673,W0123,merchant,P00032,450.66,debit,2026-07-31 12:56:06,D00160
WLT0006682,W0123,merchant,P00008,2011.33,debit,2026-09-12 14:07:13,D00160
WLT0006684,W0123,transfer,P00274,923.63,debit,2026-08-06 21:28:32,D00160
WLT0006687,W0123,merchant,P00239,1146.77,debit,2026-09-06 10:26:10,D00160
WLT0006695,W0123,merchant,P00239,767.43,debit,2026-07-13 13:42:06,D00160
WLT0006704,W0123,merchant,P00354,414.38,debit,2026-07-01 07:14:56,D00160
WLT0006710,W0123,merchant,P00140,902.97,debit,2026-08-08 15:56:36,D00160
WLT0006711,W0123,topup,WALLET_PRV,1308.5,debit,2026-09-09 20:10:22,D00160
WLT0006712,W0123,merchant,P00310,702.38,debit,2026-07-23 17:20:44,D00160
WLT0006719,W0123,merchant,P00058,575.54,debit,2026-07-08 15:28:26,D00161
WLT0006726,W0123,topup,WALLET_PRV,962.42,debit,2026-07-18 10:19:05,D00160
WLT0006730,W0123,topup,WALLET_PRV,604.08,debit,2026-07-26 09:12:48,D00161
WLT0006735,W0123,transfer,P00274,438.92,debit,2026-08-14 11:45:13,D00160
WLT0006759,W0124,topup,WALLET_PRV,7652.39,debit,2026-09-02 18:03:57,D00162
WLT0006769,W0124,topup,WALLET_PRV,6286.79,debit,2026-08-03 19:42:40,D00163
WLT0006773,W0124,merchant,P00036,1859.73,debit,2026-08-02 16:20:27,D00162
WLT0006779,W0124,transfer,P00073,2700.49,debit,2026-07-13 13:53:43,D00162
WLT0006781,W0124,merchant,P00005,564.48,debit,2026-07-14 15:00:42,D00162
WLT0006792,W0125,topup,WALLET_PRV,2124.11,debit,2026-07-10 10:54:15,D00165
WLT0006797,W0125,merchant,P00185,876.04,debit,2026-07-11 21:23:11,D00164
WLT0006804,W0125,merchant,P00331,1248.31,debit,2026-08-29 21:35:57,D00164
WLT0006808,W0125,merchant,P00187,3146.72,debit,2026-09-06 18:48:32,D00164
WLT0006814,W0125,merchant,P00161,507.81,debit,2026-07-16 14:55:35,D00165
WLT0006828,W0125,topup,WALLET_PRV,1851.41,debit,2026-09-09 18:51:35,D00165
WLT0006829,W0125,merchant,P00198,334.08,debit,2026-09-03 22:05:54,D00164
WLT0006841,W0126,merchant,P00375,1333.29,debit,2026-09-11 21:18:05,D00166
WLT0006842,W0126,merchant,P00111,6916.82,debit,2026-07-14 20:55:07,D00166
WLT0006848,W0126,topup,WALLET_PRV,5659.86,debit,2026-09-08 08:04:01,D00166
WLT0006849,W0126,merchant,P00375,1719.19,debit,2026-09-04 21:55:58,D00166
WLT0006853,W0126,topup,WALLET_PRV,3909.54,debit,2026-07-27 15:51:30,D00166
WLT0006854,W0126,merchant,P00232,14250.33,debit,2026-08-11 19:30:46,D00166
WLT0006875,W0127,transfer,P00116,902.29,debit,2026-08-17 13:42:38,D00167
WLT0006906,W0127,merchant,P00235,1467.88,debit,2026-09-02 14:35:34,D00167
WLT0006907,W0127,transfer,P00094,920.51,debit,2026-09-12 09:07:33,D00167
WLT0006918,W0128,merchant,P00310,539.17,debit,2026-08-04 00:03:18,D00168
WLT0006923,W0128,topup,WALLET_PRV,1272.2,debit,2026-08-26 17:02:22,D00168
WLT0006930,W0128,merchant,P00137,761.88,debit,2026-08-03 17:31:48,D00168
WLT0006947,W0128,merchant,P00276,223.0,debit,2026-07-17 08:54:57,D00168
WLT0006961,W0129,merchant,P00244,3422.92,debit,2026-08-28 20:33:12,D00170
WLT0006987,W0129,merchant,P00244,1521.11,debit,2026-07-24 14:24:06,D00170
WLT0006988,W0129,merchant,P00215,2368.83,debit,2026-07-03 16:43:03,D00170
WLT0007010,W0130,merchant,P00288,662.69,debit,2026-08-25 01:13:47,D00171
WLT0007013,W0130,merchant,P00102,5755.25,debit,2026-08-02 20:05:36,D00171
WLT0007018,W0130,transfer,P00135,5046.85,debit,2026-08-09 07:38:57,D00171
WLT0007042,W0130,topup,WALLET_PRV,2587.8,debit,2026-08-20 16:07:00,D00171
WLT0007067,W0131,merchant,P00341,231.68,debit,2026-09-01 13:39:13,D00172
WLT0007077,W0131,topup,WALLET_PRV,3270.42,debit,2026-08-01 06:43:31,D00172
WLT0007093,W0131,topup,WALLET_PRV,2629.36,debit,2026-09-06 16:32:25,D00172
WLT0007125,W0132,topup,WALLET_PRV,2159.86,debit,2026-08-17 08:42:05,D00174
WLT0007126,W0132,merchant,P00174,788.4,debit,2026-09-07 16:58:11,D00174
WLT0007134,W0132,merchant,P00245,2538.19,debit,2026-07-25 13:09:18,D00173
WLT0007138,W0132,merchant,P00201,6245.83,debit,2026-07-24 18:39:32,D00174
WLT0007153,W0132,topup,WALLET_PRV,1836.95,debit,2026-07-19 09:12:19,D00174
WLT0007156,W0132,merchant,P00118,4806.0,debit,2026-07-25 09:13:57,D00174
WLT0007161,W0132,merchant,P00177,965.19,debit,2026-07-24 23:17:16,D00173
WLT0007163,W0132,merchant,P00118,3390.08,debit,2026-09-11 00:22:46,D00174
WLT0007171,W0132,merchant,P00063,266.92,debit,2026-08-15 16:42:33,D00173
WLT0007174,W0132,transfer,P00284,4666.26,debit,2026-09-03 09:45:15,D00174
WLT0007216,W0133,topup,WALLET_PRV,4572.99,debit,2026-08-20 14:43:24,D00175
WLT0007222,W0133,merchant,P00250,4981.66,debit,2026-08-04 15:15:19,D00176
WLT0007238,W0133,merchant,P00387,25587.18,debit,2026-08-27 07:04:52,D00175
WLT0007242,W0133,merchant,P00223,3800.19,debit,2026-08-08 16:39:00,D00175
WLT0007243,W0133,merchant,P00163,7783.46,debit,2026-08-08 17:18:18,D00175
WLT0007254,W0133,topup,WALLET_PRV,12697.96,debit,2026-07-24 10:36:06,D00175
WLT0007265,W0134,merchant,P00327,3036.21,debit,2026-07-21 07:38:27,D00177
WLT0007274,W0134,topup,WALLET_PRV,7069.91,debit,2026-08-02 20:20:29,D00177
WLT0007280,W0134,topup,WALLET_PRV,3400.33,debit,2026-07-19 10:02:23,D00177
WLT0007289,W0134,merchant,P00380,1236.74,debit,2026-07-12 18:49:58,D00177
WLT0007294,W0135,topup,WALLET_PRV,3721.26,debit,2026-07-28 06:35:54,D00178
WLT0007301,W0135,merchant,P00298,953.23,debit,2026-09-07 13:09:07,D00178
WLT0007338,W0136,topup,WALLET_PRV,5122.06,debit,2026-08-19 22:30:43,D00179
WLT0007339,W0136,merchant,P00048,2792.34,debit,2026-07-27 12:36:51,D00179
WLT0007341,W0136,merchant,P00016,3073.63,debit,2026-07-08 12:29:55,D00179
WLT0007349,W0136,merchant,P00117,2047.22,debit,2026-09-11 13:17:42,D00179
WLT0007357,W0136,merchant,P00016,1375.59,debit,2026-08-06 18:52:30,D00179
WLT0007369,W0136,merchant,P00325,4021.91,debit,2026-07-04 17:14:20,D00179
WLT0007377,W0136,merchant,P00048,847.18,debit,2026-08-21 12:14:30,D00179
WLT0007395,W0137,topup,WALLET_PRV,5299.4,debit,2026-09-07 12:07:04,D00181
WLT0007417,W0137,merchant,P00228,9124.35,debit,2026-08-10 23:07:06,D00180
WLT0007428,W0137,merchant,P00276,1299.93,debit,2026-07-21 17:32:52,D00181
WLT0007444,W0138,merchant,P00345,5106.26,debit,2026-09-08 17:32:50,D00182
WLT0007447,W0138,merchant,P00281,13039.82,debit,2026-08-26 20:56:31,D00182
WLT0007449,W0138,topup,WALLET_PRV,2880.15,debit,2026-08-25 17:07:53,D00182
WLT0007452,W0138,merchant,P00398,905.73,debit,2026-08-19 18:40:07,D00182
WLT0007462,W0138,merchant,P00281,21445.75,debit,2026-09-08 07:14:16,D00182
WLT0007463,W0138,merchant,P00105,1690.55,debit,2026-09-12 08:30:30,D00182
WLT0007527,W0139,topup,WALLET_PRV,2241.37,debit,2026-07-25 16:42:31,D00183
WLT0007532,W0139,merchant,P00159,716.56,debit,2026-08-01 08:33:05,D00184
WLT0007533,W0139,merchant,P00133,928.88,debit,2026-07-22 18:57:19,D00184
WLT0007535,W0139,transfer,P00247,1035.93,debit,2026-07-09 22:19:36,D00184
WLT0007539,W0139,merchant,P00159,844.46,debit,2026-07-02 19:22:23,D00183
WLT0007542,W0139,topup,WALLET_PRV,1035.8,debit,2026-07-10 13:07:24,D00184
WLT0007559,W0140,merchant,P00279,458.82,debit,2026-08-31 23:05:00,D00186
WLT0007572,W0140,transfer,P00002,2324.91,debit,2026-09-12 14:00:34,D00186
WLT0007578,W0140,merchant,P00085,1538.07,debit,2026-08-10 22:36:18,D00185
WLT0007579,W0140,topup,WALLET_PRV,3058.5,debit,2026-07-22 21:09:04,D00185
WLT0007580,W0140,merchant,P00144,1526.67,debit,2026-08-15 21:25:59,D00185
WLT0007597,W0140,merchant,P00027,4716.4,debit,2026-08-31 21:49:24,D00186
WLT0007622,W0140,merchant,P00049,1633.29,debit,2026-07-03 18:27:43,D00185
WLT0007633,W0141,merchant,P00070,2260.11,debit,2026-08-04 08:28:52,D00187
WLT0007641,W0141,merchant,P00369,1636.58,debit,2026-08-22 20:54:04,D00187
WLT0007658,W0141,merchant,P00369,1520.89,debit,2026-07-18 14:54:53,D00187
WLT0007660,W0141,merchant,P00228,2650.82,debit,2026-08-24 20:36:24,D00187
WLT0007662,W0141,transfer,P00208,1422.47,debit,2026-07-12 14:06:16,D00187
WLT0007666,W0141,topup,WALLET_PRV,2029.29,debit,2026-08-26 16:13:15,D00187
WLT0007682,W0142,merchant,P00238,404.91,debit,2026-07-28 21:10:01,D00188
WLT0007687,W0142,merchant,P00146,293.24,debit,2026-07-01 12:12:53,D00188
WLT0007697,W0142,merchant,P00077,200.83,debit,2026-07-29 12:37:58,D00188
WLT0007710,W0143,merchant,P00137,777.3,debit,2026-09-08 19:27:40,D00190
WLT0007739,W0143,topup,WALLET_PRV,3119.6,debit,2026-09-12 09:50:05,D00189
WLT0007745,W0143,topup,WALLET_PRV,1679.58,debit,2026-07-07 12:59:58,D00189
WLT0007766,W0144,merchant,P00179,538.6,debit,2026-07-02 23:49:38,D00191
WLT0007772,W0144,merchant,P00207,939.22,debit,2026-09-02 11:33:12,D00191
WLT0007776,W0144,topup,WALLET_PRV,3459.29,debit,2026-09-13 16:48:55,D00191
WLT0007804,W0145,merchant,P00149,7242.87,debit,2026-08-14 19:29:37,D00192
WLT0007808,W0145,transfer,P00277,3413.44,debit,2026-09-09 22:47:51,D00192
WLT0007842,W0146,topup,WALLET_PRV,2835.17,debit,2026-09-04 19:00:36,D00193
WLT0007851,W0146,merchant,P00162,823.42,debit,2026-08-06 20:55:19,D00193
WLT0007860,W0146,merchant,P00291,726.38,debit,2026-09-11 08:08:26,D00193
WLT0007866,W0146,transfer,P00026,3873.46,debit,2026-07-23 11:31:43,D00193
WLT0007873,W0146,transfer,P00026,2761.86,debit,2026-07-30 20:49:55,D00193
WLT0007907,W0147,merchant,P00341,776.91,debit,2026-08-14 07:16:31,D00194
WLT0007917,W0147,topup,WALLET_PRV,5032.74,debit,2026-08-25 22:16:11,D00194
WLT0007926,W0147,merchant,P00278,1365.65,debit,2026-07-07 15:21:44,D00194
WLT0007958,W0148,topup,WALLET_PRV,5009.33,debit,2026-08-20 13:47:52,D00195
WLT0007973,W0148,merchant,P00291,903.41,debit,2026-08-04 15:34:52,D00195
WLT0008011,W0150,merchant,P00091,3498.89,debit,2026-08-23 23:54:36,D00198
WLT0008028,W0150,merchant,P00019,832.76,debit,2026-07-22 13:41:20,D00198
WLT0008030,W0150,merchant,P00114,1058.03,debit,2026-09-07 15:40:10,D00198
WLT0008036,W0150,merchant,P00019,456.26,debit,2026-07-01 13:05:59,D00198
WLT0008037,W0150,merchant,P00110,1375.13,debit,2026-08-01 15:17:57,D00198
WLT0008042,W0151,merchant,P00119,569.69,debit,2026-08-06 17:36:30,D00200
WLT0008064,W0151,topup,WALLET_PRV,2074.71,debit,2026-09-02 17:40:20,D00199
WLT0008066,W0151,topup,WALLET_PRV,746.57,debit,2026-08-04 00:28:48,D00199
WLT0008071,W0151,merchant,P00065,916.72,debit,2026-08-28 12:34:11,D00199
WLT0008076,W0151,transfer,P00357,1205.82,debit,2026-09-06 15:40:09,D00199
WLT0008080,W0151,topup,WALLET_PRV,2441.54,debit,2026-09-06 19:02:25,D00199
WLT0008088,W0151,topup,WALLET_PRV,1617.93,debit,2026-09-02 16:53:21,D00200
WLT0008120,W0152,topup,WALLET_PRV,344.5,debit,2026-07-06 14:26:23,D00201
WLT0008128,W0152,merchant,P00391,1299.49,debit,2026-08-12 11:22:15,D00201
WLT0008144,W0152,merchant,P00052,612.84,debit,2026-08-17 13:03:37,D00201
WLT0008147,W0152,topup,WALLET_PRV,281.26,debit,2026-08-22 12:53:13,D00201
WLT0008182,W0153,topup,WALLET_PRV,1524.42,debit,2026-07-30 16:31:35,D00203
WLT0008188,W0153,merchant,P00113,3492.33,debit,2026-07-04 16:19:07,D00202
WLT0008196,W0153,merchant,P00279,979.67,debit,2026-08-10 18:51:03,D00202
WLT0008199,W0153,merchant,P00087,646.36,debit,2026-08-22 23:33:29,D00202
WLT0008222,W0154,topup,WALLET_PRV,2446.86,debit,2026-07-06 13:16:58,D00204
WLT0008224,W0154,topup,WALLET_PRV,3571.83,debit,2026-07-29 11:48:07,D00204
WLT0008251,W0154,merchant,P00012,1689.32,debit,2026-08-27 07:03:32,D00204
WLT0008255,W0155,merchant,P00007,1064.78,debit,2026-08-21 21:27:35,D00205
WLT0008256,W0155,merchant,P00003,2068.31,debit,2026-07-07 09:57:23,D00205
WLT0008261,W0155,merchant,P00003,1074.32,debit,2026-07-08 11:40:25,D00205
WLT0008270,W0155,merchant,P00003,2832.49,debit,2026-07-25 13:29:39,D00205
WLT0008272,W0155,merchant,P00351,784.62,debit,2026-08-09 09:14:36,D00205
WLT0008275,W0155,topup,WALLET_PRV,2183.7,debit,2026-07-16 23:33:47,D00205
WLT0008306,W0156,topup,WALLET_PRV,4186.43,debit,2026-09-03 12:33:21,D00206
WLT0008307,W0156,merchant,P00090,2615.44,debit,2026-07-10 10:04:39,D00206
WLT0008322,W0157,merchant,P00065,6630.58,debit,2026-07-29 14:51:50,D00207
WLT0008323,W0157,merchant,P00378,4597.67,debit,2026-08-31 10:46:53,D00207
WLT0008324,W0157,merchant,P00117,5174.06,debit,2026-08-28 22:08:24,D00207
WLT0008326,W0157,topup,WALLET_PRV,5673.77,debit,2026-07-20 14:07:17,D00207
WLT0008332,W0157,merchant,P00117,5093.06,debit,2026-08-10 10:11:08,D00207
WLT0008339,W0157,merchant,P00266,3856.55,debit,2026-08-22 11:17:49,D00207
WLT0008350,W0157,topup,WALLET_PRV,6203.02,debit,2026-08-09 09:11:06,D00207
WLT0008375,W0158,transfer,P00280,1859.98,debit,2026-07-04 10:07:00,D00208
WLT0008394,W0158,transfer,P00280,505.89,debit,2026-08-21 20:58:52,D00208
WLT0008411,W0158,merchant,P00090,557.8,debit,2026-07-25 19:03:28,D00208
WLT0008419,W0159,topup,WALLET_PRV,2200.27,debit,2026-08-08 21:35:51,D00209
WLT0008461,W0159,merchant,P00279,469.0,debit,2026-07-05 18:00:08,D00209
WLT0008465,W0159,merchant,P00335,6851.62,debit,2026-07-14 15:54:09,D00209
WLT0008467,W0159,merchant,P00335,11298.68,debit,2026-08-07 19:34:21,D00210
WLT0008477,W0160,merchant,P00263,2548.34,debit,2026-09-10 13:40:29,D00211
WLT0008500,W0161,merchant,P00074,18692.47,debit,2026-09-09 23:27:44,D00212
WLT0008502,W0161,topup,WALLET_PRV,10402.06,debit,2026-08-27 10:00:53,D00212
WLT0008503,W0161,merchant,P00074,6057.58,debit,2026-08-18 20:50:33,D00212
WLT0008536,W0161,merchant,P00238,1001.57,debit,2026-09-04 19:16:59,D00212
WLT0008538,W0161,merchant,P00382,2090.11,debit,2026-07-25 19:19:57,D00212
WLT0008549,W0161,merchant,P00161,2304.72,debit,2026-09-02 20:36:08,D00212
WLT0008568,W0162,merchant,P00367,1347.24,debit,2026-07-21 18:05:39,D00214
WLT0008576,W0162,merchant,P00314,1068.58,debit,2026-08-27 15:16:03,D00213
WLT0008577,W0162,topup,WALLET_PRV,4005.04,debit,2026-07-23 13:38:15,D00213
WLT0008583,W0162,topup,WALLET_PRV,6998.83,debit,2026-08-14 14:54:41,D00213
WLT0008588,W0162,topup,WALLET_PRV,6248.39,debit,2026-07-28 17:06:02,D00213
WLT0008594,W0162,merchant,P00182,11191.37,debit,2026-08-08 12:50:00,D00214
WLT0008618,W0163,merchant,P00090,2909.06,debit,2026-08-04 13:14:54,D00215
WLT0008620,W0163,transfer,P00365,2345.71,debit,2026-08-11 10:48:28,D00215
WLT0008623,W0163,merchant,P00223,1384.55,debit,2026-08-19 19:43:49,D00215
WLT0008635,W0163,merchant,P00029,2158.18,debit,2026-08-07 09:23:48,D00215
WLT0008637,W0163,merchant,P00253,1073.22,debit,2026-07-30 08:28:58,D00215
WLT0008662,W0163,merchant,P00362,5580.06,debit,2026-08-18 21:19:27,D00215
WLT0008689,W0164,merchant,P00203,3147.07,debit,2026-07-24 12:53:36,D00217
WLT0008690,W0164,merchant,P00083,1771.84,debit,2026-08-23 12:03:10,D00216
WLT0008692,W0164,merchant,P00188,354.44,debit,2026-08-25 14:07:22,D00216
WLT0008701,W0164,merchant,P00131,1029.82,debit,2026-07-23 08:33:46,D00216
WLT0008702,W0164,transfer,P00054,1598.55,debit,2026-08-26 20:43:25,D00216
WLT0008705,W0164,merchant,P00299,596.81,debit,2026-07-28 18:01:58,D00216
WLT0008730,W0165,merchant,P00065,1948.09,debit,2026-07-12 16:55:30,D00218
WLT0008732,W0165,topup,WALLET_PRV,841.38,debit,2026-07-16 16:58:49,D00218
WLT0008738,W0165,merchant,P00394,629.55,debit,2026-09-13 15:34:01,D00218
WLT0008739,W0165,merchant,P00148,3473.37,debit,2026-08-23 22:57:10,D00218
WLT0008743,W0165,merchant,P00394,435.94,debit,2026-07-05 10:46:04,D00219
WLT0008749,W0165,topup,WALLET_PRV,2028.28,debit,2026-07-23 18:57:54,D00219
WLT0008756,W0165,merchant,P00399,737.79,debit,2026-07-19 20:39:51,D00219
WLT0008758,W0165,topup,WALLET_PRV,1462.64,debit,2026-08-26 14:50:23,D00218
WLT0008780,W0166,merchant,P00279,833.46,debit,2026-07-27 12:10:55,D00220
WLT0008783,W0166,topup,WALLET_PRV,2033.26,debit,2026-07-24 12:59:25,D00220
WLT0008787,W0166,transfer,P00247,3296.44,debit,2026-07-21 08:36:42,D00220
WLT0008790,W0166,topup,WALLET_PRV,3246.08,debit,2026-07-30 18:41:33,D00220
WLT0008791,W0166,merchant,P00136,324.37,debit,2026-08-23 19:23:18,D00220
WLT0008793,W0166,transfer,P00247,2821.59,debit,2026-08-14 23:42:08,D00220
WLT0008806,W0166,transfer,P00247,5195.26,debit,2026-08-05 08:20:06,D00221
WLT0008808,W0166,topup,WALLET_PRV,2699.15,debit,2026-07-11 18:33:12,D00220
WLT0008818,W0166,merchant,P00389,3958.25,debit,2026-09-02 11:51:35,D00220
WLT0008821,W0166,topup,WALLET_PRV,2456.31,debit,2026-07-29 08:08:37,D00220
WLT0008840,W0167,merchant,P00313,1331.57,debit,2026-08-25 22:32:02,D00222
WLT0008850,W0167,transfer,P00240,219.94,debit,2026-07-03 16:41:41,D00222
WLT0008858,W0167,topup,WALLET_PRV,2409.59,debit,2026-07-22 16:11:30,D00222
WLT0008876,W0167,transfer,P00386,1358.6,debit,2026-08-14 19:34:06,D00222
WLT0008902,W0168,merchant,P00305,880.39,debit,2026-08-29 10:26:31,D00223
WLT0008915,W0168,merchant,P00082,1431.27,debit,2026-07-06 16:56:32,D00223
WLT0008916,W0168,merchant,P00353,1841.55,debit,2026-07-06 12:52:47,D00223
WLT0008918,W0168,merchant,P00082,601.94,debit,2026-08-16 13:21:53,D00223
WLT0008936,W0169,merchant,P00017,827.33,debit,2026-07-11 15:15:21,D00224
WLT0008939,W0169,topup,WALLET_PRV,1076.22,debit,2026-07-12 19:28:31,D00224
WLT0008947,W0169,merchant,P00188,1700.38,debit,2026-08-18 12:17:05,D00224
WLT0008950,W0169,topup,WALLET_PRV,3309.09,debit,2026-09-03 19:26:03,D00224
WLT0008957,W0169,merchant,P00349,482.12,debit,2026-09-06 12:23:23,D00224
WLT0008972,W0169,merchant,P00188,418.31,debit,2026-08-22 11:03:00,D00224
WLT0008977,W0169,merchant,P00393,703.27,debit,2026-08-04 20:12:20,D00224
WLT0008980,W0169,merchant,P00184,628.44,debit,2026-08-18 14:41:14,D00224
WLT0009005,W0169,merchant,P00188,603.92,debit,2026-07-03 14:03:02,D00224
WLT0009006,W0169,transfer,P00386,1094.38,debit,2026-07-06 23:31:21,D00224
WLT0009008,W0169,topup,WALLET_PRV,1675.77,debit,2026-08-17 14:51:15,D00224
WLT0009011,W0169,transfer,P00051,819.24,debit,2026-07-30 16:51:53,D00224
WLT0009022,W0170,merchant,P00070,2719.53,debit,2026-09-01 07:46:38,D00225
WLT0009045,W0170,merchant,P00082,3462.73,debit,2026-07-16 16:43:13,D00225
WLT0009057,W0170,topup,WALLET_PRV,5726.8,debit,2026-08-07 13:04:37,D00225
WLT0009078,W0170,merchant,P00163,1012.23,debit,2026-08-23 13:14:00,D00225
WLT0009096,W0170,merchant,P00219,1539.68,debit,2026-07-17 19:36:43,D00225
WLT0009103,W0171,merchant,P00306,491.64,debit,2026-09-04 15:03:05,D00226
WLT0009104,W0171,merchant,P00196,860.74,debit,2026-07-06 20:53:51,D00226
WLT0009107,W0171,merchant,P00121,951.0,debit,2026-07-31 08:43:09,D00226
WLT0009113,W0171,topup,WALLET_PRV,3095.2,debit,2026-08-21 15:10:59,D00226
WLT0009114,W0171,topup,WALLET_PRV,3486.22,debit,2026-07-25 11:33:59,D00226
WLT0009137,W0172,merchant,P00222,307.02,debit,2026-07-03 09:31:30,D00227
WLT0009143,W0172,merchant,P00043,712.05,debit,2026-09-06 14:56:21,D00227
WLT0009156,W0172,transfer,P00195,622.28,debit,2026-08-29 02:17:03,D00227
WLT0009186,W0173,merchant,P00216,1234.76,debit,2026-07-03 17:32:51,D00228
WLT0009191,W0173,merchant,P00147,5619.12,debit,2026-08-27 18:16:27,D00228
WLT0009198,W0173,merchant,P00147,2679.07,debit,2026-07-30 12:13:06,D00228
WLT0009202,W0173,transfer,P00156,5907.93,debit,2026-09-06 01:48:17,D00228
WLT0009209,W0173,transfer,P00098,3301.96,debit,2026-07-22 10:35:51,D00228
WLT0009213,W0173,topup,WALLET_PRV,4632.18,debit,2026-08-25 20:51:29,D00228
WLT0009228,W0174,merchant,P00244,3650.27,debit,2026-07-26 02:19:16,D00229
WLT0009238,W0174,topup,WALLET_PRV,800.87,debit,2026-09-07 18:50:28,D00229
WLT0009240,W0174,merchant,P00033,5754.24,debit,2026-09-10 08:56:59,D00230
WLT0009255,W0174,topup,WALLET_PRV,3020.92,debit,2026-07-02 10:49:07,D00229
WLT0009264,W0174,merchant,P00219,365.67,debit,2026-09-04 12:13:29,D00229
WLT0009272,W0174,merchant,P00225,330.32,debit,2026-08-04 23:27:50,D00229
WLT0009276,W0174,topup,WALLET_PRV,1269.51,debit,2026-07-19 10:05:04,D00229
WLT0009298,W0175,merchant,P00081,1456.28,debit,2026-07-22 23:18:53,D00232
WLT0009361,W0176,merchant,P00136,1892.17,debit,2026-08-13 14:03:26,D00233
WLT0009364,W0176,merchant,P00109,3411.14,debit,2026-07-09 14:57:18,D00233
WLT0009382,W0176,merchant,P00153,819.88,debit,2026-07-11 22:00:22,D00233
WLT0009402,W0176,merchant,P00109,3345.25,debit,2026-07-21 16:23:38,D00233
WLT0009406,W0176,merchant,P00081,904.75,debit,2026-08-16 14:21:17,D00233
WLT0009418,W0176,merchant,P00010,403.04,debit,2026-08-30 17:04:17,D00233
WLT0009419,W0176,merchant,P00153,2194.72,debit,2026-08-05 10:53:46,D00233
WLT0009433,W0176,merchant,P00136,965.27,debit,2026-09-13 15:02:18,D00233
WLT0009443,W0177,merchant,P00356,341.17,debit,2026-08-12 13:27:31,D00234
WLT0009459,W0177,merchant,P00145,1507.69,debit,2026-09-05 10:09:00,D00234
WLT0009460,W0177,merchant,P00115,2631.19,debit,2026-07-10 11:35:57,D00234
WLT0009468,W0177,merchant,P00361,2308.65,debit,2026-09-05 12:04:55,D00235
WLT0009476,W0177,topup,WALLET_PRV,2218.82,debit,2026-09-08 21:09:13,D00234
WLT0009490,W0178,topup,WALLET_PRV,2082.77,debit,2026-08-02 21:16:53,D00236
WLT0009501,W0178,transfer,P00386,11054.97,debit,2026-08-26 09:22:58,D00236
WLT0009504,W0178,merchant,P00384,16899.59,debit,2026-08-22 13:18:53,D00236
WLT0009509,W0178,transfer,P00386,2020.7,debit,2026-07-30 12:07:31,D00236
WLT0009512,W0178,merchant,P00100,2371.51,debit,2026-08-07 07:35:29,D00236
WLT0009519,W0178,merchant,P00383,5233.07,debit,2026-07-08 18:12:26,D00236
WLT0009523,W0178,merchant,P00111,6870.43,debit,2026-08-03 19:56:49,D00236
WLT0009537,W0178,merchant,P00313,1648.77,debit,2026-09-11 18:47:33,D00236
WLT0009541,W0179,merchant,P00085,566.17,debit,2026-09-04 07:30:19,D00238
WLT0009543,W0179,merchant,P00034,332.22,debit,2026-07-24 14:18:31,D00237
WLT0009552,W0179,merchant,P00178,4578.69,debit,2026-08-19 08:00:17,D00238
WLT0009554,W0179,merchant,P00165,1125.6,debit,2026-07-27 10:33:50,D00237
WLT0009565,W0179,merchant,P00387,3694.57,debit,2026-08-07 08:19:21,D00238
WLT0009570,W0179,merchant,P00085,1281.68,debit,2026-08-12 10:01:38,D00237
WLT0009577,W0180,merchant,P00268,1491.57,debit,2026-08-27 20:47:43,D00239
WLT0009581,W0180,transfer,P00054,2169.05,debit,2026-08-03 19:01:40,D00240
WLT0009587,W0180,merchant,P00358,4218.79,debit,2026-09-07 14:20:34,D00239
WLT0009594,W0180,merchant,P00181,3661.54,debit,2026-07-29 16:40:31,D00239
WLT0009611,W0180,topup,WALLET_PRV,1668.24,debit,2026-07-02 17:33:46,D00240
WLT0009629,W0181,topup,WALLET_PRV,4702.73,debit,2026-07-22 11:47:36,D00241
WLT0009648,W0181,merchant,P00383,555.0,debit,2026-07-28 16:03:30,D00241
WLT0009656,W0181,transfer,P00280,2441.4,debit,2026-08-25 08:02:27,D00241
WLT0009672,W0182,merchant,P00119,578.27,debit,2026-08-27 18:50:42,D00243
WLT0009710,W0182,merchant,P00033,4562.65,debit,2026-08-26 10:38:25,D00243
WLT0009711,W0182,merchant,P00185,3100.72,debit,2026-07-10 12:37:51,D00243
WLT0009738,W0182,merchant,P00185,1373.19,debit,2026-07-09 16:47:25,D00243
WLT0009740,W0182,transfer,P00365,3273.35,debit,2026-09-05 20:32:22,D00243
WLT0009741,W0182,topup,WALLET_PRV,1000.84,debit,2026-09-10 18:29:11,D00243
WLT0009743,W0182,transfer,P00142,7967.6,debit,2026-07-08 11:50:59,D00243
WLT0009767,W0183,merchant,P00331,347.93,debit,2026-07-31 09:13:32,D00244
WLT0009781,W0183,merchant,P00269,1234.83,debit,2026-08-29 09:48:18,D00244
WLT0009792,W0183,merchant,P00236,520.36,debit,2026-07-01 12:02:33,D00244
WLT0009800,W0183,merchant,P00016,530.35,debit,2026-07-08 11:14:19,D00244
WLT0009803,W0183,merchant,P00152,5000.97,debit,2026-08-13 15:24:25,D00244
WLT0009807,W0183,merchant,P00016,139.58,debit,2026-08-30 16:58:41,D00244
WLT0009809,W0183,topup,WALLET_PRV,1359.43,debit,2026-09-07 10:18:17,D00244
WLT0009842,W0184,merchant,P00194,948.1,debit,2026-08-14 09:29:08,D00245
WLT0009863,W0184,merchant,P00144,1617.23,debit,2026-07-27 16:54:28,D00246
WLT0009877,W0184,merchant,P00068,1458.3,debit,2026-08-16 19:23:23,D00246
WLT0009883,W0184,topup,WALLET_PRV,1588.65,debit,2026-08-02 17:56:07,D00245
WLT0009943,W0186,transfer,P00026,1002.51,debit,2026-08-24 17:29:37,D00250
WLT0009956,W0186,topup,WALLET_PRV,1849.58,debit,2026-09-05 11:49:44,D00249
WLT0009971,W0186,topup,WALLET_PRV,4195.54,debit,2026-08-21 13:17:17,D00249
WLT0009974,W0186,merchant,P00088,317.21,debit,2026-08-14 14:10:31,D00249
WLT0009990,W0186,merchant,P00206,4588.97,debit,2026-07-20 14:12:29,D00249
WLT0009996,W0187,topup,WALLET_PRV,1102.62,debit,2026-07-04 07:46:36,D00251
WLT0010004,W0187,transfer,P00054,652.43,debit,2026-07-23 14:44:10,D00251
WLT0010012,W0187,merchant,P00084,428.39,debit,2026-09-08 20:08:41,D00251
WLT0010030,W0188,merchant,P00316,3425.56,debit,2026-09-06 21:40:40,D00253
WLT0010041,W0188,transfer,P00385,2631.61,debit,2026-07-30 13:23:34,D00253
WLT0010043,W0188,topup,WALLET_PRV,3281.22,debit,2026-07-02 18:57:23,D00252
WLT0010048,W0188,topup,WALLET_PRV,2121.88,debit,2026-07-26 16:47:42,D00253
WLT0010083,W0189,merchant,P00005,199.54,debit,2026-08-11 14:07:19,D00255
WLT0010085,W0189,merchant,P00033,4070.03,debit,2026-09-08 16:53:47,D00254
WLT0010088,W0189,merchant,P00056,399.23,debit,2026-07-01 19:47:52,D00254
WLT0010097,W0189,topup,WALLET_PRV,458.83,debit,2026-07-21 14:24:19,D00254
WLT0010099,W0189,merchant,P00056,409.7,debit,2026-07-20 13:31:16,D00254
WLT0010106,W0189,merchant,P00060,307.66,debit,2026-08-06 17:04:29,D00254
WLT0010126,W0190,merchant,P00143,1916.17,debit,2026-07-25 14:37:33,D00256
WLT0010133,W0190,topup,WALLET_PRV,2071.37,debit,2026-07-31 08:00:18,D00256
WLT0010135,W0190,merchant,P00376,572.83,debit,2026-08-05 11:15:18,D00256
WLT0010138,W0190,merchant,P00392,528.04,debit,2026-07-16 21:50:42,D00256
WLT0010148,W0190,topup,WALLET_PRV,4177.33,debit,2026-07-01 09:54:50,D00256
WLT0010155,W0190,merchant,P00178,1459.24,debit,2026-09-09 20:29:49,D00256
WLT0010172,W0191,merchant,P00288,219.28,debit,2026-07-30 17:52:54,D00257
WLT0010174,W0191,transfer,P00073,406.78,debit,2026-08-29 19:19:13,D00257
WLT0010176,W0191,topup,WALLET_PRV,1588.23,debit,2026-09-01 14:42:27,D00257
WLT0010178,W0191,merchant,P00224,171.99,debit,2026-07-16 08:45:47,D00257
WLT0010185,W0191,transfer,P00240,591.64,debit,2026-08-30 11:17:33,D00257
WLT0010187,W0191,merchant,P00329,1249.8,debit,2026-08-23 12:28:52,D00257
WLT0010226,W0191,merchant,P00224,723.64,debit,2026-07-05 11:48:58,D00257
WLT0010238,W0191,transfer,P00073,5499.75,debit,2026-09-11 11:55:45,D00257
WLT0010251,W0191,topup,WALLET_PRV,1153.55,debit,2026-07-01 22:11:24,D00257
WLT0010255,W0192,merchant,P00269,1464.11,debit,2026-07-15 08:54:32,D00259
WLT0010258,W0192,merchant,P00351,948.67,debit,2026-08-29 19:35:28,D00258
WLT0010260,W0192,merchant,P00317,478.81,debit,2026-09-03 18:25:37,D00258
WLT0010269,W0192,merchant,P00179,411.84,debit,2026-09-11 11:59:44,D00258
WLT0010296,W0192,topup,WALLET_PRV,1473.99,debit,2026-09-03 19:49:52,D00259
WLT0010297,W0192,merchant,P00179,487.4,debit,2026-09-09 18:23:04,D00258
WLT0010331,W0193,merchant,P00297,2746.28,debit,2026-07-27 15:01:40,D00260
WLT0010342,W0194,topup,WALLET_PRV,1943.95,debit,2026-07-10 15:06:29,D00261
WLT0010357,W0194,transfer,P00234,1667.0,debit,2026-09-11 23:17:18,D00261
WLT0010369,W0194,topup,WALLET_PRV,2248.5,debit,2026-09-02 23:55:39,D00261
WLT0010384,W0195,merchant,P00039,2396.83,debit,2026-09-09 10:04:45,D00262
WLT0010386,W0195,merchant,P00186,5160.65,debit,2026-07-30 23:38:44,D00262
WLT0010387,W0195,topup,WALLET_PRV,819.06,debit,2026-08-09 18:33:32,D00263
WLT0010399,W0195,merchant,P00039,5265.73,debit,2026-09-09 09:43:04,D00263
WLT0010418,W0195,merchant,P00355,428.99,debit,2026-08-27 16:59:23,D00262
WLT0010420,W0195,merchant,P00021,5675.99,debit,2026-09-11 20:58:34,D00262
WLT0010425,W0195,merchant,P00314,574.92,debit,2026-07-11 18:55:59,D00262
WLT0010427,W0195,merchant,P00288,418.53,debit,2026-09-10 15:38:01,D00262
WLT0010431,W0195,merchant,P00288,336.09,debit,2026-07-16 23:45:20,D00262
WLT0010440,W0195,merchant,P00250,726.19,debit,2026-09-06 17:35:14,D00262
WLT0010442,W0195,merchant,P00150,1962.74,debit,2026-07-14 11:41:19,D00262
WLT0010464,W0196,topup,WALLET_PRV,3041.16,debit,2026-07-10 12:50:51,D00264
WLT0010480,W0196,topup,WALLET_PRV,4782.94,debit,2026-08-18 14:36:39,D00264
WLT0010481,W0196,topup,WALLET_PRV,4696.62,debit,2026-07-30 16:47:55,D00264
WLT0010505,W0197,merchant,P00171,1289.03,debit,2026-08-17 13:36:45,D00265
WLT0010506,W0197,merchant,P00029,728.85,debit,2026-07-18 12:07:11,D00265
WLT0010517,W0197,topup,WALLET_PRV,2378.34,debit,2026-07-05 19:42:32,D00265
WLT0010527,W0197,merchant,P00296,367.02,debit,2026-07-10 18:18:18,D00265
WLT0010532,W0197,topup,WALLET_PRV,2491.68,debit,2026-08-11 10:43:06,D00265
WLT0010540,W0197,topup,WALLET_PRV,2338.45,debit,2026-09-09 08:04:05,D00265
WLT0010547,W0197,topup,WALLET_PRV,1102.23,debit,2026-07-31 22:09:40,D00265
WLT0010564,W0197,merchant,P00323,5454.7,debit,2026-09-13 09:55:35,D00265
WLT0010567,W0197,merchant,P00162,760.55,debit,2026-09-13 20:35:22,D00265
WLT0010577,W0197,topup,WALLET_PRV,2542.19,debit,2026-08-17 13:29:24,D00265
WLT0010580,W0197,merchant,P00171,1014.87,debit,2026-08-25 15:48:50,D00265
WLT0010592,W0198,topup,WALLET_PRV,5696.74,debit,2026-09-06 19:58:05,D00266
WLT0010601,W0198,merchant,P00335,46687.75,debit,2026-08-04 14:38:08,D00266
WLT0010615,W0198,topup,WALLET_PRV,9067.24,debit,2026-07-21 18:12:04,D00266
WLT0010619,W0198,merchant,P00020,3719.03,debit,2026-08-22 07:11:44,D00266
WLT0010623,W0198,merchant,P00288,2291.08,debit,2026-08-20 09:10:34,D00266
WLT0010634,W0198,topup,WALLET_PRV,2943.02,debit,2026-09-04 19:19:06,D00266
WLT0010646,W0198,topup,WALLET_PRV,5538.25,debit,2026-09-08 09:52:24,D00266
WLT0010650,W0198,merchant,P00024,2113.18,debit,2026-08-10 18:27:44,D00266
WLT0010698,W0199,topup,WALLET_PRV,1321.88,debit,2026-07-28 21:21:30,D00267
WLT0010708,W0200,merchant,P00266,898.94,debit,2026-07-25 11:49:38,D00269
WLT0010727,W0200,merchant,P00151,18208.76,debit,2026-08-03 17:11:43,D00269
WLT0010733,W0200,topup,WALLET_PRV,3200.0,debit,2026-07-14 19:18:35,D00269
WLT0010754,W0200,merchant,P00016,1577.83,debit,2026-07-31 10:13:54,D00269
WLT0010763,W0200,merchant,P00253,670.18,debit,2026-08-04 08:16:32,D00269
WLT0010775,W0201,merchant,P00343,2403.04,debit,2026-09-07 18:57:19,D00270
WLT0010780,W0201,transfer,P00386,510.11,debit,2026-09-08 21:31:44,D00270
WLT0010796,W0201,topup,WALLET_PRV,880.65,debit,2026-07-16 19:39:55,D00270
WLT0010804,W0201,merchant,P00237,505.11,debit,2026-09-01 08:07:07,D00270
WLT0010814,W0201,transfer,P00386,1908.11,debit,2026-08-31 16:50:12,D00270
WLT0010831,W0201,merchant,P00173,591.06,debit,2026-07-27 22:41:17,D00270
WLT0010858,W0202,topup,WALLET_PRV,1119.56,debit,2026-08-16 11:22:58,D00272
WLT0010860,W0202,topup,WALLET_PRV,1494.93,debit,2026-07-03 13:59:11,D00272
WLT0010864,W0202,topup,WALLET_PRV,1459.54,debit,2026-09-01 14:15:24,D00272
WLT0010878,W0202,topup,WALLET_PRV,945.23,debit,2026-07-05 13:17:50,D00272
WLT0010880,W0202,merchant,P00034,1169.93,debit,2026-09-10 09:31:06,D00272
WLT0010885,W0202,merchant,P00150,763.55,debit,2026-09-07 14:38:14,D00272
WLT0010892,W0202,topup,WALLET_PRV,1281.38,debit,2026-08-09 14:01:24,D00272
WLT0010911,W0202,topup,WALLET_PRV,1522.82,debit,2026-08-07 15:31:08,D00272
WLT0010928,W0203,merchant,P00301,775.82,debit,2026-08-01 18:12:54,D00273
WLT0010931,W0203,merchant,P00126,9922.35,debit,2026-07-26 16:23:08,D00273
WLT0010973,W0203,topup,WALLET_PRV,4714.21,debit,2026-07-09 21:02:23,D00273
WLT0011014,W0204,topup,WALLET_PRV,2957.0,debit,2026-07-17 20:48:14,D00275
WLT0011015,W0204,merchant,P00329,2521.99,debit,2026-08-19 16:44:05,D00274
WLT0011018,W0204,topup,WALLET_PRV,2103.26,debit,2026-07-27 16:34:15,D00274
WLT0011022,W0205,merchant,P00238,463.33,debit,2026-07-26 10:38:36,D00276
WLT0011031,W0205,merchant,P00023,1297.82,debit,2026-08-16 16:03:29,D00276
WLT0011039,W0205,topup,WALLET_PRV,503.52,debit,2026-08-14 08:41:14,D00277
WLT0011045,W0205,topup,WALLET_PRV,550.26,debit,2026-08-25 15:45:52,D00276
WLT0011056,W0205,topup,WALLET_PRV,1088.18,debit,2026-07-05 18:16:17,D00276
WLT0011058,W0205,merchant,P00090,185.96,debit,2026-09-09 20:38:07,D00277
WLT0011069,W0205,merchant,P00238,138.05,debit,2026-09-09 09:30:51,D00276
WLT0011085,W0205,merchant,P00023,1456.74,debit,2026-08-23 03:15:10,D00276
WLT0011089,W0205,merchant,P00238,413.32,debit,2026-08-21 13:56:42,D00276
WLT0011117,W0206,transfer,P00011,1306.14,debit,2026-08-23 11:09:49,D00278
WLT0011129,W0206,merchant,P00255,3012.72,debit,2026-08-28 15:57:49,D00278
WLT0011136,W0206,merchant,P00070,492.47,debit,2026-08-02 10:52:51,D00278
WLT0011139,W0206,merchant,P00070,282.66,debit,2026-08-19 23:54:45,D00278
WLT0011162,W0207,transfer,P00247,2285.49,debit,2026-08-17 15:18:04,D00279
WLT0011166,W0207,merchant,P00272,240.0,debit,2026-07-04 19:03:47,D00279
WLT0011167,W0207,merchant,P00184,386.14,debit,2026-08-30 11:41:29,D00279
WLT0011186,W0207,transfer,P00176,813.35,debit,2026-09-06 14:59:50,D00279
WLT0011196,W0207,topup,WALLET_PRV,1158.77,debit,2026-08-18 08:47:56,D00279
WLT0011219,W0208,topup,WALLET_PRV,4565.86,debit,2026-07-11 10:15:02,D00280
WLT0011222,W0208,merchant,P00384,5622.71,debit,2026-07-28 19:40:56,D00280
WLT0011225,W0208,topup,WALLET_PRV,3140.99,debit,2026-08-15 09:37:11,D00281
WLT0011229,W0208,merchant,P00384,88161.72,debit,2026-08-13 23:36:15,D00281
WLT0011243,W0208,topup,WALLET_PRV,6210.12,debit,2026-08-21 00:51:19,D00281
WLT0011245,W0208,merchant,P00398,2504.55,debit,2026-07-18 15:58:16,D00281
WLT0011248,W0208,topup,WALLET_PRV,3209.43,debit,2026-08-23 21:33:54,D00280
WLT0011290,W0209,merchant,P00263,1404.86,debit,2026-09-08 21:15:09,D00282
WLT0011301,W0209,merchant,P00278,2426.35,debit,2026-07-31 17:10:16,D00282
WLT0011302,W0209,merchant,P00278,2558.17,debit,2026-08-10 19:02:28,D00282
WLT0011309,W0209,topup,WALLET_PRV,1717.55,debit,2026-08-29 15:34:51,D00282
WLT0011322,W0210,merchant,P00169,951.64,debit,2026-08-12 16:20:36,D00283
WLT0011345,W0210,transfer,P00284,1873.91,debit,2026-08-28 18:32:19,D00283
WLT0011363,W0210,topup,WALLET_PRV,1706.17,debit,2026-07-02 18:42:11,D00283
WLT0011387,W0211,merchant,P00337,8060.77,debit,2026-07-28 21:46:33,D00284
WLT0011406,W0211,merchant,P00143,2652.01,debit,2026-09-01 09:26:13,D00285
WLT0011416,W0211,merchant,P00081,5025.27,debit,2026-07-23 13:14:30,D00285
WLT0011449,W0212,merchant,P00169,1664.6,debit,2026-08-11 09:44:42,D00286
WLT0011456,W0212,topup,WALLET_PRV,9330.71,debit,2026-07-01 19:47:36,D00286
WLT0011473,W0212,merchant,P00169,5420.92,debit,2026-08-12 11:12:29,D00286
WLT0011485,W0212,topup,WALLET_PRV,8597.76,debit,2026-09-10 10:42:26,D00286
WLT0011505,W0212,merchant,P00226,2420.59,debit,2026-09-13 17:52:14,D00286
WLT0011512,W0213,topup,WALLET_PRV,2961.41,debit,2026-09-06 07:27:27,D00287
WLT0011513,W0213,merchant,P00381,600.89,debit,2026-08-15 12:17:01,D00287
WLT0011514,W0213,merchant,P00213,1964.14,debit,2026-07-18 18:42:31,D00287
WLT0011559,W0213,merchant,P00213,1688.58,debit,2026-09-02 20:59:01,D00287
WLT0011571,W0213,merchant,P00369,855.0,debit,2026-08-29 16:43:19,D00287
WLT0011578,W0213,topup,WALLET_PRV,1778.39,debit,2026-08-04 12:38:39,D00287
WLT0011589,W0214,merchant,P00393,1601.76,debit,2026-07-21 12:32:38,D00288
WLT0011594,W0214,merchant,P00044,3413.28,debit,2026-07-04 18:24:22,D00288
WLT0011595,W0214,merchant,P00010,921.3,debit,2026-07-27 18:34:09,D00288
WLT0011603,W0214,merchant,P00010,621.62,debit,2026-07-28 19:37:25,D00288
WLT0011638,W0214,merchant,P00174,712.21,debit,2026-09-06 13:05:45,D00288
WLT0011658,W0215,merchant,P00343,9655.57,debit,2026-07-03 09:43:52,D00289
WLT0011678,W0215,merchant,P00400,2370.42,debit,2026-07-31 10:10:50,D00289
WLT0011682,W0215,topup,WALLET_PRV,5334.7,debit,2026-09-02 08:49:25,D00289
WLT0011683,W0215,topup,WALLET_PRV,6187.97,debit,2026-07-09 23:02:23,D00289
WLT0011698,W0215,topup,WALLET_PRV,5027.37,debit,2026-08-28 09:57:00,D00289
WLT0011710,W0215,merchant,P00256,4927.44,debit,2026-08-02 08:44:19,D00289
WLT0011714,W0216,merchant,P00181,1342.72,debit,2026-08-18 16:47:32,D00290
WLT0011715,W0216,topup,WALLET_PRV,1910.91,debit,2026-07-16 14:38:27,D00290
WLT0011718,W0216,merchant,P00295,207.99,debit,2026-08-04 11:58:17,D00290
WLT0011732,W0216,merchant,P00295,1726.01,debit,2026-07-06 20:36:11,D00290
WLT0011733,W0216,merchant,P00030,633.02,debit,2026-07-29 18:36:55,D00290
WLT0011743,W0216,topup,WALLET_PRV,1646.75,debit,2026-08-28 09:14:48,D00290
WLT0011746,W0216,merchant,P00161,102.9,debit,2026-08-07 19:54:39,D00290
WLT0011760,W0217,merchant,P00091,1052.47,debit,2026-07-07 17:59:16,D00291
WLT0011761,W0217,topup,WALLET_PRV,521.82,debit,2026-08-10 11:35:53,D00291
WLT0011777,W0217,merchant,P00311,446.32,debit,2026-07-29 20:23:32,D00291
WLT0011805,W0218,merchant,P00326,1360.29,debit,2026-09-10 22:03:17,D00292
WLT0011807,W0218,merchant,P00131,1810.14,debit,2026-09-06 14:20:10,D00292
WLT0011813,W0218,merchant,P00131,2449.61,debit,2026-07-29 14:24:05,D00292
WLT0011848,W0218,merchant,P00131,1637.25,debit,2026-08-26 09:00:47,D00292
WLT0011860,W0219,transfer,P00031,2570.95,debit,2026-07-16 16:24:45,D00293
WLT0011872,W0219,merchant,P00244,7536.67,debit,2026-08-02 15:55:53,D00293
WLT0011881,W0220,merchant,P00316,1881.15,debit,2026-09-02 09:39:02,D00294
WLT0011888,W0220,merchant,P00333,1966.88,debit,2026-08-29 19:30:16,D00294
WLT0011895,W0220,merchant,P00203,1385.94,debit,2026-07-08 19:05:57,D00294
WLT0011896,W0220,topup,WALLET_PRV,888.51,debit,2026-08-19 19:26:50,D00294
WLT0011912,W0221,topup,WALLET_PRV,4794.99,debit,2026-08-16 16:38:22,D00295
WLT0011916,W0221,merchant,P00222,1503.79,debit,2026-07-30 13:30:38,D00295
WLT0011921,W0221,merchant,P00028,8787.9,debit,2026-07-13 11:25:19,D00295
WLT0011933,W0221,merchant,P00320,3251.41,debit,2026-08-26 15:52:16,D00295
WLT0011938,W0221,topup,WALLET_PRV,6074.84,debit,2026-07-23 18:12:56,D00295
WLT0011939,W0221,merchant,P00399,1631.47,debit,2026-09-06 09:01:47,D00295
WLT0011943,W0221,topup,WALLET_PRV,5241.69,debit,2026-08-24 16:44:37,D00295
WLT0011949,W0221,merchant,P00222,3770.15,debit,2026-07-18 19:04:50,D00295
WLT0011953,W0221,merchant,P00375,1541.34,debit,2026-07-20 19:31:55,D00295
WLT0011967,W0222,merchant,P00188,3340.13,debit,2026-07-22 21:58:52,D00297
WLT0011969,W0222,topup,WALLET_PRV,4246.32,debit,2026-07-18 13:53:29,D00296
WLT0011975,W0222,topup,WALLET_PRV,4642.11,debit,2026-07-09 10:21:22,D00296
WLT0011977,W0222,topup,WALLET_PRV,2274.62,debit,2026-09-07 16:10:24,D00296
WLT0011986,W0222,transfer,P00014,5927.37,debit,2026-07-04 18:50:17,D00297
WLT0011987,W0222,topup,WALLET_PRV,3552.78,debit,2026-07-17 17:18:34,D00297
WLT0012000,W0222,topup,WALLET_PRV,7737.61,debit,2026-07-29 16:12:24,D00296
WLT0012008,W0222,transfer,P00014,4272.51,debit,2026-08-25 20:43:57,D00297
WLT0012035,W0223,merchant,P00210,5036.5,debit,2026-08-10 07:23:21,D00298
WLT0012037,W0223,topup,WALLET_PRV,4668.5,debit,2026-07-26 13:05:35,D00298
WLT0012052,W0223,merchant,P00039,6618.93,debit,2026-07-27 21:17:02,D00298
WLT0012067,W0223,transfer,P00031,5025.43,debit,2026-09-08 20:52:44,D00298
WLT0012077,W0223,transfer,P00037,3715.1,debit,2026-07-31 13:14:35,D00298
WLT0012080,W0223,transfer,P00037,2041.07,debit,2026-07-14 09:46:56,D00298
WLT0012081,W0223,merchant,P00065,1984.2,debit,2026-09-04 09:22:58,D00298
WLT0012107,W0224,merchant,P00321,698.01,debit,2026-08-13 19:05:23,D00299
WLT0012129,W0224,merchant,P00233,3037.8,debit,2026-08-10 17:15:07,D00299
WLT0012131,W0224,topup,WALLET_PRV,1973.25,debit,2026-08-15 14:30:17,D00300
WLT0012164,W0225,merchant,P00372,202.82,debit,2026-08-26 16:57:49,D00301
WLT0012184,W0225,merchant,P00356,1945.75,debit,2026-08-28 11:58:27,D00302
WLT0012189,W0225,topup,WALLET_PRV,5004.45,debit,2026-07-23 20:54:20,D00302
WLT0012206,W0225,merchant,P00356,426.85,debit,2026-08-28 17:37:05,D00301
WLT0012208,W0225,merchant,P00282,1402.57,debit,2026-08-19 13:37:46,D00302
WLT0012209,W0225,topup,WALLET_PRV,6648.13,debit,2026-08-19 16:20:36,D00301
WLT0012211,W0225,transfer,P00257,4204.87,debit,2026-08-27 13:19:13,D00302
WLT0012221,W0225,merchant,P00138,1007.88,debit,2026-08-13 11:05:11,D00301
WLT0012231,W0225,merchant,P00211,1078.98,debit,2026-09-10 16:00:42,D00302
WLT0012232,W0225,topup,WALLET_PRV,4427.17,debit,2026-08-05 12:06:36,D00301
WLT0012259,W0226,transfer,P00170,4054.36,debit,2026-09-05 18:07:13,D00303
WLT0012271,W0226,transfer,P00280,1921.34,debit,2026-08-13 17:05:58,D00303
WLT0012283,W0226,merchant,P00052,17260.16,debit,2026-09-03 10:10:47,D00303
WLT0012284,W0226,merchant,P00015,9568.89,debit,2026-07-30 20:39:30,D00303
WLT0012286,W0226,merchant,P00383,1514.41,debit,2026-09-07 23:33:20,D00303
WLT0012292,W0226,merchant,P00106,1462.54,debit,2026-09-03 07:35:23,D00303
WLT0012293,W0226,topup,WALLET_PRV,10817.88,debit,2026-07-08 09:58:41,D00303
WLT0012294,W0226,topup,WALLET_PRV,7125.99,debit,2026-09-12 16:18:08,D00303
WLT0012300,W0226,merchant,P00394,2668.4,debit,2026-09-06 19:37:33,D00303
WLT0012318,W0226,merchant,P00382,3337.2,debit,2026-08-12 11:06:38,D00303
WLT0012334,W0227,merchant,P00381,890.62,debit,2026-08-09 13:40:53,D00305
WLT0012337,W0227,topup,WALLET_PRV,1538.47,debit,2026-08-16 21:09:43,D00304
WLT0012341,W0227,topup,WALLET_PRV,720.38,debit,2026-07-25 17:58:17,D00304
WLT0012347,W0227,transfer,P00350,1111.95,debit,2026-07-26 21:09:54,D00304
WLT0012350,W0227,topup,WALLET_PRV,1139.43,debit,2026-08-26 19:23:16,D00305
WLT0012357,W0227,merchant,P00316,632.48,debit,2026-08-07 18:05:35,D00305
WLT0012375,W0228,merchant,P00207,8771.45,debit,2026-07-17 19:15:48,D00307
WLT0012382,W0228,merchant,P00253,488.86,debit,2026-09-03 21:10:31,D00307
WLT0012401,W0228,merchant,P00124,1276.49,debit,2026-09-09 15:04:25,D00307
WLT0012429,W0228,topup,WALLET_PRV,3310.91,debit,2026-08-08 16:33:27,D00306
WLT0012437,W0228,merchant,P00220,12189.11,debit,2026-08-12 10:57:43,D00306
WLT0012440,W0228,merchant,P00253,2208.31,debit,2026-07-29 20:49:19,D00306
WLT0012452,W0228,topup,WALLET_PRV,4849.17,debit,2026-07-14 09:40:08,D00307
WLT0012460,W0229,topup,WALLET_PRV,2353.88,debit,2026-08-02 14:00:10,D00308
WLT0012468,W0229,merchant,P00276,718.88,debit,2026-08-07 19:56:57,D00308
WLT0012474,W0229,topup,WALLET_PRV,2460.25,debit,2026-07-21 10:02:56,D00308
WLT0012485,W0229,topup,WALLET_PRV,1548.58,debit,2026-08-25 12:59:44,D00308
WLT0012512,W0230,merchant,P00120,950.15,debit,2026-08-01 19:27:12,D00309
WLT0012524,W0230,merchant,P00120,1044.56,debit,2026-07-06 15:14:07,D00309
WLT0012526,W0230,merchant,P00249,2260.07,debit,2026-07-28 17:22:56,D00309
WLT0012528,W0230,merchant,P00262,384.94,debit,2026-08-11 14:17:28,D00310
WLT0012534,W0230,merchant,P00343,5261.91,debit,2026-07-24 12:01:33,D00309
WLT0012536,W0230,merchant,P00343,4218.05,debit,2026-07-02 16:21:36,D00310
WLT0012553,W0230,topup,WALLET_PRV,3368.25,debit,2026-07-17 16:35:40,D00310
WLT0012582,W0231,transfer,P00195,1492.83,debit,2026-07-07 11:34:20,D00311
WLT0012585,W0231,merchant,P00316,4773.02,debit,2026-09-03 12:55:40,D00311
WLT0012586,W0231,topup,WALLET_PRV,2346.05,debit,2026-08-26 15:26:05,D00311
WLT0012594,W0231,merchant,P00069,2130.59,debit,2026-08-17 12:26:28,D00311
WLT0012608,W0231,merchant,P00344,862.87,debit,2026-09-07 18:13:34,D00311
WLT0012625,W0231,merchant,P00130,213.73,debit,2026-09-12 22:45:07,D00311
WLT0012630,W0231,merchant,P00316,3460.84,debit,2026-08-28 23:44:52,D00311
WLT0012660,W0232,topup,WALLET_PRV,3151.23,debit,2026-09-03 08:40:54,D00312
WLT0012678,W0232,merchant,P00125,1057.36,debit,2026-07-20 14:23:12,D00312
WLT0012679,W0232,merchant,P00030,1716.13,debit,2026-07-02 15:46:35,D00312
WLT0012681,W0232,merchant,P00370,376.74,debit,2026-07-18 07:58:12,D00312
WLT0012685,W0232,topup,WALLET_PRV,860.43,debit,2026-09-09 18:47:25,D00312
WLT0012705,W0233,merchant,P00262,545.08,debit,2026-09-07 10:30:31,D00313
WLT0012708,W0233,merchant,P00152,1632.06,debit,2026-08-07 17:48:50,D00313
WLT0012714,W0233,topup,WALLET_PRV,1303.63,debit,2026-09-12 16:38:21,D00313
WLT0012735,W0233,merchant,P00043,3246.03,debit,2026-08-07 11:07:30,D00313
WLT0012737,W0233,merchant,P00262,2240.31,debit,2026-08-06 23:57:36,D00313
WLT0012738,W0233,merchant,P00049,1495.7,debit,2026-08-17 19:29:49,D00313
WLT0012746,W0233,merchant,P00060,248.76,debit,2026-08-10 17:57:27,D00313
WLT0012754,W0233,merchant,P00049,405.28,debit,2026-08-05 07:51:28,D00313
WLT0012761,W0233,topup,WALLET_PRV,907.18,debit,2026-09-01 09:06:25,D00313
WLT0012766,W0233,transfer,P00350,695.19,debit,2026-08-09 23:18:50,D00313
WLT0012767,W0233,merchant,P00005,185.43,debit,2026-09-08 18:26:53,D00313
WLT0012784,W0234,merchant,P00354,858.71,debit,2026-08-18 16:42:01,D00314
WLT0012788,W0234,topup,WALLET_PRV,1575.52,debit,2026-07-29 12:08:04,D00314
WLT0012789,W0234,merchant,P00152,5460.51,debit,2026-08-16 22:05:24,D00314
WLT0012803,W0234,merchant,P00327,4858.53,debit,2026-07-07 18:29:14,D00314
WLT0012827,W0234,merchant,P00374,2848.59,debit,2026-07-23 17:48:12,D00314
WLT0012834,W0234,topup,WALLET_PRV,2233.45,debit,2026-08-11 13:08:22,D00314
WLT0012858,W0235,topup,WALLET_PRV,5350.79,debit,2026-09-11 00:24:36,D00315
WLT0012860,W0235,merchant,P00177,1058.72,debit,2026-08-21 16:33:29,D00315
WLT0012862,W0235,topup,WALLET_PRV,1986.99,debit,2026-07-28 09:51:53,D00315
WLT0012865,W0235,transfer,P00127,2665.51,debit,2026-07-03 10:53:07,D00315
WLT0012871,W0235,transfer,P00037,4282.4,debit,2026-07-27 17:00:02,D00315
WLT0012889,W0235,topup,WALLET_PRV,3480.66,debit,2026-07-30 10:23:52,D00315
WLT0012904,W0235,topup,WALLET_PRV,4108.16,debit,2026-08-11 07:46:36,D00315
WLT0012905,W0235,topup,WALLET_PRV,3994.5,debit,2026-08-11 11:53:26,D00315
WLT0012913,W0235,topup,WALLET_PRV,6919.9,debit,2026-09-05 19:19:59,D00315
WLT0012923,W0236,merchant,P00363,3734.88,debit,2026-08-31 12:56:47,D00316
WLT0012928,W0236,topup,WALLET_PRV,1728.51,debit,2026-07-24 08:29:32,D00316
WLT0012937,W0236,merchant,P00380,1849.72,debit,2026-08-04 18:00:28,D00316
WLT0012940,W0236,merchant,P00201,5881.21,debit,2026-07-24 19:42:59,D00316
WLT0012946,W0236,merchant,P00314,2044.29,debit,2026-08-23 09:19:50,D00316
WLT0012953,W0236,merchant,P00241,2743.77,debit,2026-07-05 13:25:06,D00316
WLT0012968,W0236,merchant,P00139,7180.73,debit,2026-08-30 12:44:46,D00316
WLT0012972,W0236,merchant,P00313,1083.38,debit,2026-08-28 15:58:10,D00316
WLT0012995,W0237,topup,WALLET_PRV,2558.05,debit,2026-07-01 14:53:00,D00318
WLT0013032,W0237,merchant,P00207,2847.13,debit,2026-08-11 14:57:07,D00317
WLT0013046,W0238,topup,WALLET_PRV,2781.86,debit,2026-07-22 10:34:21,D00319
WLT0013051,W0238,merchant,P00088,608.04,debit,2026-09-13 21:21:58,D00319
WLT0013058,W0238,topup,WALLET_PRV,3682.17,debit,2026-07-19 17:46:12,D00319
WLT0013075,W0238,transfer,P00214,2766.99,debit,2026-07-23 15:49:34,D00320
WLT0013101,W0239,merchant,P00093,398.31,debit,2026-08-19 16:29:29,D00321
WLT0013143,W0240,topup,WALLET_PRV,2446.4,debit,2026-08-09 19:04:38,D00322
WLT0013145,W0240,merchant,P00057,2850.76,debit,2026-07-10 11:17:27,D00322
WLT0013147,W0240,merchant,P00072,1337.01,debit,2026-07-16 16:33:34,D00323
WLT0013162,W0240,topup,WALLET_PRV,1936.98,debit,2026-08-31 20:10:17,D00322
WLT0013167,W0240,merchant,P00343,4830.39,debit,2026-07-27 13:37:31,D00323
WLT0013217,W0241,merchant,P00347,3011.4,debit,2026-07-24 10:51:44,D00324
WLT0013221,W0241,topup,WALLET_PRV,5906.21,debit,2026-08-03 18:34:13,D00324
WLT0013239,W0242,merchant,P00299,4730.66,debit,2026-08-12 13:20:58,D00325
WLT0013244,W0242,transfer,P00280,5791.15,debit,2026-08-02 12:42:20,D00325
WLT0013258,W0242,merchant,P00299,2716.26,debit,2026-07-06 08:39:35,D00325
WLT0013282,W0243,merchant,P00334,123.35,debit,2026-07-16 19:23:31,D00326
WLT0013295,W0243,merchant,P00310,738.83,debit,2026-09-05 09:45:38,D00326
WLT0013296,W0243,topup,WALLET_PRV,3400.46,debit,2026-08-25 18:50:37,D00326
WLT0013300,W0243,merchant,P00019,779.58,debit,2026-08-27 16:17:43,D00326
WLT0013341,W0244,merchant,P00250,621.7,debit,2026-08-07 05:35:56,D00327
WLT0013367,W0244,topup,WALLET_PRV,2573.44,debit,2026-08-08 14:54:48,D00327
WLT0013376,W0244,transfer,P00098,939.34,debit,2026-08-14 21:49:14,D00327
WLT0013387,W0244,topup,WALLET_PRV,4334.74,debit,2026-07-22 12:56:36,D00327
WLT0013392,W0244,merchant,P00150,2799.14,debit,2026-09-04 21:12:25,D00327
WLT0013400,W0245,topup,WALLET_PRV,5900.28,debit,2026-09-09 12:33:07,D00328
WLT0013402,W0245,merchant,P00005,1264.35,debit,2026-07-27 17:51:05,D00328
WLT0013404,W0245,merchant,P00095,1268.74,debit,2026-07-28 16:55:55,D00328
WLT0013417,W0245,merchant,P00204,3492.97,debit,2026-08-16 11:49:16,D00328
WLT0013447,W0245,merchant,P00115,3020.46,debit,2026-08-07 07:52:55,D00328
WLT0013468,W0246,merchant,P00383,2379.28,debit,2026-07-02 20:29:38,D00330
WLT0013478,W0246,merchant,P00251,913.95,debit,2026-08-25 20:30:04,D00329
WLT0013488,W0246,merchant,P00265,2410.67,debit,2026-08-08 18:10:59,D00329
WLT0013501,W0247,merchant,P00025,3393.29,debit,2026-07-30 14:00:27,D00331
WLT0013503,W0247,merchant,P00342,2266.06,debit,2026-07-15 19:40:24,D00331
WLT0013504,W0247,topup,WALLET_PRV,1545.14,debit,2026-07-26 09:33:44,D00331
WLT0013505,W0247,merchant,P00178,640.84,debit,2026-07-31 17:45:55,D00331
WLT0013517,W0247,topup,WALLET_PRV,2501.28,debit,2026-08-04 09:15:30,D00331
WLT0013520,W0247,merchant,P00139,1809.38,debit,2026-08-08 14:33:50,D00331
WLT0013523,W0247,merchant,P00242,2038.64,debit,2026-08-11 12:47:20,D00331
WLT0013536,W0247,merchant,P00326,168.77,debit,2026-08-14 19:58:15,D00331
WLT0013544,W0247,merchant,P00050,682.6,debit,2026-08-17 21:39:04,D00331
WLT0013552,W0247,merchant,P00050,1344.17,debit,2026-08-09 21:55:17,D00331
WLT0013580,W0247,merchant,P00216,365.53,debit,2026-07-17 14:39:51,D00331
WLT0013595,W0248,merchant,P00340,3465.97,debit,2026-08-27 08:43:53,D00332
WLT0013600,W0248,merchant,P00060,861.83,debit,2026-07-23 19:53:10,D00332
WLT0013611,W0248,topup,WALLET_PRV,2112.52,debit,2026-09-05 18:06:33,D00332
WLT0013613,W0248,topup,WALLET_PRV,3313.98,debit,2026-07-28 20:43:37,D00332
WLT0013624,W0249,transfer,P00350,3692.78,debit,2026-07-12 21:02:51,D00333
WLT0013629,W0249,transfer,P00098,4895.77,debit,2026-08-28 19:51:49,D00333
WLT0013634,W0249,topup,WALLET_PRV,3883.62,debit,2026-08-02 12:03:46,D00333
WLT0013639,W0249,merchant,P00160,5960.18,debit,2026-07-11 15:47:56,D00333
WLT0013652,W0249,topup,WALLET_PRV,6456.73,debit,2026-09-07 21:44:48,D00333
WLT0013662,W0249,topup,WALLET_PRV,6388.41,debit,2026-08-24 18:59:44,D00333
WLT0013677,W0249,topup,WALLET_PRV,7641.24,debit,2026-08-26 15:44:23,D00333
WLT0013698,W0249,merchant,P00121,2229.89,debit,2026-07-14 09:57:41,D00333
WLT0013710,W0249,merchant,P00138,2438.82,debit,2026-09-12 13:47:37,D00333
WLT0013717,W0249,transfer,P00054,5574.98,debit,2026-08-09 07:52:26,D00333
WLT0013723,W0249,topup,WALLET_PRV,8332.12,debit,2026-07-31 17:46:59,D00333
WLT0013734,W0250,merchant,P00281,2846.4,debit,2026-08-15 19:24:39,D00334
WLT0013736,W0250,merchant,P00093,184.54,debit,2026-08-31 08:21:19,D00334
WLT0013741,W0250,topup,WALLET_PRV,1249.53,debit,2026-08-27 12:02:28,D00335
WLT0013743,W0250,merchant,P00154,1182.28,debit,2026-08-02 14:44:58,D00334
WLT0013764,W0250,topup,WALLET_PRV,1562.66,debit,2026-08-31 22:19:53,D00334
WLT0013786,W0251,merchant,P00123,832.48,debit,2026-08-13 14:49:10,D00336
WLT0013809,W0251,merchant,P00178,6456.56,debit,2026-08-10 12:42:49,D00336
WLT0013814,W0251,merchant,P00178,2956.65,debit,2026-09-02 11:33:02,D00336
WLT0013847,W0252,merchant,P00224,664.96,debit,2026-07-03 10:14:15,D00337
WLT0013875,W0252,merchant,P00221,276.58,debit,2026-08-28 11:17:43,D00337
WLT0013879,W0252,topup,WALLET_PRV,3966.5,debit,2026-08-23 09:13:14,D00337
WLT0013880,W0252,topup,WALLET_PRV,2188.61,debit,2026-08-29 10:00:28,D00337
WLT0013885,W0253,topup,WALLET_PRV,3971.42,debit,2026-09-06 07:17:31,D00338
WLT0013903,W0253,topup,WALLET_PRV,4040.77,debit,2026-08-20 13:26:48,D00338
WLT0013928,W0253,topup,WALLET_PRV,6899.8,debit,2026-07-07 08:30:22,D00338
WLT0013938,W0254,merchant,P00044,165.99,debit,2026-07-29 22:48:57,D00339
WLT0013939,W0254,topup,WALLET_PRV,2291.01,debit,2026-07-29 20:37:37,D00339
WLT0013947,W0254,merchant,P00227,379.63,debit,2026-09-12 20:42:51,D00339
WLT0013950,W0254,topup,WALLET_PRV,1679.77,debit,2026-07-24 18:47:59,D00340
WLT0013952,W0254,merchant,P00309,368.84,debit,2026-08-21 19:22:31,D00339
WLT0013954,W0254,topup,WALLET_PRV,1762.64,debit,2026-07-27 18:23:13,D00339
WLT0013966,W0254,topup,WALLET_PRV,2067.24,debit,2026-08-15 20:57:30,D00340
WLT0013967,W0254,merchant,P00296,385.94,debit,2026-07-02 08:18:08,D00339
WLT0013979,W0254,merchant,P00354,984.65,debit,2026-07-02 13:29:54,D00339
WLT0013990,W0255,merchant,P00301,129.78,debit,2026-09-04 17:03:00,D00341
WLT0013991,W0255,merchant,P00027,811.99,debit,2026-07-24 17:46:10,D00341
WLT0014001,W0255,topup,WALLET_PRV,1520.15,debit,2026-07-02 07:58:59,D00341
WLT0014003,W0255,topup,WALLET_PRV,902.36,debit,2026-07-19 06:28:01,D00341
WLT0014007,W0255,merchant,P00235,834.02,debit,2026-07-29 12:31:44,D00341
WLT0014043,W0256,merchant,P00354,628.85,debit,2026-07-27 17:56:03,D00342
WLT0014047,W0256,topup,WALLET_PRV,2089.33,debit,2026-07-01 07:44:00,D00342
WLT0014074,W0256,transfer,P00322,970.19,debit,2026-07-13 14:23:11,D00342
WLT0014081,W0257,merchant,P00194,256.77,debit,2026-08-15 09:25:01,D00343
WLT0014087,W0257,merchant,P00042,1209.54,debit,2026-07-09 16:03:24,D00343
WLT0014090,W0257,topup,WALLET_PRV,1498.07,debit,2026-09-13 10:02:03,D00343
WLT0014130,W0258,transfer,P00170,520.16,debit,2026-08-30 15:04:16,D00344
WLT0014137,W0258,merchant,P00068,272.2,debit,2026-08-21 15:31:32,D00345
WLT0014155,W0259,merchant,P00113,3287.88,debit,2026-09-02 10:39:11,D00346
WLT0014156,W0259,transfer,P00002,2388.06,debit,2026-08-28 09:34:27,D00346
WLT0014166,W0259,transfer,P00002,2169.83,debit,2026-09-12 10:13:22,D00346
WLT0014169,W0259,merchant,P00248,1463.61,debit,2026-08-02 20:52:00,D00346
WLT0014170,W0259,topup,WALLET_PRV,2466.99,debit,2026-07-11 16:45:02,D00346
WLT0014172,W0259,merchant,P00248,2228.6,debit,2026-08-28 06:22:36,D00346
WLT0014181,W0259,topup,WALLET_PRV,1950.78,debit,2026-08-22 15:21:37,D00346
WLT0014184,W0259,merchant,P00117,554.47,debit,2026-08-27 09:31:41,D00346
WLT0014199,W0259,merchant,P00248,1598.4,debit,2026-08-06 19:12:36,D00346
WLT0014215,W0259,merchant,P00117,758.54,debit,2026-09-03 18:08:51,D00346
WLT0014235,W0260,transfer,P00277,207.72,debit,2026-09-12 14:34:37,D00347
WLT0014260,W0260,merchant,P00279,520.56,debit,2026-08-17 21:56:16,D00347
WLT0014270,W0261,merchant,P00063,355.88,debit,2026-08-01 19:13:27,D00348
WLT0014280,W0261,merchant,P00164,5239.35,debit,2026-09-13 19:05:38,D00348
WLT0014283,W0261,topup,WALLET_PRV,1449.92,debit,2026-09-06 17:09:48,D00348
WLT0014302,W0261,topup,WALLET_PRV,2527.81,debit,2026-09-01 21:56:28,D00348
WLT0014304,W0261,merchant,P00164,8375.15,debit,2026-07-18 21:02:39,D00348
WLT0014308,W0261,topup,WALLET_PRV,1755.61,debit,2026-07-23 16:22:12,D00348
WLT0014329,W0261,merchant,P00078,227.22,debit,2026-07-19 20:03:24,D00348
WLT0014332,W0261,merchant,P00337,12605.03,debit,2026-08-23 06:55:01,D00348
WLT0014384,W0262,merchant,P00103,2624.6,debit,2026-09-05 20:33:11,D00349
WLT0014385,W0262,merchant,P00387,4243.84,debit,2026-07-23 17:26:30,D00349
WLT0014390,W0262,merchant,P00038,311.16,debit,2026-07-15 17:19:48,D00349
WLT0014393,W0262,merchant,P00187,6768.31,debit,2026-07-19 09:32:32,D00349
WLT0014431,W0263,merchant,P00295,2992.18,debit,2026-07-06 09:44:48,D00351
WLT0014436,W0263,merchant,P00336,620.7,debit,2026-09-08 08:30:53,D00351
WLT0014439,W0263,merchant,P00078,1191.01,debit,2026-07-23 17:44:04,D00351
WLT0014449,W0263,merchant,P00356,850.88,debit,2026-07-09 13:38:24,D00351
WLT0014453,W0263,merchant,P00078,477.68,debit,2026-07-01 09:02:40,D00351
WLT0014456,W0263,merchant,P00389,973.21,debit,2026-08-08 10:36:14,D00351
WLT0014458,W0263,transfer,P00176,5268.57,debit,2026-07-13 02:55:09,D00351
WLT0014460,W0263,topup,WALLET_PRV,4923.37,debit,2026-09-01 19:22:37,D00351
WLT0014476,W0263,merchant,P00072,354.6,debit,2026-09-04 21:27:14,D00351
WLT0014486,W0263,topup,WALLET_PRV,1309.61,debit,2026-07-27 21:03:08,D00351
WLT0014488,W0263,transfer,P00176,2030.01,debit,2026-07-06 02:03:09,D00351
WLT0014496,W0264,merchant,P00263,4175.61,debit,2026-09-09 08:35:55,D00352
WLT0014502,W0264,topup,WALLET_PRV,5802.2,debit,2026-07-14 17:48:58,D00353
WLT0014503,W0264,merchant,P00263,3583.9,debit,2026-08-03 11:32:02,D00352
WLT0014513,W0264,topup,WALLET_PRV,6159.49,debit,2026-08-27 21:24:27,D00352
WLT0014515,W0264,merchant,P00088,947.38,debit,2026-08-27 07:18:37,D00352
WLT0014519,W0264,merchant,P00380,737.4,debit,2026-08-19 00:24:53,D00353
WLT0014535,W0264,topup,WALLET_PRV,5430.11,debit,2026-08-29 12:13:24,D00352
WLT0014537,W0264,topup,WALLET_PRV,5590.71,debit,2026-07-24 18:59:18,D00352
WLT0014549,W0265,merchant,P00311,2466.38,debit,2026-08-16 00:01:48,D00354
WLT0014557,W0265,merchant,P00246,1413.63,debit,2026-07-01 07:26:04,D00354
WLT0014558,W0265,merchant,P00339,796.9,debit,2026-07-09 17:43:05,D00354
WLT0014562,W0265,merchant,P00298,1663.65,debit,2026-07-02 20:12:01,D00354
WLT0014576,W0265,merchant,P00311,1907.01,debit,2026-07-10 11:54:10,D00354
WLT0014625,W0266,topup,WALLET_PRV,4562.69,debit,2026-07-20 19:58:25,D00355
WLT0014630,W0266,merchant,P00069,13963.64,debit,2026-09-13 07:09:42,D00355
WLT0014652,W0266,topup,WALLET_PRV,4204.19,debit,2026-09-05 09:16:58,D00355
WLT0014653,W0266,merchant,P00194,618.23,debit,2026-07-22 08:18:49,D00355
WLT0014654,W0266,merchant,P00215,2986.18,debit,2026-07-02 09:28:08,D00355
WLT0014670,W0267,merchant,P00188,370.17,debit,2026-07-29 12:50:08,D00356
WLT0014690,W0267,merchant,P00122,1331.69,debit,2026-07-20 20:58:36,D00356
WLT0014738,W0268,merchant,P00028,2483.37,debit,2026-07-07 18:27:25,D00358
WLT0014746,W0268,merchant,P00086,3007.11,debit,2026-07-07 19:34:15,D00358
WLT0014760,W0269,merchant,P00060,3687.41,debit,2026-07-06 19:50:34,D00360
WLT0014769,W0269,merchant,P00086,4057.39,debit,2026-09-01 06:02:46,D00360
WLT0014781,W0269,topup,WALLET_PRV,2877.56,debit,2026-07-13 09:50:17,D00360
WLT0014782,W0269,merchant,P00060,1700.59,debit,2026-08-30 13:38:13,D00360
WLT0014787,W0269,merchant,P00211,1071.31,debit,2026-07-30 16:13:05,D00360
WLT0014792,W0269,topup,WALLET_PRV,6710.53,debit,2026-07-09 11:58:21,D00360
WLT0014803,W0270,merchant,P00323,9876.83,debit,2026-08-08 20:11:52,D00361
WLT0014811,W0270,topup,WALLET_PRV,2843.07,debit,2026-07-28 14:12:15,D00361
WLT0014816,W0270,merchant,P00287,3060.36,debit,2026-07-25 15:30:27,D00361
WLT0014825,W0270,merchant,P00091,1407.64,debit,2026-08-13 11:18:34,D00361
WLT0014831,W0270,merchant,P00029,1153.57,debit,2026-08-07 18:05:52,D00361
WLT0014846,W0271,merchant,P00283,636.92,debit,2026-07-29 22:08:55,D00362
WLT0014871,W0271,transfer,P00300,2481.6,debit,2026-09-13 17:06:52,D00362
WLT0014887,W0271,merchant,P00160,1971.68,debit,2026-08-22 15:05:09,D00362
WLT0014896,W0271,merchant,P00030,636.69,debit,2026-07-07 17:14:29,D00362
WLT0014929,W0272,merchant,P00102,6853.9,debit,2026-09-13 15:53:48,D00363
WLT0014933,W0272,topup,WALLET_PRV,4725.26,debit,2026-08-02 15:41:33,D00363
WLT0014961,W0272,merchant,P00201,5230.6,debit,2026-08-06 14:47:31,D00363
WLT0014965,W0272,merchant,P00201,5950.06,debit,2026-07-07 20:02:58,D00363
WLT0014992,W0273,merchant,P00041,1051.52,debit,2026-08-01 12:28:13,D00364
WLT0015000,W0273,merchant,P00091,760.34,debit,2026-07-14 21:58:16,D00364
WLT0015007,W0273,merchant,P00150,467.04,debit,2026-08-14 12:51:54,D00364
WLT0015009,W0273,merchant,P00122,1596.42,debit,2026-08-27 17:59:04,D00364
WLT0015029,W0273,merchant,P00282,546.42,debit,2026-07-22 08:25:33,D00364
WLT0015035,W0273,merchant,P00168,267.1,debit,2026-09-04 12:10:33,D00364
WLT0015045,W0274,topup,WALLET_PRV,2467.05,debit,2026-08-16 13:09:38,D00365
WLT0015050,W0274,merchant,P00379,455.14,debit,2026-08-20 11:25:28,D00365
WLT0015053,W0274,merchant,P00262,513.72,debit,2026-07-02 18:29:14,D00365
WLT0015059,W0274,merchant,P00371,3220.95,debit,2026-07-28 22:43:38,D00365
WLT0015077,W0274,merchant,P00312,2096.46,debit,2026-08-09 12:25:23,D00365
WLT0015097,W0274,topup,WALLET_PRV,1328.43,debit,2026-08-13 18:45:55,D00365
WLT0015118,W0275,merchant,P00187,8494.8,debit,2026-07-23 08:53:36,D00366
WLT0015122,W0275,merchant,P00249,941.69,debit,2026-08-21 20:21:56,D00366
WLT0015130,W0275,topup,WALLET_PRV,6285.25,debit,2026-07-08 09:52:31,D00366
WLT0015131,W0275,merchant,P00363,6071.66,debit,2026-08-19 02:31:30,D00366
WLT0015133,W0275,topup,WALLET_PRV,2831.83,debit,2026-08-03 21:44:18,D00366
WLT0015140,W0275,topup,WALLET_PRV,4060.96,debit,2026-09-09 12:29:35,D00366
WLT0015146,W0275,topup,WALLET_PRV,7184.63,debit,2026-09-03 18:52:02,D00366
WLT0015153,W0275,transfer,P00195,2550.89,debit,2026-08-16 20:36:16,D00366
WLT0015165,W0276,topup,WALLET_PRV,2167.3,debit,2026-09-11 15:29:51,D00368
WLT0015169,W0276,merchant,P00314,370.01,debit,2026-07-11 20:48:17,D00367
WLT0015170,W0276,merchant,P00246,993.55,debit,2026-07-30 10:49:09,D00368
WLT0015189,W0276,merchant,P00382,783.39,debit,2026-07-26 19:32:35,D00367
WLT0015192,W0276,topup,WALLET_PRV,3947.51,debit,2026-09-12 12:46:09,D00368
WLT0015200,W0276,merchant,P00314,645.27,debit,2026-07-01 07:23:08,D00367
WLT0015207,W0276,merchant,P00295,1075.4,debit,2026-07-10 16:38:05,D00367
WLT0015229,W0277,merchant,P00390,4418.05,debit,2026-07-30 23:41:00,D00369
WLT0015274,W0278,merchant,P00129,3155.54,debit,2026-07-24 12:33:19,D00370
WLT0015280,W0278,merchant,P00346,5771.94,debit,2026-08-21 03:15:10,D00370
WLT0015290,W0278,merchant,P00057,1100.12,debit,2026-08-06 21:18:46,D00370
WLT0015304,W0278,topup,WALLET_PRV,3500.26,debit,2026-08-29 20:58:42,D00370
WLT0015325,W0278,topup,WALLET_PRV,1060.9,debit,2026-08-20 14:54:15,D00370
WLT0015331,W0278,topup,WALLET_PRV,1827.95,debit,2026-07-06 10:26:23,D00370
WLT0015336,W0278,topup,WALLET_PRV,1241.98,debit,2026-07-30 05:31:42,D00370
WLT0015358,W0278,topup,WALLET_PRV,2901.44,debit,2026-07-19 10:27:51,D00370
WLT0015359,W0278,merchant,P00108,4296.52,debit,2026-08-16 17:51:51,D00370
WLT0015367,W0279,merchant,P00089,17962.15,debit,2026-09-12 18:43:23,D00371
WLT0015369,W0279,merchant,P00353,4006.49,debit,2026-08-28 10:04:43,D00371
WLT0015384,W0279,topup,WALLET_PRV,3619.81,debit,2026-08-21 08:12:58,D00371
WLT0015396,W0279,merchant,P00377,8226.29,debit,2026-08-05 09:52:49,D00371
WLT0015410,W0279,transfer,P00214,3672.46,debit,2026-08-03 03:27:59,D00371
WLT0015441,W0281,merchant,P00278,3646.82,debit,2026-08-18 14:36:59,D00373
WLT0015442,W0281,topup,WALLET_PRV,4667.69,debit,2026-08-28 23:17:25,D00373
WLT0015445,W0281,topup,WALLET_PRV,2012.52,debit,2026-09-02 13:16:19,D00373
WLT0015465,W0281,merchant,P00273,904.5,debit,2026-07-15 20:32:42,D00373
WLT0015471,W0281,topup,WALLET_PRV,1941.06,debit,2026-09-03 17:51:39,D00373
WLT0015473,W0281,merchant,P00118,4988.71,debit,2026-07-22 10:03:46,D00373
WLT0015475,W0281,topup,WALLET_PRV,1950.44,debit,2026-07-05 19:47:42,D00373
WLT0015483,W0281,merchant,P00278,2278.35,debit,2026-07-02 18:30:59,D00373
WLT0015493,W0281,merchant,P00278,2952.07,debit,2026-08-04 14:35:51,D00373
WLT0015505,W0282,transfer,P00046,2644.03,debit,2026-07-21 23:07:15,D00374
WLT0015510,W0282,merchant,P00400,14824.46,debit,2026-07-26 18:37:44,D00374
WLT0015512,W0282,merchant,P00164,10819.35,debit,2026-08-12 17:34:39,D00374
WLT0015515,W0282,topup,WALLET_PRV,2574.18,debit,2026-08-27 09:12:54,D00374
WLT0015519,W0282,transfer,P00156,1234.0,debit,2026-07-12 10:47:33,D00374
WLT0015527,W0282,merchant,P00238,189.41,debit,2026-08-03 20:45:03,D00374
WLT0015528,W0282,merchant,P00003,741.55,debit,2026-08-29 21:19:45,D00374
WLT0015535,W0282,topup,WALLET_PRV,3595.57,debit,2026-08-17 18:47:48,D00374
WLT0015547,W0283,topup,WALLET_PRV,4912.83,debit,2026-08-09 13:12:36,D00375
WLT0015549,W0283,topup,WALLET_PRV,5271.58,debit,2026-08-01 20:25:07,D00375
WLT0015559,W0283,merchant,P00078,1085.66,debit,2026-07-12 22:01:18,D00375
WLT0015563,W0283,merchant,P00078,2905.55,debit,2026-08-22 14:33:02,D00375
WLT0015572,W0283,merchant,P00267,733.06,debit,2026-08-10 14:58:37,D00375
WLT0015581,W0283,topup,WALLET_PRV,2777.36,debit,2026-08-27 10:24:45,D00375
WLT0015583,W0283,merchant,P00310,2090.77,debit,2026-09-04 18:35:00,D00375
WLT0015615,W0284,merchant,P00111,10614.54,debit,2026-08-10 15:02:34,D00376
WLT0015619,W0284,merchant,P00165,780.94,debit,2026-07-06 11:44:00,D00376
WLT0015633,W0284,merchant,P00353,3921.96,debit,2026-07-22 18:03:09,D00376
WLT0015641,W0284,merchant,P00398,3816.51,debit,2026-07-07 18:18:16,D00376
WLT0015645,W0284,topup,WALLET_PRV,3259.84,debit,2026-08-16 15:04:22,D00376
WLT0015655,W0284,topup,WALLET_PRV,3222.13,debit,2026-09-11 02:20:44,D00376
WLT0015656,W0284,topup,WALLET_PRV,6396.83,debit,2026-07-29 18:44:13,D00376
WLT0015658,W0284,merchant,P00398,10812.32,debit,2026-07-30 17:34:43,D00376
WLT0015661,W0284,merchant,P00317,829.27,debit,2026-07-19 17:49:49,D00376
WLT0015676,W0285,topup,WALLET_PRV,3323.19,debit,2026-07-29 10:19:58,D00378
WLT0015682,W0285,merchant,P00159,3042.31,debit,2026-08-19 17:28:19,D00377
WLT0015709,W0285,merchant,P00279,2464.19,debit,2026-09-04 19:43:43,D00377
WLT0015721,W0285,topup,WALLET_PRV,7860.1,debit,2026-08-08 15:11:57,D00378
WLT0015722,W0285,topup,WALLET_PRV,8396.4,debit,2026-08-20 13:05:37,D00378
WLT0015733,W0285,merchant,P00159,1495.59,debit,2026-08-27 21:03:13,D00377
WLT0015752,W0286,topup,WALLET_PRV,3744.99,debit,2026-09-10 09:32:24,D00379
WLT0015754,W0286,transfer,P00205,2397.8,debit,2026-09-06 11:23:07,D00379
WLT0015759,W0286,topup,WALLET_PRV,2963.42,debit,2026-08-15 13:30:12,D00379
WLT0015777,W0286,merchant,P00304,2801.23,debit,2026-07-12 16:17:41,D00379
WLT0015786,W0286,merchant,P00311,1613.27,debit,2026-08-23 18:17:41,D00379
WLT0015804,W0286,merchant,P00311,974.66,debit,2026-07-20 19:35:40,D00379
WLT0015810,W0286,topup,WALLET_PRV,4504.95,debit,2026-08-27 10:49:37,D00379
WLT0015815,W0286,merchant,P00374,17278.72,debit,2026-07-07 20:32:39,D00379
WLT0015824,W0287,merchant,P00266,3206.64,debit,2026-08-05 16:15:50,D00380
WLT0015837,W0287,topup,WALLET_PRV,2588.68,debit,2026-07-04 11:01:38,D00380
WLT0015843,W0287,topup,WALLET_PRV,2913.11,debit,2026-09-09 19:02:09,D00380
WLT0015849,W0287,merchant,P00218,1197.61,debit,2026-07-07 22:07:25,D00380
WLT0015868,W0287,merchant,P00131,758.66,debit,2026-09-05 14:22:12,D00380
WLT0015870,W0287,topup,WALLET_PRV,3538.75,debit,2026-07-21 13:11:16,D00380
WLT0015873,W0287,topup,WALLET_PRV,3352.48,debit,2026-08-01 19:02:11,D00380
WLT0015881,W0287,topup,WALLET_PRV,3590.38,debit,2026-08-26 18:16:16,D00380
WLT0015887,W0288,merchant,P00201,4101.91,debit,2026-08-12 19:42:37,D00381
WLT0015889,W0288,merchant,P00229,939.77,debit,2026-07-31 09:53:29,D00381
WLT0015898,W0288,merchant,P00089,6527.39,debit,2026-07-09 13:52:32,D00382
WLT0015905,W0288,transfer,P00014,2602.25,debit,2026-07-20 19:31:34,D00382
WLT0015910,W0288,merchant,P00179,331.24,debit,2026-07-14 08:46:37,D00381
WLT0015911,W0288,merchant,P00121,223.25,debit,2026-08-06 15:13:23,D00381
WLT0015916,W0288,merchant,P00089,3100.55,debit,2026-08-09 09:11:10,D00381
WLT0015920,W0288,transfer,P00014,903.53,debit,2026-07-14 21:27:30,D00381
WLT0015937,W0289,merchant,P00258,549.25,debit,2026-09-01 00:25:28,D00383
WLT0015947,W0289,merchant,P00238,647.74,debit,2026-09-04 16:01:11,D00383
WLT0015977,W0289,merchant,P00184,1648.56,debit,2026-07-11 19:51:33,D00383
WLT0015979,W0289,merchant,P00335,10091.23,debit,2026-07-29 15:54:44,D00383
WLT0016008,W0290,merchant,P00207,1965.33,debit,2026-08-16 17:27:28,D00384
WLT0016010,W0290,merchant,P00379,428.48,debit,2026-09-08 12:05:11,D00385
WLT0016031,W0291,merchant,P00138,1013.33,debit,2026-08-23 17:46:01,D00386
WLT0016034,W0291,merchant,P00138,2396.83,debit,2026-08-19 18:54:15,D00386
WLT0016041,W0291,merchant,P00233,4264.38,debit,2026-08-11 15:09:19,D00386
WLT0016043,W0291,merchant,P00058,1709.45,debit,2026-07-06 20:40:47,D00387
WLT0016046,W0291,merchant,P00167,1496.6,debit,2026-08-11 14:48:47,D00386
WLT0016047,W0291,topup,WALLET_PRV,3868.18,debit,2026-07-31 22:08:28,D00387
WLT0016055,W0291,merchant,P00209,2992.27,debit,2026-08-18 11:22:24,D00386
WLT0016056,W0291,topup,WALLET_PRV,5076.66,debit,2026-07-04 15:28:39,D00386
WLT0016059,W0291,merchant,P00010,1698.09,debit,2026-07-25 23:08:39,D00387
WLT0016073,W0291,merchant,P00397,2147.44,debit,2026-07-21 12:06:07,D00386
WLT0016096,W0292,topup,WALLET_PRV,6571.35,debit,2026-07-19 17:10:08,D00388
WLT0016103,W0292,merchant,P00105,13609.12,debit,2026-08-28 19:04:26,D00388
WLT0016120,W0292,merchant,P00290,1314.48,debit,2026-08-11 13:02:31,D00388
WLT0016125,W0292,topup,WALLET_PRV,4127.46,debit,2026-08-29 17:56:47,D00388
WLT0016145,W0293,merchant,P00173,1877.9,debit,2026-07-09 07:18:24,D00389
WLT0016147,W0293,merchant,P00372,427.95,debit,2026-07-03 05:00:35,D00389
WLT0016150,W0293,merchant,P00018,982.15,debit,2026-07-01 09:03:33,D00389
WLT0016173,W0293,merchant,P00123,2345.16,debit,2026-08-29 22:44:11,D00389
WLT0016215,W0294,merchant,P00374,5647.59,debit,2026-07-14 05:41:28,D00390
WLT0016217,W0294,merchant,P00125,241.78,debit,2026-08-09 16:26:39,D00390
WLT0016219,W0294,topup,WALLET_PRV,1214.34,debit,2026-08-20 20:20:06,D00390
WLT0016232,W0294,merchant,P00382,804.91,debit,2026-08-17 13:26:09,D00390
WLT0016233,W0294,merchant,P00255,1903.41,debit,2026-08-19 18:18:10,D00390
WLT0016265,W0295,merchant,P00200,1776.55,debit,2026-07-14 11:16:05,D00391
WLT0016267,W0295,topup,WALLET_PRV,1650.87,debit,2026-08-22 22:21:40,D00391
WLT0016283,W0295,topup,WALLET_PRV,2656.59,debit,2026-08-17 11:10:01,D00391
WLT0016290,W0295,transfer,P00243,1047.82,debit,2026-07-10 13:25:24,D00391
WLT0016291,W0295,topup,WALLET_PRV,1075.0,debit,2026-07-02 10:36:21,D00391
WLT0016299,W0296,merchant,P00301,1250.01,debit,2026-07-23 23:15:24,D00392
WLT0016307,W0296,merchant,P00030,2775.04,debit,2026-07-06 08:47:13,D00392
WLT0016322,W0296,merchant,P00301,1467.94,debit,2026-08-13 18:18:36,D00392
WLT0016337,W0296,topup,WALLET_PRV,7362.34,debit,2026-08-03 10:43:42,D00392
WLT0016351,W0297,merchant,P00104,1680.32,debit,2026-08-30 13:55:11,D00393
WLT0016352,W0297,topup,WALLET_PRV,5368.76,debit,2026-09-05 07:43:17,D00393
WLT0016368,W0297,topup,WALLET_PRV,2224.58,debit,2026-08-24 10:59:32,D00393
WLT0016369,W0297,transfer,P00094,1329.54,debit,2026-07-22 20:54:37,D00394
WLT0016373,W0297,transfer,P00247,2631.69,debit,2026-08-13 14:09:41,D00393
WLT0016389,W0298,merchant,P00147,2881.16,debit,2026-09-13 13:37:08,D00395
WLT0016390,W0298,merchant,P00029,1706.1,debit,2026-07-09 19:46:07,D00395
WLT0016393,W0298,merchant,P00207,2805.21,debit,2026-09-06 19:17:14,D00395
WLT0016399,W0298,merchant,P00029,2136.9,debit,2026-09-06 19:41:40,D00395
WLT0016413,W0298,topup,WALLET_PRV,2798.03,debit,2026-07-13 21:47:06,D00395
WLT0016418,W0298,merchant,P00207,3020.64,debit,2026-07-16 11:14:18,D00395
WLT0016419,W0298,merchant,P00091,3500.5,debit,2026-07-15 19:44:12,D00395
WLT0016427,W0298,merchant,P00301,1408.39,debit,2026-07-06 22:58:53,D00395
WLT0016429,W0298,merchant,P00147,5514.95,debit,2026-07-29 01:30:13,D00395
WLT0016455,W0298,topup,WALLET_PRV,4985.82,debit,2026-07-12 18:28:26,D00395
WLT0016462,W0299,merchant,P00010,1595.71,debit,2026-09-05 13:28:27,D00396
WLT0016463,W0299,merchant,P00302,2375.92,debit,2026-08-06 14:17:25,D00396
WLT0016469,W0299,topup,WALLET_PRV,3838.65,debit,2026-08-26 18:51:52,D00396
WLT0016473,W0299,merchant,P00302,1993.79,debit,2026-08-29 11:45:05,D00396
WLT0016481,W0299,merchant,P00302,1020.31,debit,2026-07-19 17:54:36,D00396
WLT0016488,W0299,merchant,P00140,1548.54,debit,2026-08-02 09:28:52,D00396
WLT0016491,W0299,merchant,P00378,1812.33,debit,2026-07-18 15:22:24,D00396
WLT0016493,W0299,topup,WALLET_PRV,6655.97,debit,2026-07-14 21:28:30,D00396
WLT0016496,W0299,merchant,P00379,797.56,debit,2026-09-06 13:46:56,D00396
WLT0016499,W0299,merchant,P00306,890.4,debit,2026-08-08 17:09:01,D00396
WLT0016517,W0299,merchant,P00378,2470.43,debit,2026-08-19 14:17:28,D00396
WLT0016531,W0300,merchant,P00375,283.5,debit,2026-08-08 21:14:45,D00397
WLT0016532,W0300,merchant,P00010,1267.18,debit,2026-08-16 17:31:27,D00397
WLT0016552,W0300,topup,WALLET_PRV,3487.88,debit,2026-08-10 06:20:25,D00397
WLT0016558,W0300,topup,WALLET_PRV,2267.31,debit,2026-09-06 19:12:16,D00397
WLT0016611,W0301,transfer,P00098,1631.49,debit,2026-07-27 18:43:58,D00398
WLT0016651,W0302,topup,WALLET_PRV,3685.65,debit,2026-07-03 04:37:38,D00399
WLT0016661,W0302,transfer,P00350,3009.27,debit,2026-08-09 11:56:18,D00399
WLT0016662,W0302,merchant,P00019,1130.94,debit,2026-08-20 20:01:18,D00399
WLT0016663,W0302,topup,WALLET_PRV,6732.57,debit,2026-08-13 00:28:49,D00399
WLT0016671,W0302,merchant,P00202,5003.92,debit,2026-07-20 09:15:04,D00399
WLT0016681,W0303,topup,WALLET_PRV,8830.94,debit,2026-07-12 14:52:13,D00400
WLT0016695,W0303,merchant,P00181,8520.47,debit,2026-08-07 17:17:36,D00400
WLT0016700,W0303,merchant,P00374,24688.34,debit,2026-08-27 19:00:53,D00400
WLT0016714,W0304,transfer,P00365,3079.29,debit,2026-07-15 08:43:55,D00401
WLT0016719,W0304,merchant,P00121,1160.25,debit,2026-08-02 07:37:43,D00401
WLT0016720,W0304,merchant,P00298,1811.32,debit,2026-09-08 20:44:52,D00401
WLT0016726,W0304,topup,WALLET_PRV,3751.61,debit,2026-07-30 16:37:28,D00401
WLT0016729,W0304,merchant,P00246,1038.36,debit,2026-09-04 16:34:13,D00401
WLT0016741,W0304,topup,WALLET_PRV,4596.8,debit,2026-08-08 12:34:56,D00401
WLT0016758,W0304,transfer,P00001,2648.8,debit,2026-09-02 18:34:25,D00401
WLT0016803,W0305,topup,WALLET_PRV,3443.2,debit,2026-07-30 19:57:49,D00402
WLT0016812,W0305,merchant,P00204,14612.04,debit,2026-08-17 17:34:27,D00402
WLT0016813,W0305,merchant,P00242,8274.05,debit,2026-08-29 01:22:53,D00402
WLT0016842,W0306,transfer,P00176,2342.0,debit,2026-09-07 16:57:37,D00403
WLT0016890,W0307,topup,WALLET_PRV,1331.72,debit,2026-07-11 22:24:41,D00405
WLT0016892,W0307,topup,WALLET_PRV,3627.51,debit,2026-09-12 13:10:22,D00405
WLT0016895,W0307,merchant,P00150,3609.91,debit,2026-08-17 18:30:03,D00405
WLT0016900,W0307,topup,WALLET_PRV,3047.01,debit,2026-07-15 01:06:59,D00405
WLT0016909,W0307,merchant,P00286,945.58,debit,2026-08-08 11:22:33,D00405
WLT0016910,W0307,transfer,P00240,844.18,debit,2026-08-11 15:36:41,D00405
WLT0016916,W0308,merchant,P00388,2198.33,debit,2026-08-08 07:42:04,D00406
WLT0016923,W0308,merchant,P00317,1966.76,debit,2026-08-03 19:19:28,D00406
WLT0016937,W0308,merchant,P00017,1217.74,debit,2026-09-11 21:59:41,D00406
WLT0016940,W0308,merchant,P00068,2236.02,debit,2026-08-15 14:35:33,D00406
WLT0016945,W0308,topup,WALLET_PRV,5486.74,debit,2026-08-11 15:07:41,D00406
WLT0016953,W0308,merchant,P00227,1432.89,debit,2026-08-20 00:52:59,D00406
WLT0016955,W0308,merchant,P00072,601.06,debit,2026-07-08 08:51:34,D00406
WLT0016960,W0308,merchant,P00388,1791.97,debit,2026-08-07 19:31:35,D00406
WLT0016975,W0308,merchant,P00317,713.63,debit,2026-08-22 23:56:18,D00406
WLT0016976,W0308,merchant,P00072,2354.94,debit,2026-07-08 16:32:47,D00406
WLT0017038,W0309,topup,WALLET_PRV,2392.08,debit,2026-07-02 11:47:05,D00407
WLT0017044,W0309,merchant,P00304,3039.03,debit,2026-08-25 21:52:14,D00407
WLT0017051,W0309,topup,WALLET_PRV,4006.18,debit,2026-07-31 21:06:26,D00407
WLT0017066,W0309,merchant,P00012,5880.77,debit,2026-08-14 11:32:22,D00407
WLT0017067,W0309,topup,WALLET_PRV,1711.89,debit,2026-08-14 15:05:45,D00407
WLT0017090,W0310,topup,WALLET_PRV,3389.39,debit,2026-09-11 19:53:31,D00408
WLT0017095,W0310,merchant,P00110,410.57,debit,2026-09-07 06:45:01,D00408
WLT0017096,W0310,merchant,P00063,658.73,debit,2026-08-11 16:06:04,D00408
WLT0017100,W0310,topup,WALLET_PRV,2456.69,debit,2026-08-11 10:46:47,D00408
WLT0017103,W0310,merchant,P00285,14723.4,debit,2026-08-30 17:36:36,D00408
WLT0017108,W0310,merchant,P00260,4942.76,debit,2026-08-28 16:56:47,D00408
WLT0017138,W0311,topup,WALLET_PRV,4918.71,debit,2026-08-20 17:02:37,D00409
WLT0017144,W0311,merchant,P00066,7583.92,debit,2026-08-16 17:11:15,D00409
WLT0017147,W0311,merchant,P00102,5418.68,debit,2026-09-02 08:48:28,D00409
WLT0017149,W0311,merchant,P00066,4565.44,debit,2026-07-26 11:20:03,D00409
WLT0017154,W0311,topup,WALLET_PRV,4552.8,debit,2026-08-27 06:39:26,D00409
WLT0017196,W0312,topup,WALLET_PRV,1051.69,debit,2026-07-23 18:30:56,D00410
WLT0017197,W0312,merchant,P00219,976.51,debit,2026-07-22 19:04:54,D00410
WLT0017201,W0312,topup,WALLET_PRV,947.77,debit,2026-08-12 21:39:32,D00410
WLT0017206,W0312,topup,WALLET_PRV,2830.79,debit,2026-08-27 16:21:54,D00410
WLT0017211,W0312,topup,WALLET_PRV,2588.42,debit,2026-08-11 19:12:25,D00410
WLT0017213,W0312,topup,WALLET_PRV,1409.12,debit,2026-09-12 10:07:24,D00410
WLT0017217,W0312,merchant,P00102,2744.39,debit,2026-07-09 17:43:21,D00410
WLT0017220,W0312,merchant,P00148,5148.67,debit,2026-08-31 18:23:25,D00410
WLT0017239,W0313,merchant,P00095,882.97,debit,2026-07-18 12:17:26,D00412
WLT0017244,W0313,topup,WALLET_PRV,4497.12,debit,2026-09-08 11:04:26,D00412
WLT0017247,W0313,merchant,P00032,1045.91,debit,2026-08-10 11:25:27,D00412
WLT0017249,W0313,merchant,P00260,5914.28,debit,2026-07-10 07:56:00,D00411
WLT0017250,W0313,merchant,P00369,3987.74,debit,2026-07-25 14:02:32,D00412
WLT0017258,W0314,merchant,P00381,7428.91,debit,2026-09-11 09:34:29,D00413
WLT0017263,W0314,merchant,P00239,836.05,debit,2026-08-23 18:09:16,D00413
WLT0017264,W0314,topup,WALLET_PRV,8836.05,debit,2026-07-29 11:02:36,D00413
WLT0017271,W0314,transfer,P00322,2299.59,debit,2026-07-06 19:24:17,D00413
WLT0017272,W0314,transfer,P00348,6515.18,debit,2026-07-05 10:48:30,D00413
WLT0017287,W0314,merchant,P00152,8792.3,debit,2026-07-26 00:46:06,D00413
WLT0017293,W0315,merchant,P00077,1050.72,debit,2026-07-24 06:02:02,D00414
WLT0017347,W0316,merchant,P00266,731.42,debit,2026-08-19 20:11:36,D00415
WLT0017351,W0316,merchant,P00119,353.39,debit,2026-07-08 13:18:25,D00415
WLT0017352,W0316,merchant,P00367,1246.46,debit,2026-07-05 15:11:21,D00415
WLT0017355,W0316,merchant,P00119,333.99,debit,2026-07-28 09:30:05,D00416
WLT0017368,W0316,merchant,P00371,635.44,debit,2026-08-25 22:15:03,D00415
WLT0017371,W0316,topup,WALLET_PRV,956.31,debit,2026-08-25 11:09:09,D00415
WLT0017381,W0316,merchant,P00325,800.27,debit,2026-07-14 19:17:18,D00416
WLT0017385,W0316,merchant,P00021,1340.37,debit,2026-08-26 18:35:01,D00415
WLT0017387,W0316,topup,WALLET_PRV,1458.11,debit,2026-07-18 09:59:58,D00416
WLT0017396,W0317,transfer,P00261,1284.94,debit,2026-09-11 16:28:34,D00417
WLT0017408,W0317,merchant,P00085,2637.36,debit,2026-07-15 17:37:44,D00417
WLT0017413,W0317,transfer,P00261,3328.74,debit,2026-08-16 08:13:24,D00417
WLT0017417,W0317,merchant,P00356,203.97,debit,2026-08-19 19:59:55,D00417
WLT0017422,W0317,merchant,P00341,763.7,debit,2026-08-19 12:45:09,D00417
WLT0017423,W0317,topup,WALLET_PRV,3077.62,debit,2026-07-09 11:06:45,D00417
WLT0017425,W0317,topup,WALLET_PRV,1805.13,debit,2026-09-05 08:22:50,D00417
WLT0017427,W0317,topup,WALLET_PRV,1099.26,debit,2026-09-10 18:50:40,D00417
WLT0017434,W0317,merchant,P00356,307.8,debit,2026-08-05 11:03:29,D00417
WLT0017435,W0317,topup,WALLET_PRV,1623.53,debit,2026-07-03 23:41:41,D00417
WLT0017475,W0318,merchant,P00166,6781.49,debit,2026-09-07 08:53:57,D00418
WLT0017482,W0318,merchant,P00264,2296.36,debit,2026-09-07 14:57:55,D00418
WLT0017487,W0318,topup,WALLET_PRV,5037.51,debit,2026-07-03 19:36:44,D00418
WLT0017499,W0319,topup,WALLET_PRV,3435.88,debit,2026-07-28 08:06:49,D00419
WLT0017511,W0319,merchant,P00375,1827.75,debit,2026-08-06 09:02:35,D00419
WLT0017512,W0319,merchant,P00124,581.16,debit,2026-08-07 14:34:24,D00419
WLT0017516,W0319,topup,WALLET_PRV,2491.29,debit,2026-07-09 18:13:35,D00419
WLT0017531,W0319,merchant,P00384,4505.78,debit,2026-07-30 13:36:18,D00419
WLT0017535,W0319,topup,WALLET_PRV,3878.52,debit,2026-07-08 01:42:03,D00419
WLT0017536,W0319,merchant,P00124,478.76,debit,2026-08-16 18:17:43,D00419
WLT0017542,W0319,topup,WALLET_PRV,1085.51,debit,2026-09-12 22:25:54,D00419
WLT0017555,W0320,topup,WALLET_PRV,447.22,debit,2026-08-09 15:46:42,D00420
WLT0017564,W0320,merchant,P00117,514.92,debit,2026-07-11 17:30:43,D00420
WLT0017610,W0321,topup,WALLET_PRV,5324.73,debit,2026-08-27 10:46:08,D00421
WLT0017616,W0321,merchant,P00058,662.87,debit,2026-08-30 09:23:11,D00421
WLT0017624,W0321,topup,WALLET_PRV,10090.62,debit,2026-09-01 19:29:10,D00421
WLT0017638,W0321,topup,WALLET_PRV,4523.96,debit,2026-08-19 20:22:43,D00421
WLT0017645,W0321,merchant,P00043,15587.78,debit,2026-07-28 19:26:34,D00421
WLT0017677,W0322,merchant,P00099,3816.29,debit,2026-07-08 10:05:10,D00422
WLT0017693,W0322,merchant,P00332,4062.38,debit,2026-07-21 23:42:41,D00423
WLT0017706,W0322,topup,WALLET_PRV,4055.2,debit,2026-07-12 00:03:14,D00423
WLT0017708,W0322,topup,WALLET_PRV,3843.91,debit,2026-07-24 17:32:34,D00422
WLT0017716,W0322,merchant,P00220,3595.07,debit,2026-08-15 09:12:19,D00423
WLT0017729,W0323,merchant,P00352,1634.51,debit,2026-08-26 09:42:42,D00424
WLT0017732,W0323,merchant,P00133,895.68,debit,2026-07-31 09:07:27,D00424
WLT0017738,W0323,merchant,P00352,546.32,debit,2026-07-16 12:54:52,D00424
WLT0017753,W0323,topup,WALLET_PRV,4183.33,debit,2026-08-17 21:10:23,D00424
WLT0017760,W0323,merchant,P00281,3800.34,debit,2026-08-15 17:37:31,D00424
WLT0017761,W0323,merchant,P00316,1512.51,debit,2026-07-02 15:08:43,D00424
WLT0017763,W0323,merchant,P00229,2138.66,debit,2026-08-02 19:01:27,D00424
WLT0017781,W0323,merchant,P00281,9566.93,debit,2026-08-28 00:59:21,D00424
WLT0017782,W0323,merchant,P00229,1980.28,debit,2026-07-31 10:08:39,D00424
WLT0017797,W0324,topup,WALLET_PRV,2824.11,debit,2026-07-23 11:25:41,D00425
WLT0017816,W0324,transfer,P00156,595.57,debit,2026-07-02 11:32:20,D00425
WLT0017819,W0324,merchant,P00227,1602.64,debit,2026-09-09 06:21:53,D00425
WLT0017825,W0324,merchant,P00143,860.94,debit,2026-08-31 09:49:14,D00425
WLT0017829,W0324,merchant,P00126,2088.08,debit,2026-07-26 20:29:58,D00425
WLT0017830,W0324,merchant,P00371,4738.56,debit,2026-08-11 11:05:17,D00426
WLT0017842,W0324,merchant,P00199,1030.85,debit,2026-08-13 14:26:16,D00426
WLT0017863,W0325,merchant,P00039,1911.17,debit,2026-08-14 20:04:36,D00427
WLT0017869,W0325,merchant,P00012,2570.8,debit,2026-08-11 22:42:09,D00427
WLT0017885,W0325,topup,WALLET_PRV,4908.81,debit,2026-07-20 18:59:47,D00427
WLT0017892,W0325,topup,WALLET_PRV,3077.2,debit,2026-08-16 20:17:55,D00427
WLT0017914,W0326,merchant,P00308,504.88,debit,2026-07-13 20:35:12,D00429
WLT0017933,W0326,topup,WALLET_PRV,1299.03,debit,2026-08-22 18:06:15,D00429
WLT0017943,W0326,merchant,P00099,1672.66,debit,2026-08-11 20:15:07,D00429
WLT0017944,W0326,merchant,P00236,1778.92,debit,2026-08-06 12:03:07,D00429
WLT0017946,W0326,merchant,P00326,347.66,debit,2026-07-22 20:16:35,D00429
WLT0017954,W0326,merchant,P00308,731.71,debit,2026-07-22 17:52:30,D00429
WLT0017958,W0326,merchant,P00244,2417.85,debit,2026-08-21 10:45:42,D00429
WLT0017961,W0326,topup,WALLET_PRV,1047.09,debit,2026-08-15 11:50:24,D00429
WLT0017964,W0326,merchant,P00253,179.58,debit,2026-08-09 11:28:59,D00429
WLT0017977,W0327,topup,WALLET_PRV,3633.72,debit,2026-07-02 23:10:29,D00430
WLT0017982,W0327,transfer,P00205,2294.06,debit,2026-09-09 21:31:48,D00430
WLT0017988,W0327,merchant,P00330,4074.67,debit,2026-07-19 21:37:55,D00430
WLT0017989,W0327,merchant,P00192,12962.3,debit,2026-07-22 13:38:16,D00430
WLT0017991,W0327,transfer,P00205,1789.46,debit,2026-08-13 18:42:05,D00430
WLT0017992,W0327,merchant,P00306,1242.77,debit,2026-07-21 16:45:02,D00430
WLT0017999,W0327,topup,WALLET_PRV,4934.26,debit,2026-08-30 22:44:55,D00430
WLT0018012,W0327,topup,WALLET_PRV,11069.13,debit,2026-08-24 03:40:20,D00430
WLT0018014,W0327,topup,WALLET_PRV,10750.09,debit,2026-08-31 10:10:26,D00430
WLT0018017,W0327,topup,WALLET_PRV,9994.29,debit,2026-07-26 14:26:47,D00430
WLT0018018,W0327,merchant,P00058,1722.69,debit,2026-08-20 17:20:40,D00430
WLT0018035,W0327,merchant,P00306,3301.12,debit,2026-08-25 16:26:45,D00430
WLT0018050,W0327,merchant,P00146,2016.61,debit,2026-07-23 20:48:08,D00430
WLT0018053,W0327,merchant,P00306,3071.01,debit,2026-08-15 18:37:16,D00430
WLT0018055,W0327,merchant,P00306,4751.18,debit,2026-07-03 19:16:04,D00430
WLT0018082,W0328,merchant,P00218,481.16,debit,2026-08-12 17:46:10,D00431
WLT0018084,W0328,transfer,P00022,2097.28,debit,2026-07-12 16:51:28,D00431
WLT0018092,W0328,transfer,P00385,1215.79,debit,2026-07-13 21:31:56,D00431
WLT0018098,W0328,topup,WALLET_PRV,5385.51,debit,2026-07-19 12:54:49,D00431
WLT0018110,W0328,merchant,P00216,1935.89,debit,2026-08-13 21:10:13,D00431
WLT0018114,W0328,transfer,P00022,3187.21,debit,2026-07-26 09:52:08,D00431
WLT0018125,W0328,merchant,P00216,713.38,debit,2026-08-24 16:20:36,D00431
WLT0018131,W0329,merchant,P00184,971.06,debit,2026-07-22 20:09:06,D00432
WLT0018134,W0329,merchant,P00324,9960.36,debit,2026-07-07 19:40:33,D00432
WLT0018135,W0329,topup,WALLET_PRV,2871.5,debit,2026-08-27 11:10:12,D00432
WLT0018138,W0329,merchant,P00131,3496.62,debit,2026-09-03 16:19:20,D00432
WLT0018141,W0329,topup,WALLET_PRV,2327.4,debit,2026-08-10 09:33:37,D00432
WLT0018143,W0329,merchant,P00253,1030.69,debit,2026-07-11 18:53:54,D00432
WLT0018151,W0329,merchant,P00275,6145.77,debit,2026-07-19 13:10:13,D00432
WLT0018157,W0329,merchant,P00184,1148.82,debit,2026-08-20 18:59:13,D00432
WLT0018159,W0329,topup,WALLET_PRV,4759.63,debit,2026-08-02 11:58:34,D00432
WLT0018174,W0330,merchant,P00110,578.79,debit,2026-07-25 13:47:31,D00433
WLT0018192,W0330,merchant,P00020,1231.24,debit,2026-08-31 20:21:03,D00433
WLT0018211,W0330,topup,WALLET_PRV,1511.27,debit,2026-07-27 19:17:28,D00433
WLT0018222,W0330,topup,WALLET_PRV,4943.51,debit,2026-09-07 08:44:10,D00433
WLT0018227,W0330,merchant,P00020,1841.06,debit,2026-09-13 20:54:01,D00433
WLT0018258,W0331,topup,WALLET_PRV,4323.74,debit,2026-07-17 07:56:43,D00435
WLT0018274,W0331,topup,WALLET_PRV,3526.54,debit,2026-08-08 17:38:12,D00435
WLT0018280,W0331,topup,WALLET_PRV,2431.48,debit,2026-09-01 13:36:40,D00435
WLT0018291,W0332,merchant,P00298,2263.39,debit,2026-08-10 22:32:29,D00437
WLT0018330,W0332,topup,WALLET_PRV,3228.27,debit,2026-07-26 12:47:57,D00436
WLT0018335,W0332,transfer,P00240,2318.18,debit,2026-08-25 12:50:53,D00436
WLT0018336,W0332,topup,WALLET_PRV,5474.48,debit,2026-08-08 21:52:56,D00437
WLT0018355,W0333,merchant,P00196,611.81,debit,2026-08-04 13:27:05,D00438
WLT0018363,W0333,topup,WALLET_PRV,3437.88,debit,2026-08-27 11:26:11,D00438
WLT0018367,W0333,topup,WALLET_PRV,3319.71,debit,2026-09-03 18:26:25,D00438
WLT0018374,W0333,merchant,P00175,3631.74,debit,2026-07-29 16:33:00,D00438
WLT0018387,W0333,merchant,P00392,580.36,debit,2026-07-30 08:59:43,D00438
WLT0018397,W0333,merchant,P00336,673.32,debit,2026-09-01 17:27:16,D00438
WLT0018404,W0333,topup,WALLET_PRV,2473.49,debit,2026-07-12 18:47:15,D00438
WLT0018420,W0334,merchant,P00312,906.48,debit,2026-08-27 12:40:45,D00440
WLT0018429,W0334,merchant,P00217,224.67,debit,2026-08-26 12:35:53,D00440
WLT0018456,W0335,merchant,P00055,4977.89,debit,2026-08-23 08:41:26,D00442
WLT0018459,W0335,topup,WALLET_PRV,2946.97,debit,2026-07-14 14:24:33,D00441
WLT0018470,W0335,topup,WALLET_PRV,6291.57,debit,2026-08-25 21:52:29,D00441
WLT0018476,W0335,topup,WALLET_PRV,5225.4,debit,2026-09-13 14:57:07,D00441
WLT0018500,W0336,topup,WALLET_PRV,3601.34,debit,2026-09-03 16:14:34,D00443
WLT0018502,W0336,merchant,P00362,597.27,debit,2026-08-31 09:30:06,D00443
WLT0018530,W0336,merchant,P00018,559.15,debit,2026-07-29 09:32:46,D00443
WLT0018535,W0336,merchant,P00285,8587.73,debit,2026-08-31 13:27:32,D00443
WLT0018537,W0336,topup,WALLET_PRV,4310.67,debit,2026-07-11 14:47:52,D00443
WLT0018557,W0336,topup,WALLET_PRV,5032.82,debit,2026-08-21 00:07:20,D00443
WLT0018559,W0336,merchant,P00039,3310.15,debit,2026-08-31 14:27:57,D00443
WLT0018561,W0336,merchant,P00328,1945.03,debit,2026-07-14 09:54:16,D00443
WLT0018563,W0336,merchant,P00219,1848.73,debit,2026-07-02 13:52:58,D00443
WLT0018570,W0336,merchant,P00370,509.82,debit,2026-08-22 08:47:42,D00443
WLT0018580,W0337,merchant,P00019,416.09,debit,2026-07-16 10:39:15,D00444
WLT0018605,W0337,topup,WALLET_PRV,3758.54,debit,2026-08-16 17:21:40,D00444
WLT0018615,W0337,merchant,P00110,2057.98,debit,2026-07-14 11:51:42,D00444
WLT0018631,W0338,topup,WALLET_PRV,3742.29,debit,2026-07-31 15:34:00,D00446
WLT0018632,W0338,transfer,P00022,3848.23,debit,2026-07-28 09:40:54,D00446
WLT0018635,W0338,merchant,P00380,534.55,debit,2026-08-12 14:02:54,D00446
WLT0018636,W0338,topup,WALLET_PRV,3028.03,debit,2026-07-31 14:24:05,D00446
WLT0018641,W0338,topup,WALLET_PRV,5775.64,debit,2026-08-28 10:48:08,D00446
WLT0018645,W0338,merchant,P00122,4458.86,debit,2026-08-24 19:43:15,D00446
WLT0018646,W0338,merchant,P00122,7828.28,debit,2026-09-13 16:28:39,D00446
WLT0018654,W0338,topup,WALLET_PRV,5621.9,debit,2026-07-25 18:43:55,D00446
WLT0018657,W0338,topup,WALLET_PRV,2789.32,debit,2026-09-05 21:46:55,D00446
WLT0018661,W0338,topup,WALLET_PRV,1944.75,debit,2026-07-02 10:41:06,D00446
WLT0018693,W0339,topup,WALLET_PRV,2876.24,debit,2026-07-27 11:25:39,D00447
WLT0018726,W0340,topup,WALLET_PRV,2111.05,debit,2026-08-09 08:35:32,D00448
WLT0018733,W0340,transfer,P00319,1697.04,debit,2026-07-07 21:15:17,D00448
WLT0018737,W0340,merchant,P00325,4635.26,debit,2026-08-15 16:44:00,D00448
WLT0018762,W0340,topup,WALLET_PRV,6905.29,debit,2026-07-12 10:18:01,D00448
WLT0018765,W0340,transfer,P00247,3284.16,debit,2026-09-09 22:50:27,D00448
WLT0018773,W0340,topup,WALLET_PRV,7059.56,debit,2026-08-31 09:36:58,D00448
WLT0018783,W0340,merchant,P00049,2340.34,debit,2026-07-31 14:03:53,D00448
WLT0018785,W0340,merchant,P00027,20790.7,debit,2026-09-09 08:51:23,D00448
WLT0018791,W0341,merchant,P00309,1648.51,debit,2026-08-12 12:48:56,D00449
WLT0018810,W0341,merchant,P00282,418.19,debit,2026-08-05 20:26:19,D00449
WLT0018818,W0341,topup,WALLET_PRV,1441.51,debit,2026-07-13 11:55:36,D00449
WLT0018828,W0341,transfer,P00022,1234.46,debit,2026-07-31 08:04:12,D00449
WLT0018833,W0341,topup,WALLET_PRV,3694.01,debit,2026-07-14 14:45:27,D00449
WLT0018837,W0341,merchant,P00272,708.87,debit,2026-08-30 19:12:45,D00449
WLT0018867,W0342,merchant,P00392,820.08,debit,2026-07-27 11:25:31,D00450
WLT0018876,W0342,merchant,P00149,1963.18,debit,2026-08-20 21:13:25,D00450
WLT0018890,W0342,topup,WALLET_PRV,1039.63,debit,2026-07-20 13:08:24,D00450
WLT0018901,W0342,merchant,P00110,971.59,debit,2026-08-14 08:41:59,D00450
WLT0018932,W0343,topup,WALLET_PRV,3284.01,debit,2026-08-26 11:51:28,D00451
WLT0018936,W0343,merchant,P00223,1115.41,debit,2026-09-03 20:20:12,D00451
WLT0018939,W0343,merchant,P00370,2378.46,debit,2026-08-29 15:08:03,D00451
WLT0018945,W0343,merchant,P00163,4915.96,debit,2026-08-01 19:29:16,D00451
WLT0018948,W0343,topup,WALLET_PRV,2265.9,debit,2026-08-13 12:27:35,D00451
WLT0018950,W0343,topup,WALLET_PRV,1962.29,debit,2026-08-22 17:09:39,D00451
WLT0018951,W0343,merchant,P00203,2586.82,debit,2026-09-05 08:31:31,D00451
WLT0018961,W0343,topup,WALLET_PRV,2658.46,debit,2026-07-18 00:18:14,D00451
WLT0018966,W0343,merchant,P00075,843.16,debit,2026-08-29 04:30:49,D00451
WLT0018969,W0343,merchant,P00075,1144.7,debit,2026-07-17 21:27:47,D00451
WLT0018975,W0343,merchant,P00163,1365.13,debit,2026-07-01 19:57:19,D00451
WLT0018987,W0343,topup,WALLET_PRV,2603.47,debit,2026-07-09 21:06:47,D00451
WLT0018993,W0343,merchant,P00223,523.72,debit,2026-08-07 08:16:23,D00451
WLT0019019,W0344,transfer,P00261,7714.4,debit,2026-09-08 09:06:24,D00452
WLT0019025,W0344,topup,WALLET_PRV,6970.62,debit,2026-07-15 13:21:54,D00452
WLT0019034,W0344,topup,WALLET_PRV,5122.37,debit,2026-09-10 10:33:03,D00452
WLT0019042,W0344,transfer,P00261,7498.3,debit,2026-08-21 15:54:37,D00452
WLT0019044,W0344,merchant,P00302,4327.79,debit,2026-07-31 12:56:48,D00452
WLT0019056,W0344,topup,WALLET_PRV,11053.6,debit,2026-08-09 19:14:50,D00452
WLT0019064,W0344,merchant,P00302,1169.21,debit,2026-08-10 19:27:04,D00452
WLT0019068,W0344,merchant,P00286,1151.03,debit,2026-07-28 21:35:12,D00452
WLT0019081,W0344,merchant,P00275,8190.29,debit,2026-07-23 15:55:23,D00452
WLT0019082,W0344,merchant,P00320,13480.69,debit,2026-07-04 14:23:48,D00452
WLT0019090,W0344,topup,WALLET_PRV,10200.43,debit,2026-07-15 11:01:50,D00452
WLT0019098,W0345,merchant,P00339,150.81,debit,2026-09-08 18:11:35,D00453
WLT0019107,W0345,topup,WALLET_PRV,1130.13,debit,2026-08-06 09:34:51,D00453
WLT0019108,W0345,merchant,P00069,394.08,debit,2026-07-30 16:19:11,D00453
WLT0019135,W0345,topup,WALLET_PRV,932.66,debit,2026-09-02 11:13:47,D00453
WLT0019139,W0345,merchant,P00372,374.9,debit,2026-07-12 09:26:04,D00453
WLT0019140,W0345,merchant,P00069,4395.0,debit,2026-09-10 21:32:19,D00453
WLT0019144,W0345,topup,WALLET_PRV,703.24,debit,2026-07-13 12:05:23,D00453
WLT0019172,W0346,merchant,P00106,3092.58,debit,2026-08-12 20:36:30,D00454
WLT0019173,W0346,merchant,P00290,2674.51,debit,2026-09-11 21:00:55,D00454
WLT0019178,W0346,merchant,P00198,1633.54,debit,2026-09-05 15:39:43,D00454
WLT0019186,W0346,topup,WALLET_PRV,2906.79,debit,2026-07-09 13:29:47,D00454
WLT0019199,W0346,topup,WALLET_PRV,5263.67,debit,2026-08-27 07:10:52,D00454
WLT0019224,W0347,transfer,P00009,947.99,debit,2026-08-18 19:28:10,D00455
WLT0019240,W0347,merchant,P00318,12388.93,debit,2026-07-20 08:04:28,D00455
WLT0019242,W0347,merchant,P00246,1288.57,debit,2026-07-07 10:09:14,D00455
WLT0019246,W0347,merchant,P00246,278.82,debit,2026-07-21 22:19:31,D00455
WLT0019252,W0347,merchant,P00089,1844.02,debit,2026-08-31 14:49:53,D00455
WLT0019260,W0347,merchant,P00329,513.83,debit,2026-07-09 17:17:04,D00455
WLT0019270,W0347,topup,WALLET_PRV,873.06,debit,2026-07-05 20:26:16,D00455
WLT0019282,W0347,merchant,P00089,2305.18,debit,2026-08-07 09:59:00,D00455
WLT0019283,W0347,merchant,P00129,958.63,debit,2026-07-04 10:36:14,D00455
WLT0019286,W0347,merchant,P00035,296.25,debit,2026-09-03 12:07:28,D00455
WLT0019317,W0348,topup,WALLET_PRV,3223.95,debit,2026-07-22 10:51:45,D00456
WLT0019318,W0348,topup,WALLET_PRV,2167.82,debit,2026-07-03 15:24:50,D00457
WLT0019323,W0348,merchant,P00304,854.84,debit,2026-08-08 16:57:39,D00456
WLT0019325,W0348,merchant,P00077,233.54,debit,2026-07-01 14:58:51,D00457
WLT0019327,W0348,topup,WALLET_PRV,1434.54,debit,2026-07-27 10:51:22,D00456
WLT0019345,W0348,topup,WALLET_PRV,2447.19,debit,2026-09-05 16:37:20,D00456
WLT0019366,W0349,merchant,P00316,5173.46,debit,2026-09-09 21:10:35,D00459
WLT0019379,W0349,merchant,P00336,904.95,debit,2026-08-23 18:52:38,D00458
WLT0019382,W0349,transfer,P00274,1818.06,debit,2026-08-31 18:38:15,D00458
WLT0019383,W0349,topup,WALLET_PRV,2417.57,debit,2026-08-28 08:00:07,D00458
WLT0019398,W0350,merchant,P00272,284.55,debit,2026-07-12 08:25:40,D00460
WLT0019407,W0350,merchant,P00042,929.49,debit,2026-07-13 10:00:55,D00460
WLT0019432,W0351,merchant,P00395,5249.59,debit,2026-07-10 08:24:22,D00461
WLT0019433,W0351,topup,WALLET_PRV,4342.43,debit,2026-07-08 12:42:06,D00461
WLT0019445,W0351,merchant,P00301,1689.29,debit,2026-07-17 10:26:49,D00461
WLT0019477,W0352,merchant,P00106,1202.93,debit,2026-07-09 09:15:09,D00463
WLT0019480,W0352,merchant,P00272,324.7,debit,2026-08-11 05:52:41,D00462
WLT0019504,W0352,topup,WALLET_PRV,1218.15,debit,2026-07-26 08:41:26,D00463
WLT0019515,W0353,merchant,P00334,178.76,debit,2026-07-06 14:45:50,D00464
WLT0019518,W0353,topup,WALLET_PRV,1264.51,debit,2026-08-15 19:30:32,D00464
WLT0019527,W0353,topup,WALLET_PRV,1378.48,debit,2026-08-17 17:47:04,D00464
WLT0019534,W0353,topup,WALLET_PRV,1096.0,debit,2026-07-25 09:55:19,D00464
WLT0019547,W0354,merchant,P00333,933.0,debit,2026-09-01 14:56:26,D00466
WLT0019552,W0354,topup,WALLET_PRV,7285.74,debit,2026-07-01 13:52:38,D00465
WLT0019570,W0354,merchant,P00095,953.35,debit,2026-08-02 10:26:54,D00466
WLT0019583,W0354,merchant,P00187,11951.84,debit,2026-08-16 17:47:26,D00465
WLT0019585,W0354,transfer,P00197,1725.12,debit,2026-09-02 18:21:16,D00465
WLT0019586,W0354,transfer,P00142,1385.67,debit,2026-07-23 21:26:51,D00465
WLT0019618,W0355,merchant,P00102,11827.94,debit,2026-08-07 19:48:31,D00467
WLT0019629,W0356,merchant,P00177,560.8,debit,2026-09-02 12:42:38,D00468
WLT0019645,W0356,topup,WALLET_PRV,6135.36,debit,2026-07-14 11:20:29,D00468
WLT0019660,W0356,merchant,P00329,4440.71,debit,2026-07-05 05:55:01,D00468
WLT0019690,W0357,merchant,P00087,869.56,debit,2026-08-23 16:38:03,D00469
WLT0019713,W0357,merchant,P00173,533.96,debit,2026-09-13 11:56:40,D00469
WLT0019728,W0358,merchant,P00152,1687.04,debit,2026-07-07 09:58:33,D00470
WLT0019769,W0358,merchant,P00389,498.78,debit,2026-07-16 09:23:16,D00470
WLT0019774,W0358,topup,WALLET_PRV,1441.25,debit,2026-07-03 18:40:35,D00470
WLT0019800,W0359,topup,WALLET_PRV,5239.56,debit,2026-07-13 11:20:42,D00471
WLT0019847,W0360,merchant,P00250,1985.71,debit,2026-08-23 14:45:01,D00472
WLT0019854,W0360,topup,WALLET_PRV,4226.4,debit,2026-07-17 09:30:24,D00472
WLT0019855,W0360,merchant,P00075,2614.95,debit,2026-08-09 20:28:59,D00472
WLT0019856,W0360,merchant,P00133,7546.63,debit,2026-07-05 09:08:17,D00472
WLT0019863,W0360,merchant,P00310,4306.78,debit,2026-08-15 15:13:02,D00472
WLT0019869,W0360,merchant,P00075,3285.66,debit,2026-07-05 17:38:18,D00472
WLT0019876,W0360,transfer,P00385,5514.78,debit,2026-08-17 20:18:17,D00472
WLT0019877,W0360,merchant,P00027,7565.43,debit,2026-08-04 19:12:57,D00472
WLT0019889,W0360,topup,WALLET_PRV,9507.42,debit,2026-08-26 08:20:57,D00472
WLT0019893,W0360,merchant,P00383,1423.09,debit,2026-07-10 14:37:56,D00472
WLT0019904,W0361,merchant,P00236,4583.85,debit,2026-08-19 11:46:34,D00474
WLT0019929,W0361,merchant,P00129,8836.14,debit,2026-08-06 14:43:27,D00474
WLT0019941,W0361,merchant,P00236,5218.98,debit,2026-08-08 14:07:58,D00473
WLT0019946,W0362,merchant,P00013,4084.46,debit,2026-08-10 18:43:30,D00475
WLT0019972,W0362,merchant,P00270,4528.43,debit,2026-07-11 16:49:29,D00475
WLT0019991,W0362,topup,WALLET_PRV,2485.4,debit,2026-09-09 20:46:06,D00475
WLT0020013,W0363,merchant,P00162,1820.36,debit,2026-08-22 18:57:02,D00476
WLT0020027,W0363,transfer,P00031,2631.41,debit,2026-07-10 19:34:38,D00476
WLT0020031,W0363,merchant,P00244,1961.33,debit,2026-07-11 20:14:26,D00476
WLT0020041,W0363,merchant,P00040,1526.44,debit,2026-09-03 14:24:34,D00476
WLT0020043,W0363,merchant,P00199,861.13,debit,2026-08-23 22:36:07,D00476
WLT0020065,W0364,topup,WALLET_PRV,4406.17,debit,2026-08-05 18:33:01,D00477
WLT0020110,W0365,merchant,P00149,1564.25,debit,2026-07-14 15:01:27,D00478
WLT0020113,W0365,merchant,P00153,667.25,debit,2026-09-12 18:13:25,D00478
WLT0020128,W0365,merchant,P00323,1636.62,debit,2026-07-31 15:14:26,D00478
WLT0020132,W0365,merchant,P00067,697.85,debit,2026-07-19 01:58:58,D00478
WLT0020137,W0365,merchant,P00302,311.34,debit,2026-07-21 14:14:43,D00478
WLT0020145,W0365,topup,WALLET_PRV,2076.16,debit,2026-07-07 09:57:01,D00478
WLT0020152,W0365,merchant,P00302,569.35,debit,2026-08-17 17:19:04,D00478
WLT0020153,W0365,topup,WALLET_PRV,1778.73,debit,2026-08-11 21:11:48,D00478
WLT0020164,W0365,topup,WALLET_PRV,951.34,debit,2026-07-04 08:32:00,D00478
WLT0020167,W0365,topup,WALLET_PRV,1714.21,debit,2026-09-01 12:51:43,D00478
WLT0020173,W0366,topup,WALLET_PRV,3937.98,debit,2026-07-19 19:16:51,D00479
WLT0020174,W0366,topup,WALLET_PRV,1923.17,debit,2026-08-31 07:17:11,D00479
WLT0020244,W0367,merchant,P00279,1341.03,debit,2026-08-21 09:39:06,D00480
WLT0020262,W0367,merchant,P00238,4851.59,debit,2026-07-31 23:22:03,D00480
WLT0020263,W0367,merchant,P00308,3429.79,debit,2026-07-18 13:07:42,D00480
WLT0020275,W0368,merchant,P00324,27775.77,debit,2026-08-26 09:59:44,D00481
WLT0020290,W0369,topup,WALLET_PRV,6687.56,debit,2026-07-07 15:54:34,D00483
WLT0020294,W0369,transfer,P00243,3557.91,debit,2026-08-12 09:53:50,D00483
WLT0020310,W0369,merchant,P00358,8768.23,debit,2026-08-23 09:05:11,D00482
WLT0020351,W0370,topup,WALLET_PRV,4447.62,debit,2026-08-20 19:25:48,D00484
WLT0020389,W0371,merchant,P00003,282.9,debit,2026-07-19 12:11:34,D00485
WLT0020414,W0371,transfer,P00047,2026.36,debit,2026-08-01 14:03:08,D00485
WLT0020417,W0371,merchant,P00358,5321.08,debit,2026-08-20 00:51:26,D00485
WLT0020418,W0371,merchant,P00239,2647.96,debit,2026-09-13 17:00:21,D00485
WLT0020424,W0371,merchant,P00184,1351.13,debit,2026-07-05 11:38:56,D00485
WLT0020425,W0371,merchant,P00309,850.3,debit,2026-07-31 10:27:50,D00485
WLT0020427,W0371,merchant,P00333,1358.09,debit,2026-07-26 18:16:19,D00485
WLT0020437,W0372,merchant,P00388,496.35,debit,2026-07-01 00:11:02,D00486
WLT0020457,W0372,merchant,P00114,684.99,debit,2026-08-02 21:53:04,D00486
WLT0020461,W0372,topup,WALLET_PRV,1958.94,debit,2026-08-23 07:29:53,D00486
WLT0020475,W0372,topup,WALLET_PRV,2213.76,debit,2026-08-30 13:17:12,D00486
WLT0020476,W0372,topup,WALLET_PRV,2532.79,debit,2026-07-11 08:56:37,D00486
WLT0020491,W0373,merchant,P00222,279.09,debit,2026-08-06 04:21:42,D00487
WLT0020515,W0373,topup,WALLET_PRV,2596.41,debit,2026-08-13 12:00:08,D00487
WLT0020526,W0373,topup,WALLET_PRV,1202.65,debit,2026-07-08 11:23:48,D00487
WLT0020530,W0373,merchant,P00086,3939.27,debit,2026-07-13 10:18:50,D00487
WLT0020542,W0374,merchant,P00089,5633.09,debit,2026-07-13 16:23:30,D00488
WLT0020550,W0374,merchant,P00151,4383.94,debit,2026-08-03 18:29:00,D00488
WLT0020564,W0374,merchant,P00231,560.03,debit,2026-08-08 23:00:08,D00488
WLT0020594,W0375,merchant,P00211,1659.15,debit,2026-07-29 12:34:13,D00490
WLT0020597,W0375,merchant,P00282,14869.01,debit,2026-09-07 12:36:25,D00490
WLT0020616,W0375,transfer,P00142,7315.39,debit,2026-09-02 19:51:11,D00490
WLT0020635,W0376,merchant,P00023,7808.64,debit,2026-08-03 11:11:52,D00492
WLT0020642,W0376,merchant,P00268,5269.12,debit,2026-08-20 16:55:23,D00492
WLT0020643,W0376,merchant,P00281,33396.5,debit,2026-09-02 19:13:22,D00492
WLT0020655,W0376,merchant,P00177,651.86,debit,2026-08-24 18:51:41,D00491
WLT0020663,W0377,topup,WALLET_PRV,2504.42,debit,2026-07-06 12:36:31,D00493
WLT0020678,W0377,transfer,P00284,1361.58,debit,2026-08-05 18:42:50,D00493
WLT0020691,W0377,merchant,P00268,1118.99,debit,2026-08-12 21:01:15,D00493
WLT0020693,W0377,merchant,P00299,682.07,debit,2026-07-24 17:34:38,D00493
WLT0020706,W0377,topup,WALLET_PRV,2058.58,debit,2026-09-04 12:09:33,D00493
WLT0020716,W0377,merchant,P00293,573.82,debit,2026-09-12 10:14:35,D00493
WLT0020752,W0378,merchant,P00192,7585.58,debit,2026-08-20 12:59:48,D00494
WLT0020757,W0378,merchant,P00182,7112.85,debit,2026-09-08 19:35:13,D00494
WLT0020763,W0378,topup,WALLET_PRV,10214.61,debit,2026-08-14 11:17:27,D00494
WLT0020765,W0378,topup,WALLET_PRV,3758.28,debit,2026-09-12 09:55:03,D00494
WLT0020779,W0378,merchant,P00272,3178.36,debit,2026-07-14 11:46:33,D00494
WLT0020783,W0378,merchant,P00371,3658.17,debit,2026-08-08 19:36:49,D00494
WLT0020787,W0378,merchant,P00392,3162.23,debit,2026-09-11 18:34:37,D00494
WLT0020805,W0378,transfer,P00002,10821.61,debit,2026-07-19 12:05:41,D00494
WLT0020818,W0379,merchant,P00251,2503.79,debit,2026-08-12 11:29:12,D00495
WLT0020825,W0379,topup,WALLET_PRV,4043.42,debit,2026-08-20 14:13:50,D00495
WLT0020828,W0379,merchant,P00379,1426.72,debit,2026-09-02 10:13:05,D00495
WLT0020848,W0379,transfer,P00073,1535.95,debit,2026-07-22 19:31:54,D00495
WLT0020850,W0379,merchant,P00279,727.16,debit,2026-09-08 14:31:03,D00495
WLT0020854,W0379,topup,WALLET_PRV,2063.14,debit,2026-08-28 14:12:51,D00495
WLT0020859,W0380,merchant,P00007,1286.05,debit,2026-08-16 19:22:51,D00496
WLT0020865,W0380,merchant,P00352,1178.71,debit,2026-08-13 11:13:21,D00496
WLT0020868,W0380,merchant,P00346,2191.3,debit,2026-08-14 15:33:34,D00496
WLT0020872,W0380,merchant,P00294,2733.58,debit,2026-07-02 18:58:50,D00496
WLT0020877,W0380,merchant,P00206,4384.65,debit,2026-07-31 10:49:42,D00496
WLT0020907,W0381,topup,WALLET_PRV,3744.71,debit,2026-07-01 20:15:17,D00497
WLT0020955,W0381,merchant,P00086,5602.96,debit,2026-07-08 17:33:16,D00497
WLT0020972,W0382,topup,WALLET_PRV,3802.81,debit,2026-08-11 06:41:49,D00498
WLT0020992,W0382,merchant,P00376,2974.11,debit,2026-08-28 21:34:14,D00498
WLT0020994,W0382,merchant,P00313,4216.04,debit,2026-09-01 07:07:45,D00498
WLT0021034,W0383,transfer,P00214,2011.09,debit,2026-08-19 17:05:39,D00499
WLT0021047,W0383,merchant,P00088,738.9,debit,2026-08-04 15:29:40,D00500
WLT0021049,W0383,merchant,P00204,7151.12,debit,2026-08-10 14:42:29,D00499
WLT0021052,W0383,merchant,P00160,3353.99,debit,2026-08-26 02:17:36,D00499
WLT0021060,W0383,transfer,P00002,453.99,debit,2026-08-10 19:20:26,D00500
WLT0021071,W0383,topup,WALLET_PRV,3658.34,debit,2026-08-18 14:06:14,D00499
WLT0021079,W0383,merchant,P00272,631.87,debit,2026-07-01 15:00:36,D00499
WLT0021102,W0384,merchant,P00391,5038.14,debit,2026-08-04 20:33:24,D00501
WLT0021110,W0384,topup,WALLET_PRV,4276.42,debit,2026-07-09 01:54:22,D00501
WLT0021114,W0384,merchant,P00374,20154.0,debit,2026-07-07 15:02:20,D00501
WLT0021138,W0385,merchant,P00325,2819.79,debit,2026-08-11 11:15:40,D00502
WLT0021142,W0385,topup,WALLET_PRV,2230.79,debit,2026-07-27 11:29:32,D00502
WLT0021181,W0386,transfer,P00001,2448.46,debit,2026-08-01 21:58:57,D00503
WLT0021191,W0386,transfer,P00322,2735.74,debit,2026-07-05 09:00:36,D00503
WLT0021199,W0386,merchant,P00131,2225.55,debit,2026-08-26 19:04:09,D00503
WLT0021201,W0386,topup,WALLET_PRV,3041.88,debit,2026-08-22 12:49:52,D00503
WLT0021215,W0386,transfer,P00001,804.11,debit,2026-07-09 13:28:04,D00503
WLT0021234,W0386,transfer,P00243,3352.39,debit,2026-07-04 10:04:10,D00503
WLT0021247,W0387,transfer,P00280,1118.28,debit,2026-07-23 01:12:05,D00504
WLT0021250,W0387,merchant,P00260,4209.84,debit,2026-07-11 13:18:57,D00504
WLT0021253,W0387,merchant,P00382,738.81,debit,2026-08-09 10:47:07,D00504
WLT0021261,W0387,merchant,P00175,641.3,debit,2026-08-07 10:19:48,D00504
WLT0021309,W0388,topup,WALLET_PRV,13449.28,debit,2026-08-15 20:18:33,D00505
WLT0021314,W0388,merchant,P00056,1191.28,debit,2026-07-20 18:56:58,D00505
WLT0021329,W0388,transfer,P00031,12203.06,debit,2026-07-15 12:30:56,D00505
WLT0021341,W0388,merchant,P00237,3330.15,debit,2026-08-06 14:24:00,D00505
WLT0021349,W0389,topup,WALLET_PRV,3397.32,debit,2026-07-08 11:06:02,D00506
WLT0021369,W0389,merchant,P00164,8387.13,debit,2026-07-19 12:29:14,D00506
WLT0021373,W0389,merchant,P00133,3183.28,debit,2026-07-12 12:24:57,D00506
WLT0021389,W0389,merchant,P00164,12352.44,debit,2026-08-15 17:37:17,D00506
WLT0021413,W0390,topup,WALLET_PRV,3858.27,debit,2026-09-13 16:17:35,D00507
WLT0021420,W0391,transfer,P00195,1057.59,debit,2026-07-04 10:53:21,D00508
WLT0021424,W0391,merchant,P00287,1271.07,debit,2026-07-10 12:27:19,D00508
WLT0021429,W0391,merchant,P00376,264.35,debit,2026-07-24 19:15:18,D00508
WLT0021438,W0391,topup,WALLET_PRV,529.25,debit,2026-08-07 10:47:48,D00508
WLT0021444,W0391,topup,WALLET_PRV,1739.61,debit,2026-08-14 20:34:24,D00508
WLT0021445,W0391,merchant,P00287,755.98,debit,2026-07-23 12:26:50,D00508
WLT0021446,W0391,merchant,P00360,1631.37,debit,2026-09-12 09:37:45,D00508
WLT0021450,W0391,merchant,P00360,856.64,debit,2026-07-28 20:19:32,D00508
WLT0021453,W0391,merchant,P00100,1351.3,debit,2026-08-31 12:11:45,D00508
WLT0021461,W0391,topup,WALLET_PRV,1897.14,debit,2026-07-20 20:13:48,D00508
WLT0021463,W0391,topup,WALLET_PRV,904.04,debit,2026-07-17 18:39:14,D00508
WLT0021466,W0391,merchant,P00360,342.33,debit,2026-08-06 19:36:52,D00508
WLT0021480,W0391,topup,WALLET_PRV,789.78,debit,2026-07-20 08:36:09,D00508
WLT0021505,W0392,topup,WALLET_PRV,2186.67,debit,2026-08-18 19:26:06,D00509
WLT0021508,W0392,topup,WALLET_PRV,4767.6,debit,2026-07-14 08:17:10,D00509
WLT0021511,W0392,merchant,P00095,1088.43,debit,2026-08-04 17:04:55,D00510
WLT0021516,W0392,topup,WALLET_PRV,2403.19,debit,2026-08-10 04:39:33,D00510
WLT0021542,W0392,topup,WALLET_PRV,4039.67,debit,2026-07-27 10:33:05,D00509
WLT0021562,W0392,merchant,P00186,3298.56,debit,2026-09-09 14:25:10,D00510
WLT0021592,W0393,topup,WALLET_PRV,5429.13,debit,2026-08-18 17:14:25,D00511
WLT0021594,W0393,merchant,P00321,3372.9,debit,2026-07-20 17:13:39,D00512
WLT0021629,W0394,topup,WALLET_PRV,1417.29,debit,2026-08-09 17:03:30,D00513
WLT0021638,W0394,merchant,P00148,1427.49,debit,2026-08-16 19:39:10,D00513
WLT0021648,W0394,topup,WALLET_PRV,2904.1,debit,2026-07-10 12:35:03,D00513
WLT0021652,W0394,merchant,P00030,4459.36,debit,2026-08-13 00:33:16,D00513
WLT0021661,W0395,merchant,P00225,314.49,debit,2026-07-17 11:25:51,D00514
WLT0021666,W0395,topup,WALLET_PRV,694.72,debit,2026-08-12 19:05:47,D00514
WLT0021693,W0395,transfer,P00348,988.08,debit,2026-09-07 00:14:20,D00514
WLT0021706,W0395,merchant,P00375,136.61,debit,2026-07-22 19:21:48,D00514
WLT0021717,W0395,merchant,P00021,176.91,debit,2026-08-31 19:05:14,D00514
WLT0021729,W0395,topup,WALLET_PRV,646.96,debit,2026-07-05 07:58:55,D00514
WLT0021732,W0395,topup,WALLET_PRV,1062.67,debit,2026-07-31 22:27:27,D00514
WLT0021747,W0395,merchant,P00297,859.83,debit,2026-08-07 20:34:29,D00514
WLT0021759,W0395,transfer,P00037,477.44,debit,2026-09-11 09:14:22,D00514
WLT0021766,W0396,merchant,P00109,4612.19,debit,2026-08-29 21:01:03,D00515
WLT0021796,W0396,transfer,P00127,6213.65,debit,2026-07-19 18:47:36,D00515
WLT0021810,W0396,topup,WALLET_PRV,6742.46,debit,2026-07-03 11:59:26,D00515
WLT0021820,W0396,merchant,P00227,1550.56,debit,2026-07-13 19:55:54,D00515
WLT0021830,W0396,merchant,P00213,5468.94,debit,2026-07-23 22:31:12,D00515
WLT0021842,W0397,merchant,P00323,4598.07,debit,2026-07-03 00:44:30,D00516
WLT0021930,W0399,merchant,P00023,2295.79,debit,2026-09-10 16:01:09,D00519
WLT0021931,W0399,merchant,P00219,725.35,debit,2026-07-24 09:06:08,D00519
WLT0021934,W0399,merchant,P00219,781.68,debit,2026-09-01 17:29:37,D00519
WLT0021941,W0399,merchant,P00301,213.33,debit,2026-07-24 13:52:03,D00519
WLT0021946,W0399,merchant,P00351,719.27,debit,2026-07-12 08:27:41,D00519
WLT0021962,W0399,merchant,P00193,5663.24,debit,2026-07-15 21:43:54,D00519
WLT0021972,W0399,merchant,P00203,2394.65,debit,2026-07-27 11:25:35,D00519
WLT0021975,W0399,topup,WALLET_PRV,2054.25,debit,2026-08-27 10:49:52,D00519
WLT0021984,W0399,merchant,P00219,1028.13,debit,2026-08-06 14:35:46,D00519
WLT0022000,W0399,topup,WALLET_PRV,2533.88,debit,2026-07-22 16:15:17,D00519
WLT0022005,W0399,topup,WALLET_PRV,2250.14,debit,2026-09-05 20:33:02,D00519
WLT0022007,W0399,merchant,P00203,1579.93,debit,2026-07-24 13:54:20,D00519
WLT0022018,W0400,merchant,P00017,2554.3,debit,2026-07-24 22:31:47,D00520
WLT0022019,W0400,topup,WALLET_PRV,4260.79,debit,2026-08-03 16:39:44,D00520
WLT0022022,W0400,merchant,P00375,384.09,debit,2026-08-09 15:34:09,D00520
WLT0022026,W0400,merchant,P00364,2196.11,debit,2026-09-07 01:46:46,D00520
WLT0022042,W0401,merchant,P00107,10910.7,debit,2026-09-04 11:49:08,D00521
WLT0022045,W0401,merchant,P00355,1812.83,debit,2026-07-04 12:26:39,D00521
WLT0022066,W0401,merchant,P00347,1391.46,debit,2026-08-05 16:42:07,D00521
WLT0022070,W0401,transfer,P00195,1681.43,debit,2026-09-07 22:21:14,D00521
WLT0022079,W0401,merchant,P00078,1552.28,debit,2026-07-02 14:19:02,D00521
WLT0022087,W0401,merchant,P00084,4190.41,debit,2026-07-31 11:02:35,D00521
WLT0022093,W0401,transfer,P00002,6219.22,debit,2026-08-26 11:19:00,D00521
WLT0022094,W0401,topup,WALLET_PRV,5627.84,debit,2026-07-13 08:13:48,D00521
WLT0022100,W0401,merchant,P00271,2091.71,debit,2026-09-07 16:46:55,D00521
WLT0022107,W0402,merchant,P00104,1638.45,debit,2026-09-04 16:30:49,D00522
WLT0022118,W0402,transfer,P00094,3221.95,debit,2026-08-08 08:31:43,D00522
WLT0022119,W0402,topup,WALLET_PRV,3045.23,debit,2026-08-31 07:14:29,D00522
WLT0022121,W0402,merchant,P00157,6089.96,debit,2026-07-24 12:47:03,D00522
WLT0022124,W0402,merchant,P00393,998.9,debit,2026-09-09 15:30:40,D00522
WLT0022138,W0402,transfer,P00116,1051.91,debit,2026-07-03 23:51:20,D00522
WLT0022141,W0402,topup,WALLET_PRV,2519.66,debit,2026-07-16 18:51:08,D00522
WLT0022167,W0402,merchant,P00239,1453.89,debit,2026-07-04 11:35:39,D00522
WLT0022176,W0402,merchant,P00239,3159.71,debit,2026-09-13 17:56:21,D00522
WLT0022184,W0402,transfer,P00047,2423.07,debit,2026-07-22 13:12:07,D00522
WLT0022192,W0403,merchant,P00279,1269.75,debit,2026-07-29 10:51:59,D00523
WLT0022203,W0403,merchant,P00159,1395.91,debit,2026-08-02 10:05:29,D00523
WLT0022210,W0403,merchant,P00279,119.81,debit,2026-07-04 12:41:15,D00523
WLT0022214,W0403,merchant,P00159,3224.69,debit,2026-09-07 21:47:37,D00523
WLT0022219,W0403,topup,WALLET_PRV,720.27,debit,2026-07-12 14:29:56,D00523
WLT0022227,W0403,topup,WALLET_PRV,2063.25,debit,2026-07-04 11:32:19,D00523
WLT0022233,W0403,topup,WALLET_PRV,1950.21,debit,2026-09-06 08:09:18,D00523
WLT0022247,W0403,merchant,P00241,289.21,debit,2026-09-02 22:28:59,D00523
WLT0022248,W0403,merchant,P00159,522.38,debit,2026-08-03 20:04:59,D00523
WLT0022252,W0403,merchant,P00241,835.97,debit,2026-07-30 16:43:23,D00523
WLT0022254,W0403,merchant,P00390,1088.25,debit,2026-07-23 16:49:50,D00523
WLT0022267,W0404,topup,WALLET_PRV,1708.53,debit,2026-07-14 09:49:02,D00524
WLT0022269,W0404,topup,WALLET_PRV,1970.38,debit,2026-08-01 17:05:57,D00525
WLT0022283,W0404,merchant,P00130,5074.94,debit,2026-09-13 13:29:53,D00524
WLT0022310,W0404,topup,WALLET_PRV,5184.05,debit,2026-07-01 11:18:54,D00525
WLT0022311,W0404,topup,WALLET_PRV,2544.71,debit,2026-07-25 11:46:44,D00524
WLT0022318,W0405,topup,WALLET_PRV,6182.26,debit,2026-08-14 17:57:06,D00526
WLT0022323,W0405,merchant,P00013,7753.59,debit,2026-09-12 22:53:25,D00526
WLT0022326,W0405,merchant,P00387,18548.71,debit,2026-08-08 09:30:49,D00526
WLT0022327,W0405,merchant,P00262,475.98,debit,2026-08-18 11:12:12,D00526
WLT0022334,W0405,merchant,P00387,15099.14,debit,2026-08-17 18:30:05,D00526
WLT0022340,W0405,merchant,P00033,4917.6,debit,2026-09-10 19:22:02,D00526
WLT0022344,W0405,topup,WALLET_PRV,6092.93,debit,2026-08-22 16:55:01,D00526
WLT0022351,W0405,merchant,P00262,1270.4,debit,2026-08-27 16:30:00,D00526
WLT0022358,W0405,merchant,P00118,11792.76,debit,2026-08-13 12:45:07,D00526
WLT0022362,W0405,merchant,P00262,3137.98,debit,2026-08-17 17:09:01,D00526
WLT0022368,W0405,topup,WALLET_PRV,7455.86,debit,2026-08-02 14:13:50,D00526
WLT0022370,W0405,merchant,P00013,10679.89,debit,2026-08-01 18:31:58,D00526
WLT0022397,W0406,merchant,P00167,265.73,debit,2026-08-25 16:30:24,D00527
WLT0022402,W0406,merchant,P00188,558.87,debit,2026-08-19 15:18:48,D00527
WLT0022404,W0406,transfer,P00257,394.5,debit,2026-07-01 13:08:48,D00527
WLT0022408,W0406,merchant,P00167,386.5,debit,2026-08-31 09:35:46,D00527
WLT0022426,W0407,topup,WALLET_PRV,1910.64,debit,2026-08-06 09:48:32,D00529
WLT0022442,W0407,merchant,P00015,2212.02,debit,2026-07-31 14:51:02,D00528
WLT0022452,W0407,topup,WALLET_PRV,859.87,debit,2026-08-07 13:37:31,D00528
WLT0022454,W0407,merchant,P00177,484.58,debit,2026-07-02 17:46:00,D00528
WLT0022462,W0407,transfer,P00257,736.76,debit,2026-07-03 20:42:36,D00529
WLT0022465,W0407,merchant,P00052,2163.52,debit,2026-08-09 19:34:49,D00528
WLT0022467,W0407,merchant,P00326,230.0,debit,2026-07-12 12:13:57,D00529
WLT0022471,W0407,merchant,P00123,263.4,debit,2026-08-26 18:38:28,D00528
WLT0022477,W0407,merchant,P00015,3107.07,debit,2026-08-30 18:38:29,D00528
WLT0022482,W0407,merchant,P00355,222.8,debit,2026-08-26 21:35:54,D00528
WLT0022487,W0407,merchant,P00210,620.44,debit,2026-07-03 20:02:45,D00528
WLT0022506,W0408,topup,WALLET_PRV,2728.29,debit,2026-09-08 08:07:05,D00530
WLT0022510,W0408,merchant,P00285,1231.66,debit,2026-07-05 16:32:39,D00530
WLT0022531,W0408,merchant,P00336,549.53,debit,2026-07-26 03:17:17,D00531
WLT0022542,W0408,merchant,P00246,1486.6,debit,2026-07-13 09:19:07,D00530
WLT0022556,W0409,merchant,P00312,1998.64,debit,2026-08-09 03:05:58,D00532
WLT0022559,W0409,topup,WALLET_PRV,1586.69,debit,2026-07-24 17:57:47,D00532
WLT0022565,W0409,merchant,P00017,1528.93,debit,2026-09-13 13:35:53,D00532
WLT0022583,W0409,merchant,P00312,1409.38,debit,2026-07-21 06:25:31,D00533
WLT0022602,W0409,merchant,P00175,3334.6,debit,2026-09-11 15:13:23,D00532
WLT0022603,W0409,topup,WALLET_PRV,2484.99,debit,2026-08-24 17:54:03,D00532
WLT0022635,W0409,merchant,P00152,2869.67,debit,2026-07-10 11:04:10,D00532
WLT0022647,W0410,merchant,P00057,1498.83,debit,2026-08-18 19:11:02,D00534
WLT0022650,W0410,merchant,P00005,713.27,debit,2026-07-16 14:19:26,D00534
WLT0022664,W0410,merchant,P00069,3474.3,debit,2026-07-19 07:02:55,D00534
WLT0022676,W0410,topup,WALLET_PRV,2606.98,debit,2026-08-05 15:29:49,D00534
WLT0022682,W0410,merchant,P00057,202.13,debit,2026-07-31 19:28:35,D00534
WLT0022698,W0410,transfer,P00195,4092.66,debit,2026-07-30 11:04:37,D00534
WLT0022708,W0411,merchant,P00104,1022.09,debit,2026-07-11 18:42:14,D00536
WLT0022712,W0411,topup,WALLET_PRV,347.29,debit,2026-07-10 16:53:18,D00536
WLT0022733,W0412,topup,WALLET_PRV,3180.36,debit,2026-09-11 08:15:03,D00537
WLT0022748,W0412,transfer,P00059,2059.76,debit,2026-07-18 15:57:20,D00537
WLT0022796,W0413,topup,WALLET_PRV,4746.05,debit,2026-07-08 18:31:12,D00538
WLT0022831,W0414,merchant,P00268,6736.84,debit,2026-07-30 15:40:40,D00539
WLT0022851,W0414,merchant,P00141,3620.82,debit,2026-07-30 04:12:42,D00539
WLT0022864,W0414,transfer,P00365,5103.33,debit,2026-08-22 07:38:37,D00539
WLT0022867,W0414,topup,WALLET_PRV,2455.48,debit,2026-07-26 02:24:40,D00539
WLT0022881,W0415,merchant,P00129,3040.15,debit,2026-07-29 13:16:12,D00540
WLT0022887,W0415,merchant,P00141,678.34,debit,2026-09-05 12:01:41,D00540
WLT0022918,W0415,merchant,P00212,1281.45,debit,2026-07-08 15:13:31,D00540
WLT0022923,W0415,merchant,P00212,1811.97,debit,2026-09-01 06:57:49,D00540
WLT0022947,W0416,merchant,P00306,4184.4,debit,2026-09-02 09:06:30,D00542
WLT0022949,W0416,topup,WALLET_PRV,9940.0,debit,2026-07-08 17:16:44,D00542
WLT0022951,W0416,transfer,P00002,6521.91,debit,2026-07-30 06:24:12,D00541
WLT0022972,W0416,merchant,P00125,2589.16,debit,2026-07-04 15:17:38,D00542
WLT0023032,W0417,merchant,P00019,657.07,debit,2026-09-07 12:04:06,D00543
WLT0023054,W0418,merchant,P00186,2898.49,debit,2026-08-29 06:58:16,D00544
WLT0023062,W0418,merchant,P00017,987.36,debit,2026-08-21 14:09:14,D00544
WLT0023067,W0418,merchant,P00259,7164.06,debit,2026-08-01 01:23:32,D00544
WLT0023088,W0419,merchant,P00289,741.4,debit,2026-07-06 12:46:06,D00545
WLT0023097,W0419,merchant,P00219,3321.97,debit,2026-08-31 10:18:30,D00545
WLT0023109,W0419,topup,WALLET_PRV,3741.28,debit,2026-08-15 17:35:38,D00545
WLT0023129,W0420,merchant,P00346,5608.39,debit,2026-08-25 09:23:24,D00546
WLT0023143,W0420,merchant,P00056,435.02,debit,2026-08-04 18:24:29,D00547
WLT0023163,W0421,transfer,P00243,915.75,debit,2026-08-26 16:26:44,D00548
WLT0023169,W0421,topup,WALLET_PRV,2904.19,debit,2026-07-10 17:38:09,D00549
WLT0023171,W0421,merchant,P00304,4389.99,debit,2026-07-29 21:05:44,D00549
WLT0023184,W0421,topup,WALLET_PRV,2953.47,debit,2026-07-16 20:21:26,D00548
WLT0023187,W0421,merchant,P00067,4270.74,debit,2026-07-12 11:59:45,D00548
WLT0023193,W0421,merchant,P00016,664.85,debit,2026-08-19 06:44:40,D00548
WLT0023195,W0421,merchant,P00213,1838.47,debit,2026-07-28 20:07:57,D00549
WLT0023219,W0421,merchant,P00266,1695.92,debit,2026-08-31 03:10:03,D00548
WLT0023225,W0421,topup,WALLET_PRV,1652.11,debit,2026-08-07 18:16:35,D00548
WLT0023228,W0421,topup,WALLET_PRV,3152.13,debit,2026-08-10 19:51:38,D00548
WLT0023256,W0422,merchant,P00121,1141.54,debit,2026-08-13 17:40:57,D00550
WLT0023287,W0422,merchant,P00225,1361.12,debit,2026-07-08 19:44:35,D00550
WLT0023290,W0422,merchant,P00390,5716.05,debit,2026-07-04 13:06:04,D00550
WLT0023304,W0423,topup,WALLET_PRV,6338.43,debit,2026-08-05 17:33:36,D00552
WLT0023312,W0423,merchant,P00282,1891.66,debit,2026-07-06 15:37:15,D00551
WLT0023314,W0423,merchant,P00379,1229.75,debit,2026-07-07 15:45:17,D00551
WLT0023339,W0423,merchant,P00344,1582.46,debit,2026-08-17 13:34:57,D00551
WLT0023340,W0423,topup,WALLET_PRV,9052.5,debit,2026-09-12 10:44:49,D00552
WLT0023348,W0423,merchant,P00379,1308.04,debit,2026-08-09 18:54:29,D00551
WLT0023349,W0423,topup,WALLET_PRV,8584.74,debit,2026-07-18 18:50:22,D00551
WLT0023374,W0424,merchant,P00331,2363.21,debit,2026-07-28 19:29:03,D00553
WLT0023379,W0424,merchant,P00311,2321.29,debit,2026-08-07 20:52:41,D00553
WLT0023383,W0424,topup,WALLET_PRV,6235.48,debit,2026-08-06 18:15:25,D00553
WLT0023430,W0425,topup,WALLET_PRV,2389.49,debit,2026-09-11 21:45:22,D00554
WLT0023437,W0425,merchant,P00121,1448.61,debit,2026-08-16 15:17:15,D00554
WLT0023439,W0425,merchant,P00396,1953.02,debit,2026-08-31 16:46:07,D00554
WLT0023453,W0425,merchant,P00242,2604.33,debit,2026-08-12 10:09:38,D00554
WLT0023456,W0425,merchant,P00210,2456.16,debit,2026-07-25 18:21:51,D00554
WLT0023464,W0426,topup,WALLET_PRV,2028.41,debit,2026-07-11 07:55:09,D00555
WLT0023479,W0426,merchant,P00061,1892.54,debit,2026-09-13 20:30:58,D00556
WLT0023488,W0426,topup,WALLET_PRV,2680.21,debit,2026-07-19 22:38:23,D00555
WLT0023493,W0426,merchant,P00005,2029.11,debit,2026-07-04 04:21:42,D00555
WLT0023501,W0426,topup,WALLET_PRV,1980.58,debit,2026-09-06 19:46:50,D00555
WLT0023510,W0426,merchant,P00005,1524.31,debit,2026-08-28 07:30:21,D00555
WLT0023529,W0427,merchant,P00198,2369.5,debit,2026-08-18 09:21:29,D00557
WLT0023534,W0427,merchant,P00123,1463.53,debit,2026-08-10 14:52:57,D00557
WLT0023537,W0427,topup,WALLET_PRV,4849.58,debit,2026-08-23 10:58:43,D00557
WLT0023541,W0427,merchant,P00198,3059.31,debit,2026-08-26 19:19:29,D00557
WLT0023545,W0427,merchant,P00145,1060.96,debit,2026-09-09 13:13:01,D00557
WLT0023546,W0427,merchant,P00198,5108.66,debit,2026-08-23 20:45:16,D00557
WLT0023550,W0427,merchant,P00222,521.87,debit,2026-07-15 23:09:31,D00557
WLT0023554,W0427,merchant,P00075,1320.01,debit,2026-08-06 13:34:55,D00557
WLT0023577,W0428,merchant,P00038,1145.57,debit,2026-08-26 13:14:07,D00558
WLT0023592,W0428,transfer,P00002,2330.3,debit,2026-08-13 11:02:20,D00559
WLT0023606,W0428,merchant,P00395,2183.63,debit,2026-08-28 12:55:51,D00559
WLT0023611,W0428,merchant,P00088,284.1,debit,2026-07-08 16:57:57,D00559
WLT0023617,W0428,merchant,P00102,20665.25,debit,2026-08-25 12:52:16,D00558
WLT0023619,W0428,topup,WALLET_PRV,2956.07,debit,2026-07-30 10:41:14,D00558
WLT0023623,W0428,merchant,P00148,1877.29,debit,2026-07-06 18:08:25,D00558
WLT0023625,W0428,merchant,P00088,1023.05,debit,2026-07-26 10:42:29,D00558
WLT0023638,W0429,topup,WALLET_PRV,1841.66,debit,2026-08-06 15:17:24,D00560
WLT0023657,W0429,topup,WALLET_PRV,3332.87,debit,2026-07-12 07:46:17,D00560
WLT0023659,W0429,merchant,P00256,727.66,debit,2026-09-12 17:11:28,D00560
WLT0023665,W0429,merchant,P00375,1162.93,debit,2026-08-14 13:01:14,D00560
WLT0023688,W0430,merchant,P00166,1646.96,debit,2026-07-31 14:13:07,D00561
WLT0023707,W0430,topup,WALLET_PRV,2238.95,debit,2026-07-22 19:15:54,D00561
WLT0023738,W0430,merchant,P00071,1857.64,debit,2026-07-14 12:07:34,D00561
WLT0023740,W0430,merchant,P00071,2200.51,debit,2026-08-24 10:31:34,D00561
WLT0023753,W0431,merchant,P00337,17184.35,debit,2026-08-29 22:37:31,D00562
WLT0023764,W0431,merchant,P00388,1118.28,debit,2026-08-28 18:47:11,D00562
WLT0023767,W0431,topup,WALLET_PRV,7053.81,debit,2026-09-03 15:26:57,D00562
WLT0023770,W0431,topup,WALLET_PRV,7215.74,debit,2026-07-30 18:06:17,D00562
WLT0023786,W0431,topup,WALLET_PRV,7734.66,debit,2026-08-05 09:59:38,D00562
WLT0023787,W0431,topup,WALLET_PRV,5972.42,debit,2026-08-03 08:47:46,D00562
WLT0023788,W0431,merchant,P00071,1453.4,debit,2026-08-16 18:40:52,D00562
WLT0023789,W0431,merchant,P00040,1505.4,debit,2026-07-29 19:16:21,D00562
WLT0023793,W0431,merchant,P00040,1256.38,debit,2026-07-31 09:43:55,D00562
WLT0023818,W0431,merchant,P00050,2797.66,debit,2026-07-18 11:42:15,D00562
WLT0023825,W0431,topup,WALLET_PRV,3496.77,debit,2026-07-16 22:49:55,D00562
WLT0023829,W0431,merchant,P00160,2109.6,debit,2026-07-07 14:21:50,D00562
WLT0023837,W0431,merchant,P00337,6738.76,debit,2026-07-25 00:22:52,D00562
WLT0023841,W0431,topup,WALLET_PRV,3132.5,debit,2026-08-06 09:19:03,D00562
WLT0023848,W0431,merchant,P00399,1910.37,debit,2026-07-27 19:32:43,D00562
WLT0023851,W0431,merchant,P00393,1197.57,debit,2026-08-25 15:03:30,D00562
WLT0023877,W0432,merchant,P00005,1359.61,debit,2026-09-07 19:39:16,D00563
WLT0023884,W0432,merchant,P00191,3573.66,debit,2026-09-13 20:17:22,D00563
WLT0023899,W0432,merchant,P00330,1072.63,debit,2026-07-09 18:26:45,D00563
WLT0023903,W0432,merchant,P00137,2840.58,debit,2026-09-13 14:06:14,D00563
WLT0023935,W0433,merchant,P00347,381.19,debit,2026-08-03 09:51:59,D00564
WLT0023944,W0433,transfer,P00280,863.73,debit,2026-08-22 18:13:09,D00564
WLT0023950,W0433,merchant,P00209,781.35,debit,2026-08-26 17:11:51,D00564
WLT0023962,W0433,merchant,P00381,1113.85,debit,2026-09-07 19:12:25,D00564
WLT0023963,W0433,topup,WALLET_PRV,3679.04,debit,2026-07-26 14:07:31,D00564
WLT0023964,W0433,merchant,P00370,463.18,debit,2026-08-25 18:30:17,D00564
WLT0023972,W0433,merchant,P00091,1814.81,debit,2026-07-19 14:24:54,D00564
WLT0023978,W0433,merchant,P00091,5639.11,debit,2026-07-06 08:20:36,D00564
WLT0023979,W0433,merchant,P00381,1261.79,debit,2026-08-02 19:21:01,D00564
WLT0023983,W0433,merchant,P00209,674.69,debit,2026-08-16 16:11:55,D00564
WLT0023992,W0433,topup,WALLET_PRV,3708.83,debit,2026-07-26 09:02:40,D00564
WLT0023993,W0433,topup,WALLET_PRV,3428.87,debit,2026-09-05 21:26:27,D00564
WLT0023998,W0433,topup,WALLET_PRV,1129.3,debit,2026-08-12 00:18:52,D00564
WLT0024011,W0433,merchant,P00347,440.06,debit,2026-08-15 17:13:48,D00564
WLT0024013,W0433,transfer,P00127,687.77,debit,2026-07-04 21:13:16,D00564
WLT0024017,W0433,transfer,P00280,2087.66,debit,2026-07-13 18:16:16,D00564
WLT0024019,W0433,topup,WALLET_PRV,2917.4,debit,2026-07-13 12:38:25,D00564
WLT0024034,W0434,transfer,P00303,3324.64,debit,2026-07-23 15:42:05,D00565
WLT0024038,W0434,transfer,P00243,2753.69,debit,2026-08-25 20:08:12,D00565
WLT0024052,W0435,merchant,P00144,1319.44,debit,2026-07-31 08:40:48,D00566
WLT0024068,W0435,topup,WALLET_PRV,4098.85,debit,2026-08-31 14:23:50,D00566
WLT0024087,W0435,topup,WALLET_PRV,4190.09,debit,2026-07-15 08:31:52,D00566
WLT0024093,W0435,merchant,P00387,2788.19,debit,2026-07-01 18:53:53,D00566
WLT0024115,W0436,topup,WALLET_PRV,799.56,debit,2026-07-04 10:48:55,D00567
WLT0024123,W0436,merchant,P00333,659.02,debit,2026-09-06 13:47:12,D00567
WLT0024158,W0437,merchant,P00061,2705.36,debit,2026-08-04 13:07:50,D00568
WLT0024166,W0437,topup,WALLET_PRV,3313.86,debit,2026-09-01 17:53:47,D00569
WLT0024174,W0437,merchant,P00354,916.37,debit,2026-08-03 18:58:13,D00568
WLT0024182,W0437,merchant,P00097,2836.88,debit,2026-07-16 19:26:02,D00568
WLT0024201,W0437,merchant,P00358,2177.99,debit,2026-08-20 13:17:08,D00568
WLT0024202,W0437,transfer,P00197,2093.58,debit,2026-09-13 14:09:41,D00569
WLT0024204,W0437,merchant,P00198,2795.07,debit,2026-07-18 08:53:49,D00568
WLT0024215,W0438,topup,WALLET_PRV,5030.66,debit,2026-08-08 11:37:33,D00570
WLT0024216,W0438,merchant,P00191,24690.63,debit,2026-08-04 22:56:32,D00571
WLT0024229,W0438,merchant,P00067,1778.25,debit,2026-08-28 14:39:34,D00570
WLT0024289,W0439,merchant,P00271,799.22,debit,2026-09-11 09:06:19,D00572
WLT0024293,W0439,merchant,P00061,652.51,debit,2026-07-13 17:40:24,D00572
WLT0024305,W0439,merchant,P00263,1662.06,debit,2026-08-20 08:19:32,D00572
WLT0024311,W0439,merchant,P00395,2446.08,debit,2026-08-24 15:40:37,D00572
WLT0024315,W0439,merchant,P00286,666.34,debit,2026-08-07 18:28:37,D00572
WLT0024336,W0439,topup,WALLET_PRV,2570.68,debit,2026-08-06 23:10:52,D00572
WLT0024337,W0439,topup,WALLET_PRV,2846.36,debit,2026-08-19 09:08:25,D00572
WLT0024360,W0439,merchant,P00030,2212.84,debit,2026-08-03 18:09:43,D00572
WLT0024413,W0441,merchant,P00342,5183.08,debit,2026-07-28 21:45:33,D00574
WLT0024416,W0441,transfer,P00214,4138.11,debit,2026-08-02 15:54:10,D00574
WLT0024418,W0441,transfer,P00156,4198.12,debit,2026-08-31 17:51:37,D00574
WLT0024426,W0441,topup,WALLET_PRV,3690.12,debit,2026-08-10 12:52:25,D00574
WLT0024472,W0442,merchant,P00239,321.9,debit,2026-08-26 13:19:33,D00575
WLT0024524,W0443,topup,WALLET_PRV,10421.89,debit,2026-07-15 20:11:07,D00576
WLT0024539,W0443,merchant,P00362,6557.89,debit,2026-07-22 17:24:25,D00576
WLT0024549,W0443,merchant,P00100,10722.1,debit,2026-08-23 15:03:18,D00576
WLT0024553,W0444,merchant,P00160,2731.49,debit,2026-07-26 13:55:30,D00577
WLT0024566,W0444,transfer,P00254,2312.75,debit,2026-08-09 13:50:19,D00577
WLT0024594,W0444,topup,WALLET_PRV,2226.96,debit,2026-08-05 07:19:03,D00578
WLT0024604,W0444,merchant,P00298,564.38,debit,2026-09-08 21:26:29,D00577
WLT0024610,W0444,topup,WALLET_PRV,1419.77,debit,2026-07-08 20:48:56,D00577
WLT0024611,W0444,transfer,P00037,2098.68,debit,2026-08-14 14:46:41,D00578
WLT0024620,W0445,transfer,P00254,2416.72,debit,2026-09-01 13:40:58,D00579
WLT0024636,W0445,merchant,P00400,5914.72,debit,2026-08-12 13:54:34,D00579
WLT0024637,W0445,topup,WALLET_PRV,6439.14,debit,2026-09-04 20:07:48,D00579
WLT0024647,W0445,merchant,P00297,1627.26,debit,2026-08-19 17:36:40,D00579
WLT0024650,W0445,merchant,P00341,1977.39,debit,2026-08-09 12:44:09,D00579
WLT0024684,W0446,merchant,P00080,6327.2,debit,2026-08-05 15:12:47,D00581
WLT0024685,W0446,transfer,P00365,19780.94,debit,2026-08-08 19:22:55,D00581
WLT0024699,W0446,topup,WALLET_PRV,15011.05,debit,2026-07-25 18:21:11,D00580
WLT0024717,W0446,topup,WALLET_PRV,11965.91,debit,2026-08-18 13:56:22,D00580
WLT0024725,W0446,merchant,P00222,5411.42,debit,2026-09-08 21:54:06,D00580
WLT0024726,W0446,merchant,P00360,6828.78,debit,2026-08-10 13:55:14,D00580
WLT0024730,W0446,merchant,P00370,2310.57,debit,2026-08-03 12:13:30,D00580
WLT0024745,W0447,merchant,P00044,569.45,debit,2026-09-06 10:24:37,D00582
WLT0024749,W0447,topup,WALLET_PRV,2181.88,debit,2026-07-17 19:04:23,D00582
WLT0024753,W0447,merchant,P00188,882.63,debit,2026-07-16 09:16:20,D00582
WLT0024775,W0447,transfer,P00205,820.03,debit,2026-07-15 15:04:31,D00582
WLT0024776,W0447,merchant,P00341,164.07,debit,2026-07-12 13:35:31,D00582
WLT0024780,W0447,transfer,P00243,1690.5,debit,2026-07-25 11:57:12,D00582
WLT0024800,W0448,merchant,P00258,181.35,debit,2026-08-19 07:02:48,D00584
WLT0024804,W0448,transfer,P00280,839.68,debit,2026-08-24 00:10:47,D00584
WLT0024808,W0448,merchant,P00324,1230.57,debit,2026-07-08 15:42:57,D00584
WLT0024810,W0448,merchant,P00324,602.92,debit,2026-08-25 11:54:29,D00584
WLT0024818,W0448,merchant,P00291,519.66,debit,2026-08-03 16:44:39,D00583
WLT0024820,W0448,topup,WALLET_PRV,1340.55,debit,2026-07-28 08:01:02,D00583
WLT0024831,W0448,merchant,P00258,290.48,debit,2026-08-23 14:45:09,D00583
WLT0024835,W0448,merchant,P00266,1412.33,debit,2026-07-29 08:55:06,D00583
WLT0024843,W0448,merchant,P00056,148.68,debit,2026-08-27 18:50:09,D00584
WLT0024851,W0448,merchant,P00258,640.05,debit,2026-08-23 12:40:17,D00583
WLT0024870,W0449,topup,WALLET_PRV,6038.01,debit,2026-08-31 12:36:47,D00585
WLT0024880,W0449,topup,WALLET_PRV,3525.36,debit,2026-07-08 14:40:08,D00585
WLT0024939,W0450,merchant,P00139,3621.3,debit,2026-07-02 19:41:52,D00586
WLT0024948,W0450,merchant,P00263,1588.64,debit,2026-07-28 14:53:33,D00586
WLT0024949,W0450,merchant,P00045,13069.72,debit,2026-07-22 23:04:39,D00586
WLT0024968,W0451,merchant,P00236,1479.55,debit,2026-08-05 02:57:15,D00588
WLT0024979,W0451,merchant,P00260,2883.32,debit,2026-07-15 11:49:13,D00588
WLT0024980,W0451,merchant,P00045,21291.02,debit,2026-08-03 18:38:27,D00588
WLT0024986,W0451,topup,WALLET_PRV,2247.17,debit,2026-08-18 17:22:47,D00588
WLT0024988,W0451,merchant,P00079,2844.31,debit,2026-07-08 06:30:15,D00588
WLT0025001,W0451,topup,WALLET_PRV,2216.82,debit,2026-08-01 14:20:37,D00588
WLT0025006,W0451,merchant,P00279,1133.67,debit,2026-07-12 22:20:52,D00588
WLT0025024,W0451,topup,WALLET_PRV,2429.68,debit,2026-08-02 08:44:36,D00588
WLT0025026,W0451,merchant,P00169,1980.98,debit,2026-08-12 19:37:42,D00588
WLT0025049,W0452,merchant,P00023,2642.17,debit,2026-08-07 10:09:07,D00589
WLT0025053,W0452,topup,WALLET_PRV,1681.98,debit,2026-07-04 02:32:42,D00589
WLT0025061,W0452,transfer,P00094,1225.59,debit,2026-08-13 20:14:11,D00589
WLT0025069,W0452,transfer,P00014,2360.2,debit,2026-08-17 20:45:51,D00589
WLT0025078,W0452,transfer,P00261,808.47,debit,2026-09-06 21:06:27,D00589
WLT0025089,W0452,topup,WALLET_PRV,1622.02,debit,2026-08-08 09:51:39,D00589
WLT0025093,W0452,transfer,P00014,2016.1,debit,2026-07-19 20:56:50,D00589
WLT0025094,W0452,topup,WALLET_PRV,1800.72,debit,2026-07-24 08:34:52,D00589
WLT0025105,W0452,topup,WALLET_PRV,3756.39,debit,2026-08-26 02:47:44,D00589
WLT0025125,W0453,merchant,P00179,609.49,debit,2026-08-27 11:27:56,D00590
WLT0025127,W0453,merchant,P00297,4462.01,debit,2026-08-27 18:36:32,D00590
WLT0025136,W0453,merchant,P00007,616.25,debit,2026-08-10 19:35:14,D00590
WLT0025139,W0453,topup,WALLET_PRV,2024.25,debit,2026-08-31 08:53:25,D00590
WLT0025146,W0453,topup,WALLET_PRV,5003.68,debit,2026-08-24 09:10:08,D00590
WLT0025147,W0453,merchant,P00251,2934.07,debit,2026-08-28 22:05:10,D00590
WLT0025163,W0454,merchant,P00353,404.94,debit,2026-08-09 12:02:06,D00591
WLT0025164,W0454,topup,WALLET_PRV,1904.44,debit,2026-07-10 19:38:59,D00591
WLT0025189,W0454,merchant,P00363,709.18,debit,2026-09-13 11:21:07,D00591
WLT0025227,W0455,merchant,P00077,591.16,debit,2026-07-23 17:58:40,D00592
WLT0025235,W0455,topup,WALLET_PRV,3414.05,debit,2026-08-28 18:09:42,D00592
WLT0025236,W0455,merchant,P00191,5567.99,debit,2026-08-18 07:13:24,D00592
WLT0025240,W0455,topup,WALLET_PRV,2707.0,debit,2026-08-23 15:51:49,D00592
WLT0025241,W0455,topup,WALLET_PRV,3248.02,debit,2026-07-06 09:21:42,D00592
WLT0025245,W0455,merchant,P00092,1687.68,debit,2026-09-03 22:20:58,D00592
WLT0025246,W0455,merchant,P00398,1049.47,debit,2026-08-06 18:51:05,D00592
WLT0025247,W0455,merchant,P00161,641.19,debit,2026-07-26 10:14:59,D00592
WLT0025248,W0455,merchant,P00100,2627.34,debit,2026-09-09 19:26:46,D00592
WLT0025255,W0455,merchant,P00262,1421.08,debit,2026-08-10 08:10:55,D00592
WLT0025266,W0455,topup,WALLET_PRV,2250.5,debit,2026-07-28 21:04:40,D00592
WLT0025275,W0455,merchant,P00076,2577.42,debit,2026-09-03 08:38:27,D00592
WLT0025279,W0455,merchant,P00095,247.29,debit,2026-09-06 11:38:26,D00592
WLT0025281,W0455,merchant,P00262,1041.2,debit,2026-07-26 08:03:30,D00592
WLT0025311,W0456,topup,WALLET_PRV,2800.54,debit,2026-07-20 20:18:08,D00594
WLT0025327,W0456,merchant,P00045,5524.61,debit,2026-08-22 19:41:51,D00593
WLT0025336,W0456,transfer,P00373,1712.74,debit,2026-08-17 17:38:04,D00593
WLT0025341,W0457,merchant,P00058,1108.22,debit,2026-08-01 18:01:14,D00595
WLT0025345,W0457,topup,WALLET_PRV,885.02,debit,2026-08-26 08:47:40,D00596
WLT0025346,W0457,merchant,P00252,797.76,debit,2026-07-04 14:27:35,D00596
WLT0025349,W0457,merchant,P00378,1954.05,debit,2026-07-07 16:11:23,D00595
WLT0025365,W0457,merchant,P00394,1475.23,debit,2026-08-06 14:01:48,D00595
WLT0025376,W0457,merchant,P00362,1300.13,debit,2026-09-06 10:55:05,D00595
WLT0025430,W0458,merchant,P00163,396.76,debit,2026-08-19 15:07:43,D00597
WLT0025435,W0458,topup,WALLET_PRV,934.26,debit,2026-08-02 22:50:31,D00597
WLT0025446,W0458,merchant,P00065,1187.16,debit,2026-08-01 09:58:13,D00597
WLT0025465,W0459,merchant,P00178,1126.92,debit,2026-08-04 11:18:07,D00598
WLT0025469,W0459,merchant,P00221,672.29,debit,2026-07-18 17:40:28,D00598
WLT0025476,W0459,topup,WALLET_PRV,1510.34,debit,2026-07-02 13:02:44,D00598
WLT0025499,W0459,merchant,P00152,3717.54,debit,2026-08-02 11:07:05,D00598
WLT0025501,W0459,topup,WALLET_PRV,2306.81,debit,2026-09-02 01:43:37,D00598
WLT0025508,W0459,merchant,P00092,1621.42,debit,2026-07-25 19:01:09,D00598
WLT0025531,W0460,merchant,P00237,329.13,debit,2026-07-19 14:50:21,D00599
WLT0025536,W0460,merchant,P00237,839.22,debit,2026-08-31 22:18:43,D00599
WLT0025544,W0460,topup,WALLET_PRV,2233.6,debit,2026-09-06 09:31:24,D00599
WLT0025567,W0460,merchant,P00221,179.4,debit,2026-08-06 19:51:46,D00599
WLT0025572,W0460,topup,WALLET_PRV,1992.78,debit,2026-07-07 15:09:01,D00599
WLT0025579,W0460,topup,WALLET_PRV,2375.34,debit,2026-08-06 10:11:19,D00599
WLT0025580,W0460,merchant,P00095,176.73,debit,2026-07-18 08:30:09,D00599
WLT0025590,W0461,topup,WALLET_PRV,3508.81,debit,2026-07-18 14:39:35,D00600
WLT0025615,W0461,merchant,P00301,621.89,debit,2026-09-05 14:55:10,D00600
WLT0025634,W0461,topup,WALLET_PRV,2065.05,debit,2026-09-03 09:04:42,D00600
WLT0025653,W0461,transfer,P00254,1649.84,debit,2026-07-11 01:56:46,D00600
WLT0025664,W0462,transfer,P00059,1712.66,debit,2026-07-31 21:31:05,D00601
WLT0025666,W0462,transfer,P00059,2114.47,debit,2026-08-19 21:01:41,D00601
WLT0025670,W0462,merchant,P00384,6755.3,debit,2026-08-14 19:37:53,D00601
WLT0025682,W0462,transfer,P00002,4040.78,debit,2026-07-13 06:16:34,D00601
WLT0025694,W0462,transfer,P00059,1275.2,debit,2026-09-10 13:00:26,D00601
WLT0025695,W0462,topup,WALLET_PRV,1513.58,debit,2026-07-31 08:19:38,D00601
WLT0025720,W0463,topup,WALLET_PRV,1118.07,debit,2026-07-19 11:11:16,D00602
WLT0025726,W0463,topup,WALLET_PRV,2396.76,debit,2026-07-01 11:06:29,D00602
WLT0025730,W0463,merchant,P00372,333.28,debit,2026-08-14 19:36:45,D00602
WLT0025732,W0463,merchant,P00118,15208.2,debit,2026-08-30 17:35:24,D00602
WLT0025739,W0463,merchant,P00252,2138.36,debit,2026-07-22 21:27:14,D00602
WLT0025754,W0463,transfer,P00214,1203.59,debit,2026-09-10 21:18:43,D00602
WLT0025765,W0463,topup,WALLET_PRV,3465.71,debit,2026-09-12 09:49:22,D00602
WLT0025771,W0463,transfer,P00208,553.69,debit,2026-07-07 06:07:22,D00602
WLT0025772,W0463,merchant,P00008,2896.6,debit,2026-07-11 11:42:47,D00602
WLT0025807,W0464,merchant,P00082,1191.6,debit,2026-08-10 22:30:10,D00603
WLT0025814,W0464,merchant,P00082,515.03,debit,2026-08-14 20:44:10,D00604
WLT0025857,W0465,merchant,P00064,1909.97,debit,2026-07-29 20:10:31,D00605
WLT0025860,W0465,merchant,P00343,1386.04,debit,2026-07-02 13:03:17,D00605
WLT0025864,W0465,merchant,P00295,2797.34,debit,2026-09-13 10:54:46,D00605
WLT0025870,W0465,topup,WALLET_PRV,1668.43,debit,2026-07-07 20:08:02,D00605
WLT0025872,W0465,topup,WALLET_PRV,2641.35,debit,2026-08-06 16:11:51,D00605
WLT0025874,W0465,merchant,P00143,1813.98,debit,2026-08-04 21:17:36,D00605
WLT0025876,W0465,transfer,P00257,1123.48,debit,2026-08-14 18:30:21,D00605
WLT0025878,W0465,transfer,P00205,851.57,debit,2026-08-21 22:35:49,D00605
WLT0025880,W0465,merchant,P00064,5032.04,debit,2026-08-06 18:13:45,D00605
WLT0025881,W0465,transfer,P00054,2230.62,debit,2026-07-31 21:59:36,D00605
WLT0025917,W0466,topup,WALLET_PRV,1814.85,debit,2026-09-05 18:35:16,D00606
WLT0025932,W0466,merchant,P00198,1275.23,debit,2026-07-02 11:00:16,D00606
WLT0025936,W0466,topup,WALLET_PRV,2959.87,debit,2026-08-15 14:21:04,D00606
WLT0025941,W0466,merchant,P00198,1091.0,debit,2026-09-13 13:27:56,D00606
WLT0025944,W0466,transfer,P00014,1296.53,debit,2026-09-08 20:13:46,D00606
WLT0025955,W0466,merchant,P00252,3147.7,debit,2026-09-02 16:24:33,D00606
WLT0025973,W0466,topup,WALLET_PRV,2328.14,debit,2026-08-29 14:32:51,D00606
WLT0025975,W0466,topup,WALLET_PRV,1241.97,debit,2026-08-03 09:15:37,D00606
WLT0025979,W0466,merchant,P00114,152.36,debit,2026-08-09 10:47:50,D00606
WLT0026006,W0467,transfer,P00240,3470.43,debit,2026-07-28 15:35:16,D00607
WLT0026012,W0467,merchant,P00003,624.23,debit,2026-07-10 08:21:40,D00607
WLT0026040,W0468,topup,WALLET_PRV,6019.75,debit,2026-07-09 11:04:50,D00609
WLT0026073,W0468,merchant,P00352,2169.99,debit,2026-08-23 07:01:58,D00609
WLT0026090,W0468,topup,WALLET_PRV,10484.23,debit,2026-07-21 21:47:31,D00609
WLT0026098,W0468,merchant,P00107,28162.8,debit,2026-07-15 22:13:20,D00609
WLT0026100,W0468,merchant,P00076,4951.53,debit,2026-08-12 19:46:29,D00609
WLT0026111,W0469,merchant,P00335,2272.9,debit,2026-09-05 17:10:30,D00610
WLT0026122,W0469,topup,WALLET_PRV,1148.97,debit,2026-07-28 08:43:54,D00611
WLT0026126,W0469,topup,WALLET_PRV,2744.09,debit,2026-07-09 08:43:04,D00610
WLT0026130,W0469,merchant,P00010,967.79,debit,2026-07-21 10:43:31,D00610
WLT0026139,W0469,topup,WALLET_PRV,3223.19,debit,2026-09-03 14:41:53,D00610
WLT0026152,W0470,topup,WALLET_PRV,1779.6,debit,2026-08-02 21:54:10,D00612
WLT0026153,W0470,transfer,P00051,4202.43,debit,2026-07-12 11:18:27,D00612
WLT0026154,W0470,topup,WALLET_PRV,2488.38,debit,2026-07-12 12:03:07,D00612
WLT0026159,W0470,merchant,P00237,1918.1,debit,2026-08-22 08:52:42,D00612
WLT0026210,W0471,merchant,P00175,4432.89,debit,2026-08-27 20:18:15,D00613
WLT0026224,W0471,topup,WALLET_PRV,1549.89,debit,2026-07-08 10:14:48,D00613
WLT0026228,W0471,merchant,P00107,1576.14,debit,2026-08-26 18:33:14,D00613
WLT0026232,W0471,transfer,P00011,462.66,debit,2026-07-16 21:53:28,D00613
WLT0026238,W0471,topup,WALLET_PRV,2536.15,debit,2026-07-07 18:33:25,D00613
WLT0026240,W0471,merchant,P00250,745.82,debit,2026-08-30 22:54:06,D00613
WLT0026243,W0471,merchant,P00040,1479.56,debit,2026-09-05 08:27:27,D00613
WLT0026269,W0472,merchant,P00203,5307.5,debit,2026-07-10 11:55:09,D00614
WLT0026289,W0473,merchant,P00204,2325.17,debit,2026-07-03 11:03:10,D00615
WLT0026314,W0473,merchant,P00072,1991.66,debit,2026-08-03 09:50:09,D00615
WLT0026315,W0473,merchant,P00108,7121.09,debit,2026-07-15 18:51:07,D00616
WLT0026327,W0473,merchant,P00380,6902.28,debit,2026-07-25 20:32:34,D00616
WLT0026330,W0473,merchant,P00076,6178.17,debit,2026-07-23 11:23:54,D00615
WLT0026339,W0473,merchant,P00049,1270.68,debit,2026-07-31 02:30:59,D00615
WLT0026364,W0474,merchant,P00269,2793.53,debit,2026-08-07 14:26:00,D00617
WLT0026369,W0474,topup,WALLET_PRV,4387.13,debit,2026-08-13 19:05:20,D00617
WLT0026374,W0474,merchant,P00295,9267.85,debit,2026-07-17 18:22:12,D00617
WLT0026380,W0474,merchant,P00039,5752.2,debit,2026-08-05 14:45:36,D00617
WLT0026383,W0474,merchant,P00039,7220.6,debit,2026-07-06 19:08:28,D00617
WLT0026389,W0474,transfer,P00234,800.2,debit,2026-08-01 09:41:53,D00617
WLT0026391,W0474,transfer,P00156,1800.35,debit,2026-09-02 11:26:35,D00617
WLT0026416,W0475,merchant,P00190,277.19,debit,2026-08-21 09:11:40,D00618
WLT0026419,W0475,topup,WALLET_PRV,1454.57,debit,2026-07-20 13:58:32,D00618
WLT0026498,W0476,merchant,P00361,7979.06,debit,2026-08-01 06:41:15,D00619
WLT0026507,W0476,topup,WALLET_PRV,1878.43,debit,2026-07-13 17:49:27,D00619
WLT0026521,W0476,merchant,P00105,2317.9,debit,2026-07-26 07:53:24,D00619
WLT0026533,W0477,merchant,P00182,9785.7,debit,2026-09-10 00:45:18,D00620
WLT0026537,W0477,topup,WALLET_PRV,3559.53,debit,2026-08-11 12:02:33,D00620
WLT0026550,W0477,topup,WALLET_PRV,5131.67,debit,2026-08-26 18:36:11,D00620
WLT0026566,W0477,merchant,P00287,2728.91,debit,2026-07-24 22:49:18,D00620
WLT0026632,W0478,merchant,P00213,5412.36,debit,2026-09-04 17:25:44,D00621
WLT0026636,W0478,topup,WALLET_PRV,2261.85,debit,2026-09-04 14:04:50,D00621
WLT0026642,W0479,topup,WALLET_PRV,3172.76,debit,2026-08-31 16:29:08,D00623
WLT0026662,W0479,merchant,P00063,1255.08,debit,2026-08-01 17:47:29,D00622
WLT0026669,W0479,topup,WALLET_PRV,7482.15,debit,2026-07-03 07:48:55,D00622
WLT0026678,W0479,transfer,P00156,6227.36,debit,2026-08-31 20:53:19,D00622
WLT0026699,W0480,topup,WALLET_PRV,1837.76,debit,2026-07-28 21:13:34,D00624
WLT0026703,W0480,merchant,P00278,1248.31,debit,2026-08-19 20:06:51,D00624
WLT0026704,W0480,merchant,P00123,524.86,debit,2026-07-31 19:38:45,D00624
WLT0026711,W0480,merchant,P00092,1016.28,debit,2026-09-02 20:19:43,D00624
WLT0026712,W0480,merchant,P00164,10388.43,debit,2026-09-03 08:34:16,D00624
WLT0026733,W0481,transfer,P00037,641.23,debit,2026-07-03 12:58:57,D00625
WLT0026734,W0481,merchant,P00103,477.35,debit,2026-09-04 02:04:28,D00625
WLT0026743,W0481,transfer,P00348,597.59,debit,2026-07-14 11:47:46,D00625
WLT0026744,W0481,topup,WALLET_PRV,842.05,debit,2026-07-26 19:27:20,D00625
WLT0026760,W0481,merchant,P00036,606.32,debit,2026-07-21 14:09:39,D00625
WLT0026766,W0481,merchant,P00400,663.22,debit,2026-07-23 18:05:53,D00625
WLT0026770,W0481,topup,WALLET_PRV,832.29,debit,2026-08-20 16:14:39,D00625
WLT0026775,W0481,merchant,P00048,386.74,debit,2026-07-05 19:29:23,D00625
WLT0026832,W0482,merchant,P00212,2786.97,debit,2026-07-23 07:57:25,D00626
WLT0026839,W0483,merchant,P00013,554.39,debit,2026-08-20 11:24:30,D00627
WLT0026845,W0483,merchant,P00333,410.33,debit,2026-08-10 09:03:36,D00627
WLT0026879,W0483,topup,WALLET_PRV,601.21,debit,2026-08-17 14:27:40,D00627
WLT0026880,W0483,merchant,P00396,327.61,debit,2026-07-23 20:00:01,D00628
WLT0026890,W0483,topup,WALLET_PRV,1097.91,debit,2026-07-11 06:48:13,D00627
WLT0026910,W0484,merchant,P00138,675.02,debit,2026-09-02 08:00:57,D00629
WLT0026913,W0484,merchant,P00061,786.0,debit,2026-07-10 21:51:57,D00629
WLT0026919,W0484,merchant,P00060,1020.59,debit,2026-09-06 09:54:29,D00629
WLT0026922,W0484,topup,WALLET_PRV,2363.58,debit,2026-07-03 14:30:18,D00629
WLT0026938,W0484,topup,WALLET_PRV,1395.98,debit,2026-07-11 08:42:08,D00629
WLT0026950,W0484,merchant,P00160,4710.7,debit,2026-09-10 03:15:44,D00629
WLT0026964,W0485,topup,WALLET_PRV,8230.53,debit,2026-07-14 22:16:29,D00630
WLT0026970,W0485,merchant,P00375,4920.93,debit,2026-08-12 19:34:20,D00630
WLT0026993,W0485,merchant,P00121,2981.66,debit,2026-07-09 15:33:13,D00630
WLT0027015,W0486,topup,WALLET_PRV,2246.18,debit,2026-08-15 17:31:27,D00631
WLT0027038,W0486,topup,WALLET_PRV,1272.48,debit,2026-09-06 10:56:21,D00631
WLT0027046,W0486,merchant,P00055,1240.74,debit,2026-07-05 23:58:37,D00631
WLT0027056,W0486,topup,WALLET_PRV,2286.03,debit,2026-08-31 12:04:02,D00631
WLT0027090,W0487,merchant,P00374,6234.43,debit,2026-08-04 19:56:52,D00632
WLT0027100,W0487,topup,WALLET_PRV,968.95,debit,2026-07-24 16:27:06,D00632
WLT0027102,W0487,merchant,P00248,1370.59,debit,2026-08-03 12:51:38,D00632
WLT0027110,W0488,topup,WALLET_PRV,2513.84,debit,2026-09-05 22:36:45,D00633
WLT0027123,W0488,merchant,P00221,1059.74,debit,2026-07-26 20:13:09,D00633
WLT0027130,W0488,topup,WALLET_PRV,2291.08,debit,2026-07-18 15:15:35,D00633
WLT0027141,W0488,merchant,P00266,1506.98,debit,2026-07-16 21:40:22,D00633
WLT0027154,W0488,merchant,P00056,100.22,debit,2026-09-05 01:57:03,D00633
WLT0027170,W0489,merchant,P00058,1241.31,debit,2026-08-24 19:39:54,D00634
WLT0027175,W0489,merchant,P00198,599.6,debit,2026-09-07 22:53:58,D00634
WLT0027178,W0489,merchant,P00198,858.13,debit,2026-07-10 07:50:23,D00634
WLT0027183,W0489,merchant,P00198,1057.77,debit,2026-08-19 19:01:44,D00634
WLT0027209,W0490,merchant,P00041,1105.54,debit,2026-07-09 19:51:18,D00635
WLT0027224,W0490,merchant,P00041,2107.21,debit,2026-07-29 22:09:05,D00635
WLT0027233,W0490,topup,WALLET_PRV,1684.5,debit,2026-07-22 15:48:41,D00635
WLT0027263,W0491,merchant,P00336,833.96,debit,2026-08-01 09:08:57,D00636
WLT0027269,W0491,merchant,P00366,2889.69,debit,2026-08-30 19:12:45,D00636
WLT0027284,W0491,merchant,P00251,5567.3,debit,2026-09-06 08:22:21,D00636
WLT0027285,W0491,topup,WALLET_PRV,6276.86,debit,2026-09-02 09:23:48,D00636
WLT0027293,W0491,merchant,P00320,6148.97,debit,2026-07-31 12:12:04,D00636
WLT0027298,W0491,merchant,P00186,8441.92,debit,2026-07-27 17:47:07,D00636
WLT0027307,W0491,topup,WALLET_PRV,6020.43,debit,2026-08-19 19:58:13,D00636
WLT0027320,W0491,merchant,P00050,4680.47,debit,2026-09-03 00:48:13,D00636
WLT0027330,W0491,merchant,P00201,43619.01,debit,2026-07-04 12:12:39,D00636
WLT0027332,W0491,merchant,P00282,2271.28,debit,2026-08-04 00:10:01,D00636
WLT0027343,W0491,merchant,P00251,3653.62,debit,2026-07-25 11:52:50,D00636
WLT0027360,W0492,topup,WALLET_PRV,4195.76,debit,2026-07-04 13:20:16,D00637
WLT0027369,W0492,topup,WALLET_PRV,5202.76,debit,2026-07-15 16:13:12,D00637
WLT0027380,W0492,merchant,P00003,779.46,debit,2026-09-09 02:56:07,D00637
WLT0027383,W0492,merchant,P00298,760.58,debit,2026-08-23 15:26:49,D00637
WLT0027392,W0493,merchant,P00363,2290.44,debit,2026-08-31 09:46:13,D00639
WLT0027406,W0493,merchant,P00306,730.09,debit,2026-07-22 11:25:55,D00639
WLT0027416,W0493,merchant,P00164,15620.57,debit,2026-07-30 21:30:46,D00639
WLT0027420,W0493,topup,WALLET_PRV,3426.09,debit,2026-07-18 13:03:35,D00639
WLT0027432,W0493,merchant,P00175,2675.99,debit,2026-08-24 22:54:33,D00639
WLT0027444,W0494,topup,WALLET_PRV,4679.08,debit,2026-07-30 10:43:30,D00641
WLT0027454,W0494,merchant,P00074,3019.89,debit,2026-08-08 18:40:36,D00640
WLT0027457,W0494,merchant,P00061,1596.82,debit,2026-08-08 18:02:28,D00641
WLT0027472,W0494,merchant,P00294,2509.69,debit,2026-08-02 18:16:57,D00640
WLT0027477,W0494,merchant,P00324,1483.22,debit,2026-07-29 18:52:06,D00641
WLT0027483,W0494,merchant,P00032,614.44,debit,2026-08-06 09:21:52,D00640
WLT0027489,W0494,topup,WALLET_PRV,4063.68,debit,2026-08-12 19:13:27,D00640
WLT0027501,W0494,merchant,P00074,1931.98,debit,2026-07-20 14:18:11,D00640
WLT0027502,W0494,merchant,P00052,3449.5,debit,2026-08-17 12:52:44,D00641
WLT0027505,W0494,merchant,P00036,3450.96,debit,2026-07-02 09:42:19,D00640
WLT0027508,W0494,merchant,P00074,2424.71,debit,2026-07-26 19:06:23,D00641
WLT0027516,W0495,transfer,P00047,2449.54,debit,2026-09-01 11:28:51,D00642
WLT0027521,W0495,topup,WALLET_PRV,2523.08,debit,2026-08-16 08:37:16,D00642
WLT0027525,W0495,merchant,P00372,428.01,debit,2026-07-08 14:37:32,D00642
WLT0027554,W0495,topup,WALLET_PRV,2057.25,debit,2026-08-07 19:18:53,D00642
WLT0027561,W0495,topup,WALLET_PRV,1860.15,debit,2026-07-12 14:12:40,D00642
WLT0027562,W0495,transfer,P00051,2094.98,debit,2026-07-24 17:09:23,D00642
WLT0027563,W0495,transfer,P00051,1313.54,debit,2026-08-18 18:59:59,D00642
WLT0027567,W0495,transfer,P00051,2796.77,debit,2026-07-26 11:56:02,D00642
WLT0027569,W0495,merchant,P00103,4730.53,debit,2026-08-23 12:04:11,D00642
WLT0027574,W0495,merchant,P00017,7017.58,debit,2026-07-18 21:55:49,D00642
WLT0027593,W0496,transfer,P00300,1189.99,debit,2026-07-23 08:57:19,D00644
WLT0027608,W0496,merchant,P00113,2605.43,debit,2026-08-03 06:45:26,D00643
WLT0027609,W0496,topup,WALLET_PRV,2145.85,debit,2026-09-04 09:06:36,D00644
WLT0027614,W0496,merchant,P00113,1384.32,debit,2026-07-04 21:57:48,D00643
WLT0027645,W0497,transfer,P00059,1975.33,debit,2026-08-13 14:51:13,D00645
WLT0027658,W0497,topup,WALLET_PRV,5755.83,debit,2026-08-19 19:57:47,D00645
WLT0027661,W0497,merchant,P00162,1683.07,debit,2026-09-12 07:56:17,D00645
WLT0027672,W0497,merchant,P00341,2165.02,debit,2026-07-13 11:49:20,D00645
WLT0027677,W0497,transfer,P00176,1008.69,debit,2026-07-04 18:38:31,D00645
WLT0027692,W0498,merchant,P00263,983.59,debit,2026-08-19 14:08:23,D00646
WLT0027697,W0498,merchant,P00263,1417.65,debit,2026-08-10 22:26:05,D00646
WLT0027711,W0498,merchant,P00318,5388.75,debit,2026-07-16 16:22:35,D00646
WLT0027745,W0499,merchant,P00092,2491.7,debit,2026-08-29 12:09:29,D00647
WLT0027757,W0499,merchant,P00203,1589.61,debit,2026-09-13 16:52:21,D00647
WLT0027759,W0499,topup,WALLET_PRV,3369.92,debit,2026-07-22 06:20:35,D00647
WLT0027763,W0499,merchant,P00152,1016.94,debit,2026-07-05 17:06:46,D00647
WLT0027768,W0499,merchant,P00345,7913.61,debit,2026-09-13 18:37:11,D00647
WLT0027773,W0499,merchant,P00092,1914.06,debit,2026-08-25 09:08:06,D00647
WLT0027774,W0499,merchant,P00152,11109.14,debit,2026-08-18 19:38:51,D00647
WLT0027781,W0499,topup,WALLET_PRV,4419.2,debit,2026-08-20 19:25:31,D00647
WLT0027784,W0499,topup,WALLET_PRV,6144.01,debit,2026-07-31 18:16:51,D00647
WLT0027817,W0499,topup,WALLET_PRV,5640.68,debit,2026-08-27 15:48:59,D00647
WLT0027824,W0499,merchant,P00272,1010.07,debit,2026-08-20 13:01:53,D00647
WLT0027829,W0499,topup,WALLET_PRV,4917.63,debit,2026-08-27 13:49:37,D00647
WLT0027840,W0500,topup,WALLET_PRV,5205.59,debit,2026-07-04 13:25:37,D00648
WLT0027846,W0500,merchant,P00267,1134.14,debit,2026-09-09 13:13:44,D00648
WLT0027851,W0500,topup,WALLET_PRV,5816.76,debit,2026-07-08 09:46:35,D00648
WLT0027884,W0501,topup,WALLET_PRV,5224.4,debit,2026-08-31 12:18:00,D00650
WLT0027893,W0501,topup,WALLET_PRV,3409.06,debit,2026-07-06 19:37:07,D00649
WLT0027911,W0502,merchant,P00019,586.6,debit,2026-07-09 10:34:37,D00652
WLT0027932,W0503,merchant,P00248,1011.35,debit,2026-07-20 20:21:59,D00653
WLT0027940,W0503,merchant,P00351,689.18,debit,2026-08-19 20:38:58,D00653
WLT0027946,W0503,topup,WALLET_PRV,2422.75,debit,2026-07-12 06:19:16,D00653
WLT0027971,W0503,merchant,P00262,990.87,debit,2026-08-12 12:46:29,D00653
WLT0027973,W0503,merchant,P00120,1057.11,debit,2026-08-13 14:44:44,D00653
WLT0027979,W0504,merchant,P00397,1286.38,debit,2026-09-03 16:43:38,D00654
WLT0027992,W0504,merchant,P00118,2811.2,debit,2026-08-15 18:24:50,D00654
WLT0028019,W0504,merchant,P00123,549.53,debit,2026-09-12 09:02:07,D00654
WLT0028029,W0504,topup,WALLET_PRV,439.43,debit,2026-08-01 10:15:48,D00654
WLT0028042,W0504,topup,WALLET_PRV,600.27,debit,2026-08-28 10:40:55,D00654
WLT0028061,W0505,merchant,P00259,9636.93,debit,2026-07-26 19:52:51,D00655
WLT0028079,W0505,merchant,P00005,1443.48,debit,2026-07-23 11:47:04,D00655
WLT0028095,W0505,topup,WALLET_PRV,2064.77,debit,2026-09-09 15:08:34,D00655
WLT0028096,W0505,topup,WALLET_PRV,2086.13,debit,2026-07-17 16:52:29,D00655
WLT0028103,W0505,merchant,P00005,650.29,debit,2026-07-21 15:59:20,D00655
WLT0028116,W0506,topup,WALLET_PRV,3027.52,debit,2026-09-07 20:36:27,D00656
WLT0028128,W0506,merchant,P00082,4792.33,debit,2026-07-17 20:28:09,D00656
WLT0028156,W0507,topup,WALLET_PRV,2880.44,debit,2026-07-16 11:18:41,D00657
WLT0028181,W0507,topup,WALLET_PRV,2310.49,debit,2026-08-04 08:28:14,D00657
WLT0028201,W0508,merchant,P00101,4617.8,debit,2026-07-02 19:37:49,D00658
WLT0028210,W0508,merchant,P00204,6340.52,debit,2026-07-14 12:26:04,D00658
WLT0028214,W0508,merchant,P00232,3260.94,debit,2026-07-26 14:20:04,D00658
WLT0028218,W0508,merchant,P00232,3867.21,debit,2026-09-12 12:44:23,D00658
WLT0028235,W0508,merchant,P00320,6031.7,debit,2026-07-23 14:23:39,D00658
WLT0028261,W0508,merchant,P00362,1968.8,debit,2026-07-22 10:57:08,D00658
WLT0028265,W0508,merchant,P00391,4223.01,debit,2026-09-11 09:17:59,D00658
WLT0028285,W0509,merchant,P00083,7535.65,debit,2026-08-07 08:22:26,D00659
WLT0028289,W0509,merchant,P00356,724.78,debit,2026-07-08 20:11:06,D00660
WLT0028299,W0509,merchant,P00039,2736.24,debit,2026-07-02 09:31:28,D00659
WLT0028302,W0509,merchant,P00339,1004.42,debit,2026-08-03 19:42:37,D00660
WLT0028331,W0509,merchant,P00340,2139.35,debit,2026-08-07 07:55:16,D00659
WLT0028332,W0509,merchant,P00342,1650.56,debit,2026-07-29 23:13:30,D00659
WLT0028343,W0509,merchant,P00178,2360.27,debit,2026-07-13 18:34:35,D00659
WLT0028345,W0509,transfer,P00142,1679.59,debit,2026-08-08 07:46:41,D00660
WLT0028351,W0509,merchant,P00120,1380.62,debit,2026-09-13 20:14:11,D00659
WLT0028364,W0510,topup,WALLET_PRV,2096.64,debit,2026-08-11 19:08:21,D00661
WLT0028368,W0510,merchant,P00107,3597.33,debit,2026-08-19 07:26:10,D00661
WLT0028372,W0510,topup,WALLET_PRV,2568.13,debit,2026-08-27 11:40:56,D00661
WLT0028381,W0511,merchant,P00010,243.75,debit,2026-08-29 13:41:27,D00662
WLT0028394,W0511,merchant,P00336,271.41,debit,2026-07-23 22:35:56,D00662
WLT0028418,W0511,topup,WALLET_PRV,953.2,debit,2026-07-22 19:01:55,D00662
WLT0028467,W0512,topup,WALLET_PRV,3841.36,debit,2026-08-03 08:34:00,D00664
WLT0028485,W0513,topup,WALLET_PRV,2090.15,debit,2026-07-04 14:55:33,D00665
WLT0028486,W0513,transfer,P00240,1887.56,debit,2026-08-21 13:59:29,D00665
WLT0028490,W0513,merchant,P00099,2375.47,debit,2026-08-17 08:27:01,D00666
WLT0028503,W0513,transfer,P00240,1364.81,debit,2026-08-29 20:01:44,D00665
WLT0028504,W0513,topup,WALLET_PRV,1802.83,debit,2026-08-03 21:31:04,D00665
WLT0028511,W0513,merchant,P00383,619.78,debit,2026-08-10 21:36:38,D00665
WLT0028532,W0514,transfer,P00002,913.8,debit,2026-09-01 10:31:49,D00667
WLT0028549,W0514,merchant,P00012,3777.79,debit,2026-08-25 21:55:27,D00667
WLT0028557,W0515,transfer,P00054,7686.06,debit,2026-09-04 16:15:02,D00668
WLT0028559,W0515,topup,WALLET_PRV,6285.42,debit,2026-07-07 18:44:47,D00669
WLT0028571,W0515,merchant,P00367,1385.06,debit,2026-08-23 18:14:52,D00668
WLT0028589,W0515,merchant,P00155,3884.34,debit,2026-08-10 20:42:41,D00669
WLT0028590,W0515,merchant,P00367,7233.2,debit,2026-08-30 19:50:14,D00669
WLT0028600,W0515,topup,WALLET_PRV,6989.57,debit,2026-07-14 18:03:21,D00668
WLT0028601,W0515,topup,WALLET_PRV,5256.2,debit,2026-08-01 17:02:06,D00668
WLT0028622,W0515,topup,WALLET_PRV,6418.12,debit,2026-08-22 05:22:17,D00668
WLT0028627,W0516,topup,WALLET_PRV,1066.07,debit,2026-08-02 14:00:27,D00670
WLT0028633,W0516,topup,WALLET_PRV,806.22,debit,2026-07-16 10:42:42,D00670
WLT0028651,W0516,merchant,P00064,3786.54,debit,2026-07-10 18:15:21,D00670
WLT0028669,W0516,transfer,P00022,3543.63,debit,2026-08-19 22:35:04,D00670
WLT0028674,W0516,merchant,P00152,1985.82,debit,2026-08-06 15:54:33,D00671
WLT0028700,W0517,merchant,P00381,1778.75,debit,2026-09-05 16:45:04,D00672
WLT0028704,W0517,merchant,P00138,2952.9,debit,2026-09-02 17:33:14,D00672
WLT0028727,W0517,merchant,P00355,589.35,debit,2026-08-15 18:31:53,D00672
WLT0028733,W0517,topup,WALLET_PRV,4174.94,debit,2026-07-30 13:48:55,D00672
WLT0028734,W0517,merchant,P00110,1499.34,debit,2026-09-02 21:27:02,D00672
WLT0028735,W0517,topup,WALLET_PRV,2023.51,debit,2026-07-29 09:44:45,D00672
WLT0028739,W0517,topup,WALLET_PRV,2489.48,debit,2026-07-06 12:30:31,D00672
WLT0028746,W0517,transfer,P00009,1995.53,debit,2026-09-05 14:29:08,D00672
WLT0028750,W0517,merchant,P00330,562.8,debit,2026-07-26 20:30:35,D00672
WLT0028759,W0517,merchant,P00065,4065.55,debit,2026-09-08 19:51:43,D00672
WLT0028763,W0517,merchant,P00330,489.68,debit,2026-08-18 19:15:13,D00672
WLT0028792,W0518,merchant,P00013,3067.9,debit,2026-08-02 10:46:13,D00673
WLT0028795,W0518,topup,WALLET_PRV,2950.87,debit,2026-08-17 22:45:10,D00673
WLT0028798,W0518,topup,WALLET_PRV,10044.09,debit,2026-07-10 08:05:14,D00673
WLT0028824,W0518,merchant,P00149,4121.25,debit,2026-07-02 15:30:40,D00673
WLT0028829,W0518,merchant,P00160,16177.35,debit,2026-08-06 17:38:22,D00673
WLT0028844,W0518,topup,WALLET_PRV,9576.34,debit,2026-08-22 13:31:33,D00673
WLT0028884,W0519,merchant,P00029,607.71,debit,2026-07-09 11:24:01,D00674
WLT0028897,W0519,merchant,P00387,3816.33,debit,2026-07-01 16:28:21,D00674
WLT0028900,W0519,transfer,P00054,1015.29,debit,2026-07-26 10:39:06,D00674
WLT0028904,W0519,topup,WALLET_PRV,2123.5,debit,2026-08-12 14:00:42,D00674
WLT0028905,W0519,merchant,P00133,855.02,debit,2026-09-11 20:28:26,D00674
WLT0028908,W0519,topup,WALLET_PRV,723.16,debit,2026-08-16 15:55:00,D00674
WLT0028936,W0520,merchant,P00270,3262.25,debit,2026-07-12 17:05:06,D00675
WLT0028941,W0520,topup,WALLET_PRV,5640.47,debit,2026-08-16 10:13:56,D00675
WLT0028943,W0520,merchant,P00082,904.79,debit,2026-07-19 20:59:06,D00675
WLT0028948,W0520,merchant,P00082,2199.21,debit,2026-08-21 10:45:16,D00676
WLT0028955,W0520,topup,WALLET_PRV,4506.24,debit,2026-07-04 15:25:10,D00676
WLT0028973,W0521,merchant,P00178,1746.76,debit,2026-07-06 13:48:14,D00677
WLT0028974,W0521,merchant,P00298,1186.79,debit,2026-07-28 09:54:53,D00677
WLT0028977,W0521,transfer,P00156,5758.48,debit,2026-08-28 14:11:16,D00677
WLT0028995,W0521,topup,WALLET_PRV,2147.63,debit,2026-07-29 19:29:34,D00677
WLT0029003,W0522,merchant,P00207,1107.96,debit,2026-08-26 09:17:19,D00678
WLT0029018,W0522,merchant,P00389,446.99,debit,2026-08-09 13:50:03,D00678
WLT0029022,W0522,merchant,P00309,385.85,debit,2026-08-31 19:52:59,D00678
WLT0029054,W0522,topup,WALLET_PRV,5105.24,debit,2026-08-11 16:48:05,D00678
WLT0029063,W0522,merchant,P00387,2595.52,debit,2026-09-05 11:02:26,D00678
WLT0029069,W0522,topup,WALLET_PRV,3299.28,debit,2026-07-23 21:26:39,D00678
WLT0029097,W0523,merchant,P00121,348.3,debit,2026-08-23 11:37:39,D00679
WLT0029103,W0523,transfer,P00243,1657.63,debit,2026-08-20 15:34:03,D00679
WLT0029108,W0523,transfer,P00051,1275.2,debit,2026-09-07 13:09:09,D00679
WLT0029110,W0523,merchant,P00224,989.2,debit,2026-08-12 07:20:12,D00679
WLT0029127,W0524,topup,WALLET_PRV,3564.52,debit,2026-08-07 12:28:44,D00680
WLT0029128,W0524,topup,WALLET_PRV,3055.4,debit,2026-07-01 13:33:46,D00680
WLT0029138,W0524,topup,WALLET_PRV,3467.82,debit,2026-09-02 20:24:48,D00680
WLT0029161,W0524,transfer,P00051,960.56,debit,2026-07-14 13:24:17,D00680
WLT0029173,W0524,topup,WALLET_PRV,4041.51,debit,2026-08-27 09:01:09,D00680
WLT0029177,W0524,merchant,P00119,951.33,debit,2026-09-04 10:44:03,D00680
WLT0029184,W0524,merchant,P00137,2234.33,debit,2026-07-26 18:44:20,D00680
WLT0029205,W0525,transfer,P00243,3111.69,debit,2026-09-05 14:31:49,D00681
WLT0029212,W0525,merchant,P00103,13249.78,debit,2026-07-03 08:45:10,D00681
WLT0029224,W0526,merchant,P00353,868.94,debit,2026-07-21 20:59:27,D00683
WLT0029227,W0526,merchant,P00294,2151.47,debit,2026-08-12 06:34:11,D00683
WLT0029241,W0526,merchant,P00351,681.07,debit,2026-07-31 12:18:48,D00683
WLT0029243,W0526,merchant,P00271,714.51,debit,2026-07-23 18:56:15,D00683
WLT0029251,W0526,merchant,P00039,1005.22,debit,2026-07-29 22:35:16,D00683
WLT0029257,W0526,merchant,P00092,234.15,debit,2026-09-09 08:46:29,D00683
WLT0029285,W0527,topup,WALLET_PRV,815.83,debit,2026-08-05 15:29:38,D00684
WLT0029287,W0527,merchant,P00129,1685.64,debit,2026-09-05 13:05:23,D00684
WLT0029289,W0527,topup,WALLET_PRV,1435.7,debit,2026-08-07 18:34:49,D00684
WLT0029301,W0527,merchant,P00045,2547.09,debit,2026-07-14 15:31:30,D00684
WLT0029303,W0527,topup,WALLET_PRV,1777.75,debit,2026-07-26 14:56:48,D00684
WLT0029310,W0527,merchant,P00129,1773.48,debit,2026-07-31 17:33:10,D00684
WLT0029328,W0528,merchant,P00389,738.14,debit,2026-09-08 06:34:58,D00685
WLT0029336,W0528,transfer,P00254,1303.74,debit,2026-08-16 18:20:54,D00685
WLT0029344,W0528,merchant,P00282,608.01,debit,2026-07-24 12:14:21,D00685
WLT0029378,W0528,topup,WALLET_PRV,2027.01,debit,2026-08-19 12:19:17,D00685
WLT0029379,W0528,topup,WALLET_PRV,1049.2,debit,2026-08-20 13:26:59,D00685
WLT0029395,W0529,merchant,P00271,4319.67,debit,2026-08-08 18:35:35,D00686
WLT0029404,W0529,merchant,P00380,3834.74,debit,2026-07-12 05:37:19,D00686
WLT0029405,W0529,topup,WALLET_PRV,7572.43,debit,2026-07-24 16:56:20,D00686
WLT0029412,W0529,merchant,P00202,11858.54,debit,2026-09-13 19:51:23,D00686
WLT0029420,W0529,merchant,P00217,3920.53,debit,2026-07-25 08:53:03,D00686
WLT0029422,W0529,transfer,P00243,5265.51,debit,2026-09-07 09:10:45,D00686
WLT0029429,W0530,transfer,P00385,2705.49,debit,2026-09-12 08:38:41,D00687
WLT0029438,W0530,topup,WALLET_PRV,2509.39,debit,2026-08-02 14:10:42,D00687
WLT0029450,W0530,topup,WALLET_PRV,2495.91,debit,2026-09-05 18:21:07,D00687
WLT0029463,W0530,merchant,P00279,478.59,debit,2026-08-27 12:28:00,D00688
WLT0029469,W0531,merchant,P00184,2089.51,debit,2026-07-10 17:59:26,D00689
WLT0029477,W0531,merchant,P00339,525.32,debit,2026-08-20 14:01:29,D00689
WLT0029479,W0531,merchant,P00175,5555.31,debit,2026-09-04 11:54:57,D00689
WLT0029496,W0531,merchant,P00394,678.06,debit,2026-08-20 15:59:52,D00690
WLT0029497,W0531,merchant,P00394,892.6,debit,2026-07-23 22:59:42,D00689
WLT0029513,W0532,topup,WALLET_PRV,2157.99,debit,2026-07-14 12:06:59,D00691
WLT0029516,W0532,merchant,P00236,1064.49,debit,2026-09-12 03:49:27,D00691
WLT0029522,W0532,topup,WALLET_PRV,1419.56,debit,2026-08-13 20:40:29,D00691
WLT0029536,W0532,merchant,P00120,599.51,debit,2026-08-09 08:14:27,D00691
WLT0029559,W0533,transfer,P00243,1121.89,debit,2026-08-02 21:16:35,D00692
WLT0029561,W0533,merchant,P00310,794.11,debit,2026-08-06 14:10:04,D00692
WLT0029567,W0533,topup,WALLET_PRV,1864.54,debit,2026-09-01 11:23:26,D00692
WLT0029569,W0533,topup,WALLET_PRV,1372.82,debit,2026-08-27 20:58:26,D00692
WLT0029603,W0533,topup,WALLET_PRV,970.42,debit,2026-09-10 08:15:19,D00692
WLT0029623,W0534,topup,WALLET_PRV,5206.21,debit,2026-09-06 23:43:19,D00694
WLT0029624,W0534,merchant,P00376,1135.78,debit,2026-09-08 15:10:34,D00694
WLT0029629,W0534,merchant,P00376,760.38,debit,2026-07-10 16:58:36,D00694
WLT0029645,W0534,merchant,P00065,3400.97,debit,2026-07-26 11:32:58,D00694
WLT0029660,W0534,topup,WALLET_PRV,5313.16,debit,2026-07-23 14:06:55,D00694
WLT0029671,W0535,merchant,P00092,6223.37,debit,2026-07-11 10:28:09,D00696
WLT0029674,W0535,topup,WALLET_PRV,9817.56,debit,2026-08-22 17:46:56,D00695
WLT0029684,W0535,topup,WALLET_PRV,12468.44,debit,2026-08-20 08:18:19,D00696
WLT0029688,W0535,merchant,P00020,3203.77,debit,2026-07-10 05:41:09,D00695
WLT0029717,W0535,merchant,P00024,1351.9,debit,2026-07-29 12:39:28,D00695
WLT0029720,W0535,merchant,P00092,5809.12,debit,2026-08-28 07:32:33,D00696
WLT0029738,W0536,topup,WALLET_PRV,3409.62,debit,2026-07-31 15:16:13,D00698
WLT0029751,W0536,topup,WALLET_PRV,7170.3,debit,2026-08-18 04:09:57,D00697
WLT0029756,W0536,merchant,P00033,5067.59,debit,2026-09-08 14:48:50,D00697
WLT0029758,W0536,merchant,P00033,7639.02,debit,2026-09-13 12:20:17,D00697
WLT0029772,W0536,merchant,P00194,841.65,debit,2026-09-06 18:08:27,D00697
WLT0029773,W0536,topup,WALLET_PRV,4647.73,debit,2026-07-24 07:05:16,D00697
WLT0029780,W0536,merchant,P00033,13590.72,debit,2026-08-17 19:56:16,D00698
WLT0029782,W0536,merchant,P00194,1031.33,debit,2026-09-11 12:34:44,D00697
WLT0029784,W0536,topup,WALLET_PRV,3795.22,debit,2026-08-07 17:39:20,D00697
WLT0029798,W0537,topup,WALLET_PRV,1454.25,debit,2026-08-18 00:34:47,D00699
WLT0029811,W0537,topup,WALLET_PRV,1682.25,debit,2026-08-28 10:50:20,D00699
WLT0029812,W0537,merchant,P00151,8678.65,debit,2026-07-13 18:55:15,D00699
WLT0029818,W0537,topup,WALLET_PRV,1962.54,debit,2026-07-26 21:31:44,D00699
WLT0029819,W0537,topup,WALLET_PRV,1027.62,debit,2026-07-28 18:40:41,D00699
WLT0029826,W0537,merchant,P00124,292.69,debit,2026-08-11 16:01:44,D00699
WLT0029829,W0537,merchant,P00018,242.44,debit,2026-07-10 21:09:05,D00699
WLT0029841,W0538,merchant,P00045,3831.86,debit,2026-07-14 18:42:28,D00700
WLT0029858,W0538,merchant,P00097,2399.47,debit,2026-08-16 14:48:35,D00700
WLT0029883,W0538,transfer,P00026,976.12,debit,2026-08-30 09:33:37,D00700
WLT0029888,W0538,topup,WALLET_PRV,4526.2,debit,2026-07-29 08:29:03,D00700
WLT0029910,W0539,merchant,P00125,548.98,debit,2026-07-08 19:51:29,D00701
WLT0029912,W0539,merchant,P00231,544.76,debit,2026-09-11 19:32:30,D00701
WLT0029920,W0539,topup,WALLET_PRV,2194.53,debit,2026-07-18 20:41:45,D00701
WLT0029924,W0539,transfer,P00002,474.42,debit,2026-08-28 08:46:46,D00701
WLT0029944,W0539,merchant,P00355,195.93,debit,2026-09-05 16:20:02,D00701
WLT0029946,W0539,merchant,P00155,174.01,debit,2026-09-09 14:35:41,D00701
WLT0029969,W0540,merchant,P00230,136.33,debit,2026-08-09 20:08:10,D00702
WLT0029973,W0540,merchant,P00317,183.51,debit,2026-08-19 18:39:00,D00702
WLT0030010,W0540,topup,WALLET_PRV,1776.46,debit,2026-07-03 22:19:07,D00702
WLT0030016,W0540,merchant,P00024,634.28,debit,2026-08-18 14:11:17,D00702
WLT0030026,W0540,topup,WALLET_PRV,1044.75,debit,2026-07-09 14:07:43,D00703
WLT0030030,W0540,merchant,P00076,508.93,debit,2026-07-27 00:03:35,D00702
WLT0030032,W0540,merchant,P00230,490.87,debit,2026-08-25 19:13:12,D00703
WLT0030058,W0541,topup,WALLET_PRV,7963.61,debit,2026-07-03 11:36:22,D00705
WLT0030084,W0541,merchant,P00048,2232.91,debit,2026-07-07 10:06:24,D00704
WLT0030085,W0541,merchant,P00048,2509.67,debit,2026-07-25 18:00:41,D00705
WLT0030104,W0541,merchant,P00203,2398.49,debit,2026-07-25 08:50:55,D00704
WLT0030126,W0541,merchant,P00153,2294.57,debit,2026-08-24 19:36:49,D00704
WLT0030144,W0542,merchant,P00314,992.19,debit,2026-07-29 12:52:08,D00706
WLT0030159,W0542,merchant,P00393,1595.06,debit,2026-08-10 19:52:09,D00706
WLT0030164,W0542,merchant,P00335,10057.89,debit,2026-07-07 10:35:59,D00706
WLT0030166,W0542,merchant,P00294,3342.72,debit,2026-09-03 17:05:34,D00706
WLT0030199,W0543,merchant,P00036,1398.68,debit,2026-07-08 18:37:23,D00707
WLT0030209,W0543,merchant,P00318,6317.76,debit,2026-07-31 09:20:36,D00707
WLT0030212,W0543,topup,WALLET_PRV,2230.14,debit,2026-08-15 22:29:58,D00707
WLT0030215,W0543,merchant,P00232,5872.82,debit,2026-08-12 10:03:28,D00707
WLT0030216,W0543,topup,WALLET_PRV,2604.75,debit,2026-08-31 14:52:03,D00707
WLT0030221,W0543,transfer,P00011,3544.37,debit,2026-09-05 16:07:41,D00707
WLT0030228,W0543,merchant,P00036,1075.38,debit,2026-07-17 20:22:03,D00707
WLT0030239,W0543,topup,WALLET_PRV,2886.51,debit,2026-07-08 16:37:57,D00707
WLT0030241,W0543,merchant,P00297,824.67,debit,2026-07-19 16:16:31,D00707
WLT0030252,W0543,topup,WALLET_PRV,1815.28,debit,2026-07-24 22:07:48,D00707
WLT0030255,W0543,merchant,P00202,3632.19,debit,2026-09-06 19:08:54,D00707
WLT0030260,W0543,merchant,P00149,5047.5,debit,2026-08-12 10:05:56,D00707
WLT0030261,W0543,merchant,P00378,1981.17,debit,2026-09-06 20:41:42,D00707
WLT0030272,W0543,merchant,P00297,7860.02,debit,2026-09-11 13:22:40,D00707
WLT0030306,W0543,merchant,P00318,19031.86,debit,2026-07-12 17:05:01,D00707
WLT0030316,W0544,merchant,P00270,11247.54,debit,2026-08-28 11:09:21,D00708
WLT0030320,W0544,merchant,P00067,3097.34,debit,2026-07-01 10:46:36,D00708
WLT0030325,W0544,merchant,P00306,306.07,debit,2026-07-31 10:45:01,D00708
WLT0030333,W0544,merchant,P00306,575.96,debit,2026-07-29 16:38:35,D00708
WLT0030359,W0545,topup,WALLET_PRV,2309.26,debit,2026-08-06 19:47:46,D00709
WLT0030360,W0545,merchant,P00182,7048.37,debit,2026-08-18 12:23:15,D00709
WLT0030362,W0545,transfer,P00022,2198.03,debit,2026-08-11 21:27:54,D00709
WLT0030364,W0545,topup,WALLET_PRV,1397.29,debit,2026-07-06 20:55:29,D00709
WLT0030369,W0545,merchant,P00242,2087.53,debit,2026-08-18 15:00:10,D00709
WLT0030378,W0545,topup,WALLET_PRV,2402.95,debit,2026-08-10 21:21:24,D00709
WLT0030383,W0545,topup,WALLET_PRV,2180.32,debit,2026-07-21 22:12:10,D00709
WLT0030385,W0545,merchant,P00305,300.63,debit,2026-07-11 21:47:16,D00709
WLT0030407,W0546,merchant,P00242,9079.61,debit,2026-08-07 13:52:48,D00710
WLT0030413,W0546,merchant,P00326,2481.63,debit,2026-07-25 21:32:22,D00710
WLT0030432,W0546,merchant,P00132,5481.95,debit,2026-07-31 16:36:04,D00710
WLT0030440,W0546,topup,WALLET_PRV,6232.56,debit,2026-09-04 13:22:15,D00710
WLT0030442,W0546,topup,WALLET_PRV,8742.64,debit,2026-08-26 16:10:00,D00710
WLT0030459,W0547,transfer,P00205,746.29,debit,2026-08-27 08:17:44,D00711
WLT0030463,W0547,topup,WALLET_PRV,5348.03,debit,2026-08-28 20:26:27,D00711
WLT0030471,W0547,topup,WALLET_PRV,5234.68,debit,2026-08-09 10:43:12,D00711
WLT0030483,W0547,topup,WALLET_PRV,3117.32,debit,2026-08-20 15:48:19,D00711
WLT0030490,W0547,topup,WALLET_PRV,5295.34,debit,2026-07-14 22:29:39,D00711
WLT0030498,W0547,topup,WALLET_PRV,4436.86,debit,2026-07-27 21:23:05,D00711
WLT0030500,W0547,transfer,P00205,2604.06,debit,2026-09-03 19:55:42,D00711
WLT0030514,W0547,topup,WALLET_PRV,5232.95,debit,2026-08-10 13:52:42,D00711
WLT0030536,W0547,topup,WALLET_PRV,2673.36,debit,2026-09-13 18:22:03,D00711
WLT0030558,W0548,merchant,P00252,806.29,debit,2026-08-28 02:52:17,D00712
WLT0030560,W0548,merchant,P00252,3082.47,debit,2026-08-01 12:03:41,D00712
WLT0030589,W0548,merchant,P00103,2997.45,debit,2026-09-04 13:44:08,D00712
WLT0030600,W0548,topup,WALLET_PRV,2388.72,debit,2026-08-10 19:52:00,D00712
WLT0030613,W0549,merchant,P00015,1590.19,debit,2026-07-08 15:58:03,D00713
WLT0030625,W0549,merchant,P00368,322.34,debit,2026-08-20 10:24:11,D00713
WLT0030632,W0549,merchant,P00045,741.7,debit,2026-08-09 15:56:40,D00713
WLT0030635,W0549,topup,WALLET_PRV,1857.58,debit,2026-08-07 13:31:40,D00713
WLT0030641,W0549,merchant,P00272,260.0,debit,2026-07-18 07:44:10,D00713
WLT0030651,W0549,merchant,P00090,284.81,debit,2026-08-11 11:01:46,D00713
WLT0030664,W0550,topup,WALLET_PRV,2329.18,debit,2026-07-01 15:19:56,D00714
WLT0030666,W0550,merchant,P00323,8378.37,debit,2026-08-25 16:39:26,D00714
WLT0030667,W0550,merchant,P00311,1893.51,debit,2026-09-11 14:42:28,D00714
WLT0030671,W0550,transfer,P00195,3025.58,debit,2026-07-26 08:06:26,D00714
WLT0030673,W0550,merchant,P00347,1579.04,debit,2026-08-08 19:41:10,D00714
WLT0030680,W0550,merchant,P00332,2566.15,debit,2026-08-30 09:43:06,D00714
WLT0030686,W0550,merchant,P00004,1681.37,debit,2026-08-08 19:02:37,D00714
WLT0030701,W0550,transfer,P00195,3232.93,debit,2026-07-11 15:16:17,D00714
WLT0030702,W0550,merchant,P00004,1452.5,debit,2026-07-18 20:56:01,D00714
WLT0030743,W0551,merchant,P00265,7709.49,debit,2026-07-09 02:52:46,D00715
WLT0030767,W0552,transfer,P00240,391.44,debit,2026-08-19 10:49:21,D00716
WLT0030784,W0552,topup,WALLET_PRV,697.59,debit,2026-09-03 11:15:37,D00716
WLT0030814,W0552,merchant,P00201,1503.67,debit,2026-09-10 10:57:21,D00716
WLT0030818,W0552,merchant,P00289,276.61,debit,2026-07-18 17:04:49,D00716
WLT0030823,W0552,topup,WALLET_PRV,665.06,debit,2026-08-11 10:19:32,D00716
WLT0030841,W0553,topup,WALLET_PRV,4760.92,debit,2026-09-11 09:18:47,D00718
WLT0030854,W0553,merchant,P00092,1612.8,debit,2026-07-16 16:04:53,D00717
WLT0030856,W0553,merchant,P00209,990.19,debit,2026-07-02 19:58:50,D00717
WLT0030859,W0553,merchant,P00194,732.1,debit,2026-08-28 17:24:35,D00717
WLT0030872,W0553,merchant,P00107,2314.88,debit,2026-07-05 22:37:11,D00717
WLT0030880,W0554,merchant,P00329,3968.32,debit,2026-07-04 19:56:15,D00719
WLT0030887,W0554,transfer,P00205,2392.24,debit,2026-08-06 09:35:07,D00719
WLT0030925,W0554,transfer,P00176,1709.48,debit,2026-08-02 15:05:10,D00719
WLT0030926,W0554,merchant,P00050,2982.15,debit,2026-07-16 13:11:47,D00719
WLT0030931,W0555,merchant,P00232,12705.52,debit,2026-07-15 16:51:48,D00720
WLT0030947,W0555,merchant,P00110,1963.31,debit,2026-09-06 11:03:25,D00720
WLT0030974,W0556,topup,WALLET_PRV,4600.87,debit,2026-08-23 09:51:46,D00721
WLT0030994,W0556,topup,WALLET_PRV,3328.14,debit,2026-07-05 10:42:09,D00721
WLT0030999,W0556,merchant,P00278,1357.65,debit,2026-08-25 23:17:52,D00721
WLT0031039,W0557,merchant,P00155,953.61,debit,2026-08-11 08:07:37,D00722
WLT0031040,W0557,merchant,P00134,1873.77,debit,2026-09-05 22:40:21,D00722
WLT0031043,W0557,transfer,P00319,803.25,debit,2026-08-26 21:44:31,D00722
WLT0031059,W0557,topup,WALLET_PRV,2034.32,debit,2026-08-16 14:38:18,D00722
WLT0031060,W0557,transfer,P00319,3031.21,debit,2026-08-18 08:10:52,D00722
WLT0031068,W0557,merchant,P00188,761.92,debit,2026-08-13 16:29:32,D00722
WLT0031081,W0557,merchant,P00223,82.9,debit,2026-09-09 14:51:35,D00722
WLT0031085,W0557,merchant,P00102,2434.74,debit,2026-08-14 17:49:52,D00722
WLT0031091,W0558,topup,WALLET_PRV,1450.16,debit,2026-07-14 21:05:49,D00723
WLT0031120,W0558,merchant,P00180,253.96,debit,2026-08-27 08:35:52,D00723
WLT0031126,W0558,merchant,P00159,1450.59,debit,2026-09-04 10:19:32,D00723
WLT0031132,W0558,merchant,P00391,536.39,debit,2026-09-02 19:51:38,D00723
WLT0031139,W0558,merchant,P00244,363.42,debit,2026-07-16 07:03:15,D00723
WLT0031140,W0558,topup,WALLET_PRV,664.05,debit,2026-08-14 20:02:07,D00723
WLT0031153,W0558,topup,WALLET_PRV,2165.05,debit,2026-08-16 21:27:45,D00723
WLT0031162,W0559,topup,WALLET_PRV,2124.83,debit,2026-07-31 11:24:45,D00724
WLT0031172,W0559,topup,WALLET_PRV,2687.44,debit,2026-07-13 19:29:02,D00724
WLT0031176,W0559,transfer,P00001,1600.0,debit,2026-08-15 13:26:22,D00724
WLT0031177,W0559,merchant,P00268,793.77,debit,2026-07-31 18:15:06,D00724
WLT0031180,W0559,merchant,P00201,3309.76,debit,2026-07-10 17:44:15,D00724
WLT0031184,W0559,merchant,P00172,1168.13,debit,2026-07-09 20:53:54,D00724
WLT0031192,W0559,merchant,P00268,2420.4,debit,2026-07-25 12:32:54,D00724
WLT0031212,W0560,merchant,P00218,569.59,debit,2026-08-29 07:46:26,D00725
WLT0031219,W0560,merchant,P00351,3205.41,debit,2026-09-13 18:52:38,D00725
WLT0031224,W0560,topup,WALLET_PRV,2356.64,debit,2026-08-14 21:05:41,D00725
WLT0031230,W0560,merchant,P00218,1389.61,debit,2026-08-23 11:20:30,D00725
WLT0031241,W0560,topup,WALLET_PRV,2746.19,debit,2026-08-30 11:45:23,D00725
WLT0031252,W0560,merchant,P00112,3039.5,debit,2026-08-05 21:43:23,D00725
WLT0031275,W0560,topup,WALLET_PRV,7007.59,debit,2026-08-02 12:42:37,D00725
WLT0031288,W0560,topup,WALLET_PRV,7116.39,debit,2026-08-05 09:34:38,D00725
WLT0031293,W0560,topup,WALLET_PRV,6350.18,debit,2026-07-26 11:37:16,D00725
WLT0031302,W0561,merchant,P00221,448.69,debit,2026-07-09 08:14:03,D00726
WLT0031315,W0561,merchant,P00006,1302.92,debit,2026-09-01 07:44:13,D00726
WLT0031333,W0561,merchant,P00316,1454.96,debit,2026-08-15 15:45:18,D00726
WLT0031337,W0561,topup,WALLET_PRV,1182.11,debit,2026-08-17 10:27:19,D00726
WLT0031352,W0561,topup,WALLET_PRV,926.06,debit,2026-07-18 12:27:38,D00726
WLT0031361,W0562,transfer,P00135,1815.28,debit,2026-08-23 07:28:27,D00727
WLT0031372,W0562,merchant,P00337,5435.1,debit,2026-07-17 12:42:39,D00727
WLT0031404,W0562,transfer,P00156,1546.59,debit,2026-08-29 19:16:49,D00727
WLT0031409,W0562,merchant,P00324,2314.85,debit,2026-08-29 08:41:05,D00727
WLT0031420,W0562,topup,WALLET_PRV,1524.12,debit,2026-08-26 19:00:12,D00727
WLT0031422,W0562,topup,WALLET_PRV,1105.48,debit,2026-07-27 14:56:34,D00727
WLT0031427,W0562,topup,WALLET_PRV,1565.93,debit,2026-07-06 21:16:30,D00727
WLT0031428,W0562,merchant,P00324,7354.9,debit,2026-08-11 17:57:51,D00727
WLT0031448,W0562,merchant,P00182,4927.89,debit,2026-08-21 19:37:50,D00727
WLT0031462,W0562,merchant,P00091,4221.37,debit,2026-07-20 09:52:12,D00727
WLT0031465,W0562,merchant,P00145,2764.79,debit,2026-08-03 11:13:46,D00727
WLT0031471,W0563,merchant,P00297,691.57,debit,2026-08-05 09:48:07,D00728
WLT0031473,W0563,topup,WALLET_PRV,1027.82,debit,2026-07-30 18:20:33,D00728
WLT0031483,W0563,topup,WALLET_PRV,2075.3,debit,2026-08-21 06:06:19,D00728
WLT0031498,W0563,topup,WALLET_PRV,1198.43,debit,2026-07-28 23:40:11,D00728
WLT0031503,W0563,merchant,P00029,439.42,debit,2026-09-10 15:59:47,D00728
WLT0031513,W0563,merchant,P00091,773.61,debit,2026-09-02 16:30:57,D00728
WLT0031522,W0563,topup,WALLET_PRV,1131.32,debit,2026-08-05 23:25:55,D00728
WLT0031532,W0563,merchant,P00297,2114.3,debit,2026-09-05 15:28:27,D00728
WLT0031536,W0563,merchant,P00096,474.01,debit,2026-07-15 09:32:18,D00728
WLT0031559,W0564,topup,WALLET_PRV,10388.62,debit,2026-08-20 09:08:33,D00729
WLT0031579,W0564,merchant,P00272,7613.44,debit,2026-09-01 19:02:23,D00729
WLT0031580,W0564,topup,WALLET_PRV,7184.3,debit,2026-07-27 10:08:50,D00729
WLT0031585,W0564,merchant,P00383,983.16,debit,2026-07-25 22:30:41,D00729
WLT0031586,W0564,merchant,P00180,9412.82,debit,2026-07-25 17:18:52,D00729
WLT0031595,W0564,merchant,P00383,1990.92,debit,2026-09-04 08:43:03,D00729
WLT0031602,W0564,topup,WALLET_PRV,7043.23,debit,2026-08-14 13:06:50,D00729
WLT0031605,W0564,merchant,P00380,1741.43,debit,2026-07-14 15:25:57,D00730
WLT0031612,W0564,transfer,P00062,3029.73,debit,2026-07-25 19:03:56,D00729
WLT0031620,W0565,topup,WALLET_PRV,3420.21,debit,2026-08-30 18:33:04,D00731
WLT0031644,W0565,transfer,P00254,3120.82,debit,2026-08-06 23:41:51,D00731
WLT0031647,W0565,merchant,P00287,2189.69,debit,2026-07-05 11:37:07,D00731
WLT0031650,W0565,topup,WALLET_PRV,2843.52,debit,2026-09-11 19:03:32,D00731
WLT0031668,W0565,merchant,P00337,16730.66,debit,2026-07-12 08:43:33,D00731
WLT0031687,W0565,transfer,P00009,2562.84,debit,2026-09-10 19:36:06,D00731
WLT0031691,W0565,merchant,P00253,663.76,debit,2026-08-08 11:24:39,D00731
WLT0031728,W0566,topup,WALLET_PRV,7368.76,debit,2026-08-23 11:20:44,D00732
WLT0031747,W0566,transfer,P00357,3168.77,debit,2026-07-19 12:37:33,D00732
WLT0031748,W0566,topup,WALLET_PRV,6004.62,debit,2026-08-31 17:15:04,D00732
WLT0031760,W0567,merchant,P00233,1702.47,debit,2026-08-05 18:13:23,D00733
WLT0031764,W0567,topup,WALLET_PRV,6930.76,debit,2026-08-03 18:41:17,D00733
WLT0031772,W0567,merchant,P00233,2410.14,debit,2026-08-20 19:08:28,D00733
WLT0031773,W0567,topup,WALLET_PRV,1837.55,debit,2026-08-15 20:57:58,D00733
WLT0031774,W0567,merchant,P00233,1537.41,debit,2026-07-04 12:51:14,D00733
WLT0031777,W0567,merchant,P00283,2183.51,debit,2026-08-03 19:17:37,D00733
WLT0031779,W0567,topup,WALLET_PRV,6924.8,debit,2026-07-06 13:45:57,D00733
WLT0031780,W0567,merchant,P00378,2239.63,debit,2026-08-30 14:39:50,D00733
WLT0031786,W0568,merchant,P00349,1942.13,debit,2026-08-08 13:29:33,D00734
WLT0031797,W0568,merchant,P00349,2364.94,debit,2026-07-26 08:20:15,D00734
WLT0031805,W0568,merchant,P00147,1554.08,debit,2026-09-04 18:34:37,D00734
WLT0031808,W0568,merchant,P00149,5055.38,debit,2026-07-05 08:35:53,D00734
WLT0031809,W0568,merchant,P00366,445.73,debit,2026-08-27 10:52:59,D00734
WLT0031845,W0569,topup,WALLET_PRV,4059.11,debit,2026-07-02 19:43:12,D00735
WLT0031847,W0569,merchant,P00311,1208.21,debit,2026-08-30 11:59:51,D00735
WLT0031850,W0569,topup,WALLET_PRV,1490.01,debit,2026-09-09 20:24:44,D00735
WLT0031852,W0569,topup,WALLET_PRV,2151.33,debit,2026-09-12 11:59:11,D00735
WLT0031858,W0569,topup,WALLET_PRV,3255.8,debit,2026-07-17 07:10:26,D00735
WLT0031859,W0569,topup,WALLET_PRV,2264.97,debit,2026-08-29 22:29:38,D00735
WLT0031880,W0570,merchant,P00106,3132.89,debit,2026-07-18 14:33:48,D00736
WLT0031894,W0570,merchant,P00389,1563.28,debit,2026-07-10 11:19:19,D00736
WLT0031896,W0570,transfer,P00170,1359.47,debit,2026-08-17 14:45:32,D00737
WLT0031899,W0570,merchant,P00152,5005.37,debit,2026-08-20 19:22:53,D00736
WLT0031903,W0570,transfer,P00170,5231.89,debit,2026-07-18 13:10:58,D00736
WLT0031906,W0570,transfer,P00170,695.91,debit,2026-07-21 13:17:28,D00736
WLT0031914,W0570,transfer,P00170,2244.09,debit,2026-08-06 15:40:32,D00737
WLT0031924,W0570,merchant,P00369,445.67,debit,2026-08-28 15:32:45,D00737
WLT0031928,W0570,topup,WALLET_PRV,2678.75,debit,2026-08-20 20:58:38,D00737
WLT0031947,W0571,merchant,P00095,1799.54,debit,2026-08-27 19:05:58,D00738
WLT0031952,W0571,merchant,P00285,5948.48,debit,2026-08-08 16:07:02,D00738
WLT0031955,W0571,merchant,P00061,1486.36,debit,2026-09-11 10:47:33,D00738
WLT0031996,W0572,merchant,P00227,3802.65,debit,2026-07-16 10:27:11,D00739
WLT0032025,W0573,merchant,P00282,956.47,debit,2026-07-05 03:37:32,D00740
WLT0032027,W0573,topup,WALLET_PRV,4164.19,debit,2026-07-24 11:11:58,D00740
WLT0032036,W0573,merchant,P00282,710.95,debit,2026-09-13 10:01:57,D00740
WLT0032053,W0573,transfer,P00014,2201.39,debit,2026-07-06 19:40:14,D00740
WLT0032064,W0573,merchant,P00282,1480.77,debit,2026-07-31 15:16:35,D00740
WLT0032092,W0574,merchant,P00017,633.38,debit,2026-08-04 10:57:14,D00741
WLT0032094,W0574,merchant,P00258,1032.44,debit,2026-08-26 13:53:36,D00741
WLT0032100,W0574,topup,WALLET_PRV,3689.19,debit,2026-07-14 11:30:51,D00741
WLT0032104,W0575,merchant,P00069,2445.85,debit,2026-09-02 17:18:12,D00742
WLT0032107,W0575,topup,WALLET_PRV,2753.4,debit,2026-07-07 10:18:27,D00742
WLT0032121,W0575,merchant,P00198,1883.21,debit,2026-07-31 19:50:31,D00742
WLT0032129,W0575,merchant,P00129,3793.02,debit,2026-07-21 13:10:12,D00742
WLT0032133,W0575,topup,WALLET_PRV,4317.63,debit,2026-07-23 19:33:27,D00742
WLT0032143,W0576,transfer,P00176,844.81,debit,2026-09-08 14:37:09,D00743
WLT0032170,W0576,merchant,P00323,3165.25,debit,2026-08-26 13:46:29,D00743
WLT0032172,W0576,merchant,P00337,2699.86,debit,2026-08-13 21:08:26,D00743
WLT0032186,W0577,merchant,P00115,1547.07,debit,2026-07-29 00:30:08,D00745
WLT0032192,W0577,topup,WALLET_PRV,8829.68,debit,2026-08-06 07:29:20,D00745
WLT0032205,W0577,merchant,P00206,6723.29,debit,2026-08-11 07:49:23,D00745
WLT0032206,W0577,topup,WALLET_PRV,5972.3,debit,2026-08-14 15:08:19,D00745
WLT0032221,W0577,merchant,P00130,2041.72,debit,2026-07-05 18:43:37,D00745
WLT0032222,W0577,merchant,P00045,7137.37,debit,2026-08-09 11:48:18,D00745
WLT0032242,W0577,merchant,P00383,2167.68,debit,2026-09-09 20:55:26,D00745
WLT0032256,W0577,topup,WALLET_PRV,7346.99,debit,2026-08-26 17:18:09,D00745
WLT0032263,W0578,merchant,P00199,206.23,debit,2026-07-14 11:55:37,D00746
WLT0032266,W0578,merchant,P00256,1329.76,debit,2026-08-18 11:31:00,D00746
WLT0032289,W0578,merchant,P00137,322.83,debit,2026-08-23 14:46:55,D00747
WLT0032292,W0578,merchant,P00139,2991.31,debit,2026-08-06 11:20:58,D00746
WLT0032306,W0578,merchant,P00256,1064.06,debit,2026-07-21 22:47:46,D00746
WLT0032326,W0579,merchant,P00161,786.09,debit,2026-07-15 18:52:08,D00749
WLT0032330,W0579,merchant,P00371,3602.28,debit,2026-09-01 16:08:56,D00748
WLT0032334,W0579,merchant,P00161,1037.61,debit,2026-07-08 18:10:01,D00748
WLT0032338,W0579,merchant,P00362,2469.84,debit,2026-09-01 23:24:41,D00748
WLT0032347,W0579,transfer,P00240,1902.97,debit,2026-09-07 13:33:06,D00748
WLT0032349,W0579,topup,WALLET_PRV,2653.19,debit,2026-09-01 15:14:57,D00748
WLT0032368,W0579,topup,WALLET_PRV,4006.43,debit,2026-09-03 14:30:40,D00749
WLT0032372,W0579,merchant,P00117,792.47,debit,2026-07-02 16:55:00,D00748
WLT0032377,W0579,merchant,P00194,1575.65,debit,2026-07-07 07:37:04,D00748
WLT0032384,W0579,transfer,P00319,2445.31,debit,2026-07-19 17:54:47,D00748
WLT0032403,W0580,topup,WALLET_PRV,10188.17,debit,2026-09-07 06:56:23,D00750
WLT0032408,W0580,merchant,P00241,4607.62,debit,2026-07-11 14:02:53,D00750
WLT0032409,W0580,merchant,P00302,1180.86,debit,2026-07-25 18:34:14,D00750
WLT0032412,W0580,topup,WALLET_PRV,7482.92,debit,2026-08-24 19:48:56,D00750
WLT0032419,W0580,merchant,P00245,2754.12,debit,2026-09-02 18:03:32,D00750
WLT0032435,W0580,merchant,P00209,2574.09,debit,2026-08-22 14:45:17,D00750
WLT0032448,W0580,merchant,P00276,3293.24,debit,2026-08-08 14:42:01,D00750
WLT0032474,W0581,merchant,P00033,12471.34,debit,2026-08-26 14:06:09,D00751
WLT0032476,W0581,merchant,P00355,5112.08,debit,2026-08-15 09:16:02,D00751
WLT0032480,W0581,merchant,P00033,14751.05,debit,2026-09-05 11:38:33,D00751
WLT0032497,W0581,merchant,P00333,685.99,debit,2026-07-07 16:28:50,D00751
WLT0032504,W0581,merchant,P00033,3960.95,debit,2026-07-26 13:28:23,D00751
WLT0032529,W0582,merchant,P00061,269.99,debit,2026-07-25 20:30:34,D00753
WLT0032531,W0582,merchant,P00079,1837.0,debit,2026-08-15 20:55:27,D00753
WLT0032532,W0582,merchant,P00024,498.46,debit,2026-08-31 16:27:39,D00753
WLT0032537,W0582,topup,WALLET_PRV,2537.26,debit,2026-07-08 19:16:06,D00753
WLT0032543,W0582,merchant,P00364,250.72,debit,2026-08-23 19:52:36,D00753
WLT0032548,W0582,topup,WALLET_PRV,2252.96,debit,2026-08-03 17:09:45,D00753
WLT0032556,W0582,merchant,P00276,1566.68,debit,2026-09-08 10:50:42,D00753
WLT0032558,W0582,merchant,P00061,533.16,debit,2026-09-11 12:51:44,D00753
WLT0032561,W0582,merchant,P00029,645.39,debit,2026-08-11 09:05:39,D00753
WLT0032566,W0582,merchant,P00079,2525.19,debit,2026-08-22 10:44:01,D00753
WLT0032578,W0582,topup,WALLET_PRV,1431.31,debit,2026-07-16 12:27:27,D00753
WLT0032583,W0582,merchant,P00332,3598.31,debit,2026-09-08 17:24:41,D00753
WLT0032604,W0583,merchant,P00236,2009.29,debit,2026-08-02 13:53:29,D00754
WLT0032612,W0583,transfer,P00365,1223.75,debit,2026-08-07 14:02:14,D00754
WLT0032616,W0583,topup,WALLET_PRV,3281.49,debit,2026-07-23 17:09:30,D00754
WLT0032632,W0584,topup,WALLET_PRV,3123.96,debit,2026-08-23 21:06:55,D00755
WLT0032653,W0584,transfer,P00205,1199.97,debit,2026-07-19 15:29:23,D00755
WLT0032656,W0584,merchant,P00130,1900.71,debit,2026-07-10 18:33:48,D00755
WLT0032663,W0584,topup,WALLET_PRV,2457.88,debit,2026-07-23 20:05:38,D00755
WLT0032671,W0584,topup,WALLET_PRV,2510.46,debit,2026-07-31 16:03:57,D00755
WLT0032715,W0585,transfer,P00073,1021.85,debit,2026-08-04 18:46:05,D00757
WLT0032717,W0585,topup,WALLET_PRV,3706.94,debit,2026-08-12 19:34:00,D00757
WLT0032734,W0586,topup,WALLET_PRV,2346.1,debit,2026-07-06 10:35:29,D00758
WLT0032774,W0587,merchant,P00093,879.11,debit,2026-07-11 22:07:09,D00759
WLT0032775,W0587,topup,WALLET_PRV,6819.81,debit,2026-08-12 06:46:36,D00759
WLT0032779,W0587,topup,WALLET_PRV,7916.52,debit,2026-07-25 17:21:33,D00759
WLT0032782,W0587,transfer,P00002,3801.63,debit,2026-07-11 09:52:40,D00759
WLT0032784,W0587,transfer,P00002,1454.18,debit,2026-07-27 23:09:24,D00759
WLT0032788,W0587,merchant,P00268,2612.98,debit,2026-09-07 19:58:03,D00759
WLT0032794,W0587,merchant,P00268,3036.36,debit,2026-09-09 10:15:15,D00759
WLT0032798,W0587,merchant,P00268,1957.99,debit,2026-07-06 21:48:14,D00759
WLT0032800,W0587,transfer,P00002,2940.73,debit,2026-08-10 08:52:16,D00759
WLT0032812,W0587,transfer,P00240,5000.57,debit,2026-07-23 11:33:43,D00759
WLT0032824,W0588,merchant,P00217,2454.46,debit,2026-07-31 08:37:11,D00760
WLT0032827,W0588,topup,WALLET_PRV,5269.32,debit,2026-09-11 17:56:00,D00760
WLT0032842,W0588,merchant,P00008,6983.63,debit,2026-08-22 09:02:27,D00760
WLT0032852,W0588,topup,WALLET_PRV,5143.69,debit,2026-08-28 17:17:45,D00760
WLT0032853,W0588,merchant,P00336,1878.4,debit,2026-07-30 12:19:08,D00760
WLT0032854,W0588,merchant,P00316,4657.43,debit,2026-07-28 16:42:17,D00760
WLT0032861,W0588,merchant,P00317,929.39,debit,2026-08-01 14:02:28,D00760
WLT0032865,W0588,transfer,P00001,1907.84,debit,2026-08-21 09:03:29,D00760
WLT0032882,W0589,merchant,P00132,1309.52,debit,2026-08-17 12:18:55,D00761
WLT0032884,W0589,topup,WALLET_PRV,1607.36,debit,2026-07-06 02:39:30,D00761
WLT0032907,W0589,merchant,P00264,1479.24,debit,2026-08-31 07:26:36,D00761
WLT0032912,W0589,topup,WALLET_PRV,2646.23,debit,2026-09-05 09:47:06,D00761
WLT0032930,W0590,topup,WALLET_PRV,2205.09,debit,2026-07-26 10:18:10,D00762
WLT0032933,W0590,merchant,P00168,1844.08,debit,2026-09-10 17:50:15,D00762
WLT0032958,W0590,topup,WALLET_PRV,1563.55,debit,2026-07-18 20:57:57,D00762
WLT0032974,W0590,topup,WALLET_PRV,2749.82,debit,2026-09-05 17:52:52,D00762
WLT0032982,W0590,transfer,P00280,2350.22,debit,2026-07-02 18:00:09,D00762
WLT0033001,W0591,merchant,P00154,1814.1,debit,2026-08-02 11:35:07,D00763
WLT0033012,W0591,transfer,P00348,1406.06,debit,2026-08-19 11:08:06,D00763
WLT0033013,W0591,merchant,P00052,2409.74,debit,2026-09-07 13:20:08,D00763
WLT0033017,W0591,topup,WALLET_PRV,4110.73,debit,2026-08-23 21:42:56,D00763
WLT0033053,W0592,merchant,P00107,9833.21,debit,2026-08-02 01:08:15,D00764
WLT0033063,W0592,merchant,P00147,2172.57,debit,2026-08-08 14:06:20,D00764
WLT0033074,W0592,merchant,P00318,20543.12,debit,2026-09-01 13:26:43,D00764
WLT0033101,W0593,merchant,P00288,479.4,debit,2026-08-16 17:38:14,D00765
WLT0033102,W0593,merchant,P00245,2081.98,debit,2026-08-15 12:58:07,D00765
WLT0033103,W0593,merchant,P00361,2033.06,debit,2026-07-18 18:07:46,D00765
WLT0033111,W0593,merchant,P00317,472.66,debit,2026-07-12 20:01:49,D00765
WLT0033114,W0593,topup,WALLET_PRV,4020.95,debit,2026-08-02 23:06:06,D00765
WLT0033115,W0593,topup,WALLET_PRV,2239.37,debit,2026-07-22 09:20:56,D00765
WLT0033118,W0593,topup,WALLET_PRV,3161.29,debit,2026-08-28 13:43:50,D00765
WLT0033141,W0594,transfer,P00385,2781.07,debit,2026-07-21 12:49:47,D00766
WLT0033149,W0594,topup,WALLET_PRV,1449.63,debit,2026-07-25 15:44:12,D00766
WLT0033160,W0594,transfer,P00322,1074.62,debit,2026-08-01 17:57:13,D00766
WLT0033161,W0594,merchant,P00124,345.42,debit,2026-07-23 11:25:21,D00766
WLT0033168,W0594,merchant,P00049,926.62,debit,2026-07-22 03:16:03,D00766
WLT0033176,W0594,merchant,P00049,303.56,debit,2026-07-18 06:41:49,D00766
WLT0033189,W0594,topup,WALLET_PRV,3122.91,debit,2026-09-08 13:01:56,D00766
WLT0033208,W0595,topup,WALLET_PRV,2570.37,debit,2026-08-23 06:05:54,D00767
WLT0033209,W0595,transfer,P00240,684.8,debit,2026-07-06 20:42:36,D00767
WLT0033223,W0595,merchant,P00316,4288.53,debit,2026-08-24 23:45:23,D00767
WLT0033228,W0595,merchant,P00290,1224.22,debit,2026-08-23 14:42:51,D00767
WLT0033235,W0596,topup,WALLET_PRV,2301.62,debit,2026-08-23 11:55:28,D00768
WLT0033236,W0596,topup,WALLET_PRV,2535.08,debit,2026-08-14 09:38:21,D00768
WLT0033244,W0596,merchant,P00230,683.83,debit,2026-08-24 11:58:20,D00768
WLT0033264,W0596,transfer,P00037,1025.63,debit,2026-09-08 08:41:27,D00768
WLT0033287,W0597,merchant,P00229,1033.25,debit,2026-08-06 12:47:54,D00769
WLT0033294,W0597,topup,WALLET_PRV,1770.49,debit,2026-07-28 08:27:43,D00769
WLT0033295,W0597,merchant,P00229,526.68,debit,2026-08-20 08:32:00,D00769
WLT0033297,W0597,merchant,P00060,407.29,debit,2026-07-30 21:05:46,D00769
WLT0033313,W0597,topup,WALLET_PRV,2656.19,debit,2026-08-13 15:50:38,D00769
WLT0033335,W0597,merchant,P00080,388.9,debit,2026-07-27 19:00:41,D00769
WLT0033336,W0597,merchant,P00050,1543.5,debit,2026-08-20 18:38:27,D00769
WLT0033340,W0597,topup,WALLET_PRV,3897.61,debit,2026-08-20 20:18:33,D00769
WLT0033375,W0599,merchant,P00161,1318.09,debit,2026-08-07 00:01:55,D00771
WLT0033378,W0599,topup,WALLET_PRV,6542.49,debit,2026-07-11 19:50:57,D00771
WLT0033407,W0600,merchant,P00304,2827.51,debit,2026-07-01 09:40:56,D00772
WLT0033418,W0600,merchant,P00078,882.48,debit,2026-07-13 09:18:43,D00772
WLT0033421,W0600,transfer,P00001,658.42,debit,2026-07-12 14:09:44,D00772
WLT0033426,W0600,transfer,P00261,1280.29,debit,2026-07-31 20:38:33,D00772
WLT0033448,W0601,merchant,P00279,511.68,debit,2026-08-01 07:43:31,D00773
WLT0033449,W0601,transfer,P00274,1881.45,debit,2026-07-31 01:22:38,D00773
WLT0033456,W0601,merchant,P00250,1317.23,debit,2026-07-21 16:18:58,D00773
WLT0033460,W0601,topup,WALLET_PRV,2318.13,debit,2026-08-16 20:14:43,D00773
WLT0033466,W0601,topup,WALLET_PRV,1157.38,debit,2026-08-28 17:09:32,D00773
WLT0033468,W0601,merchant,P00021,1429.84,debit,2026-07-28 15:32:53,D00773
WLT0033491,W0602,transfer,P00195,1923.11,debit,2026-08-30 11:11:02,D00774
WLT0033510,W0603,merchant,P00052,5057.04,debit,2026-08-25 17:21:28,D00775
WLT0033518,W0603,topup,WALLET_PRV,3393.44,debit,2026-08-27 15:39:09,D00775
WLT0033523,W0603,transfer,P00195,4475.58,debit,2026-07-13 05:47:50,D00775
WLT0033526,W0603,topup,WALLET_PRV,6622.54,debit,2026-09-13 16:04:50,D00775
WLT0033529,W0603,merchant,P00052,10843.88,debit,2026-09-05 14:33:22,D00775
WLT0033535,W0603,merchant,P00104,1082.24,debit,2026-09-05 16:02:37,D00775
WLT0033541,W0603,merchant,P00134,7000.25,debit,2026-08-26 18:50:15,D00775
WLT0033549,W0604,merchant,P00246,392.77,debit,2026-09-05 13:35:32,D00776
WLT0033562,W0604,topup,WALLET_PRV,849.6,debit,2026-08-18 14:29:10,D00776
WLT0033565,W0604,transfer,P00047,570.68,debit,2026-09-09 14:51:33,D00776
WLT0033569,W0604,transfer,P00047,518.71,debit,2026-08-19 20:22:07,D00776
WLT0033583,W0604,merchant,P00068,974.34,debit,2026-09-05 07:57:09,D00776
WLT0033584,W0604,merchant,P00050,1051.62,debit,2026-07-28 17:25:42,D00776
WLT0033592,W0605,merchant,P00226,5163.43,debit,2026-08-17 13:41:26,D00777
WLT0033607,W0605,topup,WALLET_PRV,3005.95,debit,2026-07-25 17:20:33,D00777
WLT0033609,W0605,merchant,P00226,2269.41,debit,2026-07-23 20:40:30,D00777
WLT0033649,W0605,topup,WALLET_PRV,2334.6,debit,2026-07-07 17:23:13,D00777
WLT0033662,W0606,topup,WALLET_PRV,1145.09,debit,2026-07-13 11:59:29,D00778
WLT0033673,W0606,topup,WALLET_PRV,2488.82,debit,2026-07-16 10:49:47,D00778
WLT0033687,W0606,merchant,P00007,445.51,debit,2026-08-06 13:51:45,D00778
WLT0033693,W0606,merchant,P00081,1165.87,debit,2026-07-29 13:07:55,D00778
WLT0033694,W0606,merchant,P00157,2939.24,debit,2026-07-09 08:13:34,D00778
WLT0033714,W0606,merchant,P00052,1034.62,debit,2026-07-20 10:13:29,D00778
WLT0033726,W0607,merchant,P00125,863.48,debit,2026-07-26 21:17:32,D00779
WLT0033738,W0607,topup,WALLET_PRV,3569.86,debit,2026-08-16 13:58:14,D00779
WLT0033747,W0607,merchant,P00019,541.04,debit,2026-07-25 12:17:34,D00779
WLT0033751,W0607,merchant,P00178,1796.61,debit,2026-09-02 15:30:27,D00779
WLT0033784,W0608,topup,WALLET_PRV,1634.48,debit,2026-08-02 22:33:47,D00780
WLT0033786,W0608,merchant,P00134,2930.36,debit,2026-08-14 16:24:31,D00780
WLT0033795,W0608,transfer,P00156,2679.38,debit,2026-07-06 11:46:53,D00780
WLT0033805,W0608,merchant,P00038,1430.66,debit,2026-08-31 17:18:27,D00780
WLT0033808,W0608,transfer,P00156,1888.06,debit,2026-07-14 18:11:28,D00780
WLT0033813,W0608,transfer,P00322,1472.99,debit,2026-09-11 18:34:27,D00780
WLT0033818,W0609,merchant,P00359,2381.18,debit,2026-08-28 22:36:10,D00781
WLT0033840,W0609,merchant,P00095,679.49,debit,2026-08-31 14:12:06,D00782
WLT0033844,W0609,topup,WALLET_PRV,2618.65,debit,2026-08-31 09:18:18,D00782
WLT0033861,W0609,merchant,P00196,1750.24,debit,2026-07-31 20:34:15,D00781
WLT0033863,W0609,merchant,P00041,1160.16,debit,2026-09-13 17:22:02,D00781
WLT0033865,W0609,merchant,P00207,2133.24,debit,2026-08-12 16:03:33,D00782
WLT0033866,W0609,merchant,P00359,1009.55,debit,2026-09-08 14:29:36,D00781
WLT0033871,W0609,topup,WALLET_PRV,2663.48,debit,2026-07-15 20:00:35,D00782
WLT0033876,W0610,merchant,P00055,2912.91,debit,2026-09-04 18:08:43,D00783
WLT0033887,W0610,merchant,P00342,586.93,debit,2026-09-03 18:15:15,D00783
WLT0033888,W0610,topup,WALLET_PRV,3296.29,debit,2026-08-06 19:59:49,D00783
WLT0033892,W0610,merchant,P00246,1422.32,debit,2026-08-23 20:14:20,D00783
WLT0033901,W0610,merchant,P00272,185.81,debit,2026-09-08 11:24:39,D00783
WLT0033908,W0610,topup,WALLET_PRV,3195.01,debit,2026-07-07 19:13:05,D00783
WLT0033939,W0611,topup,WALLET_PRV,4652.03,debit,2026-08-06 23:27:57,D00784
WLT0033949,W0611,merchant,P00318,17423.01,debit,2026-07-13 15:33:17,D00784
WLT0033969,W0612,merchant,P00244,5677.92,debit,2026-07-28 09:35:40,D00785
WLT0033972,W0612,topup,WALLET_PRV,1265.72,debit,2026-09-12 23:07:23,D00785
WLT0033973,W0612,merchant,P00129,1879.14,debit,2026-08-01 14:55:42,D00785
WLT0033996,W0613,merchant,P00060,389.55,debit,2026-07-15 19:16:26,D00786
WLT0034012,W0613,topup,WALLET_PRV,1903.68,debit,2026-07-19 13:44:33,D00786
WLT0034021,W0613,merchant,P00035,696.44,debit,2026-08-10 14:34:25,D00786
WLT0034031,W0614,merchant,P00169,1436.67,debit,2026-09-04 12:15:36,D00787
WLT0034039,W0614,topup,WALLET_PRV,2683.16,debit,2026-08-01 19:43:36,D00787
WLT0034046,W0614,merchant,P00241,1431.06,debit,2026-07-31 01:36:38,D00787
WLT0034050,W0614,topup,WALLET_PRV,6497.88,debit,2026-07-22 15:30:45,D00787
WLT0034058,W0614,merchant,P00169,1337.65,debit,2026-08-30 18:01:17,D00787
WLT0034072,W0614,merchant,P00265,2175.81,debit,2026-08-16 20:58:12,D00787
WLT0034073,W0614,merchant,P00100,3046.28,debit,2026-08-26 11:59:19,D00787
WLT0034082,W0614,merchant,P00169,1700.27,debit,2026-09-10 21:08:18,D00787
WLT0034085,W0614,merchant,P00175,7425.62,debit,2026-08-13 06:38:30,D00787
WLT0034099,W0615,topup,WALLET_PRV,8287.17,debit,2026-09-02 18:17:37,D00788
WLT0034103,W0615,merchant,P00397,7892.64,debit,2026-09-03 18:33:32,D00788
WLT0034105,W0615,transfer,P00176,2195.78,debit,2026-07-30 13:31:53,D00788
WLT0034121,W0615,merchant,P00380,1595.81,debit,2026-08-15 13:39:34,D00788
WLT0034123,W0615,merchant,P00380,2724.44,debit,2026-07-31 19:12:58,D00788
WLT0034125,W0615,topup,WALLET_PRV,7286.41,debit,2026-08-21 00:53:37,D00788
WLT0034138,W0615,topup,WALLET_PRV,8380.05,debit,2026-09-09 19:43:08,D00788
WLT0034145,W0616,merchant,P00188,1204.41,debit,2026-08-02 17:16:09,D00789
WLT0034147,W0616,merchant,P00388,3052.5,debit,2026-08-13 18:06:45,D00789
WLT0034160,W0616,topup,WALLET_PRV,2514.76,debit,2026-08-21 20:28:41,D00789
WLT0034184,W0616,merchant,P00109,4564.36,debit,2026-07-21 17:11:21,D00790
WLT0034189,W0616,merchant,P00263,4728.72,debit,2026-07-24 20:01:21,D00789
WLT0034218,W0617,merchant,P00044,544.1,debit,2026-07-18 17:39:14,D00791
WLT0034234,W0617,merchant,P00172,3065.14,debit,2026-08-06 18:19:14,D00791
WLT0034250,W0618,topup,WALLET_PRV,6935.79,debit,2026-07-17 19:32:53,D00792
WLT0034255,W0618,merchant,P00092,3242.56,debit,2026-07-29 10:17:58,D00792
WLT0034258,W0618,merchant,P00111,8101.8,debit,2026-07-12 16:25:51,D00792
WLT0034260,W0618,topup,WALLET_PRV,5555.39,debit,2026-07-20 08:27:52,D00792
WLT0034283,W0618,merchant,P00141,4322.43,debit,2026-08-17 15:49:50,D00792
WLT0034289,W0618,merchant,P00212,5540.92,debit,2026-08-16 23:51:32,D00792
WLT0034308,W0618,merchant,P00078,1997.52,debit,2026-09-11 08:55:35,D00792
WLT0034324,W0619,merchant,P00143,3487.45,debit,2026-08-20 17:54:37,D00793
WLT0034325,W0619,topup,WALLET_PRV,6151.89,debit,2026-08-15 23:40:47,D00794
WLT0034327,W0619,merchant,P00145,2329.55,debit,2026-08-06 12:52:47,D00794
WLT0034351,W0619,merchant,P00132,11503.84,debit,2026-08-20 21:24:04,D00793
WLT0034353,W0619,merchant,P00145,1796.73,debit,2026-07-10 10:42:18,D00794
WLT0034366,W0619,topup,WALLET_PRV,4020.82,debit,2026-07-21 12:54:10,D00793
WLT0034406,W0620,merchant,P00329,2206.52,debit,2026-07-02 23:58:39,D00795
WLT0034424,W0621,merchant,P00342,4559.24,debit,2026-08-09 08:58:26,D00797
WLT0034443,W0621,topup,WALLET_PRV,1322.63,debit,2026-07-07 12:12:21,D00797
WLT0034444,W0621,merchant,P00342,2513.07,debit,2026-08-11 14:49:03,D00797
WLT0034446,W0621,merchant,P00081,663.88,debit,2026-07-22 17:45:46,D00797
WLT0034477,W0622,merchant,P00338,10969.88,debit,2026-07-31 17:51:02,D00798
WLT0034507,W0623,merchant,P00076,10657.99,debit,2026-08-10 10:25:23,D00799
WLT0034513,W0623,topup,WALLET_PRV,4234.59,debit,2026-07-09 17:12:14,D00799
WLT0034532,W0624,merchant,P00036,6747.55,debit,2026-08-07 08:58:24,D00800
WLT0034533,W0624,merchant,P00182,21828.18,debit,2026-07-31 19:33:27,D00800
WLT0034536,W0624,merchant,P00182,25710.51,debit,2026-08-03 13:14:32,D00800
WLT0034539,W0624,merchant,P00231,3284.84,debit,2026-08-18 20:55:48,D00800
WLT0034544,W0624,topup,WALLET_PRV,4919.39,debit,2026-09-01 09:10:58,D00800
WLT0034557,W0624,merchant,P00377,4768.82,debit,2026-08-03 20:25:24,D00800
WLT0034570,W0624,merchant,P00231,1483.82,debit,2026-08-16 10:12:24,D00800
WLT0034583,W0624,topup,WALLET_PRV,9809.81,debit,2026-08-15 07:46:19,D00800
WLT0034592,W0624,merchant,P00377,8874.93,debit,2026-09-06 17:50:55,D00800
WLT0034593,W0624,merchant,P00231,879.35,debit,2026-07-24 17:07:37,D00800
WLT0034595,W0624,merchant,P00112,1660.47,debit,2026-09-03 06:12:29,D00800
WLT0034614,W0624,merchant,P00224,3606.58,debit,2026-07-28 11:00:08,D00800
WLT0034633,W0625,topup,WALLET_PRV,665.44,debit,2026-07-18 12:51:26,D00802
WLT0034642,W0625,merchant,P00344,731.79,debit,2026-09-07 18:07:06,D00802
WLT0034650,W0625,merchant,P00148,1090.75,debit,2026-08-13 19:39:39,D00802
WLT0034653,W0625,merchant,P00090,417.03,debit,2026-07-20 10:21:28,D00802
WLT0034664,W0626,merchant,P00262,1228.38,debit,2026-07-29 13:28:52,D00803
WLT0034666,W0626,topup,WALLET_PRV,8306.12,debit,2026-07-23 12:17:12,D00803
WLT0034679,W0626,merchant,P00305,1487.07,debit,2026-07-27 09:35:58,D00803
WLT0034707,W0626,merchant,P00184,2808.33,debit,2026-09-13 13:28:51,D00803
WLT0034729,W0627,merchant,P00049,786.72,debit,2026-08-20 19:17:44,D00804
WLT0034730,W0627,topup,WALLET_PRV,765.26,debit,2026-09-01 07:08:48,D00804
WLT0034732,W0627,merchant,P00241,1056.08,debit,2026-07-14 06:37:13,D00804
WLT0034735,W0627,merchant,P00136,627.46,debit,2026-07-05 11:46:16,D00804
WLT0034742,W0627,topup,WALLET_PRV,2329.49,debit,2026-09-10 11:44:23,D00804
WLT0034750,W0627,merchant,P00165,522.7,debit,2026-09-05 13:09:23,D00804
WLT0034765,W0628,merchant,P00351,4848.21,debit,2026-07-22 20:51:51,D00805
WLT0034768,W0628,merchant,P00131,2386.11,debit,2026-08-03 18:33:40,D00806
WLT0034781,W0628,merchant,P00288,4356.92,debit,2026-08-26 15:48:21,D00806
WLT0034794,W0628,topup,WALLET_PRV,3408.33,debit,2026-08-04 19:59:56,D00805
WLT0034806,W0628,topup,WALLET_PRV,10422.3,debit,2026-07-16 14:56:21,D00805
WLT0034808,W0628,merchant,P00090,1659.34,debit,2026-08-31 20:02:12,D00805
WLT0034822,W0628,merchant,P00288,1389.66,debit,2026-08-14 18:01:41,D00805
WLT0034838,W0628,topup,WALLET_PRV,3911.15,debit,2026-07-24 11:40:11,D00806
WLT0034852,W0629,topup,WALLET_PRV,2036.91,debit,2026-09-09 14:04:09,D00807
WLT0034856,W0629,merchant,P00216,1679.27,debit,2026-07-05 02:46:03,D00807
WLT0034873,W0629,topup,WALLET_PRV,2621.34,debit,2026-07-08 17:46:04,D00807
WLT0034876,W0629,topup,WALLET_PRV,3821.18,debit,2026-07-26 17:43:47,D00807
WLT0034906,W0629,topup,WALLET_PRV,2367.2,debit,2026-08-16 09:32:48,D00807
WLT0034912,W0629,topup,WALLET_PRV,3740.56,debit,2026-07-17 07:55:21,D00807
WLT0034913,W0629,topup,WALLET_PRV,3788.14,debit,2026-07-02 10:18:06,D00807
WLT0034934,W0630,merchant,P00118,2162.99,debit,2026-07-01 16:56:54,D00808
WLT0034939,W0630,merchant,P00215,2612.93,debit,2026-07-30 18:54:19,D00808
WLT0034968,W0630,merchant,P00144,1094.39,debit,2026-08-28 15:31:56,D00808
WLT0034990,W0631,merchant,P00354,2545.28,debit,2026-08-25 15:48:53,D00809
WLT0035003,W0631,merchant,P00229,1643.23,debit,2026-07-04 20:38:57,D00809
WLT0035010,W0631,merchant,P00317,2745.95,debit,2026-08-20 18:34:10,D00809
WLT0035015,W0631,merchant,P00229,2015.43,debit,2026-08-16 06:31:52,D00809
WLT0035028,W0631,merchant,P00110,2340.99,debit,2026-09-03 11:18:14,D00809
WLT0035046,W0632,transfer,P00195,1506.11,debit,2026-07-28 19:19:49,D00810
WLT0035054,W0632,merchant,P00379,309.88,debit,2026-09-11 17:05:16,D00810
WLT0035068,W0632,merchant,P00077,1182.32,debit,2026-07-14 10:19:53,D00811
WLT0035069,W0632,topup,WALLET_PRV,4055.39,debit,2026-08-07 12:31:48,D00810
WLT0035083,W0633,merchant,P00003,1543.06,debit,2026-07-22 21:45:16,D00812
WLT0035085,W0633,merchant,P00318,3686.77,debit,2026-07-12 20:32:42,D00812
WLT0035086,W0633,topup,WALLET_PRV,3407.87,debit,2026-07-26 13:27:55,D00812
WLT0035134,W0634,merchant,P00392,884.62,debit,2026-08-25 12:22:38,D00813
WLT0035139,W0634,transfer,P00054,7323.43,debit,2026-08-11 18:30:32,D00813
WLT0035140,W0634,transfer,P00348,3307.65,debit,2026-09-13 13:52:54,D00813
WLT0035141,W0634,merchant,P00226,3452.44,debit,2026-08-17 17:44:36,D00813
WLT0035152,W0634,transfer,P00348,1288.28,debit,2026-08-28 01:59:49,D00813
WLT0035155,W0634,merchant,P00226,735.08,debit,2026-08-25 20:03:21,D00813
WLT0035156,W0634,topup,WALLET_PRV,4793.31,debit,2026-07-25 07:02:05,D00813
WLT0035159,W0634,merchant,P00310,898.51,debit,2026-09-10 14:17:19,D00813
WLT0035163,W0634,topup,WALLET_PRV,3553.87,debit,2026-08-30 19:26:57,D00813
WLT0035168,W0634,merchant,P00355,2461.11,debit,2026-07-05 14:31:26,D00813
WLT0035184,W0635,topup,WALLET_PRV,2953.09,debit,2026-07-10 13:43:23,D00814
WLT0035186,W0635,transfer,P00135,2037.22,debit,2026-07-09 23:03:13,D00814
WLT0035200,W0635,transfer,P00254,2726.48,debit,2026-07-14 14:19:35,D00814
WLT0035207,W0635,merchant,P00023,6150.0,debit,2026-07-11 09:18:14,D00814
WLT0035213,W0635,topup,WALLET_PRV,7974.36,debit,2026-09-08 10:37:28,D00814
WLT0035220,W0635,merchant,P00086,7166.14,debit,2026-09-13 16:42:58,D00814
WLT0035223,W0635,merchant,P00023,5891.36,debit,2026-09-07 11:51:55,D00814
WLT0035226,W0635,merchant,P00273,2505.66,debit,2026-08-02 10:26:39,D00814
WLT0035227,W0635,merchant,P00273,1352.06,debit,2026-07-24 12:59:41,D00814
WLT0035242,W0636,merchant,P00039,2364.58,debit,2026-08-04 10:11:19,D00815
WLT0035249,W0636,topup,WALLET_PRV,2045.48,debit,2026-08-21 09:53:04,D00815
WLT0035259,W0636,topup,WALLET_PRV,1433.3,debit,2026-07-15 20:58:36,D00815
WLT0035260,W0636,merchant,P00304,3202.09,debit,2026-07-18 14:59:58,D00815
WLT0035280,W0636,topup,WALLET_PRV,4733.49,debit,2026-08-05 13:48:34,D00815
WLT0035308,W0637,merchant,P00149,895.12,debit,2026-08-17 19:53:58,D00817
WLT0035312,W0637,topup,WALLET_PRV,1476.11,debit,2026-08-31 01:29:40,D00817
WLT0035320,W0637,merchant,P00040,1637.08,debit,2026-09-04 17:53:39,D00817
WLT0035347,W0638,topup,WALLET_PRV,6911.02,debit,2026-08-25 16:35:43,D00818
WLT0035349,W0638,merchant,P00107,4698.74,debit,2026-07-16 21:38:36,D00818
WLT0035350,W0638,merchant,P00092,2985.85,debit,2026-07-04 19:31:44,D00818
WLT0035362,W0638,merchant,P00310,2637.09,debit,2026-07-04 07:04:48,D00818
WLT0035365,W0638,topup,WALLET_PRV,4618.7,debit,2026-08-25 22:03:01,D00818
WLT0035386,W0638,topup,WALLET_PRV,4686.92,debit,2026-07-20 19:13:06,D00818
WLT0035401,W0638,transfer,P00156,4012.31,debit,2026-07-07 12:59:19,D00818
WLT0035411,W0639,topup,WALLET_PRV,2117.53,debit,2026-08-04 15:26:21,D00820
WLT0035412,W0639,topup,WALLET_PRV,4433.61,debit,2026-09-12 13:42:12,D00819
WLT0035414,W0639,merchant,P00336,1041.83,debit,2026-08-10 11:41:39,D00819
WLT0035416,W0639,topup,WALLET_PRV,2744.38,debit,2026-07-07 23:14:19,D00819
WLT0035423,W0639,merchant,P00238,1124.27,debit,2026-09-05 20:07:22,D00819
WLT0035428,W0639,topup,WALLET_PRV,5374.49,debit,2026-07-20 08:31:48,D00820
WLT0035431,W0639,merchant,P00367,1177.44,debit,2026-08-29 15:22:58,D00819
WLT0035453,W0639,topup,WALLET_PRV,1731.38,debit,2026-08-07 14:06:27,D00820
WLT0035471,W0640,topup,WALLET_PRV,5869.77,debit,2026-08-22 18:07:03,D00822
WLT0035476,W0640,merchant,P00061,3648.82,debit,2026-09-01 12:27:28,D00822
WLT0035492,W0640,merchant,P00244,3688.37,debit,2026-07-04 10:29:02,D00821
WLT0035493,W0640,merchant,P00069,4046.83,debit,2026-09-05 09:25:12,D00821
WLT0035509,W0640,topup,WALLET_PRV,9220.08,debit,2026-08-26 16:55:49,D00822
WLT0035523,W0640,topup,WALLET_PRV,4125.2,debit,2026-09-08 11:12:45,D00821
WLT0035557,W0640,merchant,P00187,3763.35,debit,2026-07-03 14:16:59,D00821
WLT0035562,W0641,merchant,P00344,687.09,debit,2026-08-07 09:58:01,D00823
WLT0035589,W0641,merchant,P00167,840.9,debit,2026-09-08 22:36:33,D00823
WLT0035603,W0642,topup,WALLET_PRV,647.08,debit,2026-08-21 20:04:56,D00824
WLT0035616,W0642,topup,WALLET_PRV,777.79,debit,2026-07-04 08:44:03,D00824
WLT0035620,W0642,merchant,P00034,338.09,debit,2026-07-29 14:06:02,D00824
WLT0035623,W0642,merchant,P00225,988.68,debit,2026-08-06 14:53:50,D00824
WLT0035637,W0642,topup,WALLET_PRV,1752.07,debit,2026-07-19 09:42:26,D00824
WLT0035648,W0642,topup,WALLET_PRV,1222.07,debit,2026-08-18 13:08:02,D00824
WLT0035652,W0642,topup,WALLET_PRV,461.19,debit,2026-08-12 14:38:04,D00824
WLT0035658,W0643,merchant,P00154,1009.92,debit,2026-08-20 12:40:41,D00825
WLT0035661,W0643,topup,WALLET_PRV,1175.95,debit,2026-07-02 23:58:36,D00825
WLT0035687,W0644,merchant,P00168,1136.26,debit,2026-07-27 21:55:40,D00826
WLT0035696,W0644,merchant,P00241,3575.42,debit,2026-08-20 09:29:21,D00826
WLT0035718,W0644,merchant,P00041,5840.04,debit,2026-09-12 20:40:11,D00826
WLT0035722,W0644,merchant,P00253,1201.28,debit,2026-07-24 19:42:41,D00826
WLT0035728,W0645,merchant,P00252,8995.89,debit,2026-08-30 13:42:15,D00827
WLT0035739,W0645,merchant,P00339,1639.15,debit,2026-07-01 18:38:47,D00827
WLT0035741,W0645,topup,WALLET_PRV,5003.62,debit,2026-08-23 17:23:50,D00827
WLT0035744,W0645,topup,WALLET_PRV,3257.44,debit,2026-07-30 13:59:01,D00827
WLT0035763,W0645,topup,WALLET_PRV,6868.78,debit,2026-09-04 20:47:07,D00827
WLT0035779,W0646,topup,WALLET_PRV,5329.46,debit,2026-07-28 16:03:20,D00828
WLT0035782,W0646,merchant,P00164,53634.12,debit,2026-08-27 20:17:11,D00828
WLT0035791,W0646,merchant,P00209,2810.05,debit,2026-08-11 19:00:16,D00828
WLT0035794,W0646,topup,WALLET_PRV,6041.52,debit,2026-07-14 16:39:01,D00828
WLT0035801,W0646,merchant,P00076,1990.22,debit,2026-07-12 08:36:22,D00828
WLT0035826,W0647,topup,WALLET_PRV,4317.14,debit,2026-08-14 19:52:34,D00829
WLT0035828,W0647,merchant,P00038,2633.25,debit,2026-08-26 19:00:41,D00830
WLT0035847,W0647,merchant,P00222,2601.08,debit,2026-07-24 17:56:24,D00830
WLT0035848,W0647,transfer,P00319,2310.03,debit,2026-07-05 18:01:20,D00829
WLT0035850,W0647,transfer,P00357,1464.84,debit,2026-07-12 14:27:44,D00830
WLT0035851,W0647,transfer,P00002,2359.5,debit,2026-07-26 15:06:44,D00829
WLT0035858,W0647,merchant,P00258,1051.9,debit,2026-09-09 06:10:52,D00830
WLT0035865,W0647,merchant,P00101,1094.56,debit,2026-08-02 11:57:49,D00830
WLT0035868,W0647,merchant,P00258,1240.79,debit,2026-07-19 13:33:54,D00829
WLT0035874,W0647,topup,WALLET_PRV,2300.09,debit,2026-07-21 07:26:03,D00829
WLT0035879,W0647,merchant,P00069,4829.15,debit,2026-07-21 14:29:22,D00830
WLT0035906,W0648,topup,WALLET_PRV,2313.9,debit,2026-08-24 16:25:36,D00831
WLT0035912,W0648,merchant,P00349,1841.53,debit,2026-07-01 15:55:59,D00831
WLT0035925,W0648,merchant,P00349,1573.25,debit,2026-07-17 13:52:04,D00831
WLT0035935,W0648,merchant,P00180,7283.37,debit,2026-08-01 20:31:00,D00831
WLT0035939,W0648,merchant,P00374,12765.07,debit,2026-07-03 21:28:02,D00831
WLT0035945,W0648,topup,WALLET_PRV,2617.67,debit,2026-07-23 22:57:15,D00831
WLT0035978,W0649,merchant,P00029,2178.68,debit,2026-08-30 12:35:49,D00832
WLT0035983,W0649,merchant,P00211,941.85,debit,2026-07-28 18:17:18,D00833
WLT0035986,W0649,topup,WALLET_PRV,5813.19,debit,2026-07-04 10:54:45,D00833
WLT0036006,W0649,merchant,P00382,968.9,debit,2026-08-17 21:03:25,D00832
WLT0036038,W0650,merchant,P00224,613.1,debit,2026-09-07 10:04:22,D00834
WLT0036045,W0650,topup,WALLET_PRV,1434.03,debit,2026-08-18 06:46:39,D00834
WLT0036047,W0650,merchant,P00143,1333.93,debit,2026-08-28 22:53:00,D00834
WLT0036049,W0650,topup,WALLET_PRV,4318.69,debit,2026-08-20 15:46:15,D00834
WLT0036055,W0650,topup,WALLET_PRV,2008.07,debit,2026-07-22 15:38:22,D00834
WLT0036057,W0650,merchant,P00355,1046.83,debit,2026-08-16 12:56:58,D00834
WLT0036061,W0650,topup,WALLET_PRV,3396.87,debit,2026-09-05 12:34:23,D00834
WLT0036064,W0650,merchant,P00242,3344.69,debit,2026-07-05 12:53:17,D00834
WLT0036069,W0650,merchant,P00355,265.08,debit,2026-08-17 19:57:54,D00834
WLT0036075,W0650,topup,WALLET_PRV,2578.38,debit,2026-08-01 09:51:37,D00835
WLT0036078,W0650,topup,WALLET_PRV,2812.3,debit,2026-07-17 12:24:22,D00834
WLT0036082,W0650,transfer,P00116,945.37,debit,2026-08-28 22:51:46,D00834
WLT0036083,W0650,merchant,P00340,4156.82,debit,2026-07-19 16:07:56,D00835
WLT0036108,W0651,topup,WALLET_PRV,934.96,debit,2026-08-15 20:37:23,D00836
WLT0036110,W0651,merchant,P00041,3779.46,debit,2026-08-19 10:15:51,D00836
WLT0036117,W0651,transfer,P00135,915.9,debit,2026-08-01 16:17:56,D00836
WLT0036121,W0651,merchant,P00363,360.49,debit,2026-09-09 10:39:32,D00836
WLT0036149,W0652,merchant,P00341,1108.89,debit,2026-09-03 18:06:10,D00837
WLT0036176,W0653,merchant,P00104,1832.93,debit,2026-09-13 12:45:49,D00838
WLT0036185,W0653,topup,WALLET_PRV,2511.75,debit,2026-08-13 19:20:37,D00838
WLT0036186,W0653,merchant,P00175,2285.74,debit,2026-07-17 19:49:16,D00838
WLT0036202,W0653,merchant,P00323,4088.64,debit,2026-07-26 18:22:54,D00838
WLT0036225,W0653,merchant,P00175,5342.84,debit,2026-07-15 22:52:55,D00838
WLT0036229,W0653,merchant,P00061,674.86,debit,2026-09-03 09:35:13,D00838
WLT0036239,W0654,merchant,P00155,716.78,debit,2026-07-07 21:37:57,D00839
WLT0036242,W0654,topup,WALLET_PRV,3706.99,debit,2026-07-15 19:09:35,D00839
WLT0036253,W0654,merchant,P00283,3346.98,debit,2026-07-23 07:49:14,D00839
WLT0036256,W0654,topup,WALLET_PRV,3463.98,debit,2026-07-08 07:02:16,D00839
WLT0036298,W0655,topup,WALLET_PRV,2115.85,debit,2026-08-16 23:57:12,D00841
WLT0036307,W0655,merchant,P00259,13125.23,debit,2026-07-12 00:28:13,D00840
WLT0036309,W0655,merchant,P00023,2255.42,debit,2026-07-17 10:59:32,D00841
WLT0036312,W0655,topup,WALLET_PRV,1334.31,debit,2026-07-30 14:40:08,D00841
WLT0036314,W0655,merchant,P00340,7770.89,debit,2026-09-09 13:30:41,D00840
WLT0036315,W0655,topup,WALLET_PRV,2287.13,debit,2026-08-06 20:18:00,D00841
WLT0036324,W0655,merchant,P00004,826.08,debit,2026-08-12 02:46:54,D00840
WLT0036328,W0655,merchant,P00023,3109.69,debit,2026-08-23 13:59:34,D00840
WLT0036337,W0655,topup,WALLET_PRV,2542.21,debit,2026-08-04 08:57:16,D00841
WLT0036360,W0656,merchant,P00289,942.26,debit,2026-07-02 07:10:35,D00842
WLT0036361,W0656,transfer,P00037,1948.94,debit,2026-07-03 10:37:45,D00842
WLT0036371,W0656,merchant,P00066,1430.25,debit,2026-07-13 16:09:31,D00842
WLT0036388,W0656,merchant,P00104,873.54,debit,2026-09-11 14:06:04,D00842
WLT0036396,W0657,merchant,P00392,981.3,debit,2026-07-31 09:27:54,D00843
WLT0036404,W0657,merchant,P00341,1062.58,debit,2026-07-06 13:56:30,D00843
WLT0036414,W0657,merchant,P00117,343.01,debit,2026-08-26 08:00:17,D00843
WLT0036438,W0657,merchant,P00052,1692.33,debit,2026-08-14 08:06:38,D00843
WLT0036441,W0657,topup,WALLET_PRV,954.87,debit,2026-07-14 12:33:15,D00843
WLT0036468,W0658,merchant,P00184,948.79,debit,2026-08-03 18:11:34,D00844
WLT0036476,W0658,merchant,P00202,2717.06,debit,2026-09-02 15:07:52,D00844
WLT0036477,W0658,topup,WALLET_PRV,4592.6,debit,2026-07-31 19:15:29,D00844
WLT0036479,W0658,merchant,P00184,914.81,debit,2026-07-17 19:57:08,D00844
WLT0036484,W0658,topup,WALLET_PRV,5136.13,debit,2026-08-11 10:20:30,D00844
WLT0036493,W0658,merchant,P00070,1508.77,debit,2026-08-20 16:48:51,D00844
WLT0036506,W0658,merchant,P00371,1217.17,debit,2026-08-14 13:34:44,D00844
WLT0036513,W0659,topup,WALLET_PRV,2260.58,debit,2026-07-27 10:07:00,D00845
WLT0036518,W0659,merchant,P00153,1941.99,debit,2026-07-18 23:41:52,D00846
WLT0036528,W0659,merchant,P00394,278.64,debit,2026-07-12 17:42:46,D00845
WLT0036564,W0660,merchant,P00221,3539.78,debit,2026-07-29 16:02:06,D00847
WLT0036576,W0660,merchant,P00221,10754.67,debit,2026-07-28 11:00:40,D00847
WLT0036596,W0660,merchant,P00016,8887.01,debit,2026-08-07 00:25:51,D00847
WLT0036600,W0660,merchant,P00382,7693.05,debit,2026-07-28 15:22:51,D00847
WLT0036613,W0660,topup,WALLET_PRV,18134.64,debit,2026-09-08 13:34:02,D00847
WLT0036621,W0660,merchant,P00147,10353.39,debit,2026-08-23 16:47:31,D00847
WLT0036628,W0660,merchant,P00383,3700.39,debit,2026-07-18 10:57:19,D00847
WLT0036629,W0660,merchant,P00250,1696.7,debit,2026-07-22 16:27:58,D00847
WLT0036643,W0661,merchant,P00096,1086.8,debit,2026-07-21 19:51:46,D00848
WLT0036659,W0661,merchant,P00203,249.59,debit,2026-09-08 10:03:27,D00848
WLT0036701,W0662,topup,WALLET_PRV,1223.45,debit,2026-08-10 18:23:09,D00850
WLT0036706,W0662,merchant,P00123,318.2,debit,2026-08-31 07:39:27,D00849
WLT0036707,W0662,topup,WALLET_PRV,652.06,debit,2026-08-12 16:41:46,D00849
WLT0036708,W0662,merchant,P00286,188.99,debit,2026-09-01 10:25:23,D00849
WLT0036725,W0662,topup,WALLET_PRV,906.23,debit,2026-09-04 19:12:07,D00849
WLT0036734,W0663,topup,WALLET_PRV,3053.3,debit,2026-07-26 12:03:23,D00851
WLT0036752,W0663,topup,WALLET_PRV,2650.05,debit,2026-09-06 18:37:41,D00851
WLT0036762,W0663,transfer,P00156,2883.43,debit,2026-08-31 15:01:26,D00851
WLT0036799,W0664,topup,WALLET_PRV,11859.35,debit,2026-07-19 14:43:16,D00853
WLT0036827,W0666,topup,WALLET_PRV,6571.54,debit,2026-08-20 08:45:46,D00855
WLT0036830,W0666,merchant,P00139,10750.24,debit,2026-09-05 12:51:47,D00856
WLT0036841,W0666,merchant,P00070,1689.45,debit,2026-08-25 18:18:45,D00856
WLT0036844,W0666,merchant,P00070,536.51,debit,2026-07-26 23:55:29,D00855
WLT0036873,W0667,merchant,P00017,1523.96,debit,2026-08-28 22:39:58,D00857
WLT0036883,W0667,topup,WALLET_PRV,634.79,debit,2026-07-31 21:57:01,D00857
WLT0036903,W0667,merchant,P00150,1393.49,debit,2026-08-21 10:55:10,D00857
WLT0036905,W0667,merchant,P00107,327.57,debit,2026-07-28 11:39:03,D00857
WLT0036907,W0667,topup,WALLET_PRV,1233.04,debit,2026-08-12 22:48:12,D00857
WLT0036908,W0667,topup,WALLET_PRV,1606.61,debit,2026-08-14 09:17:17,D00857
WLT0036923,W0667,merchant,P00342,3127.21,debit,2026-07-09 16:58:57,D00857
WLT0036935,W0668,merchant,P00016,675.89,debit,2026-08-15 13:15:05,D00858
WLT0036941,W0668,merchant,P00325,3272.3,debit,2026-08-19 20:07:37,D00858
WLT0036979,W0669,transfer,P00386,1007.45,debit,2026-07-17 21:49:03,D00859
WLT0036983,W0669,merchant,P00294,586.93,debit,2026-07-28 07:40:47,D00859
WLT0036984,W0669,merchant,P00095,798.02,debit,2026-08-09 17:27:15,D00859
WLT0036993,W0669,transfer,P00047,1953.62,debit,2026-08-12 22:44:38,D00859
WLT0037001,W0669,merchant,P00196,297.58,debit,2026-07-09 23:23:06,D00859
WLT0037007,W0669,merchant,P00060,1146.01,debit,2026-07-09 11:35:50,D00859
WLT0037029,W0670,merchant,P00298,174.07,debit,2026-09-05 17:30:16,D00860
WLT0037071,W0671,topup,WALLET_PRV,2815.35,debit,2026-07-02 21:39:45,D00861
WLT0037072,W0671,merchant,P00226,1444.91,debit,2026-08-05 14:36:31,D00861
WLT0037092,W0671,merchant,P00398,2865.53,debit,2026-08-24 08:47:33,D00861
WLT0037097,W0671,merchant,P00200,1312.48,debit,2026-09-11 17:29:17,D00861
WLT0037099,W0671,topup,WALLET_PRV,3578.56,debit,2026-07-30 09:01:15,D00861
WLT0037109,W0671,topup,WALLET_PRV,3382.67,debit,2026-08-26 12:37:38,D00861
WLT0037114,W0671,merchant,P00172,318.56,debit,2026-07-24 17:54:20,D00861
WLT0037127,W0672,merchant,P00016,547.57,debit,2026-07-11 07:23:44,D00862
WLT0037161,W0672,merchant,P00103,4540.08,debit,2026-08-30 20:08:13,D00862
WLT0037187,W0673,topup,WALLET_PRV,1569.74,debit,2026-08-06 11:35:28,D00863
WLT0037193,W0673,topup,WALLET_PRV,960.91,debit,2026-08-23 09:31:46,D00863
WLT0037194,W0673,topup,WALLET_PRV,1678.85,debit,2026-08-21 07:37:05,D00863
WLT0037195,W0673,topup,WALLET_PRV,796.82,debit,2026-07-28 11:00:05,D00863
WLT0037199,W0673,transfer,P00254,669.26,debit,2026-09-09 02:06:08,D00863
WLT0037203,W0673,merchant,P00139,1898.74,debit,2026-08-02 12:50:08,D00863
WLT0037213,W0674,merchant,P00074,4424.56,debit,2026-07-14 12:53:50,D00865
WLT0037233,W0674,merchant,P00194,861.83,debit,2026-08-24 18:18:59,D00865
WLT0037238,W0674,merchant,P00380,688.38,debit,2026-07-30 14:54:03,D00865
WLT0037291,W0675,merchant,P00138,1078.17,debit,2026-08-22 11:55:31,D00867
WLT0037303,W0675,merchant,P00041,1949.81,debit,2026-08-10 18:53:45,D00867
WLT0037304,W0675,topup,WALLET_PRV,1935.79,debit,2026-09-11 22:18:23,D00867
WLT0037338,W0675,merchant,P00390,1489.3,debit,2026-08-16 18:11:35,D00867
WLT0037342,W0675,merchant,P00058,209.46,debit,2026-08-06 19:06:06,D00867
WLT0037349,W0676,topup,WALLET_PRV,2021.66,debit,2026-08-31 18:56:07,D00868
WLT0037350,W0676,transfer,P00319,1509.21,debit,2026-07-28 11:08:22,D00868
WLT0037358,W0676,topup,WALLET_PRV,4848.23,debit,2026-07-15 18:12:00,D00868
WLT0037365,W0676,topup,WALLET_PRV,1825.81,debit,2026-08-16 13:58:08,D00868
WLT0037379,W0676,topup,WALLET_PRV,3681.74,debit,2026-07-09 16:33:40,D00868
WLT0037382,W0676,topup,WALLET_PRV,1983.33,debit,2026-09-05 09:52:14,D00868
WLT0037390,W0676,transfer,P00319,3205.83,debit,2026-07-04 17:22:25,D00868
WLT0037395,W0676,merchant,P00200,2016.38,debit,2026-07-03 11:34:45,D00868
WLT0037427,W0677,merchant,P00015,5112.41,debit,2026-07-15 20:33:46,D00869
WLT0037435,W0677,merchant,P00358,7072.67,debit,2026-09-07 12:57:34,D00869
WLT0037468,W0678,transfer,P00094,2291.68,debit,2026-07-09 15:37:47,D00870
WLT0037487,W0678,topup,WALLET_PRV,7478.99,debit,2026-09-08 19:47:36,D00870
WLT0037488,W0678,merchant,P00232,9372.23,debit,2026-08-25 19:59:13,D00871
WLT0037510,W0679,merchant,P00160,4463.89,debit,2026-07-20 08:16:35,D00872
WLT0037529,W0679,topup,WALLET_PRV,2680.72,debit,2026-08-10 21:14:45,D00872
WLT0037545,W0679,merchant,P00311,3646.18,debit,2026-07-28 22:27:10,D00872
WLT0037546,W0679,merchant,P00186,4317.4,debit,2026-09-01 19:33:39,D00872
WLT0037560,W0680,merchant,P00041,10010.8,debit,2026-08-30 12:19:06,D00873
WLT0037564,W0680,merchant,P00393,2902.69,debit,2026-07-17 10:09:53,D00873
WLT0037597,W0680,merchant,P00342,6976.37,debit,2026-08-14 14:15:28,D00873
WLT0037602,W0680,merchant,P00309,373.81,debit,2026-09-04 08:02:00,D00873
WLT0037606,W0680,merchant,P00398,3962.63,debit,2026-08-24 17:24:53,D00873
WLT0037610,W0680,topup,WALLET_PRV,9727.33,debit,2026-08-07 03:38:33,D00873
WLT0037667,W0681,merchant,P00356,698.98,debit,2026-08-05 17:31:44,D00875
WLT0037670,W0681,topup,WALLET_PRV,2446.28,debit,2026-09-08 15:55:13,D00874
WLT0037679,W0681,topup,WALLET_PRV,2249.87,debit,2026-08-08 14:04:06,D00874
WLT0037684,W0681,topup,WALLET_PRV,3040.41,debit,2026-08-02 15:59:26,D00874
WLT0037685,W0681,merchant,P00112,2714.69,debit,2026-08-28 18:06:46,D00875
WLT0037696,W0682,merchant,P00276,2343.61,debit,2026-07-28 17:04:15,D00876
WLT0037699,W0682,merchant,P00231,840.5,debit,2026-07-26 14:35:58,D00876
WLT0037710,W0682,merchant,P00231,1673.44,debit,2026-09-09 16:11:25,D00876
WLT0037753,W0683,merchant,P00352,731.43,debit,2026-07-21 14:33:38,D00877
WLT0037767,W0683,topup,WALLET_PRV,4753.16,debit,2026-08-21 22:24:49,D00877
WLT0037797,W0683,topup,WALLET_PRV,1487.72,debit,2026-07-13 20:14:44,D00878
WLT0037803,W0684,merchant,P00132,1721.06,debit,2026-08-19 09:42:37,D00879
WLT0037810,W0684,merchant,P00132,1666.2,debit,2026-09-07 21:33:34,D00880
WLT0037821,W0684,merchant,P00129,12917.03,debit,2026-07-09 22:50:47,D00879
WLT0037828,W0684,merchant,P00340,3744.8,debit,2026-08-14 02:09:41,D00879
WLT0037830,W0684,merchant,P00132,3380.14,debit,2026-08-31 09:52:22,D00879
WLT0037838,W0684,merchant,P00370,613.38,debit,2026-08-25 19:25:27,D00879
WLT0037841,W0684,merchant,P00340,5655.39,debit,2026-07-17 22:43:54,D00880
WLT0037857,W0685,merchant,P00230,2495.84,debit,2026-08-23 08:30:44,D00881
WLT0037860,W0685,topup,WALLET_PRV,2254.47,debit,2026-08-03 22:37:24,D00881
WLT0037876,W0685,merchant,P00086,1863.27,debit,2026-07-13 21:06:13,D00881
WLT0037895,W0685,merchant,P00230,1377.55,debit,2026-07-08 00:55:40,D00881
WLT0037899,W0685,topup,WALLET_PRV,3418.6,debit,2026-08-04 08:59:27,D00881
WLT0037904,W0685,topup,WALLET_PRV,3659.5,debit,2026-08-15 16:29:08,D00881
WLT0037913,W0685,topup,WALLET_PRV,2194.09,debit,2026-07-12 21:50:49,D00881
WLT0037932,W0686,topup,WALLET_PRV,1278.13,debit,2026-09-08 17:19:37,D00882
WLT0037936,W0686,merchant,P00399,431.84,debit,2026-07-10 18:52:48,D00882
WLT0037940,W0687,merchant,P00058,206.49,debit,2026-08-20 19:24:24,D00884
WLT0037946,W0687,merchant,P00287,2176.05,debit,2026-08-18 13:18:51,D00884
WLT0037947,W0687,merchant,P00058,1085.09,debit,2026-08-18 08:15:20,D00885
WLT0037966,W0687,merchant,P00270,2750.21,debit,2026-07-23 10:00:00,D00884
WLT0037986,W0687,merchant,P00376,290.51,debit,2026-07-17 21:10:25,D00884
WLT0037987,W0687,merchant,P00055,2313.77,debit,2026-09-04 12:14:36,D00884
WLT0038000,W0687,merchant,P00287,838.46,debit,2026-07-14 14:07:47,D00884
WLT0038033,W0687,topup,WALLET_PRV,723.13,debit,2026-09-04 22:49:45,D00884
WLT0038043,W0688,merchant,P00122,1169.05,debit,2026-07-29 21:50:45,D00886
WLT0038064,W0688,merchant,P00217,546.35,debit,2026-08-26 07:57:54,D00886
WLT0038070,W0688,merchant,P00004,1306.72,debit,2026-08-17 13:37:12,D00886
WLT0038085,W0689,topup,WALLET_PRV,1177.49,debit,2026-07-28 16:50:00,D00887
WLT0038096,W0689,topup,WALLET_PRV,2137.45,debit,2026-09-07 13:25:32,D00887
WLT0038101,W0689,merchant,P00389,780.83,debit,2026-07-13 08:10:39,D00887
WLT0038107,W0689,merchant,P00309,102.82,debit,2026-08-18 08:50:55,D00887
WLT0038110,W0689,merchant,P00371,2194.38,debit,2026-08-30 14:11:21,D00887
WLT0038139,W0689,merchant,P00389,406.92,debit,2026-09-12 17:01:32,D00887
WLT0038158,W0689,merchant,P00368,191.21,debit,2026-07-14 09:52:59,D00887
WLT0038166,W0690,topup,WALLET_PRV,1279.03,debit,2026-07-14 09:51:31,D00888
WLT0038171,W0690,topup,WALLET_PRV,2633.46,debit,2026-08-10 15:44:29,D00888
WLT0038176,W0690,merchant,P00185,1693.7,debit,2026-07-27 18:58:22,D00888
WLT0038180,W0690,merchant,P00207,1698.32,debit,2026-08-15 11:55:48,D00888
WLT0038183,W0690,merchant,P00367,477.04,debit,2026-08-14 17:28:04,D00888
WLT0038195,W0690,topup,WALLET_PRV,1596.79,debit,2026-08-14 10:49:09,D00888
WLT0038204,W0690,merchant,P00359,987.99,debit,2026-08-06 21:19:21,D00888
WLT0038215,W0691,merchant,P00374,7799.94,debit,2026-07-13 14:21:14,D00889
WLT0038231,W0691,merchant,P00308,1652.06,debit,2026-09-06 08:44:06,D00889
WLT0038233,W0691,merchant,P00245,2326.72,debit,2026-07-25 17:08:31,D00890
WLT0038236,W0691,transfer,P00274,1595.75,debit,2026-07-25 13:54:28,D00889
WLT0038239,W0691,merchant,P00374,1538.62,debit,2026-07-12 18:22:45,D00889
WLT0038240,W0691,merchant,P00262,360.36,debit,2026-09-03 18:22:48,D00889
WLT0038242,W0691,topup,WALLET_PRV,1615.79,debit,2026-08-20 21:50:09,D00889
WLT0038265,W0691,merchant,P00083,1344.0,debit,2026-07-24 17:42:38,D00890
WLT0038272,W0691,transfer,P00274,1521.09,debit,2026-08-11 19:43:36,D00889
WLT0038275,W0691,merchant,P00083,3473.71,debit,2026-08-19 15:20:11,D00890
WLT0038280,W0691,merchant,P00138,221.36,debit,2026-07-28 12:44:05,D00889
WLT0038282,W0691,merchant,P00374,2488.72,debit,2026-07-23 13:20:25,D00889
WLT0038292,W0692,merchant,P00346,474.91,debit,2026-08-09 14:19:35,D00891
WLT0038301,W0692,merchant,P00346,1102.16,debit,2026-08-31 13:59:34,D00891
WLT0038314,W0692,topup,WALLET_PRV,623.4,debit,2026-07-30 10:00:32,D00892
WLT0038333,W0692,merchant,P00090,303.62,debit,2026-09-03 11:07:30,D00892
WLT0038339,W0692,topup,WALLET_PRV,1191.73,debit,2026-08-01 20:50:17,D00891
WLT0038340,W0692,transfer,P00234,542.58,debit,2026-08-24 08:37:44,D00891
WLT0038402,W0694,merchant,P00024,1051.76,debit,2026-07-17 12:11:50,D00894
WLT0038410,W0694,merchant,P00294,4587.32,debit,2026-09-10 14:17:45,D00894
WLT0038449,W0695,topup,WALLET_PRV,2183.68,debit,2026-08-19 09:33:32,D00895
WLT0038453,W0695,merchant,P00071,392.6,debit,2026-09-09 11:40:58,D00895
WLT0038457,W0695,merchant,P00377,2219.32,debit,2026-07-28 13:45:54,D00895
WLT0038461,W0695,merchant,P00071,2456.31,debit,2026-07-16 20:23:52,D00895
WLT0038477,W0696,merchant,P00065,1391.14,debit,2026-08-05 19:13:10,D00896
WLT0038481,W0696,merchant,P00107,3634.76,debit,2026-08-14 09:34:32,D00896
WLT0038500,W0696,merchant,P00221,942.9,debit,2026-08-24 12:40:43,D00896
WLT0038528,W0697,merchant,P00204,2906.21,debit,2026-08-01 17:33:56,D00897
WLT0038545,W0697,topup,WALLET_PRV,4050.52,debit,2026-09-10 19:17:39,D00898
WLT0038548,W0697,topup,WALLET_PRV,2271.46,debit,2026-08-28 19:20:00,D00897
WLT0038573,W0698,merchant,P00148,2095.71,debit,2026-07-09 15:59:40,D00900
WLT0038582,W0698,merchant,P00340,926.06,debit,2026-07-22 16:40:59,D00900
WLT0038588,W0698,transfer,P00031,1051.86,debit,2026-08-06 09:53:13,D00899
WLT0038602,W0698,transfer,P00234,1190.5,debit,2026-07-04 03:51:13,D00899
WLT0038605,W0698,topup,WALLET_PRV,2313.96,debit,2026-07-09 18:07:14,D00899
WLT0038606,W0698,topup,WALLET_PRV,1668.95,debit,2026-08-29 12:20:29,D00899
WLT0038627,W0699,topup,WALLET_PRV,2910.53,debit,2026-07-30 11:31:49,D00901
WLT0038637,W0699,merchant,P00172,897.98,debit,2026-07-05 20:44:33,D00901
WLT0038644,W0699,merchant,P00329,1178.75,debit,2026-08-12 09:53:16,D00901
WLT0038648,W0699,merchant,P00278,4113.47,debit,2026-08-22 09:26:03,D00901
WLT0038657,W0699,topup,WALLET_PRV,3077.9,debit,2026-07-25 14:11:08,D00901
WLT0038659,W0699,merchant,P00217,1229.14,debit,2026-09-02 12:59:58,D00901
WLT0038660,W0699,topup,WALLET_PRV,4217.33,debit,2026-08-03 10:13:07,D00901
WLT0038664,W0699,merchant,P00250,1482.09,debit,2026-08-17 12:18:45,D00901
WLT0038680,W0699,merchant,P00045,3460.28,debit,2026-08-07 08:22:02,D00901
WLT0038690,W0699,merchant,P00172,4558.4,debit,2026-09-06 13:28:48,D00901
WLT0038698,W0700,merchant,P00244,2646.01,debit,2026-07-04 19:38:19,D00902
WLT0038702,W0700,topup,WALLET_PRV,1154.29,debit,2026-07-06 19:23:04,D00903
WLT0038708,W0700,transfer,P00011,1177.17,debit,2026-07-15 09:45:07,D00903
WLT0038742,W0700,topup,WALLET_PRV,2688.69,debit,2026-09-13 02:12:07,D00903
WLT0038747,W0700,merchant,P00076,928.74,debit,2026-08-17 21:14:49,D00903
WLT0038748,W0700,merchant,P00206,757.08,debit,2026-07-06 15:38:43,D00903
WLT0038754,W0701,topup,WALLET_PRV,722.58,debit,2026-09-07 17:13:35,D00905
WLT0038761,W0701,merchant,P00230,506.73,debit,2026-07-23 11:58:53,D00905
WLT0038781,W0701,merchant,P00089,2020.85,debit,2026-08-22 08:30:45,D00904
WLT0038800,W0702,merchant,P00012,9088.28,debit,2026-08-04 19:47:24,D00906
WLT0038824,W0702,merchant,P00316,3145.81,debit,2026-07-28 19:50:27,D00906
WLT0038836,W0702,merchant,P00043,3573.02,debit,2026-07-06 20:11:54,D00906
WLT0038855,W0703,merchant,P00395,2451.26,debit,2026-09-13 10:48:54,D00907
WLT0038857,W0703,topup,WALLET_PRV,5112.42,debit,2026-07-30 14:21:00,D00907
WLT0038859,W0703,topup,WALLET_PRV,2650.57,debit,2026-07-18 20:40:27,D00907
WLT0038862,W0703,merchant,P00053,5530.98,debit,2026-09-09 21:57:10,D00907
WLT0038868,W0703,transfer,P00026,2261.93,debit,2026-08-30 09:03:18,D00907
WLT0038891,W0704,transfer,P00373,2092.46,debit,2026-08-25 09:18:07,D00908
WLT0038932,W0705,merchant,P00131,1253.74,debit,2026-09-09 11:39:09,D00910
WLT0038948,W0705,topup,WALLET_PRV,1434.22,debit,2026-09-03 11:33:31,D00909
WLT0038954,W0705,merchant,P00397,1262.12,debit,2026-07-14 20:53:34,D00909
WLT0038965,W0705,merchant,P00012,944.57,debit,2026-07-20 05:47:04,D00909
WLT0038985,W0706,merchant,P00171,1368.86,debit,2026-07-28 16:40:08,D00911
WLT0038988,W0706,merchant,P00352,953.58,debit,2026-07-21 07:07:29,D00911
WLT0038993,W0706,merchant,P00251,1424.0,debit,2026-08-19 16:43:36,D00911
WLT0039009,W0706,topup,WALLET_PRV,4532.92,debit,2026-09-09 15:00:29,D00911
WLT0039016,W0706,topup,WALLET_PRV,2381.69,debit,2026-09-04 18:47:50,D00911
WLT0039039,W0707,merchant,P00190,541.71,debit,2026-08-18 18:02:47,D00912
WLT0039042,W0707,transfer,P00002,1126.25,debit,2026-07-10 20:36:05,D00913
WLT0039053,W0707,merchant,P00161,809.72,debit,2026-07-10 08:03:59,D00912
WLT0039061,W0707,merchant,P00190,1061.33,debit,2026-09-05 13:55:28,D00912
WLT0039071,W0707,merchant,P00190,1030.39,debit,2026-07-05 20:46:27,D00912
WLT0039099,W0707,merchant,P00270,1533.71,debit,2026-08-26 17:29:10,D00912
WLT0039110,W0707,merchant,P00190,699.53,debit,2026-07-11 08:17:28,D00912
WLT0039126,W0707,merchant,P00179,303.0,debit,2026-07-08 13:38:16,D00912
WLT0039142,W0707,merchant,P00162,644.65,debit,2026-07-27 19:19:32,D00913
WLT0039156,W0708,merchant,P00090,3569.7,debit,2026-08-19 14:42:01,D00914
WLT0039175,W0708,topup,WALLET_PRV,15719.77,debit,2026-08-15 18:40:34,D00914
WLT0039182,W0708,merchant,P00241,28820.71,debit,2026-08-04 09:29:14,D00914
WLT0039183,W0708,merchant,P00213,7517.64,debit,2026-07-16 22:19:10,D00914
WLT0039200,W0709,merchant,P00361,1833.14,debit,2026-07-01 17:03:45,D00915
WLT0039205,W0709,merchant,P00265,1311.43,debit,2026-08-30 17:49:10,D00915
WLT0039219,W0709,topup,WALLET_PRV,3939.31,debit,2026-08-26 09:30:51,D00915
WLT0039255,W0710,merchant,P00291,348.93,debit,2026-07-30 12:30:52,D00917
WLT0039271,W0711,merchant,P00272,875.75,debit,2026-07-19 18:11:27,D00918
WLT0039275,W0711,merchant,P00095,1179.75,debit,2026-08-31 20:45:24,D00918
WLT0039277,W0711,merchant,P00343,1793.12,debit,2026-07-11 20:38:07,D00918
WLT0039278,W0711,transfer,P00176,3317.98,debit,2026-08-20 17:09:12,D00918
WLT0039291,W0711,topup,WALLET_PRV,2257.17,debit,2026-09-12 08:14:57,D00918
WLT0039308,W0712,topup,WALLET_PRV,11798.93,debit,2026-08-08 10:17:20,D00919
WLT0039337,W0713,merchant,P00061,2730.65,debit,2026-07-26 08:50:14,D00921
WLT0039338,W0713,merchant,P00383,5891.64,debit,2026-07-09 17:33:59,D00921
WLT0039340,W0713,merchant,P00260,3875.15,debit,2026-08-28 15:16:13,D00921
WLT0039349,W0713,merchant,P00283,3841.44,debit,2026-08-27 19:10:02,D00921
WLT0039354,W0713,transfer,P00257,7865.11,debit,2026-08-03 18:36:09,D00921
WLT0039380,W0713,merchant,P00061,1964.5,debit,2026-07-22 15:47:26,D00921
WLT0039381,W0713,merchant,P00121,1978.15,debit,2026-08-08 12:42:52,D00921
WLT0039382,W0713,merchant,P00341,1552.32,debit,2026-08-22 18:32:17,D00921
WLT0039403,W0714,topup,WALLET_PRV,4225.99,debit,2026-07-25 06:13:38,D00922
WLT0039409,W0714,topup,WALLET_PRV,7422.22,debit,2026-07-31 13:05:06,D00922
WLT0039410,W0714,topup,WALLET_PRV,8107.99,debit,2026-08-19 20:42:08,D00922
WLT0039411,W0714,topup,WALLET_PRV,3885.88,debit,2026-09-09 20:08:50,D00922
WLT0039434,W0715,merchant,P00306,288.29,debit,2026-07-01 05:06:39,D00923
WLT0039453,W0715,merchant,P00306,388.03,debit,2026-08-23 06:05:59,D00923
WLT0039470,W0715,merchant,P00194,308.18,debit,2026-08-19 20:35:42,D00923
WLT0039482,W0716,merchant,P00157,25166.44,debit,2026-08-12 10:58:17,D00924
WLT0039489,W0716,transfer,P00054,2766.42,debit,2026-08-20 20:58:48,D00924
WLT0039495,W0716,merchant,P00111,11550.37,debit,2026-08-01 12:54:45,D00924
WLT0039502,W0716,topup,WALLET_PRV,6915.69,debit,2026-08-30 00:45:35,D00924
WLT0039503,W0716,merchant,P00111,5607.94,debit,2026-07-24 16:59:26,D00925
WLT0039506,W0716,merchant,P00157,13353.34,debit,2026-07-11 11:09:28,D00925
WLT0039522,W0716,merchant,P00157,23162.62,debit,2026-07-13 13:32:26,D00924
WLT0039544,W0717,merchant,P00260,5187.47,debit,2026-08-28 16:05:07,D00927
WLT0039547,W0717,topup,WALLET_PRV,3109.02,debit,2026-09-07 20:39:35,D00927
WLT0039551,W0717,merchant,P00154,1017.93,debit,2026-07-10 00:57:17,D00926
WLT0039575,W0717,merchant,P00260,1309.63,debit,2026-07-21 13:07:51,D00927
WLT0039582,W0717,merchant,P00305,352.59,debit,2026-08-10 19:27:04,D00926
WLT0039583,W0717,merchant,P00102,3884.75,debit,2026-07-29 10:46:41,D00927
WLT0039595,W0717,transfer,P00277,1478.02,debit,2026-07-11 08:34:32,D00927
WLT0039599,W0717,merchant,P00260,1183.57,debit,2026-07-25 11:19:13,D00927
WLT0039628,W0718,topup,WALLET_PRV,4105.92,debit,2026-07-10 14:47:10,D00928
WLT0039630,W0718,merchant,P00251,851.33,debit,2026-07-19 12:38:03,D00928
WLT0039633,W0718,merchant,P00376,2646.93,debit,2026-09-10 19:15:06,D00928
WLT0039637,W0718,topup,WALLET_PRV,3147.0,debit,2026-08-30 15:27:23,D00928
WLT0039645,W0718,merchant,P00356,329.38,debit,2026-07-09 19:58:11,D00928
WLT0039647,W0718,merchant,P00356,3578.04,debit,2026-08-26 11:08:16,D00928
WLT0039670,W0718,topup,WALLET_PRV,3463.06,debit,2026-07-01 12:00:51,D00928
WLT0039688,W0719,merchant,P00238,319.05,debit,2026-09-05 08:30:36,D00929
WLT0039689,W0719,merchant,P00093,452.83,debit,2026-07-10 18:59:48,D00929
WLT0039725,W0720,topup,WALLET_PRV,3462.65,debit,2026-07-05 23:16:02,D00930
WLT0039737,W0720,topup,WALLET_PRV,3160.29,debit,2026-07-08 20:15:34,D00930
WLT0039739,W0720,topup,WALLET_PRV,1463.08,debit,2026-09-01 17:35:00,D00930
WLT0039744,W0720,merchant,P00287,2177.53,debit,2026-08-04 21:30:05,D00930
WLT0039752,W0720,merchant,P00272,190.52,debit,2026-08-11 08:56:52,D00930
WLT0039786,W0721,transfer,P00319,1904.78,debit,2026-08-14 14:55:06,D00931
WLT0039802,W0721,merchant,P00327,1669.61,debit,2026-09-07 10:04:02,D00931
WLT0039809,W0721,merchant,P00115,719.13,debit,2026-08-23 20:36:55,D00931
WLT0039813,W0721,merchant,P00264,257.59,debit,2026-07-23 08:36:10,D00931
WLT0039831,W0722,merchant,P00189,1181.77,debit,2026-08-03 15:15:06,D00932
WLT0039856,W0722,topup,WALLET_PRV,7454.98,debit,2026-07-23 07:50:12,D00932
WLT0039867,W0722,merchant,P00166,1564.47,debit,2026-08-16 15:22:36,D00932
WLT0039869,W0722,topup,WALLET_PRV,4960.33,debit,2026-08-09 18:46:20,D00932
WLT0039891,W0723,merchant,P00149,4465.6,debit,2026-08-09 01:11:42,D00933
WLT0039897,W0723,merchant,P00320,4773.05,debit,2026-07-20 08:04:32,D00933
WLT0039902,W0723,merchant,P00283,7184.89,debit,2026-08-24 16:09:42,D00933
WLT0039910,W0723,topup,WALLET_PRV,6662.42,debit,2026-07-03 17:36:46,D00933
WLT0039914,W0723,topup,WALLET_PRV,7752.45,debit,2026-07-10 23:47:59,D00933
WLT0039929,W0724,topup,WALLET_PRV,2312.01,debit,2026-08-14 20:23:44,D00934
WLT0039932,W0724,topup,WALLET_PRV,1134.1,debit,2026-09-02 18:46:44,D00934
WLT0039941,W0724,merchant,P00225,1255.24,debit,2026-08-09 08:51:45,D00934
WLT0039952,W0724,merchant,P00034,1206.11,debit,2026-08-29 00:08:13,D00934
WLT0039961,W0724,merchant,P00196,436.32,debit,2026-07-15 15:26:54,D00934
WLT0039967,W0724,merchant,P00034,2841.37,debit,2026-07-03 16:40:03,D00934
WLT0039968,W0724,transfer,P00014,2579.14,debit,2026-07-10 23:30:20,D00934
WLT0039996,W0725,merchant,P00369,959.51,debit,2026-09-11 16:32:31,D00935
WLT0040020,W0725,topup,WALLET_PRV,907.99,debit,2026-07-14 16:54:32,D00935
WLT0040039,W0726,topup,WALLET_PRV,1930.84,debit,2026-07-02 14:52:38,D00936
WLT0040047,W0726,merchant,P00160,3752.7,debit,2026-07-02 16:39:46,D00936
WLT0040052,W0726,merchant,P00048,633.58,debit,2026-08-23 09:38:19,D00936
WLT0040084,W0727,merchant,P00382,870.07,debit,2026-08-06 12:58:39,D00937
WLT0040094,W0727,topup,WALLET_PRV,1126.19,debit,2026-08-29 19:53:58,D00937
WLT0040096,W0727,topup,WALLET_PRV,2356.82,debit,2026-07-26 14:12:45,D00937
WLT0040103,W0727,topup,WALLET_PRV,800.05,debit,2026-08-26 20:03:03,D00937
WLT0040104,W0727,transfer,P00348,1141.3,debit,2026-08-02 13:34:52,D00937
WLT0040109,W0727,merchant,P00141,8292.61,debit,2026-07-21 15:27:22,D00937
WLT0040115,W0727,topup,WALLET_PRV,1063.06,debit,2026-08-12 17:29:20,D00937
WLT0040116,W0727,merchant,P00259,9495.44,debit,2026-09-05 17:06:56,D00937
WLT0040144,W0728,merchant,P00293,1253.66,debit,2026-07-09 10:30:29,D00938
WLT0040156,W0728,topup,WALLET_PRV,7707.04,debit,2026-08-06 19:13:42,D00938
WLT0040190,W0729,merchant,P00018,2046.87,debit,2026-09-06 16:29:31,D00939
WLT0040204,W0729,merchant,P00171,537.69,debit,2026-07-11 12:30:33,D00940
WLT0040261,W0730,merchant,P00107,9918.93,debit,2026-08-13 10:22:11,D00941
WLT0040263,W0730,merchant,P00398,6609.64,debit,2026-08-03 19:11:38,D00941
WLT0040279,W0730,merchant,P00343,14916.03,debit,2026-08-08 12:26:56,D00941
WLT0040284,W0730,topup,WALLET_PRV,2511.45,debit,2026-07-18 19:51:18,D00941
WLT0040288,W0730,topup,WALLET_PRV,9463.56,debit,2026-08-13 09:13:34,D00941
WLT0040299,W0730,topup,WALLET_PRV,3429.64,debit,2026-08-05 23:07:02,D00941
WLT0040307,W0730,merchant,P00343,5483.67,debit,2026-09-01 13:03:13,D00941
WLT0040368,W0732,topup,WALLET_PRV,701.73,debit,2026-07-30 18:44:51,D00943
WLT0040369,W0732,transfer,P00031,1139.38,debit,2026-07-15 15:50:22,D00943
WLT0040373,W0732,topup,WALLET_PRV,1529.59,debit,2026-07-12 20:15:31,D00943
WLT0040382,W0732,merchant,P00342,1360.17,debit,2026-08-29 23:49:26,D00943
WLT0040383,W0732,topup,WALLET_PRV,1223.98,debit,2026-08-16 19:12:15,D00943
WLT0040391,W0732,transfer,P00001,1018.76,debit,2026-09-09 09:32:58,D00943
WLT0040398,W0732,merchant,P00251,348.62,debit,2026-08-02 15:02:32,D00943
WLT0040399,W0732,merchant,P00251,758.55,debit,2026-08-03 16:06:20,D00943
WLT0040401,W0732,merchant,P00041,1621.7,debit,2026-07-13 10:47:00,D00943
WLT0040408,W0733,topup,WALLET_PRV,1711.21,debit,2026-07-29 08:01:28,D00945
WLT0040412,W0733,merchant,P00131,1420.42,debit,2026-07-21 03:18:41,D00944
WLT0040413,W0733,merchant,P00286,783.05,debit,2026-08-18 14:59:49,D00945
WLT0040424,W0733,merchant,P00092,994.7,debit,2026-08-06 11:46:17,D00944
WLT0040429,W0733,merchant,P00196,217.17,debit,2026-07-04 15:09:57,D00944
WLT0040442,W0733,merchant,P00275,4302.62,debit,2026-08-31 15:15:31,D00944
WLT0040446,W0733,merchant,P00005,619.34,debit,2026-08-31 13:29:34,D00945
WLT0040467,W0734,transfer,P00051,4122.27,debit,2026-09-04 16:14:22,D00946
WLT0040470,W0734,merchant,P00084,1586.44,debit,2026-08-01 11:29:05,D00946
WLT0040473,W0734,topup,WALLET_PRV,7759.49,debit,2026-07-22 18:01:45,D00946
WLT0040475,W0734,topup,WALLET_PRV,6665.13,debit,2026-08-03 21:55:53,D00946
WLT0040478,W0734,transfer,P00051,4132.64,debit,2026-08-10 17:17:21,D00946
WLT0040482,W0734,merchant,P00081,2997.59,debit,2026-08-05 08:03:41,D00946
WLT0040545,W0735,topup,WALLET_PRV,1155.82,debit,2026-08-01 20:10:18,D00947
WLT0040554,W0735,merchant,P00201,10478.5,debit,2026-09-04 18:56:32,D00947
WLT0040563,W0735,topup,WALLET_PRV,3831.71,debit,2026-08-31 18:03:56,D00947
WLT0040606,W0736,merchant,P00096,925.38,debit,2026-08-03 09:46:02,D00948
WLT0040608,W0736,topup,WALLET_PRV,1839.25,debit,2026-08-26 09:17:25,D00948
WLT0040617,W0736,transfer,P00014,1636.48,debit,2026-07-17 18:54:22,D00948
WLT0040619,W0736,merchant,P00096,750.84,debit,2026-07-17 07:23:42,D00948
WLT0040670,W0737,transfer,P00284,2197.44,debit,2026-07-03 10:41:06,D00949
WLT0040673,W0737,topup,WALLET_PRV,8961.45,debit,2026-09-03 14:58:55,D00949
WLT0040681,W0737,merchant,P00157,55019.7,debit,2026-08-30 18:42:18,D00949
WLT0040697,W0738,merchant,P00034,1834.01,debit,2026-07-05 07:04:23,D00950
WLT0040708,W0738,merchant,P00297,1204.96,debit,2026-08-26 08:18:56,D00950
WLT0040710,W0738,topup,WALLET_PRV,5514.49,debit,2026-07-26 20:23:12,D00950
WLT0040712,W0738,topup,WALLET_PRV,2554.99,debit,2026-09-10 19:32:00,D00950
WLT0040747,W0739,topup,WALLET_PRV,1041.43,debit,2026-08-17 13:18:40,D00951
WLT0040751,W0739,topup,WALLET_PRV,3959.67,debit,2026-07-18 16:47:08,D00951
WLT0040761,W0739,merchant,P00084,1225.17,debit,2026-08-19 11:02:57,D00951
WLT0040782,W0740,merchant,P00113,12287.11,debit,2026-08-31 13:43:11,D00952
WLT0040785,W0740,topup,WALLET_PRV,2866.55,debit,2026-07-31 19:14:45,D00952
WLT0040788,W0740,merchant,P00378,1894.56,debit,2026-07-12 16:00:05,D00952
WLT0040792,W0740,topup,WALLET_PRV,2138.37,debit,2026-09-09 09:06:27,D00952
WLT0040797,W0740,topup,WALLET_PRV,4448.54,debit,2026-08-05 16:45:45,D00952
WLT0040799,W0740,topup,WALLET_PRV,2759.15,debit,2026-08-31 19:13:22,D00952
WLT0040817,W0740,topup,WALLET_PRV,3254.84,debit,2026-09-09 19:06:04,D00952
WLT0040834,W0740,topup,WALLET_PRV,1857.77,debit,2026-08-06 15:39:45,D00952
WLT0040847,W0740,topup,WALLET_PRV,2959.36,debit,2026-08-14 10:05:29,D00952
WLT0040855,W0740,merchant,P00263,4700.84,debit,2026-09-13 16:53:15,D00952
WLT0040857,W0740,merchant,P00398,952.05,debit,2026-07-02 19:28:29,D00952
WLT0040860,W0740,merchant,P00225,961.85,debit,2026-08-04 09:42:27,D00952
WLT0040921,W0741,topup,WALLET_PRV,3824.12,debit,2026-09-12 12:24:37,D00953
WLT0040924,W0741,topup,WALLET_PRV,4714.01,debit,2026-08-13 13:49:46,D00953
WLT0040949,W0742,merchant,P00112,3337.59,debit,2026-08-02 14:45:08,D00954
WLT0040959,W0742,merchant,P00132,4245.77,debit,2026-08-24 06:40:51,D00954
WLT0040973,W0742,merchant,P00239,5342.81,debit,2026-07-28 07:09:43,D00954
WLT0040975,W0742,topup,WALLET_PRV,3359.9,debit,2026-07-23 19:29:50,D00954
WLT0040994,W0743,transfer,P00277,10121.73,debit,2026-07-11 15:37:55,D00955
WLT0041008,W0743,merchant,P00342,8323.46,debit,2026-08-12 15:51:17,D00955
WLT0041015,W0743,merchant,P00077,1977.5,debit,2026-08-16 09:31:51,D00955
WLT0041024,W0743,topup,WALLET_PRV,6061.4,debit,2026-08-12 11:06:23,D00955
WLT0041036,W0744,merchant,P00025,6054.9,debit,2026-08-13 11:47:46,D00956
WLT0041068,W0744,merchant,P00157,6599.76,debit,2026-07-16 09:25:11,D00957
WLT0041077,W0744,topup,WALLET_PRV,1388.2,debit,2026-08-21 14:17:41,D00956
WLT0041089,W0744,merchant,P00132,1991.79,debit,2026-09-03 09:10:55,D00956
WLT0041093,W0744,merchant,P00180,4641.81,debit,2026-08-11 17:39:11,D00956
WLT0041117,W0745,topup,WALLET_PRV,3660.92,debit,2026-07-22 05:50:30,D00958
WLT0041121,W0745,merchant,P00126,8057.81,debit,2026-08-25 12:18:43,D00958
WLT0041123,W0745,merchant,P00016,3756.98,debit,2026-08-08 11:28:07,D00958
WLT0041136,W0745,topup,WALLET_PRV,2840.73,debit,2026-07-24 00:28:47,D00958
WLT0041138,W0745,merchant,P00139,3618.5,debit,2026-09-01 20:34:42,D00958
WLT0041149,W0746,merchant,P00216,2364.54,debit,2026-07-30 18:03:44,D00959
WLT0041162,W0746,merchant,P00033,13787.45,debit,2026-07-09 08:43:13,D00960
WLT0041182,W0746,merchant,P00191,29269.39,debit,2026-08-09 19:51:27,D00959
WLT0041205,W0747,topup,WALLET_PRV,627.0,debit,2026-07-24 02:00:26,D00961
WLT0041215,W0747,topup,WALLET_PRV,953.41,debit,2026-07-26 12:32:10,D00961
WLT0041231,W0747,merchant,P00345,1224.88,debit,2026-08-18 10:40:08,D00962
WLT0041236,W0747,topup,WALLET_PRV,744.95,debit,2026-07-26 13:47:12,D00962
WLT0041239,W0747,topup,WALLET_PRV,1509.46,debit,2026-07-17 12:27:28,D00962
WLT0041244,W0747,merchant,P00057,158.7,debit,2026-08-08 11:50:41,D00962
WLT0041251,W0747,topup,WALLET_PRV,641.15,debit,2026-09-03 08:30:49,D00961
WLT0041282,W0748,merchant,P00267,925.66,debit,2026-08-26 12:30:43,D00963
WLT0041288,W0748,topup,WALLET_PRV,4393.47,debit,2026-09-05 17:13:23,D00963
WLT0041324,W0749,merchant,P00271,2366.29,debit,2026-08-28 13:44:17,D00964
WLT0041325,W0749,topup,WALLET_PRV,2520.59,debit,2026-07-08 19:34:57,D00964
WLT0041343,W0749,topup,WALLET_PRV,1203.09,debit,2026-07-23 14:21:11,D00964
WLT0041345,W0749,merchant,P00326,933.61,debit,2026-08-21 20:01:24,D00964
WLT0041346,W0749,topup,WALLET_PRV,1900.03,debit,2026-09-08 14:07:24,D00964
WLT0041353,W0749,transfer,P00280,3695.04,debit,2026-09-01 16:50:05,D00964
WLT0041355,W0749,topup,WALLET_PRV,1028.52,debit,2026-07-07 18:04:20,D00964
WLT0041359,W0750,topup,WALLET_PRV,1231.94,debit,2026-07-07 23:08:53,D00965
WLT0041363,W0750,merchant,P00396,137.1,debit,2026-08-10 10:16:55,D00965
WLT0041380,W0750,topup,WALLET_PRV,983.62,debit,2026-08-18 20:52:49,D00965
WLT0041384,W0750,merchant,P00360,1282.09,debit,2026-08-03 14:15:48,D00965
WLT0041388,W0750,merchant,P00370,315.53,debit,2026-08-04 20:27:53,D00965
WLT0041398,W0751,topup,WALLET_PRV,840.74,debit,2026-08-07 09:29:16,D00967
WLT0041399,W0751,merchant,P00330,482.46,debit,2026-07-05 17:14:06,D00967
WLT0041415,W0751,merchant,P00238,366.61,debit,2026-08-10 07:07:26,D00966
WLT0041420,W0751,merchant,P00034,497.12,debit,2026-08-21 16:21:01,D00966
WLT0041499,W0752,merchant,P00293,246.59,debit,2026-07-19 18:26:58,D00968
WLT0041500,W0752,topup,WALLET_PRV,1866.33,debit,2026-07-11 16:53:03,D00969
WLT0041518,W0753,topup,WALLET_PRV,2442.76,debit,2026-09-10 21:24:26,D00970
WLT0041527,W0753,topup,WALLET_PRV,1661.38,debit,2026-07-29 10:52:18,D00970
WLT0041536,W0754,merchant,P00070,1014.48,debit,2026-07-10 18:02:35,D00971
WLT0041551,W0754,topup,WALLET_PRV,5129.63,debit,2026-07-24 20:11:23,D00971
WLT0041552,W0754,merchant,P00295,3236.48,debit,2026-07-12 18:48:51,D00971
WLT0041562,W0754,topup,WALLET_PRV,3672.49,debit,2026-08-15 11:40:22,D00971
WLT0041566,W0754,topup,WALLET_PRV,5623.08,debit,2026-09-07 15:01:18,D00971
WLT0041569,W0754,topup,WALLET_PRV,5879.09,debit,2026-08-31 12:50:10,D00971
WLT0041586,W0755,topup,WALLET_PRV,3868.41,debit,2026-08-31 16:58:18,D00973
WLT0041595,W0755,merchant,P00123,538.22,debit,2026-07-18 19:13:50,D00972
WLT0041600,W0755,merchant,P00117,1992.77,debit,2026-09-02 19:37:16,D00972
WLT0041601,W0755,topup,WALLET_PRV,2971.26,debit,2026-08-17 21:14:56,D00972
WLT0041602,W0755,topup,WALLET_PRV,2026.62,debit,2026-07-07 13:12:38,D00972
WLT0041613,W0755,merchant,P00291,593.54,debit,2026-09-01 20:21:48,D00972
WLT0041614,W0755,merchant,P00245,908.77,debit,2026-07-13 15:39:14,D00972
WLT0041617,W0755,merchant,P00363,3688.29,debit,2026-08-07 10:58:40,D00972
WLT0041627,W0755,topup,WALLET_PRV,2079.05,debit,2026-07-02 19:31:47,D00972
WLT0041639,W0756,merchant,P00182,7747.28,debit,2026-07-03 11:11:08,D00974
WLT0041650,W0756,transfer,P00001,3165.23,debit,2026-08-26 15:22:48,D00974
WLT0041668,W0756,merchant,P00314,2889.85,debit,2026-07-30 09:34:26,D00974
WLT0041674,W0756,transfer,P00001,1418.99,debit,2026-08-26 10:34:48,D00974
WLT0041679,W0756,topup,WALLET_PRV,10377.89,debit,2026-07-29 17:39:38,D00974
WLT0041685,W0756,merchant,P00083,5775.88,debit,2026-09-06 19:38:07,D00974
WLT0041736,W0758,merchant,P00333,750.47,debit,2026-08-24 09:37:21,D00976
WLT0041755,W0758,merchant,P00278,2248.84,debit,2026-07-06 12:44:23,D00976
WLT0041777,W0758,topup,WALLET_PRV,4825.44,debit,2026-08-30 12:57:06,D00976
WLT0041780,W0758,topup,WALLET_PRV,3048.6,debit,2026-08-05 20:39:28,D00976
WLT0041797,W0759,merchant,P00326,677.87,debit,2026-07-27 08:16:56,D00977
WLT0041799,W0759,topup,WALLET_PRV,4658.46,debit,2026-07-16 17:56:08,D00977
WLT0041800,W0759,merchant,P00155,639.36,debit,2026-07-09 10:17:12,D00977
WLT0041815,W0759,merchant,P00219,2009.87,debit,2026-07-23 19:59:53,D00977
WLT0041820,W0759,topup,WALLET_PRV,4830.16,debit,2026-07-22 09:10:54,D00977
WLT0041838,W0760,topup,WALLET_PRV,2268.31,debit,2026-08-28 12:52:02,D00978
WLT0041840,W0760,topup,WALLET_PRV,1858.97,debit,2026-09-13 21:10:12,D00978
WLT0041848,W0760,transfer,P00156,1115.22,debit,2026-08-15 17:07:02,D00978
WLT0041858,W0760,transfer,P00156,1671.48,debit,2026-07-22 19:59:55,D00978
WLT0041867,W0760,topup,WALLET_PRV,1751.35,debit,2026-08-26 19:17:00,D00978
WLT0041868,W0760,merchant,P00364,3060.03,debit,2026-07-01 18:56:21,D00978
WLT0041882,W0760,merchant,P00152,4278.21,debit,2026-09-11 18:44:52,D00978
WLT0041894,W0761,topup,WALLET_PRV,1311.95,debit,2026-08-28 11:58:22,D00979
WLT0041898,W0761,merchant,P00069,2242.53,debit,2026-07-26 17:41:39,D00979
WLT0041910,W0761,topup,WALLET_PRV,2608.02,debit,2026-07-07 14:43:32,D00979
WLT0041917,W0761,topup,WALLET_PRV,4011.01,debit,2026-07-08 09:40:30,D00979
WLT0041920,W0761,topup,WALLET_PRV,3390.4,debit,2026-07-24 20:08:48,D00979
WLT0041962,W0762,topup,WALLET_PRV,1746.17,debit,2026-07-31 11:57:06,D00981
WLT0041964,W0762,merchant,P00291,690.43,debit,2026-08-17 19:08:08,D00981
WLT0041974,W0762,transfer,P00385,330.93,debit,2026-08-17 09:10:01,D00981
WLT0041976,W0762,merchant,P00290,176.4,debit,2026-09-07 21:24:28,D00980
WLT0041990,W0763,merchant,P00320,6404.07,debit,2026-07-21 19:25:29,D00982
WLT0042003,W0763,merchant,P00329,3687.46,debit,2026-07-19 19:10:04,D00982
WLT0042038,W0764,merchant,P00187,2886.76,debit,2026-07-08 18:17:23,D00984
WLT0042047,W0764,merchant,P00384,6608.12,debit,2026-08-04 14:48:31,D00984
WLT0042072,W0764,merchant,P00229,422.23,debit,2026-08-29 20:26:09,D00984
WLT0042077,W0764,topup,WALLET_PRV,1611.6,debit,2026-08-01 11:55:05,D00984
WLT0042080,W0764,merchant,P00328,1638.62,debit,2026-08-11 19:40:46,D00984
WLT0042083,W0764,topup,WALLET_PRV,737.37,debit,2026-07-16 19:24:29,D00984
WLT0042085,W0764,topup,WALLET_PRV,1228.65,debit,2026-09-06 19:49:24,D00984
WLT0042095,W0765,transfer,P00135,2908.59,debit,2026-08-12 18:11:01,D00985
WLT0042117,W0765,merchant,P00158,5180.14,debit,2026-08-12 08:17:35,D00985
WLT0042119,W0765,topup,WALLET_PRV,2990.29,debit,2026-07-31 11:29:00,D00985
WLT0042121,W0765,topup,WALLET_PRV,2958.17,debit,2026-08-17 09:25:13,D00985
WLT0042136,W0766,topup,WALLET_PRV,1965.01,debit,2026-09-11 18:51:59,D00986
WLT0042150,W0766,topup,WALLET_PRV,3610.21,debit,2026-08-18 20:24:47,D00986
WLT0042151,W0766,merchant,P00082,2639.47,debit,2026-07-25 13:59:34,D00986
WLT0042171,W0767,merchant,P00150,7243.69,debit,2026-08-29 11:28:14,D00987
WLT0042173,W0767,merchant,P00042,1977.33,debit,2026-07-08 07:56:00,D00987
WLT0042179,W0767,topup,WALLET_PRV,4053.78,debit,2026-08-11 19:31:56,D00987
WLT0042180,W0767,merchant,P00040,2481.65,debit,2026-07-06 10:14:28,D00987
WLT0042184,W0767,merchant,P00040,1483.35,debit,2026-07-13 07:38:58,D00987
WLT0042185,W0767,topup,WALLET_PRV,5794.32,debit,2026-07-17 15:27:52,D00987
WLT0042188,W0767,merchant,P00128,3220.9,debit,2026-07-30 15:34:14,D00987
WLT0042216,W0767,topup,WALLET_PRV,1954.47,debit,2026-07-12 13:28:59,D00987
WLT0042224,W0767,topup,WALLET_PRV,3147.47,debit,2026-09-01 13:05:30,D00987
WLT0042230,W0768,topup,WALLET_PRV,4796.02,debit,2026-09-13 18:06:44,D00988
WLT0042241,W0768,transfer,P00195,1242.76,debit,2026-09-12 09:35:40,D00988
WLT0042251,W0768,merchant,P00263,5830.98,debit,2026-08-10 12:40:06,D00988
WLT0042255,W0768,merchant,P00263,2727.81,debit,2026-07-14 08:47:12,D00988
WLT0042274,W0769,topup,WALLET_PRV,3429.84,debit,2026-07-18 20:05:01,D00989
WLT0042280,W0769,merchant,P00104,6098.5,debit,2026-09-09 10:06:23,D00989
WLT0042321,W0769,merchant,P00399,2120.66,debit,2026-08-12 11:36:48,D00989
WLT0042328,W0769,topup,WALLET_PRV,2333.41,debit,2026-07-12 07:46:32,D00989
WLT0042334,W0770,merchant,P00121,310.15,debit,2026-07-09 12:04:19,D00990
WLT0042336,W0770,merchant,P00213,5204.84,debit,2026-08-29 20:20:02,D00990
WLT0042349,W0770,merchant,P00053,910.78,debit,2026-08-01 15:32:31,D00990
WLT0042374,W0770,merchant,P00162,1028.67,debit,2026-08-04 11:11:48,D00990
WLT0042388,W0771,merchant,P00034,519.88,debit,2026-08-20 20:15:06,D00991
WLT0042412,W0772,merchant,P00216,951.53,debit,2026-08-06 08:16:42,D00992
WLT0042442,W0772,merchant,P00358,15689.9,debit,2026-09-07 11:05:34,D00992
WLT0042467,W0773,topup,WALLET_PRV,1001.06,debit,2026-09-07 06:34:19,D00994
WLT0042469,W0773,merchant,P00212,1208.17,debit,2026-07-19 10:41:29,D00994
WLT0042471,W0773,merchant,P00367,1110.67,debit,2026-08-17 10:08:20,D00994
WLT0042474,W0773,topup,WALLET_PRV,2043.63,debit,2026-09-11 05:03:25,D00994
WLT0042496,W0774,topup,WALLET_PRV,4124.72,debit,2026-07-16 08:32:47,D00995
WLT0042500,W0774,merchant,P00192,4222.93,debit,2026-07-05 15:32:08,D00995
WLT0042507,W0774,topup,WALLET_PRV,1784.78,debit,2026-07-13 14:52:07,D00996
WLT0042513,W0774,merchant,P00285,6570.35,debit,2026-07-29 14:32:33,D00995
WLT0042515,W0774,merchant,P00387,5286.22,debit,2026-07-28 17:06:52,D00996
WLT0042518,W0774,topup,WALLET_PRV,1368.24,debit,2026-09-10 10:32:51,D00995
WLT0042545,W0774,merchant,P00330,748.96,debit,2026-07-11 08:55:31,D00995
WLT0042560,W0774,merchant,P00163,3465.52,debit,2026-08-21 08:06:22,D00995
WLT0042565,W0775,topup,WALLET_PRV,2809.63,debit,2026-07-31 19:26:28,D00997
WLT0042589,W0775,transfer,P00357,1541.77,debit,2026-08-27 15:39:09,D00997
WLT0042606,W0775,topup,WALLET_PRV,3562.35,debit,2026-08-27 12:21:03,D00997
WLT0042607,W0775,transfer,P00357,1346.11,debit,2026-08-19 19:30:14,D00997
WLT0042643,W0776,merchant,P00042,12607.15,debit,2026-08-02 23:10:40,D00999
WLT0042653,W0776,topup,WALLET_PRV,6427.31,debit,2026-08-22 20:31:03,D00999
WLT0042658,W0776,topup,WALLET_PRV,11259.87,debit,2026-07-19 19:52:29,D00999
WLT0042683,W0777,merchant,P00353,3510.1,debit,2026-08-02 08:06:16,D01000
WLT0042694,W0777,merchant,P00162,1338.8,debit,2026-08-22 17:04:44,D01000
WLT0042704,W0777,topup,WALLET_PRV,3599.28,debit,2026-07-18 14:59:10,D01000
WLT0042727,W0778,topup,WALLET_PRV,4151.33,debit,2026-07-24 14:09:57,D01002
WLT0042749,W0778,merchant,P00395,6365.57,debit,2026-07-30 01:14:29,D01002
WLT0042751,W0778,topup,WALLET_PRV,5367.44,debit,2026-07-10 04:57:53,D01002
WLT0042752,W0778,topup,WALLET_PRV,8823.19,debit,2026-07-13 17:15:27,D01002
WLT0042759,W0778,topup,WALLET_PRV,9028.82,debit,2026-07-07 20:18:38,D01002
WLT0042770,W0778,merchant,P00313,4017.99,debit,2026-08-15 21:30:21,D01002
WLT0042779,W0778,transfer,P00142,1809.09,debit,2026-07-15 22:28:29,D01002
WLT0042802,W0779,merchant,P00134,690.11,debit,2026-08-21 18:12:56,D01003
WLT0042803,W0779,merchant,P00134,4470.04,debit,2026-07-20 17:42:55,D01003
WLT0042813,W0779,merchant,P00226,1998.04,debit,2026-08-15 10:15:32,D01003
WLT0042822,W0779,topup,WALLET_PRV,3326.88,debit,2026-07-01 12:36:30,D01003
WLT0042829,W0779,merchant,P00035,1085.84,debit,2026-07-28 15:34:54,D01003
WLT0042849,W0779,merchant,P00226,3198.97,debit,2026-09-02 22:24:11,D01003
WLT0042863,W0780,topup,WALLET_PRV,1392.26,debit,2026-07-09 00:18:49,D01004
WLT0042888,W0780,transfer,P00002,2057.65,debit,2026-08-01 08:18:26,D01004
WLT0042893,W0780,topup,WALLET_PRV,2389.88,debit,2026-08-05 10:15:18,D01004
WLT0042894,W0780,topup,WALLET_PRV,2834.23,debit,2026-08-05 20:32:51,D01004
WLT0042896,W0780,merchant,P00012,458.44,debit,2026-08-22 15:36:16,D01004
WLT0042901,W0780,merchant,P00272,1365.11,debit,2026-08-28 00:02:13,D01004
WLT0042922,W0781,merchant,P00210,1565.79,debit,2026-08-11 12:45:51,D01006
WLT0042929,W0781,merchant,P00177,239.47,debit,2026-08-27 14:07:55,D01005
WLT0042930,W0781,merchant,P00316,1576.37,debit,2026-07-20 20:51:42,D01005
WLT0042939,W0781,merchant,P00288,422.19,debit,2026-07-26 23:24:17,D01005
WLT0042948,W0781,merchant,P00364,2783.5,debit,2026-09-04 18:35:58,D01006
WLT0042953,W0781,merchant,P00114,986.34,debit,2026-07-21 07:51:23,D01005
WLT0042977,W0782,merchant,P00035,183.24,debit,2026-07-11 13:54:40,D01007
WLT0042986,W0782,merchant,P00048,319.96,debit,2026-07-11 13:12:00,D01007
WLT0043009,W0782,topup,WALLET_PRV,2233.17,debit,2026-08-13 13:41:33,D01007
WLT0043010,W0782,merchant,P00233,468.94,debit,2026-08-04 15:06:14,D01007
WLT0043023,W0783,topup,WALLET_PRV,1701.92,debit,2026-07-29 15:20:27,D01008
WLT0043028,W0783,merchant,P00036,2227.66,debit,2026-08-28 20:42:30,D01008
WLT0043060,W0784,merchant,P00158,23974.66,debit,2026-07-11 15:37:29,D01009
WLT0043067,W0784,merchant,P00399,1864.52,debit,2026-08-23 11:45:08,D01009
WLT0043105,W0784,merchant,P00044,6779.89,debit,2026-07-07 07:32:08,D01009
WLT0043125,W0785,topup,WALLET_PRV,3116.98,debit,2026-08-21 15:02:43,D01010
WLT0043136,W0785,merchant,P00304,2007.85,debit,2026-08-17 18:18:37,D01010
WLT0043156,W0786,merchant,P00141,1335.23,debit,2026-07-20 17:33:00,D01012
WLT0043175,W0786,topup,WALLET_PRV,3618.15,debit,2026-08-12 21:43:55,D01011
WLT0043190,W0786,topup,WALLET_PRV,6203.03,debit,2026-09-04 17:00:22,D01011
WLT0043203,W0787,merchant,P00032,1587.07,debit,2026-07-22 06:35:36,D01013
WLT0043210,W0787,topup,WALLET_PRV,4160.09,debit,2026-09-10 11:55:27,D01013
WLT0043212,W0787,merchant,P00118,4099.24,debit,2026-07-31 15:33:22,D01013
WLT0043213,W0787,topup,WALLET_PRV,4824.58,debit,2026-08-09 19:54:03,D01013
WLT0043232,W0787,topup,WALLET_PRV,4410.85,debit,2026-08-21 13:13:31,D01013
WLT0043278,W0789,merchant,P00283,938.06,debit,2026-09-08 17:13:17,D01016
WLT0043288,W0789,topup,WALLET_PRV,1664.33,debit,2026-09-13 15:18:33,D01016
WLT0043303,W0789,topup,WALLET_PRV,2851.21,debit,2026-07-10 12:35:41,D01016
WLT0043310,W0789,topup,WALLET_PRV,2265.22,debit,2026-07-23 08:14:55,D01016
WLT0043316,W0789,merchant,P00130,3101.07,debit,2026-08-10 09:56:40,D01016
WLT0043343,W0790,topup,WALLET_PRV,6958.11,debit,2026-07-05 10:48:46,D01017
WLT0043351,W0790,merchant,P00081,3136.95,debit,2026-09-06 23:36:14,D01017
WLT0043355,W0790,merchant,P00147,8444.12,debit,2026-07-10 15:33:38,D01017
WLT0043377,W0790,merchant,P00149,9488.7,debit,2026-09-08 08:06:09,D01017
WLT0043388,W0790,merchant,P00075,1910.09,debit,2026-07-19 07:06:16,D01017
WLT0043397,W0791,merchant,P00308,1084.05,debit,2026-09-02 19:54:12,D01018
WLT0043405,W0791,merchant,P00125,794.55,debit,2026-07-28 21:32:04,D01018
WLT0043444,W0791,merchant,P00185,2006.54,debit,2026-07-10 23:28:08,D01018
WLT0043447,W0791,topup,WALLET_PRV,2120.91,debit,2026-07-05 14:55:05,D01018
WLT0043449,W0791,merchant,P00337,3089.76,debit,2026-08-05 09:11:36,D01018
WLT0043451,W0791,topup,WALLET_PRV,3251.32,debit,2026-08-21 15:13:32,D01018
WLT0043464,W0792,topup,WALLET_PRV,2580.32,debit,2026-07-09 20:59:30,D01019
WLT0043465,W0792,merchant,P00321,542.38,debit,2026-09-01 18:02:32,D01019
WLT0043502,W0792,merchant,P00321,388.52,debit,2026-07-28 14:57:46,D01020
WLT0043537,W0793,topup,WALLET_PRV,2366.22,debit,2026-07-04 14:09:31,D01021
WLT0043545,W0793,merchant,P00042,931.25,debit,2026-08-11 06:19:44,D01021
WLT0043581,W0793,merchant,P00044,2234.14,debit,2026-08-03 19:37:45,D01021
WLT0043591,W0793,merchant,P00040,824.06,debit,2026-07-03 13:47:39,D01021
WLT0043610,W0793,merchant,P00143,2579.26,debit,2026-07-23 10:27:51,D01021
WLT0043614,W0793,transfer,P00195,367.46,debit,2026-08-19 23:02:29,D01021
WLT0043616,W0793,merchant,P00092,565.88,debit,2026-07-08 16:45:42,D01021
WLT0043618,W0793,merchant,P00255,2755.06,debit,2026-08-14 17:37:07,D01021
WLT0043629,W0794,merchant,P00275,7014.58,debit,2026-07-31 20:23:07,D01022
WLT0043658,W0794,topup,WALLET_PRV,6483.08,debit,2026-07-16 02:09:29,D01022
WLT0043659,W0794,merchant,P00163,1847.81,debit,2026-09-10 13:05:55,D01022
WLT0043667,W0794,merchant,P00035,2132.02,debit,2026-08-28 15:17:18,D01022
WLT0043673,W0795,topup,WALLET_PRV,2397.22,debit,2026-07-14 15:51:37,D01023
WLT0043674,W0795,transfer,P00046,2005.97,debit,2026-08-08 15:23:46,D01023
WLT0043688,W0795,merchant,P00095,2193.42,debit,2026-08-19 09:25:15,D01023
WLT0043692,W0795,merchant,P00200,1769.31,debit,2026-08-11 20:41:48,D01023
WLT0043699,W0795,topup,WALLET_PRV,1916.18,debit,2026-08-17 10:50:13,D01023
WLT0043714,W0795,merchant,P00083,4494.49,debit,2026-09-03 17:12:30,D01023
WLT0043716,W0795,merchant,P00293,463.65,debit,2026-07-26 08:32:35,D01023
WLT0043736,W0796,topup,WALLET_PRV,1645.86,debit,2026-09-05 09:41:33,D01024
WLT0043745,W0796,topup,WALLET_PRV,2596.56,debit,2026-07-19 17:20:29,D01024
WLT0043751,W0796,merchant,P00321,532.0,debit,2026-07-07 14:20:45,D01024
WLT0043755,W0796,transfer,P00385,1098.18,debit,2026-08-07 08:53:38,D01024
WLT0043756,W0796,merchant,P00151,2754.58,debit,2026-09-01 19:37:57,D01024
WLT0043761,W0797,merchant,P00180,2801.31,debit,2026-08-20 19:25:32,D01025
WLT0043763,W0797,merchant,P00200,1630.38,debit,2026-07-09 12:17:59,D01025
WLT0043777,W0797,merchant,P00180,3743.84,debit,2026-07-19 08:40:26,D01025
WLT0043791,W0797,merchant,P00063,2997.73,debit,2026-07-09 09:00:08,D01025
WLT0043794,W0797,merchant,P00063,1018.03,debit,2026-07-02 11:59:13,D01025
WLT0043808,W0797,topup,WALLET_PRV,7031.42,debit,2026-07-22 19:07:52,D01025
WLT0043817,W0798,topup,WALLET_PRV,2199.06,debit,2026-08-12 18:56:07,D01027
WLT0043822,W0798,merchant,P00400,2741.77,debit,2026-08-01 17:31:53,D01027
WLT0043846,W0798,merchant,P00032,1625.8,debit,2026-08-26 16:25:12,D01027
WLT0043854,W0798,merchant,P00316,14357.01,debit,2026-07-07 03:48:49,D01027
WLT0043855,W0798,merchant,P00166,953.51,debit,2026-07-20 01:25:18,D01027
WLT0043872,W0799,transfer,P00348,4472.45,debit,2026-08-30 20:56:02,D01029
WLT0043894,W0799,topup,WALLET_PRV,8632.79,debit,2026-08-12 15:46:38,D01028
WLT0043896,W0799,topup,WALLET_PRV,11238.96,debit,2026-09-03 07:44:08,D01028
WLT0043906,W0799,transfer,P00062,6273.82,debit,2026-08-13 21:26:25,D01028
WLT0043908,W0799,transfer,P00348,5868.98,debit,2026-08-17 16:04:18,D01028
WLT0043912,W0799,merchant,P00383,1244.27,debit,2026-07-04 15:37:30,D01028
WLT0043919,W0799,merchant,P00383,714.75,debit,2026-07-12 09:13:41,D01028
WLT0043924,W0799,merchant,P00216,2813.59,debit,2026-07-09 17:18:47,D01028
WLT0043984,W0801,merchant,P00241,797.72,debit,2026-07-17 12:58:40,D01031
WLT0044024,W0802,merchant,P00041,3751.56,debit,2026-07-17 08:45:46,D01032
WLT0044034,W0802,merchant,P00161,701.07,debit,2026-08-31 15:42:39,D01032
WLT0044057,W0803,transfer,P00303,478.17,debit,2026-09-10 04:18:17,D01033
WLT0044075,W0803,merchant,P00295,549.96,debit,2026-08-01 09:00:27,D01033
WLT0044085,W0803,topup,WALLET_PRV,1244.66,debit,2026-08-25 07:44:43,D01033
WLT0044112,W0804,topup,WALLET_PRV,5367.41,debit,2026-07-01 10:44:01,D01034
WLT0044132,W0804,topup,WALLET_PRV,6554.8,debit,2026-07-10 08:26:40,D01034
WLT0044140,W0804,topup,WALLET_PRV,5011.82,debit,2026-09-11 19:22:37,D01034
WLT0044144,W0804,merchant,P00394,3227.45,debit,2026-07-02 15:15:26,D01034
WLT0044164,W0805,topup,WALLET_PRV,2519.41,debit,2026-07-28 10:20:49,D01035
WLT0044194,W0805,merchant,P00250,387.37,debit,2026-08-29 07:59:00,D01035
WLT0044199,W0806,merchant,P00279,2309.54,debit,2026-08-02 18:30:28,D01036
WLT0044203,W0806,merchant,P00153,3494.6,debit,2026-08-17 19:05:05,D01036
WLT0044204,W0806,merchant,P00201,4028.78,debit,2026-07-12 16:51:03,D01036
WLT0044213,W0806,topup,WALLET_PRV,6490.03,debit,2026-08-24 07:48:34,D01036
WLT0044224,W0806,merchant,P00233,5457.14,debit,2026-07-05 13:41:21,D01036
WLT0044230,W0806,merchant,P00249,1389.82,debit,2026-08-16 10:09:48,D01036
WLT0044262,W0807,merchant,P00020,1877.51,debit,2026-07-09 08:11:06,D01037
WLT0044271,W0807,topup,WALLET_PRV,4677.77,debit,2026-08-22 12:22:23,D01037
WLT0044273,W0807,merchant,P00211,3884.23,debit,2026-07-11 20:34:38,D01037
WLT0044275,W0807,merchant,P00359,5612.73,debit,2026-09-07 10:43:50,D01037
WLT0044281,W0807,transfer,P00303,6954.46,debit,2026-08-04 18:31:12,D01037
WLT0044285,W0807,merchant,P00053,2356.16,debit,2026-09-08 16:43:22,D01037
WLT0044300,W0807,merchant,P00211,5691.7,debit,2026-07-23 22:31:39,D01037
WLT0044309,W0808,merchant,P00345,7042.21,debit,2026-08-30 12:22:55,D01038
WLT0044311,W0808,transfer,P00011,680.86,debit,2026-07-25 19:29:42,D01038
WLT0044313,W0808,merchant,P00064,2628.32,debit,2026-07-05 16:49:24,D01038
WLT0044319,W0808,topup,WALLET_PRV,3930.57,debit,2026-08-08 02:24:34,D01038
WLT0044322,W0808,merchant,P00255,2306.22,debit,2026-08-21 23:10:24,D01038
WLT0044333,W0808,merchant,P00360,2300.33,debit,2026-09-03 16:30:51,D01038
WLT0044338,W0808,merchant,P00290,909.4,debit,2026-08-02 09:35:53,D01038
WLT0044358,W0808,topup,WALLET_PRV,2265.03,debit,2026-08-26 09:57:08,D01038
WLT0044373,W0808,topup,WALLET_PRV,4148.43,debit,2026-09-04 13:06:56,D01038
WLT0044377,W0808,merchant,P00290,304.74,debit,2026-08-27 17:21:29,D01038
WLT0044390,W0809,merchant,P00066,945.8,debit,2026-07-29 18:16:06,D01039
WLT0044392,W0809,merchant,P00110,1094.9,debit,2026-09-11 13:44:17,D01039
WLT0044416,W0809,merchant,P00124,575.36,debit,2026-08-02 16:06:01,D01039
WLT0044436,W0809,merchant,P00110,1017.07,debit,2026-07-04 17:19:55,D01039
WLT0044447,W0809,topup,WALLET_PRV,4143.59,debit,2026-09-01 11:06:58,D01039
WLT0044450,W0809,merchant,P00389,699.57,debit,2026-08-19 12:44:47,D01039
WLT0044471,W0810,merchant,P00162,3254.31,debit,2026-07-13 17:46:56,D01040
WLT0044474,W0810,merchant,P00136,925.19,debit,2026-07-02 16:43:01,D01040
WLT0044478,W0810,topup,WALLET_PRV,4901.05,debit,2026-07-30 15:13:17,D01040
WLT0044500,W0810,merchant,P00162,756.24,debit,2026-07-20 13:42:13,D01040
WLT0044503,W0810,merchant,P00162,7330.99,debit,2026-07-26 13:10:57,D01040
WLT0044521,W0811,topup,WALLET_PRV,7671.07,debit,2026-07-09 15:13:16,D01041
WLT0044534,W0811,merchant,P00233,3083.15,debit,2026-07-07 02:25:10,D01041
WLT0044544,W0811,merchant,P00071,4782.59,debit,2026-07-07 18:12:47,D01041
WLT0044552,W0811,merchant,P00063,2109.93,debit,2026-08-04 09:51:46,D01041
WLT0044562,W0812,transfer,P00348,4357.62,debit,2026-08-26 16:52:13,D01042
WLT0044575,W0812,merchant,P00256,10932.41,debit,2026-08-22 08:00:06,D01042
WLT0044585,W0812,topup,WALLET_PRV,1117.01,debit,2026-08-04 11:30:57,D01042
WLT0044593,W0812,merchant,P00387,3197.46,debit,2026-07-04 11:12:06,D01042
WLT0044605,W0812,merchant,P00387,5332.79,debit,2026-08-18 11:25:33,D01042
WLT0044623,W0813,merchant,P00093,1683.57,debit,2026-07-18 09:33:30,D01043
WLT0044634,W0813,merchant,P00378,1981.79,debit,2026-08-01 08:28:51,D01043
WLT0044652,W0814,merchant,P00006,2803.25,debit,2026-08-21 16:20:04,D01044
WLT0044653,W0814,merchant,P00290,780.43,debit,2026-07-19 09:58:45,D01044
WLT0044665,W0814,merchant,P00395,17648.61,debit,2026-07-26 17:13:32,D01044
WLT0044668,W0814,topup,WALLET_PRV,9372.83,debit,2026-07-07 06:49:40,D01044
WLT0044673,W0814,merchant,P00233,1220.74,debit,2026-07-07 13:40:40,D01044
WLT0044678,W0814,merchant,P00375,1106.87,debit,2026-08-05 14:57:59,D01045
WLT0044689,W0814,merchant,P00209,1213.83,debit,2026-07-08 14:07:38,D01044
WLT0044698,W0815,merchant,P00265,1489.87,debit,2026-07-14 07:39:08,D01046
WLT0044701,W0815,merchant,P00371,2611.4,debit,2026-07-31 11:34:57,D01046
WLT0044705,W0815,merchant,P00400,2543.42,debit,2026-08-20 19:41:43,D01046
WLT0044711,W0815,merchant,P00174,355.87,debit,2026-09-13 19:06:21,D01046
WLT0044712,W0815,merchant,P00400,3360.81,debit,2026-08-17 07:24:48,D01046
WLT0044715,W0815,merchant,P00355,650.23,debit,2026-09-13 09:51:12,D01046
WLT0044717,W0815,merchant,P00360,1662.21,debit,2026-07-05 13:46:51,D01046
WLT0044735,W0815,merchant,P00400,4693.97,debit,2026-08-10 15:24:51,D01046
WLT0044752,W0815,topup,WALLET_PRV,3545.44,debit,2026-08-14 07:38:38,D01046
WLT0044753,W0815,merchant,P00393,2989.51,debit,2026-09-01 06:36:58,D01046
WLT0044762,W0815,merchant,P00290,362.53,debit,2026-07-14 11:52:59,D01046
WLT0044764,W0815,merchant,P00355,567.48,debit,2026-08-01 11:56:26,D01046
WLT0044767,W0815,topup,WALLET_PRV,2058.27,debit,2026-08-16 12:33:39,D01046
WLT0044769,W0815,merchant,P00151,18024.91,debit,2026-09-12 21:55:52,D01046
WLT0044798,W0815,topup,WALLET_PRV,5081.33,debit,2026-08-24 18:03:59,D01046
WLT0044801,W0815,topup,WALLET_PRV,5146.4,debit,2026-09-08 10:35:06,D01046
WLT0044803,W0815,merchant,P00290,532.19,debit,2026-08-23 23:24:01,D01046
WLT0044813,W0816,topup,WALLET_PRV,1422.73,debit,2026-07-29 20:03:03,D01047
WLT0044817,W0816,merchant,P00358,1383.63,debit,2026-09-12 12:14:29,D01047
WLT0044821,W0816,merchant,P00172,1402.41,debit,2026-07-16 12:00:58,D01047
WLT0044825,W0816,topup,WALLET_PRV,460.96,debit,2026-08-29 01:58:09,D01047
WLT0044863,W0817,merchant,P00392,344.64,debit,2026-09-09 07:40:16,D01048
WLT0044869,W0817,merchant,P00316,1026.92,debit,2026-08-09 13:10:37,D01048
WLT0044879,W0817,topup,WALLET_PRV,723.87,debit,2026-08-19 10:04:53,D01048
WLT0044891,W0817,merchant,P00273,1292.84,debit,2026-08-07 20:38:14,D01048
WLT0044901,W0818,merchant,P00239,2744.56,debit,2026-08-28 19:55:37,D01050
WLT0044902,W0818,topup,WALLET_PRV,8197.51,debit,2026-08-08 20:42:18,D01050
WLT0044904,W0818,merchant,P00230,1421.9,debit,2026-08-24 21:37:26,D01050
WLT0044907,W0818,merchant,P00041,7793.67,debit,2026-07-26 11:14:45,D01050
WLT0044917,W0818,merchant,P00321,1872.1,debit,2026-07-24 12:04:55,D01050
WLT0044926,W0819,merchant,P00335,3874.31,debit,2026-07-25 16:13:35,D01051
WLT0044936,W0819,merchant,P00187,4717.93,debit,2026-07-30 21:35:23,D01051
WLT0044937,W0819,topup,WALLET_PRV,3674.09,debit,2026-07-01 19:17:46,D01051
WLT0044943,W0819,merchant,P00363,1887.42,debit,2026-07-18 20:04:49,D01051
WLT0044947,W0819,merchant,P00187,3926.06,debit,2026-08-13 09:29:03,D01051
WLT0044950,W0819,merchant,P00153,2288.21,debit,2026-08-18 21:19:09,D01051
WLT0044975,W0820,topup,WALLET_PRV,1618.58,debit,2026-07-31 22:08:43,D01053
WLT0044985,W0820,merchant,P00326,244.02,debit,2026-07-16 11:23:41,D01053
WLT0044986,W0820,topup,WALLET_PRV,2307.81,debit,2026-08-10 09:55:16,D01053
WLT0044998,W0820,merchant,P00110,173.12,debit,2026-08-16 12:48:23,D01053
WLT0045002,W0820,merchant,P00066,3052.0,debit,2026-08-19 10:28:08,D01053
WLT0045028,W0820,merchant,P00338,1483.25,debit,2026-08-08 09:12:07,D01053
WLT0045048,W0821,merchant,P00227,283.37,debit,2026-07-19 19:37:43,D01054
WLT0045051,W0821,merchant,P00215,8701.74,debit,2026-07-29 19:48:05,D01054
WLT0045061,W0821,topup,WALLET_PRV,3365.27,debit,2026-07-17 11:02:24,D01054
WLT0045087,W0821,merchant,P00215,892.73,debit,2026-08-12 16:04:42,D01054
WLT0045094,W0821,transfer,P00156,2233.07,debit,2026-08-02 12:06:45,D01054
WLT0045098,W0822,topup,WALLET_PRV,1946.17,debit,2026-09-09 15:01:36,D01055
WLT0045107,W0822,topup,WALLET_PRV,1924.0,debit,2026-08-26 11:02:23,D01055
WLT0045117,W0822,merchant,P00091,1732.49,debit,2026-08-29 09:42:19,D01055
WLT0045119,W0822,merchant,P00268,945.76,debit,2026-08-27 10:54:09,D01055
WLT0045126,W0822,topup,WALLET_PRV,1719.31,debit,2026-07-20 09:46:22,D01055
WLT0045129,W0822,merchant,P00021,1466.38,debit,2026-07-15 11:02:40,D01055
WLT0045130,W0822,merchant,P00332,4831.45,debit,2026-08-02 08:41:58,D01055
WLT0045143,W0823,topup,WALLET_PRV,1923.76,debit,2026-07-21 13:31:41,D01056
WLT0045154,W0823,transfer,P00284,1714.13,debit,2026-07-13 14:10:33,D01056
WLT0045158,W0823,merchant,P00278,2156.52,debit,2026-07-29 13:14:25,D01056
WLT0045160,W0823,transfer,P00274,1406.99,debit,2026-07-26 08:16:46,D01056
WLT0045161,W0823,transfer,P00284,4212.42,debit,2026-09-05 15:26:47,D01056
WLT0045166,W0823,transfer,P00284,2274.03,debit,2026-09-09 22:32:59,D01056
WLT0045169,W0823,merchant,P00013,1648.38,debit,2026-09-04 20:18:16,D01056
WLT0045171,W0823,transfer,P00127,4667.79,debit,2026-08-25 22:30:38,D01056
WLT0045182,W0823,transfer,P00284,3040.06,debit,2026-08-04 14:12:02,D01056
WLT0045208,W0824,topup,WALLET_PRV,1532.76,debit,2026-07-19 10:13:38,D01057
WLT0045212,W0824,merchant,P00050,906.2,debit,2026-07-02 13:30:32,D01057
WLT0045213,W0824,merchant,P00203,943.03,debit,2026-07-12 11:09:11,D01057
WLT0045216,W0824,merchant,P00203,1765.21,debit,2026-08-27 09:06:33,D01057
WLT0045229,W0824,merchant,P00067,970.91,debit,2026-07-21 17:29:49,D01057
WLT0045238,W0825,merchant,P00329,919.78,debit,2026-07-27 15:30:25,D01058
WLT0045240,W0825,merchant,P00217,552.9,debit,2026-07-25 18:11:56,D01059
WLT0045258,W0825,merchant,P00201,1893.2,debit,2026-08-07 09:09:48,D01059
WLT0045274,W0825,topup,WALLET_PRV,1150.69,debit,2026-07-08 20:29:46,D01058
WLT0045275,W0825,topup,WALLET_PRV,2082.39,debit,2026-07-06 00:51:41,D01058
WLT0045285,W0825,topup,WALLET_PRV,1320.51,debit,2026-07-13 14:39:03,D01058
WLT0045296,W0825,transfer,P00009,1154.59,debit,2026-07-31 14:00:45,D01058
WLT0045311,W0826,merchant,P00049,3022.16,debit,2026-08-13 21:53:27,D01060
WLT0045324,W0826,merchant,P00115,3989.88,debit,2026-09-04 11:15:07,D01060
WLT0045327,W0826,merchant,P00006,1294.42,debit,2026-07-12 20:11:42,D01060
WLT0045340,W0826,topup,WALLET_PRV,2634.6,debit,2026-08-11 09:52:51,D01060
WLT0045348,W0827,topup,WALLET_PRV,1549.67,debit,2026-09-07 17:05:46,D01061
WLT0045352,W0827,topup,WALLET_PRV,1457.56,debit,2026-09-01 07:58:00,D01061
WLT0045375,W0827,merchant,P00172,980.6,debit,2026-08-09 22:37:37,D01061
WLT0045383,W0827,merchant,P00268,1807.42,debit,2026-07-08 20:16:04,D01061
WLT0045425,W0828,merchant,P00112,1019.12,debit,2026-08-20 09:11:55,D01063
WLT0045432,W0828,merchant,P00112,2588.94,debit,2026-08-27 07:01:09,D01062
WLT0045444,W0828,merchant,P00152,4094.87,debit,2026-09-07 18:01:16,D01063
WLT0045460,W0829,merchant,P00339,465.08,debit,2026-07-08 14:03:04,D01064
WLT0045490,W0829,transfer,P00176,775.42,debit,2026-07-22 20:37:36,D01064
WLT0045493,W0829,merchant,P00029,507.57,debit,2026-08-11 07:35:55,D01064
WLT0045520,W0830,merchant,P00067,3084.81,debit,2026-07-09 19:56:33,D01065
WLT0045525,W0830,topup,WALLET_PRV,1708.58,debit,2026-08-22 21:46:34,D01065
WLT0045536,W0830,merchant,P00090,3122.56,debit,2026-07-06 09:01:43,D01065
WLT0045538,W0830,transfer,P00274,2332.2,debit,2026-09-02 13:04:35,D01065
WLT0045541,W0830,merchant,P00396,2797.61,debit,2026-07-11 17:01:07,D01065
WLT0045552,W0830,merchant,P00005,1057.22,debit,2026-07-26 08:23:18,D01065
WLT0045557,W0831,merchant,P00367,2280.71,debit,2026-09-08 09:40:19,D01066
WLT0045560,W0831,merchant,P00239,787.77,debit,2026-07-04 15:54:00,D01066
WLT0045573,W0831,merchant,P00166,3209.56,debit,2026-08-23 16:11:42,D01066
WLT0045577,W0831,merchant,P00369,3813.74,debit,2026-07-22 17:38:56,D01066
WLT0045618,W0832,merchant,P00140,2165.16,debit,2026-08-01 08:42:12,D01067
WLT0045632,W0832,merchant,P00345,5698.77,debit,2026-08-03 08:27:11,D01067
WLT0045639,W0832,transfer,P00208,1224.36,debit,2026-08-16 09:49:28,D01068
WLT0045641,W0832,merchant,P00341,680.57,debit,2026-08-28 01:38:43,D01068
WLT0045649,W0832,merchant,P00235,3050.38,debit,2026-08-20 19:51:02,D01068
WLT0045679,W0833,merchant,P00028,5326.62,debit,2026-07-16 19:18:38,D01069
WLT0045716,W0834,topup,WALLET_PRV,1590.09,debit,2026-08-16 14:03:35,D01070
WLT0045720,W0834,transfer,P00073,1421.84,debit,2026-08-10 01:09:04,D01070
WLT0045766,W0835,topup,WALLET_PRV,1405.42,debit,2026-08-09 15:34:46,D01071
WLT0045775,W0835,merchant,P00068,1138.58,debit,2026-08-19 21:13:50,D01071
WLT0045804,W0836,merchant,P00323,3640.27,debit,2026-08-10 19:05:48,D01073
WLT0045812,W0836,merchant,P00077,2784.01,debit,2026-09-03 15:08:36,D01072
WLT0045834,W0836,merchant,P00323,7276.47,debit,2026-08-11 09:47:57,D01073
WLT0045849,W0836,merchant,P00020,322.14,debit,2026-09-06 14:50:03,D01072
WLT0045856,W0836,topup,WALLET_PRV,1873.79,debit,2026-07-30 21:34:18,D01072
WLT0045867,W0837,merchant,P00337,12996.66,debit,2026-07-06 13:27:15,D01074
WLT0045878,W0837,transfer,P00127,2989.35,debit,2026-07-17 10:46:47,D01074
WLT0045892,W0837,merchant,P00203,9208.48,debit,2026-07-23 14:18:26,D01074
WLT0045894,W0837,merchant,P00400,875.89,debit,2026-07-28 16:02:56,D01074
WLT0045910,W0838,merchant,P00236,2155.73,debit,2026-08-13 18:40:04,D01076
WLT0045911,W0838,merchant,P00293,355.64,debit,2026-09-12 02:25:26,D01077
WLT0045931,W0838,merchant,P00043,2970.7,debit,2026-07-29 15:49:01,D01076
WLT0045933,W0838,merchant,P00235,7301.59,debit,2026-08-16 13:20:37,D01077
WLT0045947,W0839,merchant,P00397,2114.81,debit,2026-07-23 11:34:14,D01078
WLT0045949,W0839,transfer,P00303,338.71,debit,2026-07-09 09:12:40,D01078
WLT0045961,W0839,merchant,P00188,245.05,debit,2026-07-24 10:32:48,D01078
WLT0045983,W0839,topup,WALLET_PRV,1281.17,debit,2026-08-20 04:40:18,D01078
WLT0045996,W0840,topup,WALLET_PRV,2132.75,debit,2026-07-18 15:15:00,D01079
WLT0046002,W0840,merchant,P00256,1439.97,debit,2026-09-10 08:26:45,D01079
WLT0046003,W0840,merchant,P00206,482.54,debit,2026-09-11 18:21:25,D01079
WLT0046009,W0840,merchant,P00206,1365.37,debit,2026-08-19 14:38:05,D01079
WLT0046010,W0840,topup,WALLET_PRV,1958.44,debit,2026-07-13 18:54:17,D01079
WLT0046014,W0840,merchant,P00081,1098.32,debit,2026-08-27 22:41:51,D01079
WLT0046035,W0840,merchant,P00043,2640.28,debit,2026-07-07 11:45:23,D01079
WLT0046042,W0840,topup,WALLET_PRV,1001.68,debit,2026-09-01 11:40:09,D01079
WLT0046048,W0840,merchant,P00400,3391.0,debit,2026-08-21 10:30:12,D01079
WLT0046052,W0841,merchant,P00088,440.37,debit,2026-08-29 16:01:43,D01080
WLT0046057,W0841,merchant,P00088,1364.15,debit,2026-09-09 13:26:13,D01080
WLT0046069,W0841,topup,WALLET_PRV,1143.78,debit,2026-08-28 17:25:06,D01080
WLT0046078,W0841,merchant,P00088,594.83,debit,2026-08-28 17:16:45,D01080
WLT0046097,W0841,merchant,P00106,1230.44,debit,2026-07-07 21:55:27,D01080
WLT0046108,W0841,merchant,P00028,1716.72,debit,2026-07-03 16:20:02,D01080
WLT0046153,W0842,topup,WALLET_PRV,2843.4,debit,2026-08-27 18:32:08,D01081
WLT0046159,W0843,topup,WALLET_PRV,4414.15,debit,2026-08-28 19:48:43,D01082
WLT0046170,W0843,topup,WALLET_PRV,4344.24,debit,2026-08-27 19:07:52,D01082
WLT0046187,W0843,merchant,P00095,558.78,debit,2026-08-19 15:55:16,D01082
WLT0046196,W0844,merchant,P00283,2488.89,debit,2026-08-22 18:27:51,D01083
WLT0046211,W0844,topup,WALLET_PRV,2955.52,debit,2026-07-15 08:26:12,D01083
WLT0046218,W0844,merchant,P00400,4463.39,debit,2026-09-01 11:18:15,D01083
WLT0046233,W0844,merchant,P00204,2238.82,debit,2026-07-07 17:00:15,D01083
WLT0046235,W0844,merchant,P00238,1762.72,debit,2026-08-03 19:52:06,D01083
WLT0046241,W0844,merchant,P00400,2232.57,debit,2026-09-02 14:47:09,D01083
WLT0046249,W0845,merchant,P00056,1000.42,debit,2026-09-02 04:48:25,D01084
WLT0046261,W0845,merchant,P00326,1180.38,debit,2026-08-26 18:25:05,D01084
WLT0046282,W0846,merchant,P00136,933.8,debit,2026-08-01 12:24:50,D01085
WLT0046300,W0846,transfer,P00247,2764.49,debit,2026-07-26 10:41:32,D01085
WLT0046301,W0846,merchant,P00269,8041.57,debit,2026-07-08 11:48:27,D01085
WLT0046304,W0846,merchant,P00269,7980.46,debit,2026-08-11 21:36:14,D01085
WLT0046309,W0846,topup,WALLET_PRV,9616.48,debit,2026-08-24 19:03:52,D01085
WLT0046311,W0846,transfer,P00247,3133.97,debit,2026-08-25 16:52:23,D01085
WLT0046326,W0847,merchant,P00175,1713.75,debit,2026-07-27 08:43:18,D01086
WLT0046335,W0847,merchant,P00305,4020.84,debit,2026-09-13 17:41:54,D01087
WLT0046336,W0847,merchant,P00305,764.8,debit,2026-09-07 10:21:46,D01086
WLT0046337,W0847,merchant,P00083,14465.29,debit,2026-08-09 17:07:51,D01086
WLT0046357,W0847,merchant,P00384,16120.71,debit,2026-07-22 17:28:28,D01087
WLT0046361,W0847,merchant,P00305,1323.81,debit,2026-09-05 14:08:50,D01086
WLT0046362,W0847,merchant,P00132,10449.25,debit,2026-07-28 22:18:00,D01086
WLT0046365,W0847,merchant,P00191,7960.79,debit,2026-08-20 17:09:20,D01086
WLT0046373,W0847,merchant,P00292,4899.92,debit,2026-07-24 21:45:11,D01086
WLT0046386,W0848,merchant,P00007,943.16,debit,2026-08-19 11:37:34,D01088
WLT0046392,W0848,merchant,P00029,355.85,debit,2026-08-11 20:59:42,D01089
WLT0046402,W0848,topup,WALLET_PRV,2724.14,debit,2026-07-19 17:18:50,D01089
WLT0046419,W0848,topup,WALLET_PRV,2497.93,debit,2026-08-02 09:30:10,D01088
WLT0046444,W0849,topup,WALLET_PRV,2622.6,debit,2026-07-22 16:21:03,D01090
WLT0046460,W0849,merchant,P00008,7853.48,debit,2026-09-13 08:25:12,D01090
WLT0046467,W0849,topup,WALLET_PRV,1216.73,debit,2026-09-06 06:04:02,D01090
WLT0046469,W0849,transfer,P00284,2076.39,debit,2026-07-26 21:32:18,D01090
WLT0046470,W0849,transfer,P00284,1392.14,debit,2026-08-04 23:07:19,D01090
WLT0046472,W0849,merchant,P00035,690.58,debit,2026-08-19 09:10:07,D01090
WLT0046496,W0850,merchant,P00338,1508.2,debit,2026-07-31 10:09:16,D01092
WLT0046498,W0850,topup,WALLET_PRV,3787.15,debit,2026-08-03 12:16:00,D01092
WLT0046508,W0850,merchant,P00382,349.48,debit,2026-09-13 08:48:23,D01092
WLT0046540,W0851,topup,WALLET_PRV,4149.95,debit,2026-08-11 21:50:15,D01093
WLT0046548,W0851,transfer,P00284,961.57,debit,2026-08-28 15:10:16,D01093
WLT0046565,W0851,merchant,P00126,7359.96,debit,2026-09-09 19:13:23,D01093
WLT0046576,W0852,merchant,P00150,2781.33,debit,2026-08-07 18:34:11,D01094
WLT0046582,W0852,merchant,P00113,4099.88,debit,2026-07-30 09:46:57,D01094
WLT0046584,W0852,merchant,P00108,2075.75,debit,2026-08-04 15:06:44,D01094
WLT0046585,W0852,topup,WALLET_PRV,1020.29,debit,2026-08-31 16:14:27,D01094
WLT0046598,W0852,merchant,P00173,555.78,debit,2026-07-03 19:03:52,D01094
WLT0046602,W0852,merchant,P00366,479.63,debit,2026-08-09 19:07:27,D01094
WLT0046610,W0852,merchant,P00113,5068.38,debit,2026-07-08 15:52:33,D01094
WLT0046631,W0852,topup,WALLET_PRV,1011.24,debit,2026-07-23 14:32:53,D01094
WLT0046633,W0852,merchant,P00387,3641.52,debit,2026-07-09 19:10:13,D01094
WLT0046643,W0853,transfer,P00247,3015.35,debit,2026-08-24 14:46:21,D01095
WLT0046644,W0853,transfer,P00247,3030.44,debit,2026-07-09 22:23:05,D01095
WLT0046652,W0853,topup,WALLET_PRV,1773.13,debit,2026-08-24 20:28:57,D01095
WLT0046660,W0853,topup,WALLET_PRV,1592.09,debit,2026-07-24 19:00:17,D01095
WLT0046666,W0853,merchant,P00313,4302.57,debit,2026-07-22 21:43:34,D01095
WLT0046675,W0853,merchant,P00225,1499.31,debit,2026-08-19 12:47:23,D01095
WLT0046684,W0853,merchant,P00225,413.98,debit,2026-07-26 17:37:27,D01095
WLT0046691,W0853,topup,WALLET_PRV,4429.74,debit,2026-08-12 08:30:34,D01095
WLT0046701,W0853,merchant,P00149,823.38,debit,2026-07-02 21:01:30,D01095
WLT0046706,W0853,merchant,P00104,1196.11,debit,2026-08-28 18:57:00,D01095
WLT0046708,W0853,merchant,P00353,6260.57,debit,2026-08-23 09:37:02,D01095
WLT0046713,W0853,merchant,P00304,3202.11,debit,2026-07-12 13:58:33,D01095
WLT0046716,W0853,transfer,P00098,1083.3,debit,2026-07-26 12:17:15,D01095
WLT0046729,W0853,merchant,P00104,1547.1,debit,2026-08-23 08:59:12,D01095
WLT0046749,W0854,merchant,P00245,3365.69,debit,2026-07-27 22:20:34,D01096
WLT0046764,W0854,merchant,P00245,2288.11,debit,2026-07-26 11:05:29,D01097
WLT0046796,W0855,merchant,P00306,341.19,debit,2026-07-04 12:44:44,D01098
WLT0046799,W0855,transfer,P00046,2187.38,debit,2026-09-06 14:52:23,D01099
WLT0046813,W0855,topup,WALLET_PRV,2232.4,debit,2026-07-17 10:44:36,D01098
WLT0046834,W0855,merchant,P00283,2091.18,debit,2026-07-09 17:01:55,D01099
WLT0046850,W0856,topup,WALLET_PRV,1869.28,debit,2026-07-08 20:12:29,D01100
WLT0046862,W0856,merchant,P00295,955.74,debit,2026-07-11 20:13:35,D01100
WLT0046865,W0856,merchant,P00367,912.48,debit,2026-09-08 08:59:51,D01100
WLT0046867,W0856,merchant,P00367,1178.97,debit,2026-08-30 17:14:40,D01100
WLT0046889,W0857,merchant,P00389,1054.25,debit,2026-08-27 18:23:24,D01102
WLT0046892,W0857,merchant,P00057,5029.11,debit,2026-07-14 00:15:47,D01102
WLT0046895,W0857,merchant,P00389,1799.43,debit,2026-07-25 20:39:33,D01101
WLT0046899,W0857,topup,WALLET_PRV,5711.87,debit,2026-08-27 08:18:13,D01101
WLT0046907,W0857,topup,WALLET_PRV,8508.97,debit,2026-07-29 17:34:22,D01102
WLT0046919,W0857,merchant,P00291,1281.37,debit,2026-07-25 10:50:00,D01102
WLT0046945,W0858,topup,WALLET_PRV,5287.1,debit,2026-07-15 12:46:15,D01103
WLT0046947,W0858,topup,WALLET_PRV,2478.9,debit,2026-08-09 11:48:04,D01103
WLT0046965,W0858,topup,WALLET_PRV,3001.43,debit,2026-08-13 07:30:33,D01103
WLT0046967,W0858,merchant,P00136,720.88,debit,2026-07-06 17:38:25,D01103
WLT0046969,W0858,topup,WALLET_PRV,3433.16,debit,2026-08-06 07:18:12,D01103
WLT0046974,W0858,merchant,P00136,1044.22,debit,2026-07-17 19:05:14,D01103
WLT0046989,W0859,merchant,P00286,3150.13,debit,2026-08-02 18:04:39,D01104
WLT0047004,W0859,merchant,P00248,9352.55,debit,2026-07-31 17:33:27,D01104
WLT0047009,W0859,merchant,P00248,3724.65,debit,2026-08-12 15:09:16,D01104
WLT0047013,W0859,topup,WALLET_PRV,10306.74,debit,2026-08-13 08:24:10,D01104
WLT0047023,W0859,topup,WALLET_PRV,10711.48,debit,2026-09-05 20:02:19,D01104
WLT0047031,W0859,transfer,P00277,5884.98,debit,2026-07-29 11:06:49,D01104
WLT0047074,W0860,transfer,P00098,3188.72,debit,2026-08-09 15:59:27,D01105
WLT0047075,W0860,transfer,P00098,3037.03,debit,2026-08-08 18:01:00,D01105
WLT0047083,W0860,topup,WALLET_PRV,4120.85,debit,2026-07-01 18:53:27,D01105
WLT0047112,W0860,merchant,P00191,18457.33,debit,2026-08-31 11:36:43,D01105
WLT0047146,W0861,merchant,P00376,495.48,debit,2026-09-09 23:38:52,D01107
WLT0047161,W0861,topup,WALLET_PRV,3169.77,debit,2026-07-03 07:13:58,D01106
WLT0047163,W0861,topup,WALLET_PRV,1155.18,debit,2026-09-03 19:14:41,D01106
WLT0047181,W0862,topup,WALLET_PRV,4811.31,debit,2026-08-01 17:30:49,D01108
WLT0047201,W0862,merchant,P00124,574.93,debit,2026-09-09 18:35:17,D01108
WLT0047211,W0862,merchant,P00143,1694.08,debit,2026-08-17 20:37:24,D01108
WLT0047212,W0862,topup,WALLET_PRV,4317.82,debit,2026-08-21 09:55:30,D01108
WLT0047214,W0862,topup,WALLET_PRV,1386.58,debit,2026-07-08 14:09:06,D01108
WLT0047215,W0862,topup,WALLET_PRV,4320.34,debit,2026-08-28 14:48:46,D01108
WLT0047225,W0862,merchant,P00255,4034.33,debit,2026-08-29 20:08:51,D01108
WLT0047229,W0862,merchant,P00236,2831.05,debit,2026-08-09 13:15:59,D01108
WLT0047238,W0863,topup,WALLET_PRV,4205.08,debit,2026-08-14 12:27:01,D01109
WLT0047246,W0863,merchant,P00039,2272.28,debit,2026-09-04 11:59:26,D01109
WLT0047255,W0863,topup,WALLET_PRV,2232.99,debit,2026-09-07 21:19:36,D01109
WLT0047263,W0863,topup,WALLET_PRV,4473.23,debit,2026-07-02 20:42:33,D01109
WLT0047266,W0863,merchant,P00363,882.23,debit,2026-08-29 19:03:29,D01109
WLT0047274,W0863,topup,WALLET_PRV,1846.93,debit,2026-07-26 07:20:02,D01109
WLT0047279,W0863,merchant,P00039,4561.89,debit,2026-07-23 23:24:33,D01109
WLT0047288,W0863,merchant,P00289,359.36,debit,2026-08-29 15:10:39,D01109
WLT0047291,W0863,topup,WALLET_PRV,4246.21,debit,2026-08-22 19:54:05,D01109
WLT0047319,W0864,transfer,P00142,1274.5,debit,2026-07-29 12:21:07,D01110
WLT0047321,W0864,topup,WALLET_PRV,1765.57,debit,2026-07-19 10:38:49,D01110
WLT0047327,W0864,merchant,P00118,7447.73,debit,2026-08-20 09:15:05,D01110
WLT0047328,W0864,topup,WALLET_PRV,5753.14,debit,2026-08-13 08:43:18,D01110
WLT0047333,W0864,merchant,P00383,828.32,debit,2026-08-18 17:27:32,D01110
WLT0047334,W0864,merchant,P00308,717.04,debit,2026-08-15 20:39:23,D01110
WLT0047349,W0864,merchant,P00381,1501.04,debit,2026-09-05 16:08:17,D01110
WLT0047359,W0864,merchant,P00081,1768.52,debit,2026-08-16 18:28:50,D01111
WLT0047360,W0864,merchant,P00084,1751.6,debit,2026-07-09 15:25:23,D01110
WLT0047362,W0864,transfer,P00073,1800.62,debit,2026-09-07 14:00:07,D01110
WLT0047380,W0865,merchant,P00159,1936.01,debit,2026-08-28 12:14:47,D01112
WLT0047403,W0865,transfer,P00208,5222.11,debit,2026-08-19 08:40:30,D01112
WLT0047467,W0866,merchant,P00308,183.19,debit,2026-09-13 21:25:58,D01113
WLT0047473,W0866,topup,WALLET_PRV,1557.05,debit,2026-08-09 21:10:52,D01113
WLT0047488,W0866,transfer,P00094,1376.7,debit,2026-08-18 14:48:45,D01113
WLT0047490,W0866,merchant,P00188,1180.2,debit,2026-08-09 12:06:51,D01113
WLT0047498,W0866,merchant,P00285,933.47,debit,2026-08-09 19:27:14,D01113
WLT0047499,W0866,topup,WALLET_PRV,829.18,debit,2026-07-08 07:19:35,D01113
WLT0047504,W0867,topup,WALLET_PRV,6859.99,debit,2026-09-10 07:57:52,D01114
WLT0047512,W0867,topup,WALLET_PRV,3141.63,debit,2026-08-03 22:01:18,D01114
WLT0047523,W0867,merchant,P00224,2080.65,debit,2026-08-03 19:04:04,D01114
WLT0047529,W0867,topup,WALLET_PRV,5437.8,debit,2026-08-14 10:20:49,D01114
WLT0047538,W0867,merchant,P00019,801.5,debit,2026-09-13 11:19:05,D01114
WLT0047563,W0868,topup,WALLET_PRV,3226.51,debit,2026-07-27 01:54:53,D01115
WLT0047564,W0868,transfer,P00240,903.41,debit,2026-09-05 19:49:32,D01115
WLT0047567,W0868,merchant,P00106,1306.41,debit,2026-08-29 11:07:03,D01115
WLT0047604,W0868,topup,WALLET_PRV,1693.35,debit,2026-09-11 16:42:23,D01115
WLT0047615,W0868,merchant,P00226,2163.68,debit,2026-07-29 19:10:34,D01115
WLT0047619,W0868,merchant,P00226,808.93,debit,2026-07-30 15:45:42,D01115
WLT0047671,W0869,topup,WALLET_PRV,1326.62,debit,2026-09-12 20:01:26,D01116
WLT0047701,W0870,topup,WALLET_PRV,8048.73,debit,2026-07-02 10:30:12,D01117
WLT0047722,W0870,topup,WALLET_PRV,5669.93,debit,2026-08-20 19:02:20,D01117
WLT0047726,W0870,merchant,P00229,3088.47,debit,2026-08-18 11:10:32,D01117
WLT0047744,W0870,merchant,P00298,3328.49,debit,2026-09-12 11:12:43,D01117
WLT0047745,W0870,merchant,P00241,3108.79,debit,2026-07-29 23:09:41,D01117
WLT0047752,W0871,transfer,P00054,3699.44,debit,2026-08-13 20:08:36,D01118
WLT0047754,W0871,topup,WALLET_PRV,4366.99,debit,2026-08-09 19:28:31,D01118
WLT0047759,W0871,topup,WALLET_PRV,2764.01,debit,2026-08-18 13:24:11,D01118
WLT0047762,W0871,merchant,P00180,4624.6,debit,2026-09-01 09:14:10,D01118
WLT0047763,W0871,topup,WALLET_PRV,3246.06,debit,2026-08-14 10:15:42,D01118
WLT0047777,W0871,merchant,P00207,2295.21,debit,2026-08-16 09:12:07,D01118
WLT0047802,W0872,transfer,P00350,1104.7,debit,2026-07-26 06:49:10,D01119
WLT0047810,W0872,merchant,P00256,855.39,debit,2026-07-27 09:47:47,D01119
WLT0047845,W0873,topup,WALLET_PRV,1466.53,debit,2026-07-03 18:53:27,D01120
WLT0047876,W0873,merchant,P00008,6345.58,debit,2026-07-21 21:12:05,D01120
WLT0047893,W0874,merchant,P00384,2675.05,debit,2026-08-19 17:05:52,D01121
WLT0047901,W0874,topup,WALLET_PRV,494.49,debit,2026-08-25 08:37:39,D01121
WLT0047905,W0874,merchant,P00172,965.93,debit,2026-07-18 17:03:55,D01121
WLT0047911,W0874,merchant,P00263,2924.15,debit,2026-09-08 17:06:28,D01121
WLT0047913,W0874,merchant,P00263,1039.04,debit,2026-08-27 07:54:24,D01121
WLT0047915,W0874,merchant,P00336,386.92,debit,2026-07-30 16:43:16,D01121
WLT0047916,W0874,topup,WALLET_PRV,1164.28,debit,2026-07-04 11:43:55,D01121
WLT0047920,W0874,topup,WALLET_PRV,1409.63,debit,2026-08-07 09:44:00,D01121
WLT0047925,W0874,merchant,P00132,1411.61,debit,2026-08-03 13:10:36,D01121
WLT0047928,W0874,merchant,P00384,1431.22,debit,2026-08-21 20:06:18,D01121
WLT0047936,W0874,topup,WALLET_PRV,1425.65,debit,2026-08-28 17:27:15,D01121
WLT0047950,W0875,topup,WALLET_PRV,1855.98,debit,2026-08-30 12:53:32,D01122
WLT0047973,W0875,merchant,P00042,2134.97,debit,2026-09-07 20:51:04,D01122
WLT0047979,W0875,topup,WALLET_PRV,1387.45,debit,2026-08-29 11:11:12,D01122
WLT0047991,W0875,topup,WALLET_PRV,1957.7,debit,2026-08-07 17:51:08,D01122
WLT0048006,W0875,merchant,P00294,2487.13,debit,2026-09-09 06:20:23,D01122
WLT0048007,W0875,merchant,P00040,808.38,debit,2026-07-06 16:07:32,D01122
WLT0048011,W0875,merchant,P00377,2161.96,debit,2026-08-17 09:44:26,D01122
WLT0048019,W0875,merchant,P00377,775.58,debit,2026-07-15 11:40:32,D01122
WLT0048022,W0875,topup,WALLET_PRV,711.77,debit,2026-08-27 19:47:38,D01122
WLT0048036,W0876,merchant,P00198,2034.47,debit,2026-08-28 09:02:12,D01123
WLT0048042,W0876,merchant,P00331,684.32,debit,2026-08-17 10:10:30,D01123
WLT0048049,W0876,topup,WALLET_PRV,3368.85,debit,2026-07-31 22:11:19,D01123
WLT0048056,W0876,transfer,P00247,2636.12,debit,2026-09-10 00:59:30,D01123
WLT0048062,W0877,merchant,P00217,546.87,debit,2026-08-09 10:43:04,D01124
WLT0048064,W0877,merchant,P00371,1432.69,debit,2026-09-08 18:59:17,D01124
WLT0048071,W0877,merchant,P00029,813.58,debit,2026-08-28 13:34:11,D01124
WLT0048084,W0877,topup,WALLET_PRV,3102.58,debit,2026-09-10 01:04:28,D01124
WLT0048093,W0877,merchant,P00029,3040.45,debit,2026-08-11 12:58:44,D01124
WLT0048109,W0877,topup,WALLET_PRV,2273.6,debit,2026-07-12 23:29:48,D01124
WLT0048128,W0878,topup,WALLET_PRV,1034.92,debit,2026-07-27 09:25:13,D01125
WLT0048129,W0878,merchant,P00349,372.78,debit,2026-08-14 18:32:17,D01125
WLT0048131,W0878,topup,WALLET_PRV,3142.63,debit,2026-07-05 23:46:29,D01125
WLT0048133,W0878,merchant,P00324,5294.05,debit,2026-07-09 16:02:27,D01125
WLT0048150,W0878,merchant,P00312,705.76,debit,2026-08-13 12:57:39,D01125
WLT0048195,W0879,merchant,P00101,1763.08,debit,2026-08-05 07:00:35,D01126
WLT0048212,W0879,merchant,P00265,4360.73,debit,2026-08-24 07:18:58,D01126
WLT0048214,W0879,merchant,P00294,5018.33,debit,2026-07-29 16:08:11,D01126
WLT0048232,W0879,merchant,P00355,741.86,debit,2026-08-18 16:03:02,D01126
WLT0048233,W0879,merchant,P00354,972.81,debit,2026-08-08 14:12:05,D01126
WLT0048240,W0879,merchant,P00374,10235.7,debit,2026-09-11 15:14:45,D01126
WLT0048243,W0879,topup,WALLET_PRV,3609.97,debit,2026-07-20 19:37:53,D01126
WLT0048250,W0879,merchant,P00374,9248.42,debit,2026-08-08 19:32:50,D01126
WLT0048259,W0880,merchant,P00335,7373.71,debit,2026-07-24 16:18:16,D01127
WLT0048270,W0880,topup,WALLET_PRV,1243.75,debit,2026-07-11 12:01:25,D01127
WLT0048278,W0880,merchant,P00056,435.13,debit,2026-07-28 18:42:03,D01127
WLT0048287,W0881,topup,WALLET_PRV,2695.81,debit,2026-08-26 10:14:01,D01128
WLT0048289,W0881,transfer,P00214,554.82,debit,2026-07-22 06:49:02,D01129
WLT0048323,W0881,merchant,P00071,1133.17,debit,2026-08-31 07:22:49,D01128
WLT0048335,W0881,topup,WALLET_PRV,2868.89,debit,2026-07-06 15:51:08,D01128
WLT0048352,W0882,merchant,P00072,437.99,debit,2026-09-02 10:34:52,D01130
WLT0048367,W0882,topup,WALLET_PRV,4292.85,debit,2026-08-28 18:29:52,D01130
WLT0048370,W0882,merchant,P00207,2153.18,debit,2026-08-24 20:13:29,D01130
WLT0048388,W0882,merchant,P00253,912.21,debit,2026-09-10 19:41:00,D01130
WLT0048391,W0882,topup,WALLET_PRV,2153.74,debit,2026-09-12 21:11:28,D01130
WLT0048411,W0883,topup,WALLET_PRV,1525.58,debit,2026-07-19 15:34:18,D01132
WLT0048412,W0883,merchant,P00209,1043.4,debit,2026-09-09 11:54:34,D01132
WLT0048415,W0883,merchant,P00097,367.22,debit,2026-07-13 11:10:34,D01131
WLT0048417,W0883,merchant,P00291,298.06,debit,2026-07-26 20:54:29,D01131
WLT0048442,W0883,topup,WALLET_PRV,738.44,debit,2026-09-07 18:33:09,D01131
WLT0048462,W0883,merchant,P00097,3246.07,debit,2026-08-21 20:51:50,D01132
WLT0048470,W0883,topup,WALLET_PRV,2063.61,debit,2026-07-24 13:07:02,D01131
WLT0048475,W0883,merchant,P00003,217.24,debit,2026-07-26 12:27:55,D01131
WLT0048494,W0884,merchant,P00137,749.35,debit,2026-07-18 08:03:32,D01133
WLT0048504,W0884,merchant,P00137,575.42,debit,2026-08-16 07:32:26,D01133
WLT0048511,W0884,topup,WALLET_PRV,908.26,debit,2026-08-21 17:08:44,D01133
WLT0048512,W0884,merchant,P00239,610.31,debit,2026-07-19 11:46:51,D01133
WLT0048522,W0884,merchant,P00061,933.08,debit,2026-07-16 17:41:26,D01133
WLT0048547,W0885,topup,WALLET_PRV,2197.63,debit,2026-07-16 19:14:19,D01134
WLT0048578,W0885,merchant,P00237,1112.09,debit,2026-07-06 16:25:31,D01134
WLT0048595,W0885,topup,WALLET_PRV,3876.14,debit,2026-08-17 20:42:15,D01134
WLT0048602,W0885,merchant,P00107,1284.97,debit,2026-08-14 18:05:00,D01134
WLT0048617,W0886,merchant,P00108,3544.31,debit,2026-08-14 09:17:13,D01135
WLT0048622,W0886,topup,WALLET_PRV,3091.17,debit,2026-09-09 11:41:02,D01135
WLT0048625,W0886,merchant,P00371,1519.14,debit,2026-08-28 10:50:46,D01136
WLT0048640,W0886,transfer,P00277,4390.48,debit,2026-07-02 22:26:47,D01135
WLT0048648,W0886,merchant,P00108,6079.36,debit,2026-08-13 10:10:35,D01135
WLT0048673,W0887,topup,WALLET_PRV,13387.48,debit,2026-08-31 15:52:43,D01137
WLT0048680,W0887,merchant,P00224,4143.56,debit,2026-09-03 19:52:10,D01137
WLT0048687,W0887,merchant,P00224,2193.6,debit,2026-07-28 18:51:04,D01137
WLT0048689,W0887,merchant,P00392,6057.24,debit,2026-08-28 19:23:19,D01138
WLT0048694,W0887,merchant,P00391,9774.03,debit,2026-07-13 19:35:05,D01137
WLT0048696,W0887,merchant,P00071,6148.04,debit,2026-09-12 06:52:38,D01137
WLT0048712,W0887,merchant,P00224,1828.86,debit,2026-09-09 13:09:19,D01137
WLT0048727,W0888,merchant,P00219,910.18,debit,2026-09-13 11:41:21,D01139
WLT0048742,W0888,transfer,P00127,1112.89,debit,2026-07-07 12:03:53,D01139
WLT0048749,W0888,merchant,P00400,2065.45,debit,2026-07-01 11:13:31,D01139
WLT0048752,W0888,topup,WALLET_PRV,1585.58,debit,2026-08-28 06:12:51,D01139
WLT0048753,W0888,merchant,P00203,5629.01,debit,2026-07-02 20:24:45,D01139
WLT0048770,W0888,merchant,P00219,633.66,debit,2026-07-08 18:08:49,D01139
WLT0048791,W0889,merchant,P00251,2732.18,debit,2026-09-03 01:36:01,D01140
WLT0048798,W0889,topup,WALLET_PRV,3917.79,debit,2026-09-04 16:35:02,D01140
WLT0048829,W0890,merchant,P00344,653.43,debit,2026-08-11 08:07:52,D01141
WLT0048832,W0890,transfer,P00274,1954.03,debit,2026-08-25 19:18:51,D01142
WLT0048894,W0891,transfer,P00319,12173.28,debit,2026-08-09 17:56:16,D01143
WLT0048900,W0891,topup,WALLET_PRV,5089.23,debit,2026-08-14 16:40:42,D01144
WLT0048916,W0891,topup,WALLET_PRV,10748.64,debit,2026-08-18 15:18:53,D01143
WLT0048923,W0891,topup,WALLET_PRV,8137.9,debit,2026-07-31 08:00:10,D01144
WLT0048939,W0892,merchant,P00317,393.48,debit,2026-09-06 21:44:11,D01146
WLT0048947,W0892,merchant,P00317,144.63,debit,2026-08-10 09:31:01,D01146
WLT0048962,W0892,merchant,P00088,474.46,debit,2026-07-07 18:02:56,D01145
WLT0048975,W0892,topup,WALLET_PRV,967.43,debit,2026-08-21 15:23:07,D01146
WLT0048976,W0892,topup,WALLET_PRV,510.4,debit,2026-08-03 11:25:59,D01145
WLT0048986,W0892,topup,WALLET_PRV,1018.35,debit,2026-07-03 16:38:59,D01146
WLT0049011,W0893,merchant,P00394,2940.7,debit,2026-08-22 22:56:09,D01147
WLT0049014,W0893,merchant,P00295,1669.61,debit,2026-08-06 17:58:08,D01147
WLT0049029,W0893,merchant,P00045,7019.02,debit,2026-08-16 15:26:19,D01148
WLT0049030,W0893,merchant,P00085,12712.27,debit,2026-07-16 12:15:50,D01147
WLT0049040,W0893,merchant,P00276,2048.08,debit,2026-08-26 12:31:51,D01147
WLT0049041,W0893,merchant,P00191,15718.51,debit,2026-08-22 15:02:28,D01147
WLT0049044,W0893,merchant,P00045,13281.1,debit,2026-08-28 20:58:23,D01147
WLT0049055,W0894,merchant,P00242,3054.93,debit,2026-08-26 22:10:21,D01149
WLT0049075,W0894,merchant,P00358,5580.67,debit,2026-07-30 18:53:24,D01149
WLT0049085,W0895,topup,WALLET_PRV,10515.72,debit,2026-09-05 18:52:43,D01150
WLT0049096,W0895,topup,WALLET_PRV,7372.49,debit,2026-09-12 15:38:09,D01150
WLT0049102,W0895,merchant,P00390,8073.77,debit,2026-07-16 23:37:33,D01150
WLT0049130,W0895,topup,WALLET_PRV,7143.84,debit,2026-07-06 17:35:14,D01150
WLT0049132,W0895,topup,WALLET_PRV,10424.62,debit,2026-07-23 16:40:07,D01150
WLT0049135,W0895,merchant,P00177,3312.76,debit,2026-08-25 11:21:43,D01150
WLT0049159,W0896,topup,WALLET_PRV,5630.03,debit,2026-08-07 08:53:30,D01151
WLT0049162,W0896,merchant,P00193,1810.0,debit,2026-07-14 20:29:55,D01151
WLT0049164,W0896,topup,WALLET_PRV,3231.97,debit,2026-08-01 18:37:47,D01151
WLT0049217,W0897,merchant,P00275,3489.79,debit,2026-08-28 10:26:17,D01152
WLT0049218,W0897,topup,WALLET_PRV,1856.41,debit,2026-08-14 17:36:07,D01152
WLT0049253,W0897,merchant,P00275,751.3,debit,2026-08-26 18:04:02,D01152
WLT0049293,W0898,topup,WALLET_PRV,2302.85,debit,2026-07-16 19:06:30,D01153
WLT0049303,W0898,topup,WALLET_PRV,2276.42,debit,2026-08-20 12:30:34,D01153
WLT0049333,W0899,merchant,P00356,943.67,debit,2026-08-17 19:44:31,D01155
WLT0049359,W0899,topup,WALLET_PRV,3775.11,debit,2026-08-15 21:39:42,D01155
WLT0049372,W0900,merchant,P00188,2205.63,debit,2026-08-13 17:43:15,D01157
WLT0049377,W0900,merchant,P00188,1369.32,debit,2026-07-24 13:10:24,D01157
WLT0049390,W0900,merchant,P00150,17922.64,debit,2026-08-15 17:29:32,D01157
WLT0049398,W0900,topup,WALLET_PRV,2972.02,debit,2026-07-07 21:08:14,D01157
WLT0049405,W0900,merchant,P00255,10619.02,debit,2026-07-27 17:45:02,D01157
WLT0049406,W0900,merchant,P00150,6749.93,debit,2026-07-04 06:39:04,D01157
WLT0049409,W0900,topup,WALLET_PRV,11059.84,debit,2026-08-24 21:36:47,D01157
WLT0049425,W0901,transfer,P00373,2105.41,debit,2026-08-09 10:19:11,D01158
WLT0049426,W0901,merchant,P00301,381.47,debit,2026-09-06 18:46:36,D01158
WLT0049427,W0901,merchant,P00387,3999.85,debit,2026-07-18 07:13:13,D01158
WLT0049430,W0901,merchant,P00071,789.75,debit,2026-08-01 17:17:32,D01159
WLT0049436,W0901,topup,WALLET_PRV,2671.33,debit,2026-07-01 11:05:16,D01159
WLT0049442,W0901,topup,WALLET_PRV,1281.96,debit,2026-08-31 18:40:14,D01158
WLT0049451,W0902,merchant,P00296,900.42,debit,2026-08-29 08:50:50,D01160
WLT0049465,W0902,merchant,P00025,1993.16,debit,2026-09-12 09:36:05,D01160
WLT0049493,W0902,topup,WALLET_PRV,3759.66,debit,2026-07-25 06:03:45,D01160
WLT0049502,W0902,merchant,P00290,740.11,debit,2026-08-14 10:34:19,D01160
WLT0049550,W0903,merchant,P00091,663.5,debit,2026-08-22 18:24:36,D01161
WLT0049552,W0903,transfer,P00365,1962.72,debit,2026-09-13 08:22:00,D01161
WLT0049602,W0904,merchant,P00196,1661.98,debit,2026-07-27 11:47:34,D01162
WLT0049617,W0904,merchant,P00259,12809.07,debit,2026-08-07 13:28:47,D01163
WLT0049623,W0904,merchant,P00315,7101.13,debit,2026-07-11 18:25:58,D01162
WLT0049630,W0905,merchant,P00353,3800.49,debit,2026-07-24 19:53:41,D01164
WLT0049632,W0905,merchant,P00021,1990.73,debit,2026-08-05 13:12:59,D01164
WLT0049645,W0905,merchant,P00050,3373.84,debit,2026-07-01 20:41:00,D01164
WLT0049657,W0905,topup,WALLET_PRV,2316.01,debit,2026-07-31 19:23:56,D01164
WLT0049659,W0905,merchant,P00325,2918.51,debit,2026-09-01 19:09:02,D01164
WLT0049669,W0905,transfer,P00135,1293.41,debit,2026-09-08 15:00:42,D01164
WLT0049712,W0906,merchant,P00369,252.14,debit,2026-08-30 12:23:21,D01165
WLT0049713,W0906,topup,WALLET_PRV,2113.9,debit,2026-08-29 15:34:44,D01165
WLT0049721,W0906,merchant,P00369,2059.48,debit,2026-07-29 17:14:03,D01165
WLT0049730,W0906,topup,WALLET_PRV,2665.56,debit,2026-08-24 11:15:50,D01165
WLT0049745,W0906,merchant,P00036,934.79,debit,2026-08-13 15:21:47,D01165
WLT0049754,W0906,topup,WALLET_PRV,1852.22,debit,2026-08-30 12:52:37,D01165
WLT0049760,W0907,topup,WALLET_PRV,4222.87,debit,2026-08-14 16:29:10,D01166
WLT0049773,W0907,merchant,P00183,1382.85,debit,2026-07-23 10:28:13,D01166
WLT0049788,W0907,topup,WALLET_PRV,3378.07,debit,2026-08-09 08:43:54,D01166
WLT0049801,W0907,merchant,P00112,2414.39,debit,2026-08-20 16:21:05,D01166
WLT0049803,W0907,merchant,P00321,930.06,debit,2026-08-30 18:21:01,D01166
WLT0049804,W0907,merchant,P00066,13986.25,debit,2026-09-04 23:32:04,D01166
WLT0049812,W0907,topup,WALLET_PRV,2491.75,debit,2026-08-24 08:58:31,D01166
WLT0049813,W0907,topup,WALLET_PRV,3308.14,debit,2026-08-19 18:07:11,D01166
WLT0049816,W0907,topup,WALLET_PRV,2703.98,debit,2026-08-17 06:18:34,D01166
WLT0049818,W0907,merchant,P00106,5926.89,debit,2026-08-11 18:07:10,D01166
WLT0049826,W0907,topup,WALLET_PRV,2963.71,debit,2026-07-20 19:04:53,D01166
WLT0049865,W0909,merchant,P00309,1115.51,debit,2026-07-26 11:02:23,D01169
WLT0049866,W0909,topup,WALLET_PRV,6895.66,debit,2026-07-13 12:53:07,D01170
WLT0049870,W0909,merchant,P00081,3533.3,debit,2026-08-08 18:33:47,D01169
WLT0049874,W0909,transfer,P00022,8134.44,debit,2026-09-03 16:21:39,D01169
WLT0049886,W0909,merchant,P00057,827.99,debit,2026-08-24 21:19:50,D01169
WLT0049895,W0909,merchant,P00264,1270.65,debit,2026-08-23 16:00:47,D01169
WLT0049909,W0909,merchant,P00057,1966.0,debit,2026-07-02 13:43:14,D01169
WLT0049915,W0909,merchant,P00057,2617.89,debit,2026-07-09 21:31:04,D01169
WLT0049934,W0910,merchant,P00302,2380.15,debit,2026-08-10 20:14:35,D01171
WLT0049935,W0910,transfer,P00170,2140.68,debit,2026-07-16 21:19:07,D01171
WLT0049936,W0910,merchant,P00015,9293.65,debit,2026-08-12 14:17:22,D01171
WLT0049937,W0910,topup,WALLET_PRV,3841.72,debit,2026-07-04 13:35:28,D01171
WLT0049974,W0911,merchant,P00260,1276.04,debit,2026-07-16 17:36:24,D01172
WLT0049982,W0911,topup,WALLET_PRV,3885.04,debit,2026-08-24 11:12:21,D01172
WLT0050026,W0912,topup,WALLET_PRV,5879.2,debit,2026-09-03 13:53:11,D01174
WLT0050027,W0912,merchant,P00276,1301.73,debit,2026-07-22 19:28:10,D01174
WLT0050039,W0912,merchant,P00390,2865.38,debit,2026-07-04 18:43:37,D01174
WLT0050043,W0912,merchant,P00220,1502.21,debit,2026-07-28 23:54:35,D01174
WLT0050046,W0912,merchant,P00109,4890.53,debit,2026-08-21 23:42:35,D01174
WLT0050047,W0912,merchant,P00185,1913.31,debit,2026-08-07 19:27:22,D01174
WLT0050076,W0913,topup,WALLET_PRV,3964.41,debit,2026-07-03 11:46:32,D01175
WLT0050078,W0913,merchant,P00133,2988.74,debit,2026-08-19 08:04:08,D01175
WLT0050095,W0913,merchant,P00146,723.28,debit,2026-07-24 23:46:34,D01175
WLT0050113,W0914,topup,WALLET_PRV,5276.35,debit,2026-08-20 15:02:22,D01176
WLT0050117,W0914,merchant,P00008,5240.68,debit,2026-07-03 12:45:03,D01176
WLT0050123,W0914,topup,WALLET_PRV,4531.81,debit,2026-09-13 17:27:49,D01176
WLT0050144,W0914,topup,WALLET_PRV,3235.68,debit,2026-08-30 19:54:13,D01176
WLT0050146,W0914,merchant,P00008,10619.81,debit,2026-07-01 16:52:59,D01176
WLT0050149,W0914,merchant,P00048,627.29,debit,2026-07-11 19:17:24,D01176
WLT0050210,W0915,merchant,P00392,602.81,debit,2026-09-12 13:55:28,D01178
WLT0050220,W0916,transfer,P00142,349.94,debit,2026-08-15 20:35:09,D01179
WLT0050226,W0916,topup,WALLET_PRV,661.81,debit,2026-08-29 17:13:44,D01179
WLT0050246,W0916,merchant,P00344,586.28,debit,2026-07-28 08:06:02,D01179
WLT0050288,W0917,merchant,P00200,1999.66,debit,2026-07-27 20:42:50,D01180
WLT0050298,W0917,topup,WALLET_PRV,2533.71,debit,2026-07-04 16:53:55,D01180
WLT0050309,W0918,merchant,P00211,1113.55,debit,2026-07-22 18:49:27,D01181
WLT0050317,W0918,topup,WALLET_PRV,3389.57,debit,2026-07-02 13:33:02,D01182
WLT0050326,W0918,topup,WALLET_PRV,4834.29,debit,2026-08-20 19:49:17,D01181
WLT0050333,W0918,merchant,P00153,1765.09,debit,2026-07-30 11:34:58,D01181
WLT0050342,W0918,merchant,P00021,5170.86,debit,2026-08-02 08:34:47,D01182
WLT0050364,W0918,topup,WALLET_PRV,3725.46,debit,2026-08-11 08:54:57,D01181
WLT0050370,W0919,topup,WALLET_PRV,1833.85,debit,2026-08-15 17:49:40,D01183
WLT0050381,W0919,topup,WALLET_PRV,1410.41,debit,2026-07-26 01:07:02,D01183
WLT0050382,W0919,merchant,P00218,650.45,debit,2026-09-05 16:41:51,D01183
WLT0050408,W0919,merchant,P00400,6134.45,debit,2026-08-22 20:17:57,D01183
WLT0050418,W0919,merchant,P00375,994.5,debit,2026-08-14 10:35:35,D01183
WLT0050422,W0919,merchant,P00163,3104.15,debit,2026-08-22 10:22:32,D01183
WLT0050430,W0919,merchant,P00163,4073.58,debit,2026-07-22 16:23:56,D01183
WLT0050433,W0919,topup,WALLET_PRV,4860.63,debit,2026-07-19 07:22:42,D01183
WLT0050441,W0919,topup,WALLET_PRV,2077.77,debit,2026-07-07 10:50:16,D01183
WLT0050469,W0920,merchant,P00202,5279.42,debit,2026-09-02 12:29:27,D01184
WLT0050476,W0920,merchant,P00040,3564.6,debit,2026-07-26 20:11:58,D01184
WLT0050479,W0920,merchant,P00126,4020.49,debit,2026-09-02 09:38:52,D01184
WLT0050494,W0921,topup,WALLET_PRV,1960.64,debit,2026-08-13 23:08:52,D01185
WLT0050501,W0921,merchant,P00057,1076.77,debit,2026-09-12 07:27:21,D01185
WLT0050544,W0921,topup,WALLET_PRV,3990.96,debit,2026-07-06 15:24:37,D01185
WLT0050557,W0921,merchant,P00021,7172.63,debit,2026-08-15 13:03:43,D01185
WLT0050559,W0921,transfer,P00142,1342.34,debit,2026-09-10 12:33:39,D01185
WLT0050566,W0921,topup,WALLET_PRV,1574.35,debit,2026-07-18 14:03:52,D01185
WLT0050578,W0922,topup,WALLET_PRV,2410.9,debit,2026-07-01 19:26:27,D01187
WLT0050600,W0922,merchant,P00310,950.81,debit,2026-08-08 14:05:56,D01188
WLT0050606,W0922,merchant,P00310,848.88,debit,2026-09-05 12:46:20,D01187
WLT0050612,W0922,merchant,P00115,923.31,debit,2026-08-12 14:50:57,D01187
WLT0050623,W0923,merchant,P00030,3739.56,debit,2026-08-18 15:42:06,D01189
WLT0050628,W0923,topup,WALLET_PRV,5116.52,debit,2026-07-21 21:29:15,D01189
WLT0050633,W0923,merchant,P00194,878.19,debit,2026-08-15 16:58:03,D01189
WLT0050636,W0923,merchant,P00286,1699.21,debit,2026-07-28 17:07:52,D01189
WLT0050646,W0923,merchant,P00030,3270.41,debit,2026-07-30 10:02:24,D01189
WLT0050660,W0923,merchant,P00088,1173.96,debit,2026-08-26 18:14:11,D01189
WLT0050661,W0923,merchant,P00292,1934.22,debit,2026-07-04 16:39:21,D01189
WLT0050667,W0923,topup,WALLET_PRV,5557.57,debit,2026-07-25 08:14:20,D01189
WLT0050687,W0924,merchant,P00101,2646.61,debit,2026-07-18 03:04:25,D01190
WLT0050692,W0924,merchant,P00006,1175.59,debit,2026-07-15 16:38:34,D01190
WLT0050696,W0924,topup,WALLET_PRV,5037.82,debit,2026-08-18 08:04:20,D01190
WLT0050729,W0924,merchant,P00315,2607.97,debit,2026-07-03 06:35:20,D01190
WLT0050736,W0924,transfer,P00365,3169.03,debit,2026-08-05 21:28:50,D01190
WLT0050768,W0925,topup,WALLET_PRV,2986.71,debit,2026-08-10 11:02:02,D01191
WLT0050780,W0925,topup,WALLET_PRV,1577.86,debit,2026-09-07 18:24:33,D01191
WLT0050790,W0925,merchant,P00006,747.77,debit,2026-08-04 14:46:17,D01191
WLT0050796,W0926,merchant,P00039,7334.13,debit,2026-07-22 10:34:10,D01192
WLT0050797,W0926,topup,WALLET_PRV,4272.26,debit,2026-07-07 07:31:17,D01192
WLT0050807,W0926,merchant,P00366,683.31,debit,2026-08-01 10:28:15,D01192
WLT0050810,W0926,topup,WALLET_PRV,2361.46,debit,2026-08-18 11:27:32,D01192
WLT0050813,W0926,merchant,P00202,3395.86,debit,2026-07-23 23:52:17,D01192
WLT0050822,W0926,merchant,P00372,617.43,debit,2026-07-21 17:13:53,D01192
WLT0050829,W0926,merchant,P00372,288.38,debit,2026-07-05 10:33:59,D01192
WLT0050831,W0926,merchant,P00157,4630.17,debit,2026-07-29 09:59:27,D01192
WLT0050837,W0926,merchant,P00366,592.6,debit,2026-08-26 11:51:05,D01192
WLT0050852,W0926,merchant,P00372,494.71,debit,2026-08-06 20:27:13,D01192
WLT0050879,W0927,topup,WALLET_PRV,5125.08,debit,2026-09-09 14:24:40,D01193
WLT0050882,W0927,transfer,P00009,1828.83,debit,2026-07-20 10:35:08,D01193
WLT0050887,W0927,topup,WALLET_PRV,6432.05,debit,2026-07-18 14:02:37,D01193
WLT0050888,W0927,topup,WALLET_PRV,5551.22,debit,2026-07-04 15:08:19,D01193
WLT0050894,W0927,topup,WALLET_PRV,6979.29,debit,2026-08-06 04:44:38,D01193
WLT0050902,W0927,transfer,P00142,11200.85,debit,2026-08-30 17:41:51,D01193
WLT0050904,W0927,merchant,P00006,1979.24,debit,2026-07-16 11:43:38,D01193
WLT0050905,W0927,merchant,P00193,9843.88,debit,2026-08-06 18:15:39,D01193
WLT0050919,W0928,merchant,P00066,4863.32,debit,2026-07-22 09:55:03,D01194
WLT0050924,W0928,merchant,P00108,5148.71,debit,2026-07-04 13:38:37,D01194
WLT0050931,W0928,topup,WALLET_PRV,2662.64,debit,2026-08-08 09:30:17,D01194
WLT0050943,W0928,merchant,P00108,2697.87,debit,2026-08-04 20:19:22,D01195
WLT0050945,W0928,merchant,P00108,1296.19,debit,2026-08-06 20:45:24,D01194
WLT0050947,W0928,merchant,P00066,2852.96,debit,2026-07-10 21:11:11,D01195
WLT0050972,W0929,merchant,P00312,1804.9,debit,2026-07-03 19:24:43,D01196
WLT0051012,W0930,topup,WALLET_PRV,892.97,debit,2026-07-03 20:08:25,D01197
WLT0051013,W0930,merchant,P00194,432.66,debit,2026-09-11 14:58:32,D01197
WLT0051015,W0930,merchant,P00349,283.79,debit,2026-07-12 09:29:08,D01197
WLT0051020,W0930,merchant,P00253,499.39,debit,2026-08-31 17:30:17,D01197
WLT0051021,W0930,merchant,P00253,586.81,debit,2026-07-04 09:44:31,D01197
WLT0051037,W0930,merchant,P00281,6982.79,debit,2026-08-22 18:01:42,D01197
WLT0051043,W0930,merchant,P00361,813.58,debit,2026-08-06 16:14:37,D01197
WLT0051061,W0931,merchant,P00114,517.05,debit,2026-07-18 19:44:26,D01198
WLT0051066,W0931,merchant,P00283,1456.36,debit,2026-08-21 12:15:46,D01198
WLT0051081,W0931,merchant,P00218,479.08,debit,2026-08-11 17:50:18,D01198
WLT0051102,W0932,topup,WALLET_PRV,1379.74,debit,2026-08-26 15:42:01,D01199
WLT0051112,W0932,topup,WALLET_PRV,1879.23,debit,2026-08-24 10:31:00,D01199
WLT0051134,W0933,merchant,P00077,4922.7,debit,2026-09-12 11:08:39,D01201
WLT0051163,W0933,merchant,P00095,1999.8,debit,2026-07-09 12:41:58,D01200
WLT0051171,W0933,merchant,P00159,5529.98,debit,2026-09-10 17:04:52,D01200
WLT0051176,W0933,merchant,P00292,6802.55,debit,2026-08-16 14:09:10,D01200
WLT0051190,W0934,merchant,P00183,2273.79,debit,2026-07-12 09:01:25,D01202
WLT0051217,W0934,merchant,P00183,1886.38,debit,2026-09-08 18:17:22,D01202
WLT0051235,W0935,topup,WALLET_PRV,2170.56,debit,2026-08-30 20:08:32,D01203
WLT0051242,W0935,merchant,P00368,898.06,debit,2026-07-20 18:13:52,D01203
WLT0051246,W0935,topup,WALLET_PRV,2330.66,debit,2026-08-25 09:26:39,D01203
WLT0051249,W0935,merchant,P00325,4027.76,debit,2026-08-20 03:44:16,D01203
WLT0051253,W0935,topup,WALLET_PRV,4361.17,debit,2026-08-15 14:13:59,D01203
WLT0051265,W0935,merchant,P00321,253.35,debit,2026-07-29 13:40:09,D01203
WLT0051272,W0935,topup,WALLET_PRV,2514.9,debit,2026-09-04 16:02:29,D01203
WLT0051273,W0935,merchant,P00227,422.86,debit,2026-07-31 07:02:40,D01203
WLT0051282,W0935,topup,WALLET_PRV,2311.76,debit,2026-08-22 17:00:12,D01203
WLT0051283,W0935,merchant,P00356,2392.14,debit,2026-08-17 15:27:21,D01203
WLT0051292,W0935,merchant,P00136,560.64,debit,2026-07-31 19:56:57,D01203
WLT0051325,W0936,merchant,P00035,1535.67,debit,2026-07-25 01:23:34,D01204
WLT0051336,W0936,topup,WALLET_PRV,3843.3,debit,2026-08-19 17:26:36,D01204
WLT0051338,W0936,merchant,P00042,45938.04,debit,2026-08-04 09:14:09,D01204
WLT0051351,W0936,topup,WALLET_PRV,5182.95,debit,2026-08-23 18:36:21,D01204
WLT0051367,W0937,merchant,P00269,2769.77,debit,2026-08-29 12:49:10,D01205
WLT0051379,W0937,merchant,P00019,691.36,debit,2026-07-21 09:00:16,D01205
WLT0051386,W0937,merchant,P00374,6754.75,debit,2026-09-09 19:42:29,D01205
WLT0051394,W0937,topup,WALLET_PRV,3892.72,debit,2026-09-08 14:40:58,D01205
WLT0051398,W0938,topup,WALLET_PRV,24537.09,debit,2026-07-02 21:11:39,D01206
WLT0051408,W0938,merchant,P00015,17306.49,debit,2026-08-07 18:51:05,D01206
WLT0051428,W0939,merchant,P00166,1529.64,debit,2026-07-18 16:21:37,D01208
WLT0051429,W0939,merchant,P00358,13828.52,debit,2026-09-01 19:28:03,D01208
WLT0051454,W0939,merchant,P00358,15068.51,debit,2026-09-02 07:19:23,D01208
WLT0051486,W0939,merchant,P00358,11599.3,debit,2026-08-08 11:19:43,D01208
WLT0051488,W0939,topup,WALLET_PRV,1206.85,debit,2026-08-09 21:53:40,D01208
WLT0051489,W0939,merchant,P00013,4735.44,debit,2026-07-03 18:22:32,D01208
WLT0051495,W0939,merchant,P00358,6053.4,debit,2026-07-23 12:43:54,D01208
WLT0051509,W0940,transfer,P00127,1040.99,debit,2026-09-07 15:53:14,D01209
WLT0051510,W0940,merchant,P00358,3728.45,debit,2026-08-22 20:59:03,D01209
WLT0051518,W0940,merchant,P00126,9107.62,debit,2026-08-18 11:25:21,D01209
WLT0051544,W0940,merchant,P00358,11921.42,debit,2026-08-12 15:47:02,D01209
WLT0051555,W0940,transfer,P00261,1274.89,debit,2026-08-06 19:03:21,D01209
WLT0051556,W0940,merchant,P00126,2150.13,debit,2026-09-02 08:33:15,D01209
WLT0051567,W0940,merchant,P00162,511.06,debit,2026-07-02 08:32:15,D01209
WLT0051570,W0940,topup,WALLET_PRV,2902.39,debit,2026-07-10 11:56:07,D01209
WLT0051585,W0941,merchant,P00349,1079.09,debit,2026-08-16 10:26:20,D01210
WLT0051600,W0941,transfer,P00208,1191.44,debit,2026-07-06 00:13:05,D01210
WLT0051603,W0941,merchant,P00301,925.37,debit,2026-07-27 10:45:21,D01210
WLT0051625,W0942,topup,WALLET_PRV,1726.47,debit,2026-08-28 17:05:37,D01211
WLT0051629,W0942,merchant,P00360,3369.39,debit,2026-07-09 16:01:54,D01211
WLT0051638,W0942,topup,WALLET_PRV,3904.35,debit,2026-08-27 23:36:02,D01211
WLT0051662,W0943,transfer,P00094,624.95,debit,2026-07-21 12:48:25,D01212
WLT0051664,W0943,topup,WALLET_PRV,4582.95,debit,2026-07-09 19:37:31,D01212
WLT0051670,W0943,merchant,P00330,1297.59,debit,2026-07-01 20:10:55,D01212
WLT0051759,W0945,merchant,P00007,288.01,debit,2026-09-01 10:42:50,D01214
WLT0051762,W0945,merchant,P00230,1232.9,debit,2026-07-27 11:37:18,D01214
WLT0051778,W0945,merchant,P00230,1148.09,debit,2026-07-28 21:26:54,D01214
WLT0051786,W0945,merchant,P00246,1064.72,debit,2026-07-13 10:47:27,D01214
WLT0051791,W0945,merchant,P00007,2933.08,debit,2026-07-09 15:34:54,D01214
WLT0051805,W0945,topup,WALLET_PRV,6411.42,debit,2026-07-13 19:16:18,D01214
WLT0051822,W0945,topup,WALLET_PRV,6133.33,debit,2026-07-24 18:21:55,D01214
WLT0051824,W0945,transfer,P00277,7650.97,debit,2026-08-30 16:21:05,D01214
WLT0051843,W0946,topup,WALLET_PRV,1401.17,debit,2026-07-08 12:08:05,D01215
WLT0051846,W0946,merchant,P00124,779.13,debit,2026-08-25 14:49:59,D01216
WLT0051857,W0946,merchant,P00270,8142.29,debit,2026-07-22 19:11:05,D01215
WLT0051869,W0946,merchant,P00375,380.93,debit,2026-07-09 21:44:20,D01215
WLT0051870,W0946,topup,WALLET_PRV,1141.03,debit,2026-07-29 08:52:17,D01215
WLT0051892,W0946,topup,WALLET_PRV,2005.35,debit,2026-07-29 13:47:01,D01215
WLT0051911,W0947,topup,WALLET_PRV,2259.26,debit,2026-09-05 18:41:55,D01217
WLT0051913,W0947,merchant,P00339,1086.52,debit,2026-07-10 14:20:41,D01217
WLT0051919,W0947,merchant,P00052,3616.0,debit,2026-08-30 13:37:47,D01217
WLT0051921,W0947,transfer,P00365,563.05,debit,2026-09-10 15:49:49,D01217
WLT0051923,W0947,transfer,P00365,2150.78,debit,2026-08-09 13:13:06,D01217
WLT0051937,W0947,topup,WALLET_PRV,2911.67,debit,2026-07-11 17:51:39,D01217
WLT0051966,W0948,topup,WALLET_PRV,3605.65,debit,2026-09-05 12:49:02,D01218
WLT0051992,W0949,merchant,P00299,3159.13,debit,2026-08-27 16:56:07,D01219
WLT0052003,W0949,topup,WALLET_PRV,5235.7,debit,2026-07-22 18:44:23,D01219
WLT0052004,W0949,merchant,P00194,981.83,debit,2026-08-14 18:08:08,D01219
WLT0052007,W0949,merchant,P00231,468.87,debit,2026-07-21 23:53:30,D01219
WLT0052008,W0949,topup,WALLET_PRV,5285.12,debit,2026-07-30 20:24:14,D01219
WLT0052027,W0949,merchant,P00194,398.83,debit,2026-08-19 18:38:12,D01219
WLT0052041,W0949,merchant,P00109,2332.34,debit,2026-09-11 14:39:09,D01219
WLT0052050,W0949,topup,WALLET_PRV,3762.23,debit,2026-07-06 17:55:01,D01219
WLT0052060,W0950,merchant,P00077,762.14,debit,2026-08-17 02:48:45,D01221
WLT0052064,W0950,topup,WALLET_PRV,3353.67,debit,2026-08-09 08:41:01,D01220
WLT0052070,W0950,merchant,P00108,952.32,debit,2026-08-02 20:10:54,D01220
WLT0052074,W0950,merchant,P00111,8357.19,debit,2026-08-18 08:18:23,D01220
WLT0052082,W0950,merchant,P00165,452.41,debit,2026-07-05 18:48:20,D01221
WLT0052106,W0951,merchant,P00004,298.87,debit,2026-08-15 17:14:56,D01223
WLT0052107,W0951,merchant,P00223,784.52,debit,2026-08-29 17:13:05,D01223
WLT0052113,W0951,topup,WALLET_PRV,1131.92,debit,2026-09-07 22:31:42,D01222
WLT0052135,W0952,topup,WALLET_PRV,1806.06,debit,2026-07-24 15:52:09,D01224
WLT0052138,W0952,transfer,P00046,1668.1,debit,2026-07-20 09:15:19,D01224
WLT0052139,W0952,topup,WALLET_PRV,2220.16,debit,2026-09-06 15:51:37,D01224
WLT0052173,W0953,merchant,P00298,2713.91,debit,2026-08-17 11:03:21,D01225
WLT0052211,W0953,topup,WALLET_PRV,9577.34,debit,2026-08-21 04:16:25,D01225
WLT0052218,W0953,merchant,P00126,17399.21,debit,2026-09-10 08:18:04,D01226
WLT0052243,W0954,transfer,P00014,1870.96,debit,2026-08-01 09:36:28,D01227
WLT0052247,W0954,merchant,P00203,877.19,debit,2026-09-11 15:23:42,D01227
WLT0052252,W0954,merchant,P00382,491.87,debit,2026-08-30 17:33:58,D01227
WLT0052268,W0955,merchant,P00067,2158.97,debit,2026-07-05 14:59:51,D01228
WLT0052284,W0955,transfer,P00009,5064.82,debit,2026-08-13 09:07:48,D01229
WLT0052315,W0956,merchant,P00217,672.13,debit,2026-08-29 17:31:42,D01230
WLT0052330,W0956,merchant,P00392,377.59,debit,2026-08-30 21:27:16,D01230
WLT0052333,W0956,transfer,P00011,3113.58,debit,2026-07-21 11:09:53,D01230
WLT0052343,W0956,merchant,P00392,453.62,debit,2026-09-02 13:52:48,D01230
WLT0052351,W0956,merchant,P00296,1347.99,debit,2026-08-03 18:01:15,D01230
WLT0052357,W0956,topup,WALLET_PRV,1421.95,debit,2026-09-11 11:58:26,D01230
WLT0052372,W0957,merchant,P00200,503.61,debit,2026-08-23 13:59:05,D01231
WLT0052391,W0957,topup,WALLET_PRV,2015.31,debit,2026-08-06 20:14:07,D01231
WLT0052394,W0957,merchant,P00133,5681.89,debit,2026-07-25 20:55:04,D01231
WLT0052396,W0957,merchant,P00064,4129.81,debit,2026-08-03 10:27:00,D01231
WLT0052405,W0957,merchant,P00287,2929.92,debit,2026-07-12 12:56:50,D01231
WLT0052434,W0958,topup,WALLET_PRV,1423.44,debit,2026-08-29 17:03:23,D01232
WLT0052476,W0958,merchant,P00231,416.81,debit,2026-08-06 21:09:57,D01232
WLT0052504,W0959,topup,WALLET_PRV,5672.71,debit,2026-09-12 19:49:56,D01233
WLT0052505,W0959,merchant,P00378,1194.93,debit,2026-09-06 15:06:49,D01233
WLT0052508,W0959,merchant,P00163,3487.73,debit,2026-08-15 16:41:31,D01233
WLT0052509,W0959,merchant,P00175,3842.87,debit,2026-08-31 20:38:49,D01233
WLT0052541,W0959,merchant,P00242,7502.02,debit,2026-07-16 16:50:14,D01233
WLT0052546,W0959,merchant,P00258,931.77,debit,2026-07-28 08:45:51,D01233
WLT0052552,W0960,merchant,P00311,999.01,debit,2026-09-12 13:46:32,D01234
WLT0052555,W0960,transfer,P00247,1253.79,debit,2026-07-24 11:09:07,D01234
WLT0052570,W0960,merchant,P00025,3451.84,debit,2026-08-14 10:45:31,D01234
WLT0052578,W0960,topup,WALLET_PRV,3392.46,debit,2026-07-04 16:55:43,D01234
WLT0052582,W0960,topup,WALLET_PRV,4625.18,debit,2026-08-24 11:13:47,D01234
WLT0052586,W0960,topup,WALLET_PRV,1286.29,debit,2026-08-11 14:07:44,D01234
WLT0052587,W0960,merchant,P00017,1810.03,debit,2026-08-13 10:56:59,D01234
WLT0052591,W0960,merchant,P00017,2649.75,debit,2026-08-30 23:46:24,D01234
WLT0052600,W0960,merchant,P00003,1303.29,debit,2026-08-04 22:32:45,D01234
WLT0052611,W0960,topup,WALLET_PRV,2853.22,debit,2026-08-05 14:02:31,D01234
WLT0052630,W0961,merchant,P00293,808.02,debit,2026-07-16 08:53:03,D01235
WLT0052639,W0961,topup,WALLET_PRV,1249.27,debit,2026-08-08 16:34:07,D01235
WLT0052643,W0961,topup,WALLET_PRV,905.44,debit,2026-09-04 13:25:15,D01236
WLT0052649,W0961,merchant,P00063,575.01,debit,2026-09-06 15:31:25,D01236
WLT0052667,W0961,merchant,P00368,696.05,debit,2026-08-23 18:40:41,D01235
WLT0052698,W0961,merchant,P00368,485.62,debit,2026-08-19 09:02:51,D01235
WLT0052726,W0961,merchant,P00242,1303.01,debit,2026-08-07 11:31:41,D01235
WLT0052727,W0961,merchant,P00105,381.77,debit,2026-08-10 18:34:55,D01236
WLT0052740,W0962,topup,WALLET_PRV,5120.21,debit,2026-09-03 18:38:17,D01237
WLT0052774,W0963,merchant,P00288,283.03,debit,2026-09-13 07:35:05,D01238
WLT0052784,W0963,merchant,P00392,179.27,debit,2026-08-30 14:19:57,D01238
WLT0052803,W0963,topup,WALLET_PRV,1928.49,debit,2026-07-07 13:06:47,D01238
WLT0052809,W0963,transfer,P00205,1742.53,debit,2026-07-08 10:25:06,D01238
WLT0052823,W0963,topup,WALLET_PRV,1504.77,debit,2026-08-19 20:09:50,D01238
WLT0052833,W0964,merchant,P00090,417.95,debit,2026-07-29 08:55:21,D01239
WLT0052848,W0964,transfer,P00277,864.71,debit,2026-07-14 18:16:54,D01239
WLT0052858,W0964,topup,WALLET_PRV,2109.36,debit,2026-09-02 19:39:00,D01239
WLT0052887,W0965,merchant,P00358,6391.89,debit,2026-08-19 13:11:37,D01240
WLT0052890,W0965,topup,WALLET_PRV,1301.97,debit,2026-09-12 23:36:25,D01240
WLT0052904,W0965,merchant,P00075,523.52,debit,2026-09-07 14:57:39,D01240
WLT0052920,W0965,merchant,P00075,718.14,debit,2026-08-30 12:03:05,D01240
WLT0052940,W0966,merchant,P00326,434.87,debit,2026-08-04 21:37:57,D01241
WLT0052942,W0966,topup,WALLET_PRV,2244.33,debit,2026-09-09 14:20:40,D01241
WLT0052962,W0966,transfer,P00277,449.55,debit,2026-08-12 14:05:03,D01241
WLT0052970,W0966,topup,WALLET_PRV,1297.88,debit,2026-07-05 12:33:47,D01241
WLT0052975,W0967,merchant,P00238,692.87,debit,2026-08-12 06:52:51,D01242
WLT0052976,W0967,merchant,P00340,5994.05,debit,2026-08-16 09:30:13,D01242
WLT0052978,W0967,topup,WALLET_PRV,8985.95,debit,2026-07-01 10:33:54,D01242
WLT0053023,W0968,merchant,P00211,2024.95,debit,2026-08-21 08:04:31,D01243
WLT0053054,W0968,topup,WALLET_PRV,4130.17,debit,2026-09-08 16:10:05,D01243
WLT0053068,W0968,topup,WALLET_PRV,5516.28,debit,2026-08-19 12:34:08,D01244
WLT0053070,W0968,merchant,P00007,679.98,debit,2026-09-07 20:06:02,D01243
WLT0053075,W0968,topup,WALLET_PRV,4213.57,debit,2026-08-26 09:38:32,D01243
WLT0053076,W0968,topup,WALLET_PRV,5830.9,debit,2026-07-06 09:20:57,D01244
WLT0053078,W0968,merchant,P00211,1336.24,debit,2026-07-20 21:02:25,D01244
WLT0053081,W0968,merchant,P00336,2432.61,debit,2026-09-08 07:39:29,D01243
WLT0053084,W0968,merchant,P00372,929.99,debit,2026-07-15 17:56:11,D01243
WLT0053093,W0969,topup,WALLET_PRV,2313.64,debit,2026-07-01 21:20:13,D01245
WLT0053105,W0969,merchant,P00188,835.69,debit,2026-08-19 16:21:59,D01246
WLT0053116,W0969,transfer,P00195,3816.06,debit,2026-07-22 13:28:19,D01245
WLT0053133,W0969,merchant,P00252,1159.84,debit,2026-08-22 12:13:39,D01246
WLT0053140,W0969,merchant,P00384,19830.22,debit,2026-08-04 20:14:57,D01245
WLT0053142,W0969,merchant,P00203,3243.43,debit,2026-07-25 07:23:49,D01245
WLT0053161,W0969,merchant,P00265,5126.35,debit,2026-09-09 19:45:07,D01245
WLT0053185,W0969,merchant,P00085,9108.16,debit,2026-08-22 17:51:38,D01245
WLT0053196,W0970,merchant,P00107,2347.04,debit,2026-08-21 17:47:43,D01247
WLT0053201,W0970,merchant,P00049,584.42,debit,2026-08-31 19:55:00,D01247
WLT0053222,W0970,merchant,P00249,630.11,debit,2026-07-31 12:44:51,D01247
WLT0053234,W0970,topup,WALLET_PRV,4040.21,debit,2026-08-14 06:06:25,D01247
WLT0053236,W0970,merchant,P00012,1005.65,debit,2026-09-02 22:27:57,D01247
WLT0053238,W0970,topup,WALLET_PRV,2574.31,debit,2026-07-22 20:55:07,D01247
WLT0053245,W0970,topup,WALLET_PRV,1665.8,debit,2026-07-11 09:28:22,D01247
WLT0053246,W0970,merchant,P00172,1088.36,debit,2026-09-10 18:53:29,D01247
WLT0053253,W0970,topup,WALLET_PRV,2006.68,debit,2026-07-19 16:56:14,D01247
WLT0053257,W0970,merchant,P00352,502.01,debit,2026-07-04 13:33:22,D01247
WLT0053264,W0970,topup,WALLET_PRV,3740.46,debit,2026-08-17 20:30:04,D01247
WLT0053290,W0971,merchant,P00199,3112.35,debit,2026-09-03 11:52:59,D01248
WLT0053291,W0971,topup,WALLET_PRV,3096.04,debit,2026-08-29 12:36:11,D01248
WLT0053293,W0971,merchant,P00187,2175.22,debit,2026-08-12 17:36:05,D01248
WLT0053305,W0972,merchant,P00089,1547.03,debit,2026-08-09 13:39:49,D01250
WLT0053330,W0972,merchant,P00060,435.77,debit,2026-07-07 17:24:15,D01250
WLT0053333,W0972,transfer,P00277,1209.53,debit,2026-08-15 18:58:24,D01251
WLT0053348,W0973,merchant,P00315,3981.15,debit,2026-08-16 12:07:09,D01253
WLT0053363,W0973,topup,WALLET_PRV,2132.73,debit,2026-08-07 08:05:59,D01252
WLT0053366,W0973,merchant,P00019,1289.44,debit,2026-08-30 17:03:41,D01252
WLT0053373,W0973,merchant,P00328,6939.2,debit,2026-08-10 21:47:43,D01252
WLT0053403,W0974,merchant,P00133,4495.43,debit,2026-08-24 10:12:42,D01255
WLT0053417,W0974,merchant,P00064,5654.03,debit,2026-09-03 18:53:31,D01254
WLT0053418,W0974,merchant,P00335,8742.98,debit,2026-07-27 17:40:54,D01254
WLT0053435,W0975,topup,WALLET_PRV,1597.31,debit,2026-09-04 17:56:07,D01256
WLT0053459,W0975,merchant,P00007,379.28,debit,2026-07-10 10:52:31,D01256
WLT0053472,W0975,merchant,P00007,218.86,debit,2026-07-01 10:24:31,D01256
WLT0053473,W0975,merchant,P00382,1614.53,debit,2026-08-25 18:28:39,D01256
WLT0053475,W0975,merchant,P00211,824.68,debit,2026-07-31 23:04:07,D01256
WLT0053481,W0975,topup,WALLET_PRV,3317.82,debit,2026-08-27 13:18:46,D01256
WLT0053494,W0976,transfer,P00234,3773.2,debit,2026-09-09 15:51:59,D01257
WLT0053512,W0976,merchant,P00167,1445.34,debit,2026-08-29 22:45:02,D01258
WLT0053521,W0976,merchant,P00088,316.21,debit,2026-08-04 17:19:03,D01257
WLT0053524,W0976,merchant,P00167,840.31,debit,2026-09-01 15:23:53,D01257
WLT0053527,W0976,topup,WALLET_PRV,2312.28,debit,2026-07-07 22:32:30,D01257
WLT0053540,W0976,merchant,P00058,452.75,debit,2026-07-03 18:06:37,D01258
WLT0053550,W0977,merchant,P00313,1689.38,debit,2026-08-11 07:22:46,D01259
WLT0053600,W0977,topup,WALLET_PRV,937.11,debit,2026-07-15 16:23:38,D01259
WLT0053601,W0977,merchant,P00391,2247.92,debit,2026-08-27 15:16:07,D01259
WLT0053650,W0978,transfer,P00319,318.8,debit,2026-07-30 19:15:43,D01261
WLT0053656,W0978,merchant,P00369,347.3,debit,2026-09-12 19:19:42,D01261
WLT0053665,W0978,merchant,P00229,878.13,debit,2026-09-08 09:47:02,D01261
WLT0053666,W0978,merchant,P00181,1562.25,debit,2026-07-27 11:58:30,D01261
WLT0053675,W0978,topup,WALLET_PRV,1390.34,debit,2026-08-28 08:25:36,D01261
WLT0053685,W0978,merchant,P00088,570.3,debit,2026-08-31 17:01:52,D01261
WLT0053689,W0978,merchant,P00347,1028.34,debit,2026-09-09 12:34:18,D01261
WLT0053702,W0979,transfer,P00208,577.35,debit,2026-07-30 10:27:31,D01263
WLT0053721,W0979,merchant,P00181,4058.32,debit,2026-07-30 17:45:39,D01263
WLT0053727,W0979,merchant,P00006,993.69,debit,2026-07-04 19:18:36,D01263
WLT0053743,W0979,merchant,P00074,831.26,debit,2026-07-31 11:42:36,D01263
WLT0053747,W0979,merchant,P00114,941.62,debit,2026-09-07 12:42:30,D01263
WLT0053748,W0979,merchant,P00187,5332.3,debit,2026-09-05 20:15:44,D01263
WLT0053750,W0979,transfer,P00176,861.06,debit,2026-08-31 08:32:15,D01263
WLT0053752,W0979,merchant,P00114,168.5,debit,2026-08-02 17:45:17,D01263
WLT0053756,W0979,merchant,P00301,239.18,debit,2026-09-05 06:58:08,D01263
WLT0053757,W0979,merchant,P00006,810.47,debit,2026-09-07 08:26:47,D01263
WLT0053762,W0979,merchant,P00301,223.82,debit,2026-07-11 14:44:02,D01263
WLT0053777,W0980,merchant,P00108,7056.39,debit,2026-07-05 22:23:26,D01264
WLT0053790,W0980,merchant,P00133,6620.57,debit,2026-09-13 22:38:23,D01264
WLT0053808,W0980,merchant,P00041,16455.34,debit,2026-08-26 19:00:12,D01264
WLT0053816,W0980,merchant,P00333,2812.09,debit,2026-08-26 11:37:33,D01264
WLT0053830,W0981,transfer,P00208,1522.0,debit,2026-08-06 20:40:31,D01265
WLT0053833,W0981,topup,WALLET_PRV,2511.77,debit,2026-09-10 12:31:55,D01265
WLT0053834,W0981,merchant,P00290,468.1,debit,2026-08-01 11:10:30,D01265
WLT0053835,W0981,transfer,P00031,2180.56,debit,2026-07-21 18:29:11,D01265
WLT0053848,W0981,merchant,P00078,1134.91,debit,2026-09-12 22:27:02,D01265
WLT0053860,W0981,merchant,P00133,4322.45,debit,2026-08-18 14:44:27,D01265
WLT0053861,W0981,transfer,P00205,1907.37,debit,2026-07-09 00:57:53,D01265
WLT0053863,W0981,merchant,P00078,785.01,debit,2026-08-03 12:06:13,D01265
WLT0053868,W0981,merchant,P00290,461.16,debit,2026-09-03 09:36:42,D01265
WLT0053872,W0981,merchant,P00012,1160.7,debit,2026-08-31 09:51:13,D01265
WLT0053880,W0981,topup,WALLET_PRV,6150.4,debit,2026-08-16 09:27:14,D01265
WLT0053885,W0982,merchant,P00153,569.52,debit,2026-07-28 11:16:50,D01266
WLT0053887,W0982,transfer,P00031,2837.8,debit,2026-09-02 17:47:26,D01266
WLT0053905,W0982,merchant,P00163,751.24,debit,2026-07-20 21:05:42,D01266
WLT0053922,W0983,merchant,P00324,1974.92,debit,2026-08-13 07:31:03,D01267
WLT0053929,W0983,topup,WALLET_PRV,2881.86,debit,2026-09-10 18:13:26,D01267
WLT0053932,W0983,merchant,P00220,1473.38,debit,2026-08-09 18:43:06,D01267
WLT0053936,W0983,topup,WALLET_PRV,813.54,debit,2026-08-09 21:25:07,D01267
WLT0053937,W0983,topup,WALLET_PRV,3098.18,debit,2026-08-20 16:28:11,D01267
WLT0053946,W0983,merchant,P00212,310.79,debit,2026-09-13 19:22:53,D01267
WLT0053980,W0983,merchant,P00220,1231.89,debit,2026-09-13 16:17:05,D01267
WLT0053982,W0983,merchant,P00382,825.7,debit,2026-07-03 18:41:14,D01267
WLT0053992,W0983,merchant,P00311,967.29,debit,2026-09-02 13:54:44,D01267
WLT0053996,W0983,topup,WALLET_PRV,1376.01,debit,2026-08-16 12:24:48,D01267
WLT0054005,W0984,topup,WALLET_PRV,1053.37,debit,2026-08-19 18:37:25,D01269
WLT0054015,W0984,topup,WALLET_PRV,2775.26,debit,2026-07-15 16:20:47,D01268
WLT0054020,W0984,merchant,P00252,1454.93,debit,2026-07-29 11:05:43,D01269
WLT0054029,W0984,merchant,P00190,455.06,debit,2026-07-22 11:07:47,D01268
WLT0054030,W0984,merchant,P00045,1978.12,debit,2026-07-02 19:39:47,D01269
WLT0054047,W0985,transfer,P00197,530.33,debit,2026-09-07 11:50:09,D01270
WLT0054051,W0985,topup,WALLET_PRV,3320.82,debit,2026-07-19 20:16:03,D01270
WLT0054068,W0985,merchant,P00361,2377.7,debit,2026-08-28 21:04:27,D01270
WLT0054072,W0985,topup,WALLET_PRV,1019.6,debit,2026-08-02 09:49:11,D01270
WLT0054073,W0985,topup,WALLET_PRV,1060.61,debit,2026-07-03 21:15:26,D01271
WLT0054077,W0985,transfer,P00197,6639.55,debit,2026-07-26 19:39:42,D01271
WLT0054085,W0985,transfer,P00046,692.92,debit,2026-09-02 11:11:07,D01270
WLT0054090,W0986,merchant,P00361,1616.73,debit,2026-08-18 07:46:15,D01272
WLT0054117,W0986,transfer,P00026,582.43,debit,2026-07-08 20:54:28,D01272
WLT0054161,W0987,merchant,P00337,1413.42,debit,2026-08-26 15:08:14,D01273
WLT0054177,W0988,merchant,P00145,348.41,debit,2026-09-11 11:53:11,D01275
WLT0054187,W0988,merchant,P00292,2603.82,debit,2026-07-24 16:37:44,D01275
WLT0054191,W0988,transfer,P00300,583.66,debit,2026-07-22 07:04:51,D01275
WLT0054211,W0989,merchant,P00299,5046.26,debit,2026-07-19 19:16:22,D01276
WLT0054225,W0989,merchant,P00323,1907.46,debit,2026-07-26 00:27:16,D01276
WLT0054231,W0989,topup,WALLET_PRV,3770.42,debit,2026-07-12 18:05:50,D01277
WLT0054260,W0990,merchant,P00217,397.88,debit,2026-07-10 11:15:12,D01279
WLT0054270,W0990,merchant,P00117,830.44,debit,2026-09-05 22:27:05,D01278
WLT0054295,W0990,topup,WALLET_PRV,1618.69,debit,2026-08-17 08:00:48,D01278
WLT0054326,W0991,merchant,P00309,342.96,debit,2026-07-16 11:55:17,D01280
WLT0054327,W0991,merchant,P00068,1661.33,debit,2026-07-24 21:55:07,D01280
WLT0054328,W0991,merchant,P00015,5676.28,debit,2026-07-04 09:36:42,D01280
WLT0054353,W0991,merchant,P00288,2577.77,debit,2026-08-07 20:54:34,D01280
WLT0054370,W0992,merchant,P00075,908.4,debit,2026-09-12 16:37:13,D01281
WLT0054374,W0992,merchant,P00227,1749.54,debit,2026-08-12 14:09:48,D01282
WLT0054381,W0992,transfer,P00062,2048.13,debit,2026-08-31 11:02:00,D01282
WLT0054410,W0992,transfer,P00062,1682.24,debit,2026-07-31 16:51:51,D01282
WLT0054430,W0993,topup,WALLET_PRV,1098.43,debit,2026-08-11 10:10:16,D01283
WLT0054435,W0993,topup,WALLET_PRV,1613.93,debit,2026-08-20 06:34:07,D01283
WLT0054442,W0993,merchant,P00222,240.93,debit,2026-07-07 14:31:40,D01283
WLT0054443,W0993,merchant,P00035,428.47,debit,2026-07-11 07:55:21,D01284
WLT0054464,W0994,merchant,P00381,909.73,debit,2026-09-02 16:57:51,D01285
WLT0054470,W0994,merchant,P00381,1339.15,debit,2026-09-10 13:44:17,D01285
WLT0054472,W0994,transfer,P00011,561.82,debit,2026-08-30 18:24:27,D01285
WLT0054477,W0994,topup,WALLET_PRV,1631.7,debit,2026-07-28 19:27:08,D01285
WLT0054496,W0995,merchant,P00276,842.2,debit,2026-07-05 08:02:06,D01286
WLT0054503,W0995,transfer,P00009,2508.13,debit,2026-09-07 21:21:44,D01286
WLT0054504,W0995,merchant,P00162,3569.48,debit,2026-08-05 21:17:51,D01286
WLT0054511,W0995,merchant,P00005,2096.66,debit,2026-07-27 12:52:35,D01286
WLT0054522,W0995,transfer,P00001,2573.33,debit,2026-08-06 16:34:49,D01286
WLT0054537,W0995,merchant,P00005,543.79,debit,2026-08-25 22:53:03,D01286
WLT0054540,W0995,topup,WALLET_PRV,2049.57,debit,2026-09-12 16:58:26,D01286
WLT0054565,W0996,topup,WALLET_PRV,3768.48,debit,2026-09-11 20:17:11,D01287
WLT0054572,W0996,merchant,P00268,1472.9,debit,2026-08-02 21:53:00,D01287
WLT0054606,W0996,transfer,P00037,1921.1,debit,2026-09-04 11:42:38,D01287
WLT0054621,W0997,topup,WALLET_PRV,2176.88,debit,2026-07-23 17:55:05,D01288
WLT0054632,W0997,topup,WALLET_PRV,1136.84,debit,2026-07-15 14:58:36,D01288
WLT0054633,W0997,topup,WALLET_PRV,2498.55,debit,2026-08-02 15:35:14,D01288
WLT0054640,W0997,merchant,P00206,1975.31,debit,2026-08-28 14:34:44,D01288
WLT0054644,W0997,merchant,P00093,898.89,debit,2026-08-05 19:33:45,D01289
WLT0054652,W0997,transfer,P00098,4002.31,debit,2026-08-28 11:14:00,D01289
WLT0054662,W0998,merchant,P00314,1187.71,debit,2026-07-24 20:21:05,D01290
WLT0054668,W0998,topup,WALLET_PRV,5466.88,debit,2026-09-03 19:41:55,D01290
WLT0054669,W0998,topup,WALLET_PRV,3075.73,debit,2026-08-17 18:05:25,D01290
WLT0054671,W0998,transfer,P00135,1321.29,debit,2026-09-09 09:39:49,D01290
WLT0054688,W0998,merchant,P00393,4456.75,debit,2026-07-19 19:07:36,D01290
WLT0054691,W0998,topup,WALLET_PRV,2706.13,debit,2026-07-31 21:06:06,D01290
WLT0054692,W0998,merchant,P00327,3000.37,debit,2026-08-16 14:48:41,D01290
WLT0054706,W0998,topup,WALLET_PRV,5380.44,debit,2026-08-21 19:14:45,D01290
WLT0054716,W0998,merchant,P00016,3025.35,debit,2026-08-17 14:26:42,D01290
WLT0054734,W0999,merchant,P00173,524.89,debit,2026-08-22 09:03:51,D01291
WLT0054744,W0999,merchant,P00173,329.39,debit,2026-09-08 14:48:04,D01291
WLT0054747,W0999,topup,WALLET_PRV,4161.21,debit,2026-08-01 19:25:18,D01291
WLT0054755,W0999,merchant,P00119,599.04,debit,2026-07-18 16:36:23,D01291
WLT0054775,W1000,merchant,P00020,3252.68,debit,2026-08-18 13:55:47,D01292
WLT0054786,W1000,merchant,P00212,4857.57,debit,2026-08-04 17:02:24,D01292
WLT0054794,W1000,merchant,P00212,3213.68,debit,2026-07-03 09:33:12,D01292
WLT0054821,W1001,merchant,P00328,3716.38,debit,2026-07-14 16:55:46,D01293
WLT0054840,W1001,merchant,P00024,1668.34,debit,2026-08-03 19:57:06,D01293
WLT0054848,W1001,topup,WALLET_PRV,4060.33,debit,2026-08-05 21:26:40,D01293
WLT0055480,W0548,transfer,P00720,3985.8,debit,2026-07-12 14:41:07.051017,D01450
WLT0055481,W0548,transfer,P00719,4749.12,debit,2026-07-12 14:43:22.507400,D01450
WLT0055488,W0608,transfer,P00724,6505.86,debit,2026-09-05 06:07:27.506393,D01452
WLT0055490,W0608,transfer,P00724,4883.22,debit,2026-09-05 06:10:04.620381,D01452
WLT0055500,W0953,transfer,P00729,45794.48,debit,2026-08-15 20:54:02.685081,D01454
WLT0055502,W0953,transfer,P00729,22465.18,debit,2026-08-15 20:57:15.597500,D01454
WLT0055503,W0953,transfer,P00730,33320.6,debit,2026-08-15 20:59:59.146450,D01454
WLT0055509,W0519,transfer,P00733,2939.63,debit,2026-07-11 16:41:11.983072,D01456
WLT0055515,W0997,transfer,P00735,6875.42,debit,2026-07-23 21:01:04.547028,DX003
WLT0055519,W0217,transfer,P00738,3448.09,debit,2026-08-09 19:26:30.169442,D01457
WLT0055521,W0217,transfer,P00738,2652.34,debit,2026-08-09 19:30:45.271736,D01457
WLT0055522,W0217,transfer,P00737,4481.64,debit,2026-08-09 19:33:27.476457,D01457
WLT0055523,W0465,transfer,P00739,2935.04,debit,2026-07-30 09:55:53.927659,DX007
WLT0055526,W0465,transfer,P00740,3062.04,debit,2026-07-30 10:01:57.291141,DX007
WLT0055527,W0465,transfer,P00739,6168.7,debit,2026-07-30 10:04:18.368665,DX007
WLT0055531,W0181,transfer,P00742,13543.68,debit,2026-08-04 18:56:21.799399,D01458
WLT0055532,W0181,transfer,P00741,14718.82,debit,2026-08-04 18:57:22.239203,D01458
WLT0055533,W0299,transfer,P00743,16876.2,debit,2026-08-05 19:04:45.892540,D01459
WLT0055536,W0488,transfer,P00745,4247.13,debit,2026-08-26 23:02:14.860970,DX004
WLT0055540,W0977,transfer,P00748,3873.69,debit,2026-07-20 17:36:01.951622,D01460
WLT0055549,W0760,transfer,P00753,6953.27,debit,2026-07-19 10:02:42.670403,D01463
WLT0055551,W0760,transfer,P00753,4022.67,debit,2026-07-19 10:06:13.585169,D01463
WLT0055553,W0180,transfer,P00755,5838.89,debit,2026-08-02 20:54:27.573135,D01464
WLT0055558,W0920,transfer,P00757,5079.59,debit,2026-07-10 21:46:53.516811,D01465
WLT0055560,W0740,transfer,P00759,6250.51,debit,2026-07-18 15:01:06.705110,D01466
WLT0055562,W0740,transfer,P00759,11099.88,debit,2026-07-18 15:05:32.659969,D01466
WLT0055565,W0383,transfer,P00762,8592.11,debit,2026-07-27 07:24:02.435894,D01467
WLT0055566,W0383,transfer,P00761,9906.86,debit,2026-07-27 07:25:28.762361,D01467
WLT0055568,W0854,transfer,P00764,8720.9,debit,2026-08-05 01:27:19.290061,DX003
WLT0055571,W0971,transfer,P00766,6882.07,debit,2026-08-29 21:04:45.376063,D01468
WLT0055572,W0971,transfer,P00765,7094.48,debit,2026-08-29 21:06:45.245403,D01468
WLT0055573,W0778,transfer,P00767,20436.97,debit,2026-07-28 09:49:51.500922,DX003
WLT0055574,W0778,transfer,P00768,13160.12,debit,2026-07-28 09:51:54.050457,DX003
WLT0055576,W0954,transfer,P00769,11887.09,debit,2026-08-10 20:16:06.340484,D01469
WLT0055582,W0372,transfer,P00772,8818.09,debit,2026-09-01 17:41:59.147783,DX002
WLT0055589,W0023,transfer,P00775,4252.01,debit,2026-08-19 08:04:21.564881,DX007
WLT0055595,W0468,transfer,P00777,15855.92,debit,2026-07-12 19:43:10.759956,DX000
WLT0055598,W0333,transfer,P00779,7858.96,debit,2026-09-08 18:51:16.044191,D01471
WLT0055600,W0333,transfer,P00779,6896.41,debit,2026-09-08 18:54:14.438924,D01471
WLT0055602,W0725,transfer,P00782,2477.26,debit,2026-07-10 19:06:07.116583,DX003
WLT0055611,W0735,transfer,P00785,8912.15,debit,2026-08-04 12:12:28.073747,DX005
WLT0055615,W0984,transfer,P00787,6007.96,debit,2026-08-05 10:58:45.391581,D01473
WLT0055617,W0984,transfer,P00787,5443.04,debit,2026-08-05 11:02:32.464675,D01473
WLT0055619,W0111,transfer,P00789,7410.53,debit,2026-09-07 18:31:05.283318,DX004
WLT0055622,W0111,transfer,P00790,12426.3,debit,2026-09-07 18:36:50.363107,DX004
WLT0055624,W0128,transfer,P00792,3418.11,debit,2026-09-06 17:54:47.569746,D01474
WLT0055631,W0433,transfer,P00795,4054.92,debit,2026-08-20 17:38:53.771260,D01476
WLT0055632,W0433,transfer,P00796,7724.97,debit,2026-08-20 17:40:52.002524,D01476
WLT0055633,W0433,transfer,P00795,3679.88,debit,2026-08-20 17:41:57.477307,D01476
WLT0055638,W0030,transfer,P00798,16508.93,debit,2026-08-17 07:17:52.211399,DX006
WLT0055639,W0062,transfer,P00799,15077.73,debit,2026-08-20 19:49:33.856463,D01477
WLT0055640,W0062,transfer,P00800,14983.86,debit,2026-08-20 19:52:19.981873,D01477
WLT0055646,W0659,transfer,P00801,4619.32,debit,2026-07-20 10:08:38.542202,D01478
WLT0055647,W0659,transfer,P00802,3334.34,debit,2026-07-20 10:10:50.046849,D01478
WLT0055651,W0583,transfer,P00803,7210.48,debit,2026-08-24 11:14:53.381060,D01479
WLT0055652,W0583,transfer,P00804,10163.91,debit,2026-08-24 11:16:11.555194,D01479
WLT0055654,W0211,transfer,P00805,16045.27,debit,2026-08-30 01:01:21.141391,D01480
WLT0055655,W0211,transfer,P00806,9929.08,debit,2026-08-30 01:02:35.860309,D01480
WLT0055658,W0211,transfer,P00805,7032.85,debit,2026-08-30 01:08:06.956409,D01480
WLT0055665,W0757,transfer,P00811,7305.8,debit,2026-07-21 08:49:01.621439,D01482
WLT0055674,W0952,transfer,P00815,5870.9,debit,2026-08-12 12:36:32.090460,DX002
WLT0055677,W0952,transfer,P00816,4406.15,debit,2026-08-12 12:41:58.379773,DX002
WLT0055679,W0482,transfer,P00817,4390.98,debit,2026-09-11 07:46:29.794900,D01484
WLT0055680,W0482,transfer,P00818,5460.87,debit,2026-09-11 07:49:19.561403,D01484
WLT0055688,W0822,transfer,P00821,7611.51,debit,2026-07-24 18:45:55.988172,D01486
WLT0055704,W0755,transfer,P00830,5804.36,debit,2026-08-19 15:12:18.573171,D01489
WLT0055713,W0779,transfer,P00835,7627.52,debit,2026-07-11 16:21:12.571385,DX001
WLT0055714,W0779,transfer,P00836,7465.55,debit,2026-07-11 16:23:30.351517,DX001
WLT0055718,W0814,transfer,P00837,11599.81,debit,2026-07-29 12:54:19.304371,D01491
WLT0055721,W0814,transfer,P00838,22352.18,debit,2026-07-29 12:59:03.342788,D01491
WLT0055723,W0354,transfer,P00839,12346.05,debit,2026-09-09 14:53:35.237620,D01492
WLT0055724,W0354,transfer,P00840,19257.46,debit,2026-09-09 14:56:18.287647,D01492
WLT0055733,W0729,transfer,P00844,11215.14,debit,2026-08-02 09:01:05.410739,DX006
WLT0055737,W0866,transfer,P00845,3853.77,debit,2026-08-10 16:41:38.467885,D01493
WLT0055738,W0866,transfer,P00846,4039.56,debit,2026-08-10 16:43:24.053601,D01493
WLT0055739,W0866,transfer,P00845,3888.3,debit,2026-08-10 16:44:39.226926,D01493
WLT0055741,W0958,transfer,P00848,11640.47,debit,2026-08-28 21:21:27.099068,D01494
WLT0055749,W0840,transfer,P00852,2395.87,debit,2026-07-16 19:35:00.684554,DX007
WLT0055750,W0840,transfer,P00851,3639.81,debit,2026-07-16 19:36:25.362145,DX007
WLT0055751,W0840,transfer,P00852,5484.5,debit,2026-07-16 19:37:49.352149,DX007
WLT0055758,W0167,transfer,P00855,3435.29,debit,2026-08-23 09:23:25.265606,D01497
WLT0055760,W0167,transfer,P00855,6295.35,debit,2026-08-23 09:27:18.351475,D01497
WLT0055762,W0781,transfer,P00857,2010.18,debit,2026-07-08 10:36:10.215645,D01498
WLT0055765,W0432,transfer,P00859,6574.07,debit,2026-07-06 11:22:40.349548,D01499
WLT0055767,W0432,transfer,P00859,5455.73,debit,2026-07-06 11:27:28.559877,D01499
WLT0055769,W0640,transfer,P00862,11537.34,debit,2026-09-10 12:49:30.306930,DX000
WLT0055772,W0863,transfer,P00864,4509.96,debit,2026-08-29 16:40:18.223782,D01500
WLT0055773,W0863,transfer,P00863,5121.09,debit,2026-08-29 16:41:37.797914,D01500
WLT0055775,W0287,transfer,P00866,8141.78,debit,2026-09-09 12:51:56.463798,D01501
WLT0055779,W0230,transfer,P00867,6379.1,debit,2026-08-03 08:14:41.410307,D01502
WLT0055781,W0230,transfer,P00867,10397.79,debit,2026-08-03 08:19:30.861087,D01502
WLT0055782,W0230,transfer,P00868,5277.34,debit,2026-08-03 08:21:03.506748,D01502
WLT0055789,W0076,transfer,P00871,2409.89,debit,2026-09-02 08:03:55.601475,D01504
WLT0055793,W0073,transfer,P00874,4680.08,debit,2026-07-30 18:37:21.327565,D01505
WLT0055795,W0576,transfer,P00875,1982.34,debit,2026-09-06 16:40:27.001030,D01506
WLT0055800,W0870,transfer,P00878,18010.91,debit,2026-09-01 16:12:17.168617,D01507
WLT0055813,W0772,transfer,P00883,10162.82,debit,2026-08-05 17:55:34.707860,D01509
WLT0055816,W0418,transfer,P00885,3789.82,debit,2026-07-31 15:36:26.564992,D01510
WLT0055820,W0983,transfer,P00888,4081.33,debit,2026-08-03 17:43:48.596128,D01511
WLT0055822,W0983,transfer,P00888,6564.06,debit,2026-08-03 17:47:14.816718,D01511
WLT0055825,W0586,transfer,P00890,5485.82,debit,2026-07-12 12:57:04.117664,DX005
WLT0055829,W0516,transfer,P00891,6443.66,debit,2026-08-05 10:47:25.827298,DX000
WLT0055837,W0666,transfer,P00896,7315.05,debit,2026-07-25 11:49:37.709360,DX005
WLT0055838,W0666,transfer,P00895,12905.14,debit,2026-07-25 11:50:42.378994,DX005
WLT0055839,W0386,transfer,P00897,7773.22,debit,2026-08-09 18:22:19.329992,D01512
WLT0055845,W0804,transfer,P00900,13043.42,debit,2026-08-07 08:31:29.728397,D01513
WLT0055848,W0835,transfer,P00901,4009.71,debit,2026-07-10 04:17:35.306261,D01514
WLT0055851,W0835,transfer,P00902,6519.71,debit,2026-07-10 04:23:53.868199,D01514
WLT0055853,W0156,transfer,P00903,16426.1,debit,2026-08-20 18:20:58.621030,D01515
WLT0055860,W0714,transfer,P00906,15159.49,debit,2026-08-09 14:42:12.610031,D01516
WLT0055865,W0316,transfer,P00908,2604.19,debit,2026-09-09 11:44:34.527310,D01517
WLT0055868,W0529,transfer,P00909,35865.1,debit,2026-08-23 16:06:02.107497,D01518
WLT0055871,W0588,transfer,P00911,13690.21,debit,2026-08-04 15:06:31.616968,DX007
WLT0055872,W0588,transfer,P00912,8315.7,debit,2026-08-04 15:07:48.818417,DX007
WLT0055874,W0308,transfer,P00914,11303.75,debit,2026-07-23 00:19:19.562190,D01519
WLT0055878,W0004,transfer,P00915,13002.82,debit,2026-09-03 09:45:48.415087,D01520
WLT0055880,W0004,transfer,P00915,6814.27,debit,2026-09-03 09:48:30.384769,D01520
WLT0056729,W0186,topup,WALLET_PRV,16128.65,debit,2026-08-04 13:04:43,D00249
WLT0056733,W0199,topup,WALLET_PRV,16549.67,debit,2026-09-06 14:45:26,D01528
WLT0056737,W0538,topup,WALLET_PRV,18484.29,debit,2026-09-05 17:43:35,D01529
WLT0056741,W0567,topup,WALLET_PRV,28197.47,debit,2026-09-10 18:49:45,D01530
WLT0056745,W0645,topup,WALLET_PRV,29673.53,debit,2026-07-15 12:46:40,D01531
WLT0056749,W0719,topup,WALLET_PRV,8039.42,debit,2026-08-19 07:44:33,D01532
WLT0056753,W0290,topup,WALLET_PRV,10448.27,debit,2026-08-18 15:38:34,D00385
WLT0056757,W0748,topup,WALLET_PRV,40512.73,debit,2026-07-29 13:44:55,D00963
WLT0056761,W0040,topup,WALLET_PRV,25357.48,debit,2026-08-09 08:03:03,D01533
WLT0056765,W0061,topup,WALLET_PRV,18878.34,debit,2026-08-26 10:16:02,D00082
WLT0056769,W0292,topup,WALLET_PRV,46111.45,debit,2026-08-22 18:33:13,D01534
WLT0056773,W0280,topup,WALLET_PRV,25204.3,debit,2026-08-05 13:20:56,D00372
WLT0056777,W0413,topup,WALLET_PRV,16873.86,debit,2026-07-12 10:43:21,D00538
WLT0056781,W0439,topup,WALLET_PRV,9686.53,debit,2026-08-02 08:22:43,D01535
WLT0056785,W0788,topup,WALLET_PRV,30910.43,debit,2026-07-19 12:30:44,D01014
WLT0056789,W0406,topup,WALLET_PRV,6237.85,debit,2026-07-19 18:37:24,D01536
WLT0056793,W0392,topup,WALLET_PRV,13237.94,debit,2026-07-18 19:57:13,D01537
WLT0056797,W0546,topup,WALLET_PRV,34645.93,debit,2026-09-07 09:08:53,D01538
WLT0056801,W0209,topup,WALLET_PRV,5306.09,debit,2026-08-25 16:04:58,D00282
WLT0056805,W0198,topup,WALLET_PRV,26276.46,debit,2026-08-09 09:23:11,D00266
WLT0056809,W0905,topup,WALLET_PRV,10232.81,debit,2026-08-13 14:35:01,D01539
WLT0056813,W0975,topup,WALLET_PRV,19161.93,debit,2026-08-24 17:43:23,D01256
WLT0056817,W0247,topup,WALLET_PRV,11060.35,debit,2026-08-22 08:47:23,D00331
WLT0056821,W0160,topup,WALLET_PRV,13058.73,debit,2026-08-13 20:42:51,D00211
WLT0056825,W0261,topup,WALLET_PRV,12273.01,debit,2026-08-03 16:51:04,D01540
WLT0056829,W0222,topup,WALLET_PRV,37356.2,debit,2026-08-14 18:46:24,D00297
WLT0056833,W0640,topup,WALLET_PRV,40638.14,debit,2026-08-12 12:17:06,D00821
WLT0056837,W0423,topup,WALLET_PRV,28038.87,debit,2026-07-23 14:56:45,D00551
WLT0056841,W0276,topup,WALLET_PRV,15983.95,debit,2026-08-09 12:52:52,D00368
WLT0056845,W0486,topup,WALLET_PRV,8096.99,debit,2026-08-25 07:10:59,D01541
WLT0056849,W0808,topup,WALLET_PRV,14869.45,debit,2026-08-05 07:38:31,D01038
WLT0056853,W0038,topup,WALLET_PRV,11246.56,debit,2026-08-17 11:31:29,D01542
WLT0056857,W0770,topup,WALLET_PRV,20621.71,debit,2026-07-12 21:38:11,D00990
WLT0056861,W0814,topup,WALLET_PRV,36877.83,debit,2026-08-22 19:54:24,D01044
WLT0056865,W0463,topup,WALLET_PRV,14467.46,debit,2026-08-17 05:24:32,D01543
WLT0056869,W0345,topup,WALLET_PRV,5460.76,debit,2026-07-17 21:49:40,D00453
WLT0056873,W0150,topup,WALLET_PRV,14962.45,debit,2026-07-27 14:51:49,D00198
WLT0056877,W0340,topup,WALLET_PRV,24948.99,debit,2026-09-03 16:16:39,D00448
WLT0056881,W0778,topup,WALLET_PRV,35614.76,debit,2026-09-09 22:08:07,D01002
WLT0056885,W0991,topup,WALLET_PRV,20432.94,debit,2026-08-16 15:56:31,D01544
WLT0056889,W0823,topup,WALLET_PRV,18291.05,debit,2026-07-23 16:11:43,D01545
WLT0056893,W0740,topup,WALLET_PRV,19894.44,debit,2026-08-05 22:15:14,D00952
WLT0056897,W0394,topup,WALLET_PRV,12599.6,debit,2026-08-01 09:17:52,D01546
WLT0056901,W0211,topup,WALLET_PRV,17694.03,debit,2026-07-23 13:15:56,D00285
WLT0056905,W0713,topup,WALLET_PRV,29617.21,debit,2026-09-07 20:47:35,D00921
WLT0056909,W0965,topup,WALLET_PRV,12116.52,debit,2026-08-25 18:02:39,D01240
WLT0056913,W0248,topup,WALLET_PRV,11344.85,debit,2026-08-27 14:25:03,D00332
WLT0056917,W0068,topup,WALLET_PRV,11019.06,debit,2026-07-28 19:45:03,D01547
WLT0056921,W0292,topup,WALLET_PRV,40661.4,debit,2026-07-21 01:36:32,D00388
WLT0056925,W0766,topup,WALLET_PRV,16225.05,debit,2026-08-18 19:07:37,D00986
WLT0056929,W0310,topup,WALLET_PRV,33035.06,debit,2026-07-09 23:37:02,D00408
WLT0056933,W0613,topup,WALLET_PRV,6574.75,debit,2026-07-14 14:20:23,D00786
WLT0056937,W0306,topup,WALLET_PRV,11831.74,debit,2026-08-02 14:27:28,D00404
WLT0056941,W0370,topup,WALLET_PRV,15630.43,debit,2026-08-14 16:20:32,D01548
WLT0056945,W0605,topup,WALLET_PRV,18708.27,debit,2026-08-26 20:04:20,D01549
WLT0056949,W0029,topup,WALLET_PRV,8792.17,debit,2026-08-11 11:59:21,D00039
WLT0056953,W0042,topup,WALLET_PRV,14123.33,debit,2026-07-08 15:23:47,D00057
WLT0056957,W0450,topup,WALLET_PRV,12668.34,debit,2026-08-11 10:49:42,D01550
WLT0056961,W0830,topup,WALLET_PRV,25287.61,debit,2026-08-26 20:48:41,D01065
WLT0056965,W0267,topup,WALLET_PRV,7052.46,debit,2026-08-07 17:53:33,D00357
WLT0056969,W0707,topup,WALLET_PRV,21390.41,debit,2026-09-12 13:13:23,D00912
WLT0056973,W0981,topup,WALLET_PRV,26724.78,debit,2026-09-08 19:14:22,D01265
WLT0056977,W0392,topup,WALLET_PRV,17779.18,debit,2026-08-24 18:41:46,D00509
WLT0056981,W0959,topup,WALLET_PRV,27799.51,debit,2026-07-27 14:29:28,D01233
WLT0056985,W0857,topup,WALLET_PRV,37602.9,debit,2026-08-30 16:52:31,D01551
WLT0056989,W0181,topup,WALLET_PRV,23345.75,debit,2026-09-09 13:43:30,D01552
WLT0056993,W0013,topup,WALLET_PRV,15897.37,debit,2026-09-03 22:34:15,D00019
WLT0056997,W0894,topup,WALLET_PRV,15755.02,debit,2026-07-17 22:19:39,D01553
WLT0057001,W0929,topup,WALLET_PRV,19023.63,debit,2026-08-18 11:56:51,D01196
WLT0057005,W0357,topup,WALLET_PRV,25442.26,debit,2026-07-16 13:04:10,D00469
WLT0057010,W1001,topup,WALLET_PRV,20000.0,debit,2026-09-06 14:07:00,D01293
